#Res  Name First  Last Natom #Orig  #Mol C I
    1 ALA      1    12    12     1     1    
    2 PRO     13    26    14     2     1    
    3 GLN     27    43    17     3     1    
    4 GLN     44    60    17     4     1    
    5 ILE     61    79    19     5     1    
    6 ASN     80    93    14     6     1    
    7 ASP     94   105    12     7     1    
    8 ILE    106   124    19     8     1    
    9 VAL    125   140    16     9     1    
   10 HID    141   157    17    10     1    
   11 ARG    158   181    24    11     1    
   12 THR    182   195    14    12     1    
   13 ILE    196   214    19    13     1    
   14 THR    215   228    14    14     1    
   15 PRO    229   242    14    15     1    
   16 LEU    243   261    19    16     1    
   17 ILE    262   280    19    17     1    
   18 GLU    281   295    15    18     1    
   19 GLN    296   312    17    19     1    
   20 GLN    313   329    17    20     1    
   21 LYS    330   351    22    21     1    
   22 ILE    352   370    19    22     1    
   23 PRO    371   384    14    23     1    
   24 GLY    385   391     7    24     1    
   25 MET    392   408    17    25     1    
   26 ALA    409   418    10    26     1    
   27 VAL    419   434    16    27     1    
   28 ALA    435   444    10    28     1    
   29 VAL    445   460    16    29     1    
   30 ILE    461   479    19    30     1    
   31 TYR    480   500    21    31     1    
   32 GLN    501   517    17    32     1    
   33 GLY    518   524     7    33     1    
   34 LYS    525   546    22    34     1    
   35 PRO    547   560    14    35     1    
   36 TYR    561   581    21    36     1    
   37 TYR    582   602    21    37     1    
   38 PHE    603   622    20    38     1    
   39 THR    623   636    14    39     1    
   40 TRP    637   660    24    40     1    
   41 GLY    661   667     7    41     1    
   42 TYR    668   688    21    42     1    
   43 ALA    689   698    10    43     1    
   44 ASP    699   710    12    44     1    
   45 ILE    711   729    19    45     1    
   46 ALA    730   739    10    46     1    
   47 LYS    740   761    22    47     1    
   48 LYS    762   783    22    48     1    
   49 GLN    784   800    17    49     1    
   50 PRO    801   814    14    50     1    
   51 VAL    815   830    16    51     1    
   52 THR    831   844    14    52     1    
   53 GLN    845   861    17    53     1    
   54 GLN    862   878    17    54     1    
   55 THR    879   892    14    55     1    
   56 LEU    893   911    19    56     1    
   57 PHE    912   931    20    57     1    
   58 GLU    932   946    15    58     1    
   59 LEU    947   965    19    59     1    
   60 GLY    966   972     7    60     1    
   61 SER    973   983    11    61     1    
   62 VAL    984   999    16    62     1    
   63 SER   1000  1010    11    63     1    
   64 LYS   1011  1032    22    64     1    
   65 THR   1033  1046    14    65     1    
   66 PHE   1047  1066    20    66     1    
   67 THR   1067  1080    14    67     1    
   68 GLY   1081  1087     7    68     1    
   69 VAL   1088  1103    16    69     1    
   70 LEU   1104  1122    19    70     1    
   71 GLY   1123  1129     7    71     1    
   72 GLY   1130  1136     7    72     1    
   73 ASP   1137  1148    12    73     1    
   74 ALA   1149  1158    10    74     1    
   75 ILE   1159  1177    19    75     1    
   76 ALA   1178  1187    10    76     1    
   77 ARG   1188  1211    24    77     1    
   78 GLY   1212  1218     7    78     1    
   79 GLU   1219  1233    15    79     1    
   80 ILE   1234  1252    19    80     1    
   81 LYS   1253  1274    22    81     1    
   82 LEU   1275  1293    19    82     1    
   83 SER   1294  1304    11    83     1    
   84 ASP   1305  1316    12    84     1    
   85 PRO   1317  1330    14    85     1    
   86 THR   1331  1344    14    86     1    
   87 THR   1345  1358    14    87     1    
   88 LYS   1359  1380    22    88     1    
   89 TYR   1381  1401    21    89     1    
   90 TRP   1402  1425    24    90     1    
   91 PRO   1426  1439    14    91     1    
   92 GLU   1440  1454    15    92     1    
   93 LEU   1455  1473    19    93     1    
   94 THR   1474  1487    14    94     1    
   95 ALA   1488  1497    10    95     1    
   96 LYS   1498  1519    22    96     1    
   97 GLN   1520  1536    17    97     1    
   98 TRP   1537  1560    24    98     1    
   99 ASN   1561  1574    14    99     1    
  100 GLY   1575  1581     7   100     1    
  101 ILE   1582  1600    19   101     1    
  102 THR   1601  1614    14   102     1    
  103 LEU   1615  1633    19   103     1    
  104 LEU   1634  1652    19   104     1    
  105 HIE   1653  1669    17   105     1    
  106 LEU   1670  1688    19   106     1    
  107 ALA   1689  1698    10   107     1    
  108 THR   1699  1712    14   108     1    
  109 TYR   1713  1733    21   109     1    
  110 THR   1734  1747    14   110     1    
  111 ALA   1748  1757    10   111     1    
  112 GLY   1758  1764     7   112     1    
  113 GLY   1765  1771     7   113     1    
  114 LEU   1772  1790    19   114     1    
  115 PRO   1791  1804    14   115     1    
  116 LEU   1805  1823    19   116     1    
  117 GLN   1824  1840    17   117     1    
  118 VAL   1841  1856    16   118     1    
  119 PRO   1857  1870    14   119     1    
  120 ASP   1871  1882    12   120     1    
  121 GLU   1883  1897    15   121     1    
  122 VAL   1898  1913    16   122     1    
  123 LYS   1914  1935    22   123     1    
  124 SER   1936  1946    11   124     1    
  125 SER   1947  1957    11   125     1    
  126 SER   1958  1968    11   126     1    
  127 ASP   1969  1980    12   127     1    
  128 LEU   1981  1999    19   128     1    
  129 LEU   2000  2018    19   129     1    
  130 ARG   2019  2042    24   130     1    
  131 PHE   2043  2062    20   131     1    
  132 TYR   2063  2083    21   132     1    
  133 GLN   2084  2100    17   133     1    
  134 ASN   2101  2114    14   134     1    
  135 TRP   2115  2138    24   135     1    
  136 GLN   2139  2155    17   136     1    
  137 PRO   2156  2169    14   137     1    
  138 ALA   2170  2179    10   138     1    
  139 TRP   2180  2203    24   139     1    
  140 ALA   2204  2213    10   140     1    
  141 PRO   2214  2227    14   141     1    
  142 GLY   2228  2234     7   142     1    
  143 THR   2235  2248    14   143     1    
  144 GLN   2249  2265    17   144     1    
  145 ARG   2266  2289    24   145     1    
  146 LEU   2290  2308    19   146     1    
  147 TYR   2309  2329    21   147     1    
  148 ALA   2330  2339    10   148     1    
  149 ASN   2340  2353    14   149     1    
  150 SER   2354  2364    11   150     1    
  151 SER   2365  2375    11   151     1    
  152 ILE   2376  2394    19   152     1    
  153 GLY   2395  2401     7   153     1    
  154 LEU   2402  2420    19   154     1    
  155 PHE   2421  2440    20   155     1    
  156 GLY   2441  2447     7   156     1    
  157 ALA   2448  2457    10   157     1    
  158 LEU   2458  2476    19   158     1    
  159 ALA   2477  2486    10   159     1    
  160 VAL   2487  2502    16   160     1    
  161 LYS   2503  2524    22   161     1    
  162 PRO   2525  2538    14   162     1    
  163 SER   2539  2549    11   163     1    
  164 GLY   2550  2556     7   164     1    
  165 LEU   2557  2575    19   165     1    
  166 SER   2576  2586    11   166     1    
  167 PHE   2587  2606    20   167     1    
  168 GLU   2607  2621    15   168     1    
  169 GLN   2622  2638    17   169     1    
  170 ALA   2639  2648    10   170     1    
  171 MET   2649  2665    17   171     1    
  172 GLN   2666  2682    17   172     1    
  173 THR   2683  2696    14   173     1    
  174 ARG   2697  2720    24   174     1    
  175 VAL   2721  2736    16   175     1    
  176 PHE   2737  2756    20   176     1    
  177 GLN   2757  2773    17   177     1    
  178 PRO   2774  2787    14   178     1    
  179 LEU   2788  2806    19   179     1    
  180 LYS   2807  2828    22   180     1    
  181 LEU   2829  2847    19   181     1    
  182 ASN   2848  2861    14   182     1    
  183 HIP   2862  2879    18   183     1    
  184 THR   2880  2893    14   184     1    
  185 TRP   2894  2917    24   185     1    
  186 ILE   2918  2936    19   186     1    
  187 ASN   2937  2950    14   187     1    
  188 VAL   2951  2966    16   188     1    
  189 PRO   2967  2980    14   189     1    
  190 PRO   2981  2994    14   190     1    
  191 ALA   2995  3004    10   191     1    
  192 GLU   3005  3019    15   192     1    
  193 GLU   3020  3034    15   193     1    
  194 LYS   3035  3056    22   194     1    
  195 ASN   3057  3070    14   195     1    
  196 TYR   3071  3091    21   196     1    
  197 ALA   3092  3101    10   197     1    
  198 TRP   3102  3125    24   198     1    
  199 GLY   3126  3132     7   199     1    
  200 TYR   3133  3153    21   200     1    
  201 ARG   3154  3177    24   201     1    
  202 GLU   3178  3192    15   202     1    
  203 GLY   3193  3199     7   203     1    
  204 LYS   3200  3221    22   204     1    
  205 ALA   3222  3231    10   205     1    
  206 VAL   3232  3247    16   206     1    
  207 HIP   3248  3265    18   207     1    
  208 VAL   3266  3281    16   208     1    
  209 SER   3282  3292    11   209     1    
  210 PRO   3293  3306    14   210     1    
  211 GLY   3307  3313     7   211     1    
  212 ALA   3314  3323    10   212     1    
  213 LEU   3324  3342    19   213     1    
  214 ASP   3343  3354    12   214     1    
  215 ALA   3355  3364    10   215     1    
  216 GLU   3365  3379    15   216     1    
  217 ALA   3380  3389    10   217     1    
  218 TYR   3390  3410    21   218     1    
  219 GLY   3411  3417     7   219     1    
  220 VAL   3418  3433    16   220     1    
  221 LYS   3434  3455    22   221     1    
  222 SER   3456  3466    11   222     1    
  223 THR   3467  3480    14   223     1    
  224 ILE   3481  3499    19   224     1    
  225 GLU   3500  3514    15   225     1    
  226 ASP   3515  3526    12   226     1    
  227 MET   3527  3543    17   227     1    
  228 ALA   3544  3553    10   228     1    
  229 ARG   3554  3577    24   229     1    
  230 TRP   3578  3601    24   230     1    
  231 VAL   3602  3617    16   231     1    
  232 GLN   3618  3634    17   232     1    
  233 SER   3635  3645    11   233     1    
  234 ASN   3646  3659    14   234     1    
  235 LEU   3660  3678    19   235     1    
  236 LYS   3679  3700    22   236     1    
  237 PRO   3701  3714    14   237     1    
  238 LEU   3715  3733    19   238     1    
  239 ASP   3734  3745    12   239     1    
  240 ILE   3746  3764    19   240     1    
  241 ASN   3765  3778    14   241     1    
  242 GLU   3779  3793    15   242     1    
  243 LYS   3794  3815    22   243     1    
  244 THR   3816  3829    14   244     1    
  245 LEU   3830  3848    19   245     1    
  246 GLN   3849  3865    17   246     1    
  247 GLN   3866  3882    17   247     1    
  248 GLY   3883  3889     7   248     1    
  249 ILE   3890  3908    19   249     1    
  250 GLN   3909  3925    17   250     1    
  251 LEU   3926  3944    19   251     1    
  252 ALA   3945  3954    10   252     1    
  253 GLN   3955  3971    17   253     1    
  254 SER   3972  3982    11   254     1    
  255 ARG   3983  4006    24   255     1    
  256 TYR   4007  4027    21   256     1    
  257 TRP   4028  4051    24   257     1    
  258 GLN   4052  4068    17   258     1    
  259 THR   4069  4082    14   259     1    
  260 GLY   4083  4089     7   260     1    
  261 ASP   4090  4101    12   261     1    
  262 MET   4102  4118    17   262     1    
  263 TYR   4119  4139    21   263     1    
  264 GLN   4140  4156    17   264     1    
  265 GLY   4157  4163     7   265     1    
  266 LEU   4164  4182    19   266     1    
  267 GLY   4183  4189     7   267     1    
  268 TRP   4190  4213    24   268     1    
  269 GLU   4214  4228    15   269     1    
  270 MET   4229  4245    17   270     1    
  271 LEU   4246  4264    19   271     1    
  272 ASP   4265  4276    12   272     1    
  273 TRP   4277  4300    24   273     1    
  274 PRO   4301  4314    14   274     1    
  275 VAL   4315  4330    16   275     1    
  276 ASN   4331  4344    14   276     1    
  277 PRO   4345  4358    14   277     1    
  278 ASP   4359  4370    12   278     1    
  279 SER   4371  4381    11   279     1    
  280 ILE   4382  4400    19   280     1    
  281 ILE   4401  4419    19   281     1    
  282 ASN   4420  4433    14   282     1    
  283 GLY   4434  4440     7   283     1    
  284 SER   4441  4451    11   284     1    
  285 ASP   4452  4463    12   285     1    
  286 ASN   4464  4477    14   286     1    
  287 LYS   4478  4499    22   287     1    
  288 ILE   4500  4518    19   288     1    
  289 ALA   4519  4528    10   289     1    
  290 LEU   4529  4547    19   290     1    
  291 ALA   4548  4557    10   291     1    
  292 ALA   4558  4567    10   292     1    
  293 ARG   4568  4591    24   293     1    
  294 PRO   4592  4605    14   294     1    
  295 VAL   4606  4621    16   295     1    
  296 LYS   4622  4643    22   296     1    
  297 ALA   4644  4653    10   297     1    
  298 ILE   4654  4672    19   298     1    
  299 THR   4673  4686    14   299     1    
  300 PRO   4687  4700    14   300     1    
  301 PRO   4701  4714    14   301     1    
  302 THR   4715  4728    14   302     1    
  303 PRO   4729  4742    14   303     1    
  304 ALA   4743  4752    10   304     1    
  305 VAL   4753  4768    16   305     1    
  306 ARG   4769  4792    24   306     1    
  307 ALA   4793  4802    10   307     1    
  308 SER   4803  4813    11   308     1    
  309 TRP   4814  4837    24   309     1    
  310 VAL   4838  4853    16   310     1    
  311 HIE   4854  4870    17   311     1    
  312 LYS   4871  4892    22   312     1    
  313 THR   4893  4906    14   313     1    
  314 GLY   4907  4913     7   314     1    
  315 ALA   4914  4923    10   315     1    
  316 THR   4924  4937    14   316     1    
  317 GLY   4938  4944     7   317     1    
  318 GLY   4945  4951     7   318     1    
  319 PHE   4952  4971    20   319     1    
  320 GLY   4972  4978     7   320     1    
  321 SER   4979  4989    11   321     1    
  322 TYR   4990  5010    21   322     1    
  323 VAL   5011  5026    16   323     1    
  324 ALA   5027  5036    10   324     1    
  325 PHE   5037  5056    20   325     1    
  326 ILE   5057  5075    19   326     1    
  327 PRO   5076  5089    14   327     1    
  328 GLU   5090  5104    15   328     1    
  329 LYS   5105  5126    22   329     1    
  330 GLU   5127  5141    15   330     1    
  331 LEU   5142  5160    19   331     1    
  332 GLY   5161  5167     7   332     1    
  333 ILE   5168  5186    19   333     1    
  334 VAL   5187  5202    16   334     1    
  335 MET   5203  5219    17   335     1    
  336 LEU   5220  5238    19   336     1    
  337 ALA   5239  5248    10   337     1    
  338 ASN   5249  5262    14   338     1    
  339 LYS   5263  5284    22   339     1    
  340 ASN   5285  5298    14   340     1    
  341 TYR   5299  5319    21   341     1    
  342 PRO   5320  5333    14   342     1    
  343 ASN   5334  5347    14   343     1    
  344 PRO   5348  5361    14   344     1    
  345 ALA   5362  5371    10   345     1    
  346 ARG   5372  5395    24   346     1    
  347 VAL   5396  5411    16   347     1    
  348 ASP   5412  5423    12   348     1    
  349 ALA   5424  5433    10   349     1    
  350 ALA   5434  5443    10   350     1    
  351 TRP   5444  5467    24   351     1    
  352 GLN   5468  5484    17   352     1    
  353 ILE   5485  5503    19   353     1    
  354 LEU   5504  5522    19   354     1    
  355 ASN   5523  5536    14   355     1    
  356 ALA   5537  5546    10   356     1    
  357 LEU   5547  5565    19   357     1    
  358 GLN   5566  5583    18   358     1    
  359 H7D   5584  5626    43   359     2    
  360 Cl-   5627  5627     1   360     3    
  361 Cl-   5628  5628     1   361     4    
  362 Cl-   5629  5629     1   362     5    
  363 Cl-   5630  5630     1   363     6    
  364 Cl-   5631  5631     1   364     7    
  365 Cl-   5632  5632     1   365     8    
  366 Cl-   5633  5633     1   366     9    
  367 Cl-   5634  5634     1   367    10    
  368 Cl-   5635  5635     1   368    11    
  369 Cl-   5636  5636     1   369    12    
  370 Cl-   5637  5637     1   370    13    
  371 Cl-   5638  5638     1   371    14    
  372 Cl-   5639  5639     1   372    15    
  373 Cl-   5640  5640     1   373    16    
  374 Cl-   5641  5641     1   374    17    
  375 Cl-   5642  5642     1   375    18    
  376 Cl-   5643  5643     1   376    19    
  377 Cl-   5644  5644     1   377    20    
  378 Cl-   5645  5645     1   378    21    
  379 Cl-   5646  5646     1   379    22    
  380 Cl-   5647  5647     1   380    23    
  381 Cl-   5648  5648     1   381    24    
  382 Cl-   5649  5649     1   382    25    
  383 Cl-   5650  5650     1   383    26    
  384 Cl-   5651  5651     1   384    27    
  385 Cl-   5652  5652     1   385    28    
  386 Cl-   5653  5653     1   386    29    
  387 Cl-   5654  5654     1   387    30    
  388 Cl-   5655  5655     1   388    31    
  389 Cl-   5656  5656     1   389    32    
  390 Cl-   5657  5657     1   390    33    
  391 Cl-   5658  5658     1   391    34    
  392 Na+   5659  5659     1   392    35    
  393 Na+   5660  5660     1   393    36    
  394 Na+   5661  5661     1   394    37    
  395 Na+   5662  5662     1   395    38    
  396 Na+   5663  5663     1   396    39    
  397 Na+   5664  5664     1   397    40    
  398 Na+   5665  5665     1   398    41    
  399 Na+   5666  5666     1   399    42    
  400 Na+   5667  5667     1   400    43    
  401 Na+   5668  5668     1   401    44    
  402 Na+   5669  5669     1   402    45    
  403 Na+   5670  5670     1   403    46    
  404 Na+   5671  5671     1   404    47    
  405 Na+   5672  5672     1   405    48    
  406 Na+   5673  5673     1   406    49    
  407 Na+   5674  5674     1   407    50    
  408 Na+   5675  5675     1   408    51    
  409 Na+   5676  5676     1   409    52    
  410 Na+   5677  5677     1   410    53    
  411 Na+   5678  5678     1   411    54    
  412 Na+   5679  5679     1   412    55    
  413 Na+   5680  5680     1   413    56    
  414 Na+   5681  5681     1   414    57    
  415 Na+   5682  5682     1   415    58    
  416 Na+   5683  5683     1   416    59    
  417 Na+   5684  5684     1   417    60    
  418 Na+   5685  5685     1   418    61    
  419 Na+   5686  5686     1   419    62    
  420 WAT   5687  5689     3   420    63    
  421 WAT   5690  5692     3   421    64    
  422 WAT   5693  5695     3   422    65    
  423 WAT   5696  5698     3   423    66    
  424 WAT   5699  5701     3   424    67    
  425 WAT   5702  5704     3   425    68    
  426 WAT   5705  5707     3   426    69    
  427 WAT   5708  5710     3   427    70    
  428 WAT   5711  5713     3   428    71    
  429 WAT   5714  5716     3   429    72    
  430 WAT   5717  5719     3   430    73    
  431 WAT   5720  5722     3   431    74    
  432 WAT   5723  5725     3   432    75    
  433 WAT   5726  5728     3   433    76    
  434 WAT   5729  5731     3   434    77    
  435 WAT   5732  5734     3   435    78    
  436 WAT   5735  5737     3   436    79    
  437 WAT   5738  5740     3   437    80    
  438 WAT   5741  5743     3   438    81    
  439 WAT   5744  5746     3   439    82    
  440 WAT   5747  5749     3   440    83    
  441 WAT   5750  5752     3   441    84    
  442 WAT   5753  5755     3   442    85    
  443 WAT   5756  5758     3   443    86    
  444 WAT   5759  5761     3   444    87    
  445 WAT   5762  5764     3   445    88    
  446 WAT   5765  5767     3   446    89    
  447 WAT   5768  5770     3   447    90    
  448 WAT   5771  5773     3   448    91    
  449 WAT   5774  5776     3   449    92    
  450 WAT   5777  5779     3   450    93    
  451 WAT   5780  5782     3   451    94    
  452 WAT   5783  5785     3   452    95    
  453 WAT   5786  5788     3   453    96    
  454 WAT   5789  5791     3   454    97    
  455 WAT   5792  5794     3   455    98    
  456 WAT   5795  5797     3   456    99    
  457 WAT   5798  5800     3   457   100    
  458 WAT   5801  5803     3   458   101    
  459 WAT   5804  5806     3   459   102    
  460 WAT   5807  5809     3   460   103    
  461 WAT   5810  5812     3   461   104    
  462 WAT   5813  5815     3   462   105    
  463 WAT   5816  5818     3   463   106    
  464 WAT   5819  5821     3   464   107    
  465 WAT   5822  5824     3   465   108    
  466 WAT   5825  5827     3   466   109    
  467 WAT   5828  5830     3   467   110    
  468 WAT   5831  5833     3   468   111    
  469 WAT   5834  5836     3   469   112    
  470 WAT   5837  5839     3   470   113    
  471 WAT   5840  5842     3   471   114    
  472 WAT   5843  5845     3   472   115    
  473 WAT   5846  5848     3   473   116    
  474 WAT   5849  5851     3   474   117    
  475 WAT   5852  5854     3   475   118    
  476 WAT   5855  5857     3   476   119    
  477 WAT   5858  5860     3   477   120    
  478 WAT   5861  5863     3   478   121    
  479 WAT   5864  5866     3   479   122    
  480 WAT   5867  5869     3   480   123    
  481 WAT   5870  5872     3   481   124    
  482 WAT   5873  5875     3   482   125    
  483 WAT   5876  5878     3   483   126    
  484 WAT   5879  5881     3   484   127    
  485 WAT   5882  5884     3   485   128    
  486 WAT   5885  5887     3   486   129    
  487 WAT   5888  5890     3   487   130    
  488 WAT   5891  5893     3   488   131    
  489 WAT   5894  5896     3   489   132    
  490 WAT   5897  5899     3   490   133    
  491 WAT   5900  5902     3   491   134    
  492 WAT   5903  5905     3   492   135    
  493 WAT   5906  5908     3   493   136    
  494 WAT   5909  5911     3   494   137    
  495 WAT   5912  5914     3   495   138    
  496 WAT   5915  5917     3   496   139    
  497 WAT   5918  5920     3   497   140    
  498 WAT   5921  5923     3   498   141    
  499 WAT   5924  5926     3   499   142    
  500 WAT   5927  5929     3   500   143    
  501 WAT   5930  5932     3   501   144    
  502 WAT   5933  5935     3   502   145    
  503 WAT   5936  5938     3   503   146    
  504 WAT   5939  5941     3   504   147    
  505 WAT   5942  5944     3   505   148    
  506 WAT   5945  5947     3   506   149    
  507 WAT   5948  5950     3   507   150    
  508 WAT   5951  5953     3   508   151    
  509 WAT   5954  5956     3   509   152    
  510 WAT   5957  5959     3   510   153    
  511 WAT   5960  5962     3   511   154    
  512 WAT   5963  5965     3   512   155    
  513 WAT   5966  5968     3   513   156    
  514 WAT   5969  5971     3   514   157    
  515 WAT   5972  5974     3   515   158    
  516 WAT   5975  5977     3   516   159    
  517 WAT   5978  5980     3   517   160    
  518 WAT   5981  5983     3   518   161    
  519 WAT   5984  5986     3   519   162    
  520 WAT   5987  5989     3   520   163    
  521 WAT   5990  5992     3   521   164    
  522 WAT   5993  5995     3   522   165    
  523 WAT   5996  5998     3   523   166    
  524 WAT   5999  6001     3   524   167    
  525 WAT   6002  6004     3   525   168    
  526 WAT   6005  6007     3   526   169    
  527 WAT   6008  6010     3   527   170    
  528 WAT   6011  6013     3   528   171    
  529 WAT   6014  6016     3   529   172    
  530 WAT   6017  6019     3   530   173    
  531 WAT   6020  6022     3   531   174    
  532 WAT   6023  6025     3   532   175    
  533 WAT   6026  6028     3   533   176    
  534 WAT   6029  6031     3   534   177    
  535 WAT   6032  6034     3   535   178    
  536 WAT   6035  6037     3   536   179    
  537 WAT   6038  6040     3   537   180    
  538 WAT   6041  6043     3   538   181    
  539 WAT   6044  6046     3   539   182    
  540 WAT   6047  6049     3   540   183    
  541 WAT   6050  6052     3   541   184    
  542 WAT   6053  6055     3   542   185    
  543 WAT   6056  6058     3   543   186    
  544 WAT   6059  6061     3   544   187    
  545 WAT   6062  6064     3   545   188    
  546 WAT   6065  6067     3   546   189    
  547 WAT   6068  6070     3   547   190    
  548 WAT   6071  6073     3   548   191    
  549 WAT   6074  6076     3   549   192    
  550 WAT   6077  6079     3   550   193    
  551 WAT   6080  6082     3   551   194    
  552 WAT   6083  6085     3   552   195    
  553 WAT   6086  6088     3   553   196    
  554 WAT   6089  6091     3   554   197    
  555 WAT   6092  6094     3   555   198    
  556 WAT   6095  6097     3   556   199    
  557 WAT   6098  6100     3   557   200    
  558 WAT   6101  6103     3   558   201    
  559 WAT   6104  6106     3   559   202    
  560 WAT   6107  6109     3   560   203    
  561 WAT   6110  6112     3   561   204    
  562 WAT   6113  6115     3   562   205    
  563 WAT   6116  6118     3   563   206    
  564 WAT   6119  6121     3   564   207    
  565 WAT   6122  6124     3   565   208    
  566 WAT   6125  6127     3   566   209    
  567 WAT   6128  6130     3   567   210    
  568 WAT   6131  6133     3   568   211    
  569 WAT   6134  6136     3   569   212    
  570 WAT   6137  6139     3   570   213    
  571 WAT   6140  6142     3   571   214    
  572 WAT   6143  6145     3   572   215    
  573 WAT   6146  6148     3   573   216    
  574 WAT   6149  6151     3   574   217    
  575 WAT   6152  6154     3   575   218    
  576 WAT   6155  6157     3   576   219    
  577 WAT   6158  6160     3   577   220    
  578 WAT   6161  6163     3   578   221    
  579 WAT   6164  6166     3   579   222    
  580 WAT   6167  6169     3   580   223    
  581 WAT   6170  6172     3   581   224    
  582 WAT   6173  6175     3   582   225    
  583 WAT   6176  6178     3   583   226    
  584 WAT   6179  6181     3   584   227    
  585 WAT   6182  6184     3   585   228    
  586 WAT   6185  6187     3   586   229    
  587 WAT   6188  6190     3   587   230    
  588 WAT   6191  6193     3   588   231    
  589 WAT   6194  6196     3   589   232    
  590 WAT   6197  6199     3   590   233    
  591 WAT   6200  6202     3   591   234    
  592 WAT   6203  6205     3   592   235    
  593 WAT   6206  6208     3   593   236    
  594 WAT   6209  6211     3   594   237    
  595 WAT   6212  6214     3   595   238    
  596 WAT   6215  6217     3   596   239    
  597 WAT   6218  6220     3   597   240    
  598 WAT   6221  6223     3   598   241    
  599 WAT   6224  6226     3   599   242    
  600 WAT   6227  6229     3   600   243    
  601 WAT   6230  6232     3   601   244    
  602 WAT   6233  6235     3   602   245    
  603 WAT   6236  6238     3   603   246    
  604 WAT   6239  6241     3   604   247    
  605 WAT   6242  6244     3   605   248    
  606 WAT   6245  6247     3   606   249    
  607 WAT   6248  6250     3   607   250    
  608 WAT   6251  6253     3   608   251    
  609 WAT   6254  6256     3   609   252    
  610 WAT   6257  6259     3   610   253    
  611 WAT   6260  6262     3   611   254    
  612 WAT   6263  6265     3   612   255    
  613 WAT   6266  6268     3   613   256    
  614 WAT   6269  6271     3   614   257    
  615 WAT   6272  6274     3   615   258    
  616 WAT   6275  6277     3   616   259    
  617 WAT   6278  6280     3   617   260    
  618 WAT   6281  6283     3   618   261    
  619 WAT   6284  6286     3   619   262    
  620 WAT   6287  6289     3   620   263    
  621 WAT   6290  6292     3   621   264    
  622 WAT   6293  6295     3   622   265    
  623 WAT   6296  6298     3   623   266    
  624 WAT   6299  6301     3   624   267    
  625 WAT   6302  6304     3   625   268    
  626 WAT   6305  6307     3   626   269    
  627 WAT   6308  6310     3   627   270    
  628 WAT   6311  6313     3   628   271    
  629 WAT   6314  6316     3   629   272    
  630 WAT   6317  6319     3   630   273    
  631 WAT   6320  6322     3   631   274    
  632 WAT   6323  6325     3   632   275    
  633 WAT   6326  6328     3   633   276    
  634 WAT   6329  6331     3   634   277    
  635 WAT   6332  6334     3   635   278    
  636 WAT   6335  6337     3   636   279    
  637 WAT   6338  6340     3   637   280    
  638 WAT   6341  6343     3   638   281    
  639 WAT   6344  6346     3   639   282    
  640 WAT   6347  6349     3   640   283    
  641 WAT   6350  6352     3   641   284    
  642 WAT   6353  6355     3   642   285    
  643 WAT   6356  6358     3   643   286    
  644 WAT   6359  6361     3   644   287    
  645 WAT   6362  6364     3   645   288    
  646 WAT   6365  6367     3   646   289    
  647 WAT   6368  6370     3   647   290    
  648 WAT   6371  6373     3   648   291    
  649 WAT   6374  6376     3   649   292    
  650 WAT   6377  6379     3   650   293    
  651 WAT   6380  6382     3   651   294    
  652 WAT   6383  6385     3   652   295    
  653 WAT   6386  6388     3   653   296    
  654 WAT   6389  6391     3   654   297    
  655 WAT   6392  6394     3   655   298    
  656 WAT   6395  6397     3   656   299    
  657 WAT   6398  6400     3   657   300    
  658 WAT   6401  6403     3   658   301    
  659 WAT   6404  6406     3   659   302    
  660 WAT   6407  6409     3   660   303    
  661 WAT   6410  6412     3   661   304    
  662 WAT   6413  6415     3   662   305    
  663 WAT   6416  6418     3   663   306    
  664 WAT   6419  6421     3   664   307    
  665 WAT   6422  6424     3   665   308    
  666 WAT   6425  6427     3   666   309    
  667 WAT   6428  6430     3   667   310    
  668 WAT   6431  6433     3   668   311    
  669 WAT   6434  6436     3   669   312    
  670 WAT   6437  6439     3   670   313    
  671 WAT   6440  6442     3   671   314    
  672 WAT   6443  6445     3   672   315    
  673 WAT   6446  6448     3   673   316    
  674 WAT   6449  6451     3   674   317    
  675 WAT   6452  6454     3   675   318    
  676 WAT   6455  6457     3   676   319    
  677 WAT   6458  6460     3   677   320    
  678 WAT   6461  6463     3   678   321    
  679 WAT   6464  6466     3   679   322    
  680 WAT   6467  6469     3   680   323    
  681 WAT   6470  6472     3   681   324    
  682 WAT   6473  6475     3   682   325    
  683 WAT   6476  6478     3   683   326    
  684 WAT   6479  6481     3   684   327    
  685 WAT   6482  6484     3   685   328    
  686 WAT   6485  6487     3   686   329    
  687 WAT   6488  6490     3   687   330    
  688 WAT   6491  6493     3   688   331    
  689 WAT   6494  6496     3   689   332    
  690 WAT   6497  6499     3   690   333    
  691 WAT   6500  6502     3   691   334    
  692 WAT   6503  6505     3   692   335    
  693 WAT   6506  6508     3   693   336    
  694 WAT   6509  6511     3   694   337    
  695 WAT   6512  6514     3   695   338    
  696 WAT   6515  6517     3   696   339    
  697 WAT   6518  6520     3   697   340    
  698 WAT   6521  6523     3   698   341    
  699 WAT   6524  6526     3   699   342    
  700 WAT   6527  6529     3   700   343    
  701 WAT   6530  6532     3   701   344    
  702 WAT   6533  6535     3   702   345    
  703 WAT   6536  6538     3   703   346    
  704 WAT   6539  6541     3   704   347    
  705 WAT   6542  6544     3   705   348    
  706 WAT   6545  6547     3   706   349    
  707 WAT   6548  6550     3   707   350    
  708 WAT   6551  6553     3   708   351    
  709 WAT   6554  6556     3   709   352    
  710 WAT   6557  6559     3   710   353    
  711 WAT   6560  6562     3   711   354    
  712 WAT   6563  6565     3   712   355    
  713 WAT   6566  6568     3   713   356    
  714 WAT   6569  6571     3   714   357    
  715 WAT   6572  6574     3   715   358    
  716 WAT   6575  6577     3   716   359    
  717 WAT   6578  6580     3   717   360    
  718 WAT   6581  6583     3   718   361    
  719 WAT   6584  6586     3   719   362    
  720 WAT   6587  6589     3   720   363    
  721 WAT   6590  6592     3   721   364    
  722 WAT   6593  6595     3   722   365    
  723 WAT   6596  6598     3   723   366    
  724 WAT   6599  6601     3   724   367    
  725 WAT   6602  6604     3   725   368    
  726 WAT   6605  6607     3   726   369    
  727 WAT   6608  6610     3   727   370    
  728 WAT   6611  6613     3   728   371    
  729 WAT   6614  6616     3   729   372    
  730 WAT   6617  6619     3   730   373    
  731 WAT   6620  6622     3   731   374    
  732 WAT   6623  6625     3   732   375    
  733 WAT   6626  6628     3   733   376    
  734 WAT   6629  6631     3   734   377    
  735 WAT   6632  6634     3   735   378    
  736 WAT   6635  6637     3   736   379    
  737 WAT   6638  6640     3   737   380    
  738 WAT   6641  6643     3   738   381    
  739 WAT   6644  6646     3   739   382    
  740 WAT   6647  6649     3   740   383    
  741 WAT   6650  6652     3   741   384    
  742 WAT   6653  6655     3   742   385    
  743 WAT   6656  6658     3   743   386    
  744 WAT   6659  6661     3   744   387    
  745 WAT   6662  6664     3   745   388    
  746 WAT   6665  6667     3   746   389    
  747 WAT   6668  6670     3   747   390    
  748 WAT   6671  6673     3   748   391    
  749 WAT   6674  6676     3   749   392    
  750 WAT   6677  6679     3   750   393    
  751 WAT   6680  6682     3   751   394    
  752 WAT   6683  6685     3   752   395    
  753 WAT   6686  6688     3   753   396    
  754 WAT   6689  6691     3   754   397    
  755 WAT   6692  6694     3   755   398    
  756 WAT   6695  6697     3   756   399    
  757 WAT   6698  6700     3   757   400    
  758 WAT   6701  6703     3   758   401    
  759 WAT   6704  6706     3   759   402    
  760 WAT   6707  6709     3   760   403    
  761 WAT   6710  6712     3   761   404    
  762 WAT   6713  6715     3   762   405    
  763 WAT   6716  6718     3   763   406    
  764 WAT   6719  6721     3   764   407    
  765 WAT   6722  6724     3   765   408    
  766 WAT   6725  6727     3   766   409    
  767 WAT   6728  6730     3   767   410    
  768 WAT   6731  6733     3   768   411    
  769 WAT   6734  6736     3   769   412    
  770 WAT   6737  6739     3   770   413    
  771 WAT   6740  6742     3   771   414    
  772 WAT   6743  6745     3   772   415    
  773 WAT   6746  6748     3   773   416    
  774 WAT   6749  6751     3   774   417    
  775 WAT   6752  6754     3   775   418    
  776 WAT   6755  6757     3   776   419    
  777 WAT   6758  6760     3   777   420    
  778 WAT   6761  6763     3   778   421    
  779 WAT   6764  6766     3   779   422    
  780 WAT   6767  6769     3   780   423    
  781 WAT   6770  6772     3   781   424    
  782 WAT   6773  6775     3   782   425    
  783 WAT   6776  6778     3   783   426    
  784 WAT   6779  6781     3   784   427    
  785 WAT   6782  6784     3   785   428    
  786 WAT   6785  6787     3   786   429    
  787 WAT   6788  6790     3   787   430    
  788 WAT   6791  6793     3   788   431    
  789 WAT   6794  6796     3   789   432    
  790 WAT   6797  6799     3   790   433    
  791 WAT   6800  6802     3   791   434    
  792 WAT   6803  6805     3   792   435    
  793 WAT   6806  6808     3   793   436    
  794 WAT   6809  6811     3   794   437    
  795 WAT   6812  6814     3   795   438    
  796 WAT   6815  6817     3   796   439    
  797 WAT   6818  6820     3   797   440    
  798 WAT   6821  6823     3   798   441    
  799 WAT   6824  6826     3   799   442    
  800 WAT   6827  6829     3   800   443    
  801 WAT   6830  6832     3   801   444    
  802 WAT   6833  6835     3   802   445    
  803 WAT   6836  6838     3   803   446    
  804 WAT   6839  6841     3   804   447    
  805 WAT   6842  6844     3   805   448    
  806 WAT   6845  6847     3   806   449    
  807 WAT   6848  6850     3   807   450    
  808 WAT   6851  6853     3   808   451    
  809 WAT   6854  6856     3   809   452    
  810 WAT   6857  6859     3   810   453    
  811 WAT   6860  6862     3   811   454    
  812 WAT   6863  6865     3   812   455    
  813 WAT   6866  6868     3   813   456    
  814 WAT   6869  6871     3   814   457    
  815 WAT   6872  6874     3   815   458    
  816 WAT   6875  6877     3   816   459    
  817 WAT   6878  6880     3   817   460    
  818 WAT   6881  6883     3   818   461    
  819 WAT   6884  6886     3   819   462    
  820 WAT   6887  6889     3   820   463    
  821 WAT   6890  6892     3   821   464    
  822 WAT   6893  6895     3   822   465    
  823 WAT   6896  6898     3   823   466    
  824 WAT   6899  6901     3   824   467    
  825 WAT   6902  6904     3   825   468    
  826 WAT   6905  6907     3   826   469    
  827 WAT   6908  6910     3   827   470    
  828 WAT   6911  6913     3   828   471    
  829 WAT   6914  6916     3   829   472    
  830 WAT   6917  6919     3   830   473    
  831 WAT   6920  6922     3   831   474    
  832 WAT   6923  6925     3   832   475    
  833 WAT   6926  6928     3   833   476    
  834 WAT   6929  6931     3   834   477    
  835 WAT   6932  6934     3   835   478    
  836 WAT   6935  6937     3   836   479    
  837 WAT   6938  6940     3   837   480    
  838 WAT   6941  6943     3   838   481    
  839 WAT   6944  6946     3   839   482    
  840 WAT   6947  6949     3   840   483    
  841 WAT   6950  6952     3   841   484    
  842 WAT   6953  6955     3   842   485    
  843 WAT   6956  6958     3   843   486    
  844 WAT   6959  6961     3   844   487    
  845 WAT   6962  6964     3   845   488    
  846 WAT   6965  6967     3   846   489    
  847 WAT   6968  6970     3   847   490    
  848 WAT   6971  6973     3   848   491    
  849 WAT   6974  6976     3   849   492    
  850 WAT   6977  6979     3   850   493    
  851 WAT   6980  6982     3   851   494    
  852 WAT   6983  6985     3   852   495    
  853 WAT   6986  6988     3   853   496    
  854 WAT   6989  6991     3   854   497    
  855 WAT   6992  6994     3   855   498    
  856 WAT   6995  6997     3   856   499    
  857 WAT   6998  7000     3   857   500    
  858 WAT   7001  7003     3   858   501    
  859 WAT   7004  7006     3   859   502    
  860 WAT   7007  7009     3   860   503    
  861 WAT   7010  7012     3   861   504    
  862 WAT   7013  7015     3   862   505    
  863 WAT   7016  7018     3   863   506    
  864 WAT   7019  7021     3   864   507    
  865 WAT   7022  7024     3   865   508    
  866 WAT   7025  7027     3   866   509    
  867 WAT   7028  7030     3   867   510    
  868 WAT   7031  7033     3   868   511    
  869 WAT   7034  7036     3   869   512    
  870 WAT   7037  7039     3   870   513    
  871 WAT   7040  7042     3   871   514    
  872 WAT   7043  7045     3   872   515    
  873 WAT   7046  7048     3   873   516    
  874 WAT   7049  7051     3   874   517    
  875 WAT   7052  7054     3   875   518    
  876 WAT   7055  7057     3   876   519    
  877 WAT   7058  7060     3   877   520    
  878 WAT   7061  7063     3   878   521    
  879 WAT   7064  7066     3   879   522    
  880 WAT   7067  7069     3   880   523    
  881 WAT   7070  7072     3   881   524    
  882 WAT   7073  7075     3   882   525    
  883 WAT   7076  7078     3   883   526    
  884 WAT   7079  7081     3   884   527    
  885 WAT   7082  7084     3   885   528    
  886 WAT   7085  7087     3   886   529    
  887 WAT   7088  7090     3   887   530    
  888 WAT   7091  7093     3   888   531    
  889 WAT   7094  7096     3   889   532    
  890 WAT   7097  7099     3   890   533    
  891 WAT   7100  7102     3   891   534    
  892 WAT   7103  7105     3   892   535    
  893 WAT   7106  7108     3   893   536    
  894 WAT   7109  7111     3   894   537    
  895 WAT   7112  7114     3   895   538    
  896 WAT   7115  7117     3   896   539    
  897 WAT   7118  7120     3   897   540    
  898 WAT   7121  7123     3   898   541    
  899 WAT   7124  7126     3   899   542    
  900 WAT   7127  7129     3   900   543    
  901 WAT   7130  7132     3   901   544    
  902 WAT   7133  7135     3   902   545    
  903 WAT   7136  7138     3   903   546    
  904 WAT   7139  7141     3   904   547    
  905 WAT   7142  7144     3   905   548    
  906 WAT   7145  7147     3   906   549    
  907 WAT   7148  7150     3   907   550    
  908 WAT   7151  7153     3   908   551    
  909 WAT   7154  7156     3   909   552    
  910 WAT   7157  7159     3   910   553    
  911 WAT   7160  7162     3   911   554    
  912 WAT   7163  7165     3   912   555    
  913 WAT   7166  7168     3   913   556    
  914 WAT   7169  7171     3   914   557    
  915 WAT   7172  7174     3   915   558    
  916 WAT   7175  7177     3   916   559    
  917 WAT   7178  7180     3   917   560    
  918 WAT   7181  7183     3   918   561    
  919 WAT   7184  7186     3   919   562    
  920 WAT   7187  7189     3   920   563    
  921 WAT   7190  7192     3   921   564    
  922 WAT   7193  7195     3   922   565    
  923 WAT   7196  7198     3   923   566    
  924 WAT   7199  7201     3   924   567    
  925 WAT   7202  7204     3   925   568    
  926 WAT   7205  7207     3   926   569    
  927 WAT   7208  7210     3   927   570    
  928 WAT   7211  7213     3   928   571    
  929 WAT   7214  7216     3   929   572    
  930 WAT   7217  7219     3   930   573    
  931 WAT   7220  7222     3   931   574    
  932 WAT   7223  7225     3   932   575    
  933 WAT   7226  7228     3   933   576    
  934 WAT   7229  7231     3   934   577    
  935 WAT   7232  7234     3   935   578    
  936 WAT   7235  7237     3   936   579    
  937 WAT   7238  7240     3   937   580    
  938 WAT   7241  7243     3   938   581    
  939 WAT   7244  7246     3   939   582    
  940 WAT   7247  7249     3   940   583    
  941 WAT   7250  7252     3   941   584    
  942 WAT   7253  7255     3   942   585    
  943 WAT   7256  7258     3   943   586    
  944 WAT   7259  7261     3   944   587    
  945 WAT   7262  7264     3   945   588    
  946 WAT   7265  7267     3   946   589    
  947 WAT   7268  7270     3   947   590    
  948 WAT   7271  7273     3   948   591    
  949 WAT   7274  7276     3   949   592    
  950 WAT   7277  7279     3   950   593    
  951 WAT   7280  7282     3   951   594    
  952 WAT   7283  7285     3   952   595    
  953 WAT   7286  7288     3   953   596    
  954 WAT   7289  7291     3   954   597    
  955 WAT   7292  7294     3   955   598    
  956 WAT   7295  7297     3   956   599    
  957 WAT   7298  7300     3   957   600    
  958 WAT   7301  7303     3   958   601    
  959 WAT   7304  7306     3   959   602    
  960 WAT   7307  7309     3   960   603    
  961 WAT   7310  7312     3   961   604    
  962 WAT   7313  7315     3   962   605    
  963 WAT   7316  7318     3   963   606    
  964 WAT   7319  7321     3   964   607    
  965 WAT   7322  7324     3   965   608    
  966 WAT   7325  7327     3   966   609    
  967 WAT   7328  7330     3   967   610    
  968 WAT   7331  7333     3   968   611    
  969 WAT   7334  7336     3   969   612    
  970 WAT   7337  7339     3   970   613    
  971 WAT   7340  7342     3   971   614    
  972 WAT   7343  7345     3   972   615    
  973 WAT   7346  7348     3   973   616    
  974 WAT   7349  7351     3   974   617    
  975 WAT   7352  7354     3   975   618    
  976 WAT   7355  7357     3   976   619    
  977 WAT   7358  7360     3   977   620    
  978 WAT   7361  7363     3   978   621    
  979 WAT   7364  7366     3   979   622    
  980 WAT   7367  7369     3   980   623    
  981 WAT   7370  7372     3   981   624    
  982 WAT   7373  7375     3   982   625    
  983 WAT   7376  7378     3   983   626    
  984 WAT   7379  7381     3   984   627    
  985 WAT   7382  7384     3   985   628    
  986 WAT   7385  7387     3   986   629    
  987 WAT   7388  7390     3   987   630    
  988 WAT   7391  7393     3   988   631    
  989 WAT   7394  7396     3   989   632    
  990 WAT   7397  7399     3   990   633    
  991 WAT   7400  7402     3   991   634    
  992 WAT   7403  7405     3   992   635    
  993 WAT   7406  7408     3   993   636    
  994 WAT   7409  7411     3   994   637    
  995 WAT   7412  7414     3   995   638    
  996 WAT   7415  7417     3   996   639    
  997 WAT   7418  7420     3   997   640    
  998 WAT   7421  7423     3   998   641    
  999 WAT   7424  7426     3   999   642    
 1000 WAT   7427  7429     3  1000   643    
 1001 WAT   7430  7432     3  1001   644    
 1002 WAT   7433  7435     3  1002   645    
 1003 WAT   7436  7438     3  1003   646    
 1004 WAT   7439  7441     3  1004   647    
 1005 WAT   7442  7444     3  1005   648    
 1006 WAT   7445  7447     3  1006   649    
 1007 WAT   7448  7450     3  1007   650    
 1008 WAT   7451  7453     3  1008   651    
 1009 WAT   7454  7456     3  1009   652    
 1010 WAT   7457  7459     3  1010   653    
 1011 WAT   7460  7462     3  1011   654    
 1012 WAT   7463  7465     3  1012   655    
 1013 WAT   7466  7468     3  1013   656    
 1014 WAT   7469  7471     3  1014   657    
 1015 WAT   7472  7474     3  1015   658    
 1016 WAT   7475  7477     3  1016   659    
 1017 WAT   7478  7480     3  1017   660    
 1018 WAT   7481  7483     3  1018   661    
 1019 WAT   7484  7486     3  1019   662    
 1020 WAT   7487  7489     3  1020   663    
 1021 WAT   7490  7492     3  1021   664    
 1022 WAT   7493  7495     3  1022   665    
 1023 WAT   7496  7498     3  1023   666    
 1024 WAT   7499  7501     3  1024   667    
 1025 WAT   7502  7504     3  1025   668    
 1026 WAT   7505  7507     3  1026   669    
 1027 WAT   7508  7510     3  1027   670    
 1028 WAT   7511  7513     3  1028   671    
 1029 WAT   7514  7516     3  1029   672    
 1030 WAT   7517  7519     3  1030   673    
 1031 WAT   7520  7522     3  1031   674    
 1032 WAT   7523  7525     3  1032   675    
 1033 WAT   7526  7528     3  1033   676    
 1034 WAT   7529  7531     3  1034   677    
 1035 WAT   7532  7534     3  1035   678    
 1036 WAT   7535  7537     3  1036   679    
 1037 WAT   7538  7540     3  1037   680    
 1038 WAT   7541  7543     3  1038   681    
 1039 WAT   7544  7546     3  1039   682    
 1040 WAT   7547  7549     3  1040   683    
 1041 WAT   7550  7552     3  1041   684    
 1042 WAT   7553  7555     3  1042   685    
 1043 WAT   7556  7558     3  1043   686    
 1044 WAT   7559  7561     3  1044   687    
 1045 WAT   7562  7564     3  1045   688    
 1046 WAT   7565  7567     3  1046   689    
 1047 WAT   7568  7570     3  1047   690    
 1048 WAT   7571  7573     3  1048   691    
 1049 WAT   7574  7576     3  1049   692    
 1050 WAT   7577  7579     3  1050   693    
 1051 WAT   7580  7582     3  1051   694    
 1052 WAT   7583  7585     3  1052   695    
 1053 WAT   7586  7588     3  1053   696    
 1054 WAT   7589  7591     3  1054   697    
 1055 WAT   7592  7594     3  1055   698    
 1056 WAT   7595  7597     3  1056   699    
 1057 WAT   7598  7600     3  1057   700    
 1058 WAT   7601  7603     3  1058   701    
 1059 WAT   7604  7606     3  1059   702    
 1060 WAT   7607  7609     3  1060   703    
 1061 WAT   7610  7612     3  1061   704    
 1062 WAT   7613  7615     3  1062   705    
 1063 WAT   7616  7618     3  1063   706    
 1064 WAT   7619  7621     3  1064   707    
 1065 WAT   7622  7624     3  1065   708    
 1066 WAT   7625  7627     3  1066   709    
 1067 WAT   7628  7630     3  1067   710    
 1068 WAT   7631  7633     3  1068   711    
 1069 WAT   7634  7636     3  1069   712    
 1070 WAT   7637  7639     3  1070   713    
 1071 WAT   7640  7642     3  1071   714    
 1072 WAT   7643  7645     3  1072   715    
 1073 WAT   7646  7648     3  1073   716    
 1074 WAT   7649  7651     3  1074   717    
 1075 WAT   7652  7654     3  1075   718    
 1076 WAT   7655  7657     3  1076   719    
 1077 WAT   7658  7660     3  1077   720    
 1078 WAT   7661  7663     3  1078   721    
 1079 WAT   7664  7666     3  1079   722    
 1080 WAT   7667  7669     3  1080   723    
 1081 WAT   7670  7672     3  1081   724    
 1082 WAT   7673  7675     3  1082   725    
 1083 WAT   7676  7678     3  1083   726    
 1084 WAT   7679  7681     3  1084   727    
 1085 WAT   7682  7684     3  1085   728    
 1086 WAT   7685  7687     3  1086   729    
 1087 WAT   7688  7690     3  1087   730    
 1088 WAT   7691  7693     3  1088   731    
 1089 WAT   7694  7696     3  1089   732    
 1090 WAT   7697  7699     3  1090   733    
 1091 WAT   7700  7702     3  1091   734    
 1092 WAT   7703  7705     3  1092   735    
 1093 WAT   7706  7708     3  1093   736    
 1094 WAT   7709  7711     3  1094   737    
 1095 WAT   7712  7714     3  1095   738    
 1096 WAT   7715  7717     3  1096   739    
 1097 WAT   7718  7720     3  1097   740    
 1098 WAT   7721  7723     3  1098   741    
 1099 WAT   7724  7726     3  1099   742    
 1100 WAT   7727  7729     3  1100   743    
 1101 WAT   7730  7732     3  1101   744    
 1102 WAT   7733  7735     3  1102   745    
 1103 WAT   7736  7738     3  1103   746    
 1104 WAT   7739  7741     3  1104   747    
 1105 WAT   7742  7744     3  1105   748    
 1106 WAT   7745  7747     3  1106   749    
 1107 WAT   7748  7750     3  1107   750    
 1108 WAT   7751  7753     3  1108   751    
 1109 WAT   7754  7756     3  1109   752    
 1110 WAT   7757  7759     3  1110   753    
 1111 WAT   7760  7762     3  1111   754    
 1112 WAT   7763  7765     3  1112   755    
 1113 WAT   7766  7768     3  1113   756    
 1114 WAT   7769  7771     3  1114   757    
 1115 WAT   7772  7774     3  1115   758    
 1116 WAT   7775  7777     3  1116   759    
 1117 WAT   7778  7780     3  1117   760    
 1118 WAT   7781  7783     3  1118   761    
 1119 WAT   7784  7786     3  1119   762    
 1120 WAT   7787  7789     3  1120   763    
 1121 WAT   7790  7792     3  1121   764    
 1122 WAT   7793  7795     3  1122   765    
 1123 WAT   7796  7798     3  1123   766    
 1124 WAT   7799  7801     3  1124   767    
 1125 WAT   7802  7804     3  1125   768    
 1126 WAT   7805  7807     3  1126   769    
 1127 WAT   7808  7810     3  1127   770    
 1128 WAT   7811  7813     3  1128   771    
 1129 WAT   7814  7816     3  1129   772    
 1130 WAT   7817  7819     3  1130   773    
 1131 WAT   7820  7822     3  1131   774    
 1132 WAT   7823  7825     3  1132   775    
 1133 WAT   7826  7828     3  1133   776    
 1134 WAT   7829  7831     3  1134   777    
 1135 WAT   7832  7834     3  1135   778    
 1136 WAT   7835  7837     3  1136   779    
 1137 WAT   7838  7840     3  1137   780    
 1138 WAT   7841  7843     3  1138   781    
 1139 WAT   7844  7846     3  1139   782    
 1140 WAT   7847  7849     3  1140   783    
 1141 WAT   7850  7852     3  1141   784    
 1142 WAT   7853  7855     3  1142   785    
 1143 WAT   7856  7858     3  1143   786    
 1144 WAT   7859  7861     3  1144   787    
 1145 WAT   7862  7864     3  1145   788    
 1146 WAT   7865  7867     3  1146   789    
 1147 WAT   7868  7870     3  1147   790    
 1148 WAT   7871  7873     3  1148   791    
 1149 WAT   7874  7876     3  1149   792    
 1150 WAT   7877  7879     3  1150   793    
 1151 WAT   7880  7882     3  1151   794    
 1152 WAT   7883  7885     3  1152   795    
 1153 WAT   7886  7888     3  1153   796    
 1154 WAT   7889  7891     3  1154   797    
 1155 WAT   7892  7894     3  1155   798    
 1156 WAT   7895  7897     3  1156   799    
 1157 WAT   7898  7900     3  1157   800    
 1158 WAT   7901  7903     3  1158   801    
 1159 WAT   7904  7906     3  1159   802    
 1160 WAT   7907  7909     3  1160   803    
 1161 WAT   7910  7912     3  1161   804    
 1162 WAT   7913  7915     3  1162   805    
 1163 WAT   7916  7918     3  1163   806    
 1164 WAT   7919  7921     3  1164   807    
 1165 WAT   7922  7924     3  1165   808    
 1166 WAT   7925  7927     3  1166   809    
 1167 WAT   7928  7930     3  1167   810    
 1168 WAT   7931  7933     3  1168   811    
 1169 WAT   7934  7936     3  1169   812    
 1170 WAT   7937  7939     3  1170   813    
 1171 WAT   7940  7942     3  1171   814    
 1172 WAT   7943  7945     3  1172   815    
 1173 WAT   7946  7948     3  1173   816    
 1174 WAT   7949  7951     3  1174   817    
 1175 WAT   7952  7954     3  1175   818    
 1176 WAT   7955  7957     3  1176   819    
 1177 WAT   7958  7960     3  1177   820    
 1178 WAT   7961  7963     3  1178   821    
 1179 WAT   7964  7966     3  1179   822    
 1180 WAT   7967  7969     3  1180   823    
 1181 WAT   7970  7972     3  1181   824    
 1182 WAT   7973  7975     3  1182   825    
 1183 WAT   7976  7978     3  1183   826    
 1184 WAT   7979  7981     3  1184   827    
 1185 WAT   7982  7984     3  1185   828    
 1186 WAT   7985  7987     3  1186   829    
 1187 WAT   7988  7990     3  1187   830    
 1188 WAT   7991  7993     3  1188   831    
 1189 WAT   7994  7996     3  1189   832    
 1190 WAT   7997  7999     3  1190   833    
 1191 WAT   8000  8002     3  1191   834    
 1192 WAT   8003  8005     3  1192   835    
 1193 WAT   8006  8008     3  1193   836    
 1194 WAT   8009  8011     3  1194   837    
 1195 WAT   8012  8014     3  1195   838    
 1196 WAT   8015  8017     3  1196   839    
 1197 WAT   8018  8020     3  1197   840    
 1198 WAT   8021  8023     3  1198   841    
 1199 WAT   8024  8026     3  1199   842    
 1200 WAT   8027  8029     3  1200   843    
 1201 WAT   8030  8032     3  1201   844    
 1202 WAT   8033  8035     3  1202   845    
 1203 WAT   8036  8038     3  1203   846    
 1204 WAT   8039  8041     3  1204   847    
 1205 WAT   8042  8044     3  1205   848    
 1206 WAT   8045  8047     3  1206   849    
 1207 WAT   8048  8050     3  1207   850    
 1208 WAT   8051  8053     3  1208   851    
 1209 WAT   8054  8056     3  1209   852    
 1210 WAT   8057  8059     3  1210   853    
 1211 WAT   8060  8062     3  1211   854    
 1212 WAT   8063  8065     3  1212   855    
 1213 WAT   8066  8068     3  1213   856    
 1214 WAT   8069  8071     3  1214   857    
 1215 WAT   8072  8074     3  1215   858    
 1216 WAT   8075  8077     3  1216   859    
 1217 WAT   8078  8080     3  1217   860    
 1218 WAT   8081  8083     3  1218   861    
 1219 WAT   8084  8086     3  1219   862    
 1220 WAT   8087  8089     3  1220   863    
 1221 WAT   8090  8092     3  1221   864    
 1222 WAT   8093  8095     3  1222   865    
 1223 WAT   8096  8098     3  1223   866    
 1224 WAT   8099  8101     3  1224   867    
 1225 WAT   8102  8104     3  1225   868    
 1226 WAT   8105  8107     3  1226   869    
 1227 WAT   8108  8110     3  1227   870    
 1228 WAT   8111  8113     3  1228   871    
 1229 WAT   8114  8116     3  1229   872    
 1230 WAT   8117  8119     3  1230   873    
 1231 WAT   8120  8122     3  1231   874    
 1232 WAT   8123  8125     3  1232   875    
 1233 WAT   8126  8128     3  1233   876    
 1234 WAT   8129  8131     3  1234   877    
 1235 WAT   8132  8134     3  1235   878    
 1236 WAT   8135  8137     3  1236   879    
 1237 WAT   8138  8140     3  1237   880    
 1238 WAT   8141  8143     3  1238   881    
 1239 WAT   8144  8146     3  1239   882    
 1240 WAT   8147  8149     3  1240   883    
 1241 WAT   8150  8152     3  1241   884    
 1242 WAT   8153  8155     3  1242   885    
 1243 WAT   8156  8158     3  1243   886    
 1244 WAT   8159  8161     3  1244   887    
 1245 WAT   8162  8164     3  1245   888    
 1246 WAT   8165  8167     3  1246   889    
 1247 WAT   8168  8170     3  1247   890    
 1248 WAT   8171  8173     3  1248   891    
 1249 WAT   8174  8176     3  1249   892    
 1250 WAT   8177  8179     3  1250   893    
 1251 WAT   8180  8182     3  1251   894    
 1252 WAT   8183  8185     3  1252   895    
 1253 WAT   8186  8188     3  1253   896    
 1254 WAT   8189  8191     3  1254   897    
 1255 WAT   8192  8194     3  1255   898    
 1256 WAT   8195  8197     3  1256   899    
 1257 WAT   8198  8200     3  1257   900    
 1258 WAT   8201  8203     3  1258   901    
 1259 WAT   8204  8206     3  1259   902    
 1260 WAT   8207  8209     3  1260   903    
 1261 WAT   8210  8212     3  1261   904    
 1262 WAT   8213  8215     3  1262   905    
 1263 WAT   8216  8218     3  1263   906    
 1264 WAT   8219  8221     3  1264   907    
 1265 WAT   8222  8224     3  1265   908    
 1266 WAT   8225  8227     3  1266   909    
 1267 WAT   8228  8230     3  1267   910    
 1268 WAT   8231  8233     3  1268   911    
 1269 WAT   8234  8236     3  1269   912    
 1270 WAT   8237  8239     3  1270   913    
 1271 WAT   8240  8242     3  1271   914    
 1272 WAT   8243  8245     3  1272   915    
 1273 WAT   8246  8248     3  1273   916    
 1274 WAT   8249  8251     3  1274   917    
 1275 WAT   8252  8254     3  1275   918    
 1276 WAT   8255  8257     3  1276   919    
 1277 WAT   8258  8260     3  1277   920    
 1278 WAT   8261  8263     3  1278   921    
 1279 WAT   8264  8266     3  1279   922    
 1280 WAT   8267  8269     3  1280   923    
 1281 WAT   8270  8272     3  1281   924    
 1282 WAT   8273  8275     3  1282   925    
 1283 WAT   8276  8278     3  1283   926    
 1284 WAT   8279  8281     3  1284   927    
 1285 WAT   8282  8284     3  1285   928    
 1286 WAT   8285  8287     3  1286   929    
 1287 WAT   8288  8290     3  1287   930    
 1288 WAT   8291  8293     3  1288   931    
 1289 WAT   8294  8296     3  1289   932    
 1290 WAT   8297  8299     3  1290   933    
 1291 WAT   8300  8302     3  1291   934    
 1292 WAT   8303  8305     3  1292   935    
 1293 WAT   8306  8308     3  1293   936    
 1294 WAT   8309  8311     3  1294   937    
 1295 WAT   8312  8314     3  1295   938    
 1296 WAT   8315  8317     3  1296   939    
 1297 WAT   8318  8320     3  1297   940    
 1298 WAT   8321  8323     3  1298   941    
 1299 WAT   8324  8326     3  1299   942    
 1300 WAT   8327  8329     3  1300   943    
 1301 WAT   8330  8332     3  1301   944    
 1302 WAT   8333  8335     3  1302   945    
 1303 WAT   8336  8338     3  1303   946    
 1304 WAT   8339  8341     3  1304   947    
 1305 WAT   8342  8344     3  1305   948    
 1306 WAT   8345  8347     3  1306   949    
 1307 WAT   8348  8350     3  1307   950    
 1308 WAT   8351  8353     3  1308   951    
 1309 WAT   8354  8356     3  1309   952    
 1310 WAT   8357  8359     3  1310   953    
 1311 WAT   8360  8362     3  1311   954    
 1312 WAT   8363  8365     3  1312   955    
 1313 WAT   8366  8368     3  1313   956    
 1314 WAT   8369  8371     3  1314   957    
 1315 WAT   8372  8374     3  1315   958    
 1316 WAT   8375  8377     3  1316   959    
 1317 WAT   8378  8380     3  1317   960    
 1318 WAT   8381  8383     3  1318   961    
 1319 WAT   8384  8386     3  1319   962    
 1320 WAT   8387  8389     3  1320   963    
 1321 WAT   8390  8392     3  1321   964    
 1322 WAT   8393  8395     3  1322   965    
 1323 WAT   8396  8398     3  1323   966    
 1324 WAT   8399  8401     3  1324   967    
 1325 WAT   8402  8404     3  1325   968    
 1326 WAT   8405  8407     3  1326   969    
 1327 WAT   8408  8410     3  1327   970    
 1328 WAT   8411  8413     3  1328   971    
 1329 WAT   8414  8416     3  1329   972    
 1330 WAT   8417  8419     3  1330   973    
 1331 WAT   8420  8422     3  1331   974    
 1332 WAT   8423  8425     3  1332   975    
 1333 WAT   8426  8428     3  1333   976    
 1334 WAT   8429  8431     3  1334   977    
 1335 WAT   8432  8434     3  1335   978    
 1336 WAT   8435  8437     3  1336   979    
 1337 WAT   8438  8440     3  1337   980    
 1338 WAT   8441  8443     3  1338   981    
 1339 WAT   8444  8446     3  1339   982    
 1340 WAT   8447  8449     3  1340   983    
 1341 WAT   8450  8452     3  1341   984    
 1342 WAT   8453  8455     3  1342   985    
 1343 WAT   8456  8458     3  1343   986    
 1344 WAT   8459  8461     3  1344   987    
 1345 WAT   8462  8464     3  1345   988    
 1346 WAT   8465  8467     3  1346   989    
 1347 WAT   8468  8470     3  1347   990    
 1348 WAT   8471  8473     3  1348   991    
 1349 WAT   8474  8476     3  1349   992    
 1350 WAT   8477  8479     3  1350   993    
 1351 WAT   8480  8482     3  1351   994    
 1352 WAT   8483  8485     3  1352   995    
 1353 WAT   8486  8488     3  1353   996    
 1354 WAT   8489  8491     3  1354   997    
 1355 WAT   8492  8494     3  1355   998    
 1356 WAT   8495  8497     3  1356   999    
 1357 WAT   8498  8500     3  1357  1000    
 1358 WAT   8501  8503     3  1358  1001    
 1359 WAT   8504  8506     3  1359  1002    
 1360 WAT   8507  8509     3  1360  1003    
 1361 WAT   8510  8512     3  1361  1004    
 1362 WAT   8513  8515     3  1362  1005    
 1363 WAT   8516  8518     3  1363  1006    
 1364 WAT   8519  8521     3  1364  1007    
 1365 WAT   8522  8524     3  1365  1008    
 1366 WAT   8525  8527     3  1366  1009    
 1367 WAT   8528  8530     3  1367  1010    
 1368 WAT   8531  8533     3  1368  1011    
 1369 WAT   8534  8536     3  1369  1012    
 1370 WAT   8537  8539     3  1370  1013    
 1371 WAT   8540  8542     3  1371  1014    
 1372 WAT   8543  8545     3  1372  1015    
 1373 WAT   8546  8548     3  1373  1016    
 1374 WAT   8549  8551     3  1374  1017    
 1375 WAT   8552  8554     3  1375  1018    
 1376 WAT   8555  8557     3  1376  1019    
 1377 WAT   8558  8560     3  1377  1020    
 1378 WAT   8561  8563     3  1378  1021    
 1379 WAT   8564  8566     3  1379  1022    
 1380 WAT   8567  8569     3  1380  1023    
 1381 WAT   8570  8572     3  1381  1024    
 1382 WAT   8573  8575     3  1382  1025    
 1383 WAT   8576  8578     3  1383  1026    
 1384 WAT   8579  8581     3  1384  1027    
 1385 WAT   8582  8584     3  1385  1028    
 1386 WAT   8585  8587     3  1386  1029    
 1387 WAT   8588  8590     3  1387  1030    
 1388 WAT   8591  8593     3  1388  1031    
 1389 WAT   8594  8596     3  1389  1032    
 1390 WAT   8597  8599     3  1390  1033    
 1391 WAT   8600  8602     3  1391  1034    
 1392 WAT   8603  8605     3  1392  1035    
 1393 WAT   8606  8608     3  1393  1036    
 1394 WAT   8609  8611     3  1394  1037    
 1395 WAT   8612  8614     3  1395  1038    
 1396 WAT   8615  8617     3  1396  1039    
 1397 WAT   8618  8620     3  1397  1040    
 1398 WAT   8621  8623     3  1398  1041    
 1399 WAT   8624  8626     3  1399  1042    
 1400 WAT   8627  8629     3  1400  1043    
 1401 WAT   8630  8632     3  1401  1044    
 1402 WAT   8633  8635     3  1402  1045    
 1403 WAT   8636  8638     3  1403  1046    
 1404 WAT   8639  8641     3  1404  1047    
 1405 WAT   8642  8644     3  1405  1048    
 1406 WAT   8645  8647     3  1406  1049    
 1407 WAT   8648  8650     3  1407  1050    
 1408 WAT   8651  8653     3  1408  1051    
 1409 WAT   8654  8656     3  1409  1052    
 1410 WAT   8657  8659     3  1410  1053    
 1411 WAT   8660  8662     3  1411  1054    
 1412 WAT   8663  8665     3  1412  1055    
 1413 WAT   8666  8668     3  1413  1056    
 1414 WAT   8669  8671     3  1414  1057    
 1415 WAT   8672  8674     3  1415  1058    
 1416 WAT   8675  8677     3  1416  1059    
 1417 WAT   8678  8680     3  1417  1060    
 1418 WAT   8681  8683     3  1418  1061    
 1419 WAT   8684  8686     3  1419  1062    
 1420 WAT   8687  8689     3  1420  1063    
 1421 WAT   8690  8692     3  1421  1064    
 1422 WAT   8693  8695     3  1422  1065    
 1423 WAT   8696  8698     3  1423  1066    
 1424 WAT   8699  8701     3  1424  1067    
 1425 WAT   8702  8704     3  1425  1068    
 1426 WAT   8705  8707     3  1426  1069    
 1427 WAT   8708  8710     3  1427  1070    
 1428 WAT   8711  8713     3  1428  1071    
 1429 WAT   8714  8716     3  1429  1072    
 1430 WAT   8717  8719     3  1430  1073    
 1431 WAT   8720  8722     3  1431  1074    
 1432 WAT   8723  8725     3  1432  1075    
 1433 WAT   8726  8728     3  1433  1076    
 1434 WAT   8729  8731     3  1434  1077    
 1435 WAT   8732  8734     3  1435  1078    
 1436 WAT   8735  8737     3  1436  1079    
 1437 WAT   8738  8740     3  1437  1080    
 1438 WAT   8741  8743     3  1438  1081    
 1439 WAT   8744  8746     3  1439  1082    
 1440 WAT   8747  8749     3  1440  1083    
 1441 WAT   8750  8752     3  1441  1084    
 1442 WAT   8753  8755     3  1442  1085    
 1443 WAT   8756  8758     3  1443  1086    
 1444 WAT   8759  8761     3  1444  1087    
 1445 WAT   8762  8764     3  1445  1088    
 1446 WAT   8765  8767     3  1446  1089    
 1447 WAT   8768  8770     3  1447  1090    
 1448 WAT   8771  8773     3  1448  1091    
 1449 WAT   8774  8776     3  1449  1092    
 1450 WAT   8777  8779     3  1450  1093    
 1451 WAT   8780  8782     3  1451  1094    
 1452 WAT   8783  8785     3  1452  1095    
 1453 WAT   8786  8788     3  1453  1096    
 1454 WAT   8789  8791     3  1454  1097    
 1455 WAT   8792  8794     3  1455  1098    
 1456 WAT   8795  8797     3  1456  1099    
 1457 WAT   8798  8800     3  1457  1100    
 1458 WAT   8801  8803     3  1458  1101    
 1459 WAT   8804  8806     3  1459  1102    
 1460 WAT   8807  8809     3  1460  1103    
 1461 WAT   8810  8812     3  1461  1104    
 1462 WAT   8813  8815     3  1462  1105    
 1463 WAT   8816  8818     3  1463  1106    
 1464 WAT   8819  8821     3  1464  1107    
 1465 WAT   8822  8824     3  1465  1108    
 1466 WAT   8825  8827     3  1466  1109    
 1467 WAT   8828  8830     3  1467  1110    
 1468 WAT   8831  8833     3  1468  1111    
 1469 WAT   8834  8836     3  1469  1112    
 1470 WAT   8837  8839     3  1470  1113    
 1471 WAT   8840  8842     3  1471  1114    
 1472 WAT   8843  8845     3  1472  1115    
 1473 WAT   8846  8848     3  1473  1116    
 1474 WAT   8849  8851     3  1474  1117    
 1475 WAT   8852  8854     3  1475  1118    
 1476 WAT   8855  8857     3  1476  1119    
 1477 WAT   8858  8860     3  1477  1120    
 1478 WAT   8861  8863     3  1478  1121    
 1479 WAT   8864  8866     3  1479  1122    
 1480 WAT   8867  8869     3  1480  1123    
 1481 WAT   8870  8872     3  1481  1124    
 1482 WAT   8873  8875     3  1482  1125    
 1483 WAT   8876  8878     3  1483  1126    
 1484 WAT   8879  8881     3  1484  1127    
 1485 WAT   8882  8884     3  1485  1128    
 1486 WAT   8885  8887     3  1486  1129    
 1487 WAT   8888  8890     3  1487  1130    
 1488 WAT   8891  8893     3  1488  1131    
 1489 WAT   8894  8896     3  1489  1132    
 1490 WAT   8897  8899     3  1490  1133    
 1491 WAT   8900  8902     3  1491  1134    
 1492 WAT   8903  8905     3  1492  1135    
 1493 WAT   8906  8908     3  1493  1136    
 1494 WAT   8909  8911     3  1494  1137    
 1495 WAT   8912  8914     3  1495  1138    
 1496 WAT   8915  8917     3  1496  1139    
 1497 WAT   8918  8920     3  1497  1140    
 1498 WAT   8921  8923     3  1498  1141    
 1499 WAT   8924  8926     3  1499  1142    
 1500 WAT   8927  8929     3  1500  1143    
 1501 WAT   8930  8932     3  1501  1144    
 1502 WAT   8933  8935     3  1502  1145    
 1503 WAT   8936  8938     3  1503  1146    
 1504 WAT   8939  8941     3  1504  1147    
 1505 WAT   8942  8944     3  1505  1148    
 1506 WAT   8945  8947     3  1506  1149    
 1507 WAT   8948  8950     3  1507  1150    
 1508 WAT   8951  8953     3  1508  1151    
 1509 WAT   8954  8956     3  1509  1152    
 1510 WAT   8957  8959     3  1510  1153    
 1511 WAT   8960  8962     3  1511  1154    
 1512 WAT   8963  8965     3  1512  1155    
 1513 WAT   8966  8968     3  1513  1156    
 1514 WAT   8969  8971     3  1514  1157    
 1515 WAT   8972  8974     3  1515  1158    
 1516 WAT   8975  8977     3  1516  1159    
 1517 WAT   8978  8980     3  1517  1160    
 1518 WAT   8981  8983     3  1518  1161    
 1519 WAT   8984  8986     3  1519  1162    
 1520 WAT   8987  8989     3  1520  1163    
 1521 WAT   8990  8992     3  1521  1164    
 1522 WAT   8993  8995     3  1522  1165    
 1523 WAT   8996  8998     3  1523  1166    
 1524 WAT   8999  9001     3  1524  1167    
 1525 WAT   9002  9004     3  1525  1168    
 1526 WAT   9005  9007     3  1526  1169    
 1527 WAT   9008  9010     3  1527  1170    
 1528 WAT   9011  9013     3  1528  1171    
 1529 WAT   9014  9016     3  1529  1172    
 1530 WAT   9017  9019     3  1530  1173    
 1531 WAT   9020  9022     3  1531  1174    
 1532 WAT   9023  9025     3  1532  1175    
 1533 WAT   9026  9028     3  1533  1176    
 1534 WAT   9029  9031     3  1534  1177    
 1535 WAT   9032  9034     3  1535  1178    
 1536 WAT   9035  9037     3  1536  1179    
 1537 WAT   9038  9040     3  1537  1180    
 1538 WAT   9041  9043     3  1538  1181    
 1539 WAT   9044  9046     3  1539  1182    
 1540 WAT   9047  9049     3  1540  1183    
 1541 WAT   9050  9052     3  1541  1184    
 1542 WAT   9053  9055     3  1542  1185    
 1543 WAT   9056  9058     3  1543  1186    
 1544 WAT   9059  9061     3  1544  1187    
 1545 WAT   9062  9064     3  1545  1188    
 1546 WAT   9065  9067     3  1546  1189    
 1547 WAT   9068  9070     3  1547  1190    
 1548 WAT   9071  9073     3  1548  1191    
 1549 WAT   9074  9076     3  1549  1192    
 1550 WAT   9077  9079     3  1550  1193    
 1551 WAT   9080  9082     3  1551  1194    
 1552 WAT   9083  9085     3  1552  1195    
 1553 WAT   9086  9088     3  1553  1196    
 1554 WAT   9089  9091     3  1554  1197    
 1555 WAT   9092  9094     3  1555  1198    
 1556 WAT   9095  9097     3  1556  1199    
 1557 WAT   9098  9100     3  1557  1200    
 1558 WAT   9101  9103     3  1558  1201    
 1559 WAT   9104  9106     3  1559  1202    
 1560 WAT   9107  9109     3  1560  1203    
 1561 WAT   9110  9112     3  1561  1204    
 1562 WAT   9113  9115     3  1562  1205    
 1563 WAT   9116  9118     3  1563  1206    
 1564 WAT   9119  9121     3  1564  1207    
 1565 WAT   9122  9124     3  1565  1208    
 1566 WAT   9125  9127     3  1566  1209    
 1567 WAT   9128  9130     3  1567  1210    
 1568 WAT   9131  9133     3  1568  1211    
 1569 WAT   9134  9136     3  1569  1212    
 1570 WAT   9137  9139     3  1570  1213    
 1571 WAT   9140  9142     3  1571  1214    
 1572 WAT   9143  9145     3  1572  1215    
 1573 WAT   9146  9148     3  1573  1216    
 1574 WAT   9149  9151     3  1574  1217    
 1575 WAT   9152  9154     3  1575  1218    
 1576 WAT   9155  9157     3  1576  1219    
 1577 WAT   9158  9160     3  1577  1220    
 1578 WAT   9161  9163     3  1578  1221    
 1579 WAT   9164  9166     3  1579  1222    
 1580 WAT   9167  9169     3  1580  1223    
 1581 WAT   9170  9172     3  1581  1224    
 1582 WAT   9173  9175     3  1582  1225    
 1583 WAT   9176  9178     3  1583  1226    
 1584 WAT   9179  9181     3  1584  1227    
 1585 WAT   9182  9184     3  1585  1228    
 1586 WAT   9185  9187     3  1586  1229    
 1587 WAT   9188  9190     3  1587  1230    
 1588 WAT   9191  9193     3  1588  1231    
 1589 WAT   9194  9196     3  1589  1232    
 1590 WAT   9197  9199     3  1590  1233    
 1591 WAT   9200  9202     3  1591  1234    
 1592 WAT   9203  9205     3  1592  1235    
 1593 WAT   9206  9208     3  1593  1236    
 1594 WAT   9209  9211     3  1594  1237    
 1595 WAT   9212  9214     3  1595  1238    
 1596 WAT   9215  9217     3  1596  1239    
 1597 WAT   9218  9220     3  1597  1240    
 1598 WAT   9221  9223     3  1598  1241    
 1599 WAT   9224  9226     3  1599  1242    
 1600 WAT   9227  9229     3  1600  1243    
 1601 WAT   9230  9232     3  1601  1244    
 1602 WAT   9233  9235     3  1602  1245    
 1603 WAT   9236  9238     3  1603  1246    
 1604 WAT   9239  9241     3  1604  1247    
 1605 WAT   9242  9244     3  1605  1248    
 1606 WAT   9245  9247     3  1606  1249    
 1607 WAT   9248  9250     3  1607  1250    
 1608 WAT   9251  9253     3  1608  1251    
 1609 WAT   9254  9256     3  1609  1252    
 1610 WAT   9257  9259     3  1610  1253    
 1611 WAT   9260  9262     3  1611  1254    
 1612 WAT   9263  9265     3  1612  1255    
 1613 WAT   9266  9268     3  1613  1256    
 1614 WAT   9269  9271     3  1614  1257    
 1615 WAT   9272  9274     3  1615  1258    
 1616 WAT   9275  9277     3  1616  1259    
 1617 WAT   9278  9280     3  1617  1260    
 1618 WAT   9281  9283     3  1618  1261    
 1619 WAT   9284  9286     3  1619  1262    
 1620 WAT   9287  9289     3  1620  1263    
 1621 WAT   9290  9292     3  1621  1264    
 1622 WAT   9293  9295     3  1622  1265    
 1623 WAT   9296  9298     3  1623  1266    
 1624 WAT   9299  9301     3  1624  1267    
 1625 WAT   9302  9304     3  1625  1268    
 1626 WAT   9305  9307     3  1626  1269    
 1627 WAT   9308  9310     3  1627  1270    
 1628 WAT   9311  9313     3  1628  1271    
 1629 WAT   9314  9316     3  1629  1272    
 1630 WAT   9317  9319     3  1630  1273    
 1631 WAT   9320  9322     3  1631  1274    
 1632 WAT   9323  9325     3  1632  1275    
 1633 WAT   9326  9328     3  1633  1276    
 1634 WAT   9329  9331     3  1634  1277    
 1635 WAT   9332  9334     3  1635  1278    
 1636 WAT   9335  9337     3  1636  1279    
 1637 WAT   9338  9340     3  1637  1280    
 1638 WAT   9341  9343     3  1638  1281    
 1639 WAT   9344  9346     3  1639  1282    
 1640 WAT   9347  9349     3  1640  1283    
 1641 WAT   9350  9352     3  1641  1284    
 1642 WAT   9353  9355     3  1642  1285    
 1643 WAT   9356  9358     3  1643  1286    
 1644 WAT   9359  9361     3  1644  1287    
 1645 WAT   9362  9364     3  1645  1288    
 1646 WAT   9365  9367     3  1646  1289    
 1647 WAT   9368  9370     3  1647  1290    
 1648 WAT   9371  9373     3  1648  1291    
 1649 WAT   9374  9376     3  1649  1292    
 1650 WAT   9377  9379     3  1650  1293    
 1651 WAT   9380  9382     3  1651  1294    
 1652 WAT   9383  9385     3  1652  1295    
 1653 WAT   9386  9388     3  1653  1296    
 1654 WAT   9389  9391     3  1654  1297    
 1655 WAT   9392  9394     3  1655  1298    
 1656 WAT   9395  9397     3  1656  1299    
 1657 WAT   9398  9400     3  1657  1300    
 1658 WAT   9401  9403     3  1658  1301    
 1659 WAT   9404  9406     3  1659  1302    
 1660 WAT   9407  9409     3  1660  1303    
 1661 WAT   9410  9412     3  1661  1304    
 1662 WAT   9413  9415     3  1662  1305    
 1663 WAT   9416  9418     3  1663  1306    
 1664 WAT   9419  9421     3  1664  1307    
 1665 WAT   9422  9424     3  1665  1308    
 1666 WAT   9425  9427     3  1666  1309    
 1667 WAT   9428  9430     3  1667  1310    
 1668 WAT   9431  9433     3  1668  1311    
 1669 WAT   9434  9436     3  1669  1312    
 1670 WAT   9437  9439     3  1670  1313    
 1671 WAT   9440  9442     3  1671  1314    
 1672 WAT   9443  9445     3  1672  1315    
 1673 WAT   9446  9448     3  1673  1316    
 1674 WAT   9449  9451     3  1674  1317    
 1675 WAT   9452  9454     3  1675  1318    
 1676 WAT   9455  9457     3  1676  1319    
 1677 WAT   9458  9460     3  1677  1320    
 1678 WAT   9461  9463     3  1678  1321    
 1679 WAT   9464  9466     3  1679  1322    
 1680 WAT   9467  9469     3  1680  1323    
 1681 WAT   9470  9472     3  1681  1324    
 1682 WAT   9473  9475     3  1682  1325    
 1683 WAT   9476  9478     3  1683  1326    
 1684 WAT   9479  9481     3  1684  1327    
 1685 WAT   9482  9484     3  1685  1328    
 1686 WAT   9485  9487     3  1686  1329    
 1687 WAT   9488  9490     3  1687  1330    
 1688 WAT   9491  9493     3  1688  1331    
 1689 WAT   9494  9496     3  1689  1332    
 1690 WAT   9497  9499     3  1690  1333    
 1691 WAT   9500  9502     3  1691  1334    
 1692 WAT   9503  9505     3  1692  1335    
 1693 WAT   9506  9508     3  1693  1336    
 1694 WAT   9509  9511     3  1694  1337    
 1695 WAT   9512  9514     3  1695  1338    
 1696 WAT   9515  9517     3  1696  1339    
 1697 WAT   9518  9520     3  1697  1340    
 1698 WAT   9521  9523     3  1698  1341    
 1699 WAT   9524  9526     3  1699  1342    
 1700 WAT   9527  9529     3  1700  1343    
 1701 WAT   9530  9532     3  1701  1344    
 1702 WAT   9533  9535     3  1702  1345    
 1703 WAT   9536  9538     3  1703  1346    
 1704 WAT   9539  9541     3  1704  1347    
 1705 WAT   9542  9544     3  1705  1348    
 1706 WAT   9545  9547     3  1706  1349    
 1707 WAT   9548  9550     3  1707  1350    
 1708 WAT   9551  9553     3  1708  1351    
 1709 WAT   9554  9556     3  1709  1352    
 1710 WAT   9557  9559     3  1710  1353    
 1711 WAT   9560  9562     3  1711  1354    
 1712 WAT   9563  9565     3  1712  1355    
 1713 WAT   9566  9568     3  1713  1356    
 1714 WAT   9569  9571     3  1714  1357    
 1715 WAT   9572  9574     3  1715  1358    
 1716 WAT   9575  9577     3  1716  1359    
 1717 WAT   9578  9580     3  1717  1360    
 1718 WAT   9581  9583     3  1718  1361    
 1719 WAT   9584  9586     3  1719  1362    
 1720 WAT   9587  9589     3  1720  1363    
 1721 WAT   9590  9592     3  1721  1364    
 1722 WAT   9593  9595     3  1722  1365    
 1723 WAT   9596  9598     3  1723  1366    
 1724 WAT   9599  9601     3  1724  1367    
 1725 WAT   9602  9604     3  1725  1368    
 1726 WAT   9605  9607     3  1726  1369    
 1727 WAT   9608  9610     3  1727  1370    
 1728 WAT   9611  9613     3  1728  1371    
 1729 WAT   9614  9616     3  1729  1372    
 1730 WAT   9617  9619     3  1730  1373    
 1731 WAT   9620  9622     3  1731  1374    
 1732 WAT   9623  9625     3  1732  1375    
 1733 WAT   9626  9628     3  1733  1376    
 1734 WAT   9629  9631     3  1734  1377    
 1735 WAT   9632  9634     3  1735  1378    
 1736 WAT   9635  9637     3  1736  1379    
 1737 WAT   9638  9640     3  1737  1380    
 1738 WAT   9641  9643     3  1738  1381    
 1739 WAT   9644  9646     3  1739  1382    
 1740 WAT   9647  9649     3  1740  1383    
 1741 WAT   9650  9652     3  1741  1384    
 1742 WAT   9653  9655     3  1742  1385    
 1743 WAT   9656  9658     3  1743  1386    
 1744 WAT   9659  9661     3  1744  1387    
 1745 WAT   9662  9664     3  1745  1388    
 1746 WAT   9665  9667     3  1746  1389    
 1747 WAT   9668  9670     3  1747  1390    
 1748 WAT   9671  9673     3  1748  1391    
 1749 WAT   9674  9676     3  1749  1392    
 1750 WAT   9677  9679     3  1750  1393    
 1751 WAT   9680  9682     3  1751  1394    
 1752 WAT   9683  9685     3  1752  1395    
 1753 WAT   9686  9688     3  1753  1396    
 1754 WAT   9689  9691     3  1754  1397    
 1755 WAT   9692  9694     3  1755  1398    
 1756 WAT   9695  9697     3  1756  1399    
 1757 WAT   9698  9700     3  1757  1400    
 1758 WAT   9701  9703     3  1758  1401    
 1759 WAT   9704  9706     3  1759  1402    
 1760 WAT   9707  9709     3  1760  1403    
 1761 WAT   9710  9712     3  1761  1404    
 1762 WAT   9713  9715     3  1762  1405    
 1763 WAT   9716  9718     3  1763  1406    
 1764 WAT   9719  9721     3  1764  1407    
 1765 WAT   9722  9724     3  1765  1408    
 1766 WAT   9725  9727     3  1766  1409    
 1767 WAT   9728  9730     3  1767  1410    
 1768 WAT   9731  9733     3  1768  1411    
 1769 WAT   9734  9736     3  1769  1412    
 1770 WAT   9737  9739     3  1770  1413    
 1771 WAT   9740  9742     3  1771  1414    
 1772 WAT   9743  9745     3  1772  1415    
 1773 WAT   9746  9748     3  1773  1416    
 1774 WAT   9749  9751     3  1774  1417    
 1775 WAT   9752  9754     3  1775  1418    
 1776 WAT   9755  9757     3  1776  1419    
 1777 WAT   9758  9760     3  1777  1420    
 1778 WAT   9761  9763     3  1778  1421    
 1779 WAT   9764  9766     3  1779  1422    
 1780 WAT   9767  9769     3  1780  1423    
 1781 WAT   9770  9772     3  1781  1424    
 1782 WAT   9773  9775     3  1782  1425    
 1783 WAT   9776  9778     3  1783  1426    
 1784 WAT   9779  9781     3  1784  1427    
 1785 WAT   9782  9784     3  1785  1428    
 1786 WAT   9785  9787     3  1786  1429    
 1787 WAT   9788  9790     3  1787  1430    
 1788 WAT   9791  9793     3  1788  1431    
 1789 WAT   9794  9796     3  1789  1432    
 1790 WAT   9797  9799     3  1790  1433    
 1791 WAT   9800  9802     3  1791  1434    
 1792 WAT   9803  9805     3  1792  1435    
 1793 WAT   9806  9808     3  1793  1436    
 1794 WAT   9809  9811     3  1794  1437    
 1795 WAT   9812  9814     3  1795  1438    
 1796 WAT   9815  9817     3  1796  1439    
 1797 WAT   9818  9820     3  1797  1440    
 1798 WAT   9821  9823     3  1798  1441    
 1799 WAT   9824  9826     3  1799  1442    
 1800 WAT   9827  9829     3  1800  1443    
 1801 WAT   9830  9832     3  1801  1444    
 1802 WAT   9833  9835     3  1802  1445    
 1803 WAT   9836  9838     3  1803  1446    
 1804 WAT   9839  9841     3  1804  1447    
 1805 WAT   9842  9844     3  1805  1448    
 1806 WAT   9845  9847     3  1806  1449    
 1807 WAT   9848  9850     3  1807  1450    
 1808 WAT   9851  9853     3  1808  1451    
 1809 WAT   9854  9856     3  1809  1452    
 1810 WAT   9857  9859     3  1810  1453    
 1811 WAT   9860  9862     3  1811  1454    
 1812 WAT   9863  9865     3  1812  1455    
 1813 WAT   9866  9868     3  1813  1456    
 1814 WAT   9869  9871     3  1814  1457    
 1815 WAT   9872  9874     3  1815  1458    
 1816 WAT   9875  9877     3  1816  1459    
 1817 WAT   9878  9880     3  1817  1460    
 1818 WAT   9881  9883     3  1818  1461    
 1819 WAT   9884  9886     3  1819  1462    
 1820 WAT   9887  9889     3  1820  1463    
 1821 WAT   9890  9892     3  1821  1464    
 1822 WAT   9893  9895     3  1822  1465    
 1823 WAT   9896  9898     3  1823  1466    
 1824 WAT   9899  9901     3  1824  1467    
 1825 WAT   9902  9904     3  1825  1468    
 1826 WAT   9905  9907     3  1826  1469    
 1827 WAT   9908  9910     3  1827  1470    
 1828 WAT   9911  9913     3  1828  1471    
 1829 WAT   9914  9916     3  1829  1472    
 1830 WAT   9917  9919     3  1830  1473    
 1831 WAT   9920  9922     3  1831  1474    
 1832 WAT   9923  9925     3  1832  1475    
 1833 WAT   9926  9928     3  1833  1476    
 1834 WAT   9929  9931     3  1834  1477    
 1835 WAT   9932  9934     3  1835  1478    
 1836 WAT   9935  9937     3  1836  1479    
 1837 WAT   9938  9940     3  1837  1480    
 1838 WAT   9941  9943     3  1838  1481    
 1839 WAT   9944  9946     3  1839  1482    
 1840 WAT   9947  9949     3  1840  1483    
 1841 WAT   9950  9952     3  1841  1484    
 1842 WAT   9953  9955     3  1842  1485    
 1843 WAT   9956  9958     3  1843  1486    
 1844 WAT   9959  9961     3  1844  1487    
 1845 WAT   9962  9964     3  1845  1488    
 1846 WAT   9965  9967     3  1846  1489    
 1847 WAT   9968  9970     3  1847  1490    
 1848 WAT   9971  9973     3  1848  1491    
 1849 WAT   9974  9976     3  1849  1492    
 1850 WAT   9977  9979     3  1850  1493    
 1851 WAT   9980  9982     3  1851  1494    
 1852 WAT   9983  9985     3  1852  1495    
 1853 WAT   9986  9988     3  1853  1496    
 1854 WAT   9989  9991     3  1854  1497    
 1855 WAT   9992  9994     3  1855  1498    
 1856 WAT   9995  9997     3  1856  1499    
 1857 WAT   9998 10000     3  1857  1500    
 1858 WAT  10001 10003     3  1858  1501    
 1859 WAT  10004 10006     3  1859  1502    
 1860 WAT  10007 10009     3  1860  1503    
 1861 WAT  10010 10012     3  1861  1504    
 1862 WAT  10013 10015     3  1862  1505    
 1863 WAT  10016 10018     3  1863  1506    
 1864 WAT  10019 10021     3  1864  1507    
 1865 WAT  10022 10024     3  1865  1508    
 1866 WAT  10025 10027     3  1866  1509    
 1867 WAT  10028 10030     3  1867  1510    
 1868 WAT  10031 10033     3  1868  1511    
 1869 WAT  10034 10036     3  1869  1512    
 1870 WAT  10037 10039     3  1870  1513    
 1871 WAT  10040 10042     3  1871  1514    
 1872 WAT  10043 10045     3  1872  1515    
 1873 WAT  10046 10048     3  1873  1516    
 1874 WAT  10049 10051     3  1874  1517    
 1875 WAT  10052 10054     3  1875  1518    
 1876 WAT  10055 10057     3  1876  1519    
 1877 WAT  10058 10060     3  1877  1520    
 1878 WAT  10061 10063     3  1878  1521    
 1879 WAT  10064 10066     3  1879  1522    
 1880 WAT  10067 10069     3  1880  1523    
 1881 WAT  10070 10072     3  1881  1524    
 1882 WAT  10073 10075     3  1882  1525    
 1883 WAT  10076 10078     3  1883  1526    
 1884 WAT  10079 10081     3  1884  1527    
 1885 WAT  10082 10084     3  1885  1528    
 1886 WAT  10085 10087     3  1886  1529    
 1887 WAT  10088 10090     3  1887  1530    
 1888 WAT  10091 10093     3  1888  1531    
 1889 WAT  10094 10096     3  1889  1532    
 1890 WAT  10097 10099     3  1890  1533    
 1891 WAT  10100 10102     3  1891  1534    
 1892 WAT  10103 10105     3  1892  1535    
 1893 WAT  10106 10108     3  1893  1536    
 1894 WAT  10109 10111     3  1894  1537    
 1895 WAT  10112 10114     3  1895  1538    
 1896 WAT  10115 10117     3  1896  1539    
 1897 WAT  10118 10120     3  1897  1540    
 1898 WAT  10121 10123     3  1898  1541    
 1899 WAT  10124 10126     3  1899  1542    
 1900 WAT  10127 10129     3  1900  1543    
 1901 WAT  10130 10132     3  1901  1544    
 1902 WAT  10133 10135     3  1902  1545    
 1903 WAT  10136 10138     3  1903  1546    
 1904 WAT  10139 10141     3  1904  1547    
 1905 WAT  10142 10144     3  1905  1548    
 1906 WAT  10145 10147     3  1906  1549    
 1907 WAT  10148 10150     3  1907  1550    
 1908 WAT  10151 10153     3  1908  1551    
 1909 WAT  10154 10156     3  1909  1552    
 1910 WAT  10157 10159     3  1910  1553    
 1911 WAT  10160 10162     3  1911  1554    
 1912 WAT  10163 10165     3  1912  1555    
 1913 WAT  10166 10168     3  1913  1556    
 1914 WAT  10169 10171     3  1914  1557    
 1915 WAT  10172 10174     3  1915  1558    
 1916 WAT  10175 10177     3  1916  1559    
 1917 WAT  10178 10180     3  1917  1560    
 1918 WAT  10181 10183     3  1918  1561    
 1919 WAT  10184 10186     3  1919  1562    
 1920 WAT  10187 10189     3  1920  1563    
 1921 WAT  10190 10192     3  1921  1564    
 1922 WAT  10193 10195     3  1922  1565    
 1923 WAT  10196 10198     3  1923  1566    
 1924 WAT  10199 10201     3  1924  1567    
 1925 WAT  10202 10204     3  1925  1568    
 1926 WAT  10205 10207     3  1926  1569    
 1927 WAT  10208 10210     3  1927  1570    
 1928 WAT  10211 10213     3  1928  1571    
 1929 WAT  10214 10216     3  1929  1572    
 1930 WAT  10217 10219     3  1930  1573    
 1931 WAT  10220 10222     3  1931  1574    
 1932 WAT  10223 10225     3  1932  1575    
 1933 WAT  10226 10228     3  1933  1576    
 1934 WAT  10229 10231     3  1934  1577    
 1935 WAT  10232 10234     3  1935  1578    
 1936 WAT  10235 10237     3  1936  1579    
 1937 WAT  10238 10240     3  1937  1580    
 1938 WAT  10241 10243     3  1938  1581    
 1939 WAT  10244 10246     3  1939  1582    
 1940 WAT  10247 10249     3  1940  1583    
 1941 WAT  10250 10252     3  1941  1584    
 1942 WAT  10253 10255     3  1942  1585    
 1943 WAT  10256 10258     3  1943  1586    
 1944 WAT  10259 10261     3  1944  1587    
 1945 WAT  10262 10264     3  1945  1588    
 1946 WAT  10265 10267     3  1946  1589    
 1947 WAT  10268 10270     3  1947  1590    
 1948 WAT  10271 10273     3  1948  1591    
 1949 WAT  10274 10276     3  1949  1592    
 1950 WAT  10277 10279     3  1950  1593    
 1951 WAT  10280 10282     3  1951  1594    
 1952 WAT  10283 10285     3  1952  1595    
 1953 WAT  10286 10288     3  1953  1596    
 1954 WAT  10289 10291     3  1954  1597    
 1955 WAT  10292 10294     3  1955  1598    
 1956 WAT  10295 10297     3  1956  1599    
 1957 WAT  10298 10300     3  1957  1600    
 1958 WAT  10301 10303     3  1958  1601    
 1959 WAT  10304 10306     3  1959  1602    
 1960 WAT  10307 10309     3  1960  1603    
 1961 WAT  10310 10312     3  1961  1604    
 1962 WAT  10313 10315     3  1962  1605    
 1963 WAT  10316 10318     3  1963  1606    
 1964 WAT  10319 10321     3  1964  1607    
 1965 WAT  10322 10324     3  1965  1608    
 1966 WAT  10325 10327     3  1966  1609    
 1967 WAT  10328 10330     3  1967  1610    
 1968 WAT  10331 10333     3  1968  1611    
 1969 WAT  10334 10336     3  1969  1612    
 1970 WAT  10337 10339     3  1970  1613    
 1971 WAT  10340 10342     3  1971  1614    
 1972 WAT  10343 10345     3  1972  1615    
 1973 WAT  10346 10348     3  1973  1616    
 1974 WAT  10349 10351     3  1974  1617    
 1975 WAT  10352 10354     3  1975  1618    
 1976 WAT  10355 10357     3  1976  1619    
 1977 WAT  10358 10360     3  1977  1620    
 1978 WAT  10361 10363     3  1978  1621    
 1979 WAT  10364 10366     3  1979  1622    
 1980 WAT  10367 10369     3  1980  1623    
 1981 WAT  10370 10372     3  1981  1624    
 1982 WAT  10373 10375     3  1982  1625    
 1983 WAT  10376 10378     3  1983  1626    
 1984 WAT  10379 10381     3  1984  1627    
 1985 WAT  10382 10384     3  1985  1628    
 1986 WAT  10385 10387     3  1986  1629    
 1987 WAT  10388 10390     3  1987  1630    
 1988 WAT  10391 10393     3  1988  1631    
 1989 WAT  10394 10396     3  1989  1632    
 1990 WAT  10397 10399     3  1990  1633    
 1991 WAT  10400 10402     3  1991  1634    
 1992 WAT  10403 10405     3  1992  1635    
 1993 WAT  10406 10408     3  1993  1636    
 1994 WAT  10409 10411     3  1994  1637    
 1995 WAT  10412 10414     3  1995  1638    
 1996 WAT  10415 10417     3  1996  1639    
 1997 WAT  10418 10420     3  1997  1640    
 1998 WAT  10421 10423     3  1998  1641    
 1999 WAT  10424 10426     3  1999  1642    
 2000 WAT  10427 10429     3  2000  1643    
 2001 WAT  10430 10432     3  2001  1644    
 2002 WAT  10433 10435     3  2002  1645    
 2003 WAT  10436 10438     3  2003  1646    
 2004 WAT  10439 10441     3  2004  1647    
 2005 WAT  10442 10444     3  2005  1648    
 2006 WAT  10445 10447     3  2006  1649    
 2007 WAT  10448 10450     3  2007  1650    
 2008 WAT  10451 10453     3  2008  1651    
 2009 WAT  10454 10456     3  2009  1652    
 2010 WAT  10457 10459     3  2010  1653    
 2011 WAT  10460 10462     3  2011  1654    
 2012 WAT  10463 10465     3  2012  1655    
 2013 WAT  10466 10468     3  2013  1656    
 2014 WAT  10469 10471     3  2014  1657    
 2015 WAT  10472 10474     3  2015  1658    
 2016 WAT  10475 10477     3  2016  1659    
 2017 WAT  10478 10480     3  2017  1660    
 2018 WAT  10481 10483     3  2018  1661    
 2019 WAT  10484 10486     3  2019  1662    
 2020 WAT  10487 10489     3  2020  1663    
 2021 WAT  10490 10492     3  2021  1664    
 2022 WAT  10493 10495     3  2022  1665    
 2023 WAT  10496 10498     3  2023  1666    
 2024 WAT  10499 10501     3  2024  1667    
 2025 WAT  10502 10504     3  2025  1668    
 2026 WAT  10505 10507     3  2026  1669    
 2027 WAT  10508 10510     3  2027  1670    
 2028 WAT  10511 10513     3  2028  1671    
 2029 WAT  10514 10516     3  2029  1672    
 2030 WAT  10517 10519     3  2030  1673    
 2031 WAT  10520 10522     3  2031  1674    
 2032 WAT  10523 10525     3  2032  1675    
 2033 WAT  10526 10528     3  2033  1676    
 2034 WAT  10529 10531     3  2034  1677    
 2035 WAT  10532 10534     3  2035  1678    
 2036 WAT  10535 10537     3  2036  1679    
 2037 WAT  10538 10540     3  2037  1680    
 2038 WAT  10541 10543     3  2038  1681    
 2039 WAT  10544 10546     3  2039  1682    
 2040 WAT  10547 10549     3  2040  1683    
 2041 WAT  10550 10552     3  2041  1684    
 2042 WAT  10553 10555     3  2042  1685    
 2043 WAT  10556 10558     3  2043  1686    
 2044 WAT  10559 10561     3  2044  1687    
 2045 WAT  10562 10564     3  2045  1688    
 2046 WAT  10565 10567     3  2046  1689    
 2047 WAT  10568 10570     3  2047  1690    
 2048 WAT  10571 10573     3  2048  1691    
 2049 WAT  10574 10576     3  2049  1692    
 2050 WAT  10577 10579     3  2050  1693    
 2051 WAT  10580 10582     3  2051  1694    
 2052 WAT  10583 10585     3  2052  1695    
 2053 WAT  10586 10588     3  2053  1696    
 2054 WAT  10589 10591     3  2054  1697    
 2055 WAT  10592 10594     3  2055  1698    
 2056 WAT  10595 10597     3  2056  1699    
 2057 WAT  10598 10600     3  2057  1700    
 2058 WAT  10601 10603     3  2058  1701    
 2059 WAT  10604 10606     3  2059  1702    
 2060 WAT  10607 10609     3  2060  1703    
 2061 WAT  10610 10612     3  2061  1704    
 2062 WAT  10613 10615     3  2062  1705    
 2063 WAT  10616 10618     3  2063  1706    
 2064 WAT  10619 10621     3  2064  1707    
 2065 WAT  10622 10624     3  2065  1708    
 2066 WAT  10625 10627     3  2066  1709    
 2067 WAT  10628 10630     3  2067  1710    
 2068 WAT  10631 10633     3  2068  1711    
 2069 WAT  10634 10636     3  2069  1712    
 2070 WAT  10637 10639     3  2070  1713    
 2071 WAT  10640 10642     3  2071  1714    
 2072 WAT  10643 10645     3  2072  1715    
 2073 WAT  10646 10648     3  2073  1716    
 2074 WAT  10649 10651     3  2074  1717    
 2075 WAT  10652 10654     3  2075  1718    
 2076 WAT  10655 10657     3  2076  1719    
 2077 WAT  10658 10660     3  2077  1720    
 2078 WAT  10661 10663     3  2078  1721    
 2079 WAT  10664 10666     3  2079  1722    
 2080 WAT  10667 10669     3  2080  1723    
 2081 WAT  10670 10672     3  2081  1724    
 2082 WAT  10673 10675     3  2082  1725    
 2083 WAT  10676 10678     3  2083  1726    
 2084 WAT  10679 10681     3  2084  1727    
 2085 WAT  10682 10684     3  2085  1728    
 2086 WAT  10685 10687     3  2086  1729    
 2087 WAT  10688 10690     3  2087  1730    
 2088 WAT  10691 10693     3  2088  1731    
 2089 WAT  10694 10696     3  2089  1732    
 2090 WAT  10697 10699     3  2090  1733    
 2091 WAT  10700 10702     3  2091  1734    
 2092 WAT  10703 10705     3  2092  1735    
 2093 WAT  10706 10708     3  2093  1736    
 2094 WAT  10709 10711     3  2094  1737    
 2095 WAT  10712 10714     3  2095  1738    
 2096 WAT  10715 10717     3  2096  1739    
 2097 WAT  10718 10720     3  2097  1740    
 2098 WAT  10721 10723     3  2098  1741    
 2099 WAT  10724 10726     3  2099  1742    
 2100 WAT  10727 10729     3  2100  1743    
 2101 WAT  10730 10732     3  2101  1744    
 2102 WAT  10733 10735     3  2102  1745    
 2103 WAT  10736 10738     3  2103  1746    
 2104 WAT  10739 10741     3  2104  1747    
 2105 WAT  10742 10744     3  2105  1748    
 2106 WAT  10745 10747     3  2106  1749    
 2107 WAT  10748 10750     3  2107  1750    
 2108 WAT  10751 10753     3  2108  1751    
 2109 WAT  10754 10756     3  2109  1752    
 2110 WAT  10757 10759     3  2110  1753    
 2111 WAT  10760 10762     3  2111  1754    
 2112 WAT  10763 10765     3  2112  1755    
 2113 WAT  10766 10768     3  2113  1756    
 2114 WAT  10769 10771     3  2114  1757    
 2115 WAT  10772 10774     3  2115  1758    
 2116 WAT  10775 10777     3  2116  1759    
 2117 WAT  10778 10780     3  2117  1760    
 2118 WAT  10781 10783     3  2118  1761    
 2119 WAT  10784 10786     3  2119  1762    
 2120 WAT  10787 10789     3  2120  1763    
 2121 WAT  10790 10792     3  2121  1764    
 2122 WAT  10793 10795     3  2122  1765    
 2123 WAT  10796 10798     3  2123  1766    
 2124 WAT  10799 10801     3  2124  1767    
 2125 WAT  10802 10804     3  2125  1768    
 2126 WAT  10805 10807     3  2126  1769    
 2127 WAT  10808 10810     3  2127  1770    
 2128 WAT  10811 10813     3  2128  1771    
 2129 WAT  10814 10816     3  2129  1772    
 2130 WAT  10817 10819     3  2130  1773    
 2131 WAT  10820 10822     3  2131  1774    
 2132 WAT  10823 10825     3  2132  1775    
 2133 WAT  10826 10828     3  2133  1776    
 2134 WAT  10829 10831     3  2134  1777    
 2135 WAT  10832 10834     3  2135  1778    
 2136 WAT  10835 10837     3  2136  1779    
 2137 WAT  10838 10840     3  2137  1780    
 2138 WAT  10841 10843     3  2138  1781    
 2139 WAT  10844 10846     3  2139  1782    
 2140 WAT  10847 10849     3  2140  1783    
 2141 WAT  10850 10852     3  2141  1784    
 2142 WAT  10853 10855     3  2142  1785    
 2143 WAT  10856 10858     3  2143  1786    
 2144 WAT  10859 10861     3  2144  1787    
 2145 WAT  10862 10864     3  2145  1788    
 2146 WAT  10865 10867     3  2146  1789    
 2147 WAT  10868 10870     3  2147  1790    
 2148 WAT  10871 10873     3  2148  1791    
 2149 WAT  10874 10876     3  2149  1792    
 2150 WAT  10877 10879     3  2150  1793    
 2151 WAT  10880 10882     3  2151  1794    
 2152 WAT  10883 10885     3  2152  1795    
 2153 WAT  10886 10888     3  2153  1796    
 2154 WAT  10889 10891     3  2154  1797    
 2155 WAT  10892 10894     3  2155  1798    
 2156 WAT  10895 10897     3  2156  1799    
 2157 WAT  10898 10900     3  2157  1800    
 2158 WAT  10901 10903     3  2158  1801    
 2159 WAT  10904 10906     3  2159  1802    
 2160 WAT  10907 10909     3  2160  1803    
 2161 WAT  10910 10912     3  2161  1804    
 2162 WAT  10913 10915     3  2162  1805    
 2163 WAT  10916 10918     3  2163  1806    
 2164 WAT  10919 10921     3  2164  1807    
 2165 WAT  10922 10924     3  2165  1808    
 2166 WAT  10925 10927     3  2166  1809    
 2167 WAT  10928 10930     3  2167  1810    
 2168 WAT  10931 10933     3  2168  1811    
 2169 WAT  10934 10936     3  2169  1812    
 2170 WAT  10937 10939     3  2170  1813    
 2171 WAT  10940 10942     3  2171  1814    
 2172 WAT  10943 10945     3  2172  1815    
 2173 WAT  10946 10948     3  2173  1816    
 2174 WAT  10949 10951     3  2174  1817    
 2175 WAT  10952 10954     3  2175  1818    
 2176 WAT  10955 10957     3  2176  1819    
 2177 WAT  10958 10960     3  2177  1820    
 2178 WAT  10961 10963     3  2178  1821    
 2179 WAT  10964 10966     3  2179  1822    
 2180 WAT  10967 10969     3  2180  1823    
 2181 WAT  10970 10972     3  2181  1824    
 2182 WAT  10973 10975     3  2182  1825    
 2183 WAT  10976 10978     3  2183  1826    
 2184 WAT  10979 10981     3  2184  1827    
 2185 WAT  10982 10984     3  2185  1828    
 2186 WAT  10985 10987     3  2186  1829    
 2187 WAT  10988 10990     3  2187  1830    
 2188 WAT  10991 10993     3  2188  1831    
 2189 WAT  10994 10996     3  2189  1832    
 2190 WAT  10997 10999     3  2190  1833    
 2191 WAT  11000 11002     3  2191  1834    
 2192 WAT  11003 11005     3  2192  1835    
 2193 WAT  11006 11008     3  2193  1836    
 2194 WAT  11009 11011     3  2194  1837    
 2195 WAT  11012 11014     3  2195  1838    
 2196 WAT  11015 11017     3  2196  1839    
 2197 WAT  11018 11020     3  2197  1840    
 2198 WAT  11021 11023     3  2198  1841    
 2199 WAT  11024 11026     3  2199  1842    
 2200 WAT  11027 11029     3  2200  1843    
 2201 WAT  11030 11032     3  2201  1844    
 2202 WAT  11033 11035     3  2202  1845    
 2203 WAT  11036 11038     3  2203  1846    
 2204 WAT  11039 11041     3  2204  1847    
 2205 WAT  11042 11044     3  2205  1848    
 2206 WAT  11045 11047     3  2206  1849    
 2207 WAT  11048 11050     3  2207  1850    
 2208 WAT  11051 11053     3  2208  1851    
 2209 WAT  11054 11056     3  2209  1852    
 2210 WAT  11057 11059     3  2210  1853    
 2211 WAT  11060 11062     3  2211  1854    
 2212 WAT  11063 11065     3  2212  1855    
 2213 WAT  11066 11068     3  2213  1856    
 2214 WAT  11069 11071     3  2214  1857    
 2215 WAT  11072 11074     3  2215  1858    
 2216 WAT  11075 11077     3  2216  1859    
 2217 WAT  11078 11080     3  2217  1860    
 2218 WAT  11081 11083     3  2218  1861    
 2219 WAT  11084 11086     3  2219  1862    
 2220 WAT  11087 11089     3  2220  1863    
 2221 WAT  11090 11092     3  2221  1864    
 2222 WAT  11093 11095     3  2222  1865    
 2223 WAT  11096 11098     3  2223  1866    
 2224 WAT  11099 11101     3  2224  1867    
 2225 WAT  11102 11104     3  2225  1868    
 2226 WAT  11105 11107     3  2226  1869    
 2227 WAT  11108 11110     3  2227  1870    
 2228 WAT  11111 11113     3  2228  1871    
 2229 WAT  11114 11116     3  2229  1872    
 2230 WAT  11117 11119     3  2230  1873    
 2231 WAT  11120 11122     3  2231  1874    
 2232 WAT  11123 11125     3  2232  1875    
 2233 WAT  11126 11128     3  2233  1876    
 2234 WAT  11129 11131     3  2234  1877    
 2235 WAT  11132 11134     3  2235  1878    
 2236 WAT  11135 11137     3  2236  1879    
 2237 WAT  11138 11140     3  2237  1880    
 2238 WAT  11141 11143     3  2238  1881    
 2239 WAT  11144 11146     3  2239  1882    
 2240 WAT  11147 11149     3  2240  1883    
 2241 WAT  11150 11152     3  2241  1884    
 2242 WAT  11153 11155     3  2242  1885    
 2243 WAT  11156 11158     3  2243  1886    
 2244 WAT  11159 11161     3  2244  1887    
 2245 WAT  11162 11164     3  2245  1888    
 2246 WAT  11165 11167     3  2246  1889    
 2247 WAT  11168 11170     3  2247  1890    
 2248 WAT  11171 11173     3  2248  1891    
 2249 WAT  11174 11176     3  2249  1892    
 2250 WAT  11177 11179     3  2250  1893    
 2251 WAT  11180 11182     3  2251  1894    
 2252 WAT  11183 11185     3  2252  1895    
 2253 WAT  11186 11188     3  2253  1896    
 2254 WAT  11189 11191     3  2254  1897    
 2255 WAT  11192 11194     3  2255  1898    
 2256 WAT  11195 11197     3  2256  1899    
 2257 WAT  11198 11200     3  2257  1900    
 2258 WAT  11201 11203     3  2258  1901    
 2259 WAT  11204 11206     3  2259  1902    
 2260 WAT  11207 11209     3  2260  1903    
 2261 WAT  11210 11212     3  2261  1904    
 2262 WAT  11213 11215     3  2262  1905    
 2263 WAT  11216 11218     3  2263  1906    
 2264 WAT  11219 11221     3  2264  1907    
 2265 WAT  11222 11224     3  2265  1908    
 2266 WAT  11225 11227     3  2266  1909    
 2267 WAT  11228 11230     3  2267  1910    
 2268 WAT  11231 11233     3  2268  1911    
 2269 WAT  11234 11236     3  2269  1912    
 2270 WAT  11237 11239     3  2270  1913    
 2271 WAT  11240 11242     3  2271  1914    
 2272 WAT  11243 11245     3  2272  1915    
 2273 WAT  11246 11248     3  2273  1916    
 2274 WAT  11249 11251     3  2274  1917    
 2275 WAT  11252 11254     3  2275  1918    
 2276 WAT  11255 11257     3  2276  1919    
 2277 WAT  11258 11260     3  2277  1920    
 2278 WAT  11261 11263     3  2278  1921    
 2279 WAT  11264 11266     3  2279  1922    
 2280 WAT  11267 11269     3  2280  1923    
 2281 WAT  11270 11272     3  2281  1924    
 2282 WAT  11273 11275     3  2282  1925    
 2283 WAT  11276 11278     3  2283  1926    
 2284 WAT  11279 11281     3  2284  1927    
 2285 WAT  11282 11284     3  2285  1928    
 2286 WAT  11285 11287     3  2286  1929    
 2287 WAT  11288 11290     3  2287  1930    
 2288 WAT  11291 11293     3  2288  1931    
 2289 WAT  11294 11296     3  2289  1932    
 2290 WAT  11297 11299     3  2290  1933    
 2291 WAT  11300 11302     3  2291  1934    
 2292 WAT  11303 11305     3  2292  1935    
 2293 WAT  11306 11308     3  2293  1936    
 2294 WAT  11309 11311     3  2294  1937    
 2295 WAT  11312 11314     3  2295  1938    
 2296 WAT  11315 11317     3  2296  1939    
 2297 WAT  11318 11320     3  2297  1940    
 2298 WAT  11321 11323     3  2298  1941    
 2299 WAT  11324 11326     3  2299  1942    
 2300 WAT  11327 11329     3  2300  1943    
 2301 WAT  11330 11332     3  2301  1944    
 2302 WAT  11333 11335     3  2302  1945    
 2303 WAT  11336 11338     3  2303  1946    
 2304 WAT  11339 11341     3  2304  1947    
 2305 WAT  11342 11344     3  2305  1948    
 2306 WAT  11345 11347     3  2306  1949    
 2307 WAT  11348 11350     3  2307  1950    
 2308 WAT  11351 11353     3  2308  1951    
 2309 WAT  11354 11356     3  2309  1952    
 2310 WAT  11357 11359     3  2310  1953    
 2311 WAT  11360 11362     3  2311  1954    
 2312 WAT  11363 11365     3  2312  1955    
 2313 WAT  11366 11368     3  2313  1956    
 2314 WAT  11369 11371     3  2314  1957    
 2315 WAT  11372 11374     3  2315  1958    
 2316 WAT  11375 11377     3  2316  1959    
 2317 WAT  11378 11380     3  2317  1960    
 2318 WAT  11381 11383     3  2318  1961    
 2319 WAT  11384 11386     3  2319  1962    
 2320 WAT  11387 11389     3  2320  1963    
 2321 WAT  11390 11392     3  2321  1964    
 2322 WAT  11393 11395     3  2322  1965    
 2323 WAT  11396 11398     3  2323  1966    
 2324 WAT  11399 11401     3  2324  1967    
 2325 WAT  11402 11404     3  2325  1968    
 2326 WAT  11405 11407     3  2326  1969    
 2327 WAT  11408 11410     3  2327  1970    
 2328 WAT  11411 11413     3  2328  1971    
 2329 WAT  11414 11416     3  2329  1972    
 2330 WAT  11417 11419     3  2330  1973    
 2331 WAT  11420 11422     3  2331  1974    
 2332 WAT  11423 11425     3  2332  1975    
 2333 WAT  11426 11428     3  2333  1976    
 2334 WAT  11429 11431     3  2334  1977    
 2335 WAT  11432 11434     3  2335  1978    
 2336 WAT  11435 11437     3  2336  1979    
 2337 WAT  11438 11440     3  2337  1980    
 2338 WAT  11441 11443     3  2338  1981    
 2339 WAT  11444 11446     3  2339  1982    
 2340 WAT  11447 11449     3  2340  1983    
 2341 WAT  11450 11452     3  2341  1984    
 2342 WAT  11453 11455     3  2342  1985    
 2343 WAT  11456 11458     3  2343  1986    
 2344 WAT  11459 11461     3  2344  1987    
 2345 WAT  11462 11464     3  2345  1988    
 2346 WAT  11465 11467     3  2346  1989    
 2347 WAT  11468 11470     3  2347  1990    
 2348 WAT  11471 11473     3  2348  1991    
 2349 WAT  11474 11476     3  2349  1992    
 2350 WAT  11477 11479     3  2350  1993    
 2351 WAT  11480 11482     3  2351  1994    
 2352 WAT  11483 11485     3  2352  1995    
 2353 WAT  11486 11488     3  2353  1996    
 2354 WAT  11489 11491     3  2354  1997    
 2355 WAT  11492 11494     3  2355  1998    
 2356 WAT  11495 11497     3  2356  1999    
 2357 WAT  11498 11500     3  2357  2000    
 2358 WAT  11501 11503     3  2358  2001    
 2359 WAT  11504 11506     3  2359  2002    
 2360 WAT  11507 11509     3  2360  2003    
 2361 WAT  11510 11512     3  2361  2004    
 2362 WAT  11513 11515     3  2362  2005    
 2363 WAT  11516 11518     3  2363  2006    
 2364 WAT  11519 11521     3  2364  2007    
 2365 WAT  11522 11524     3  2365  2008    
 2366 WAT  11525 11527     3  2366  2009    
 2367 WAT  11528 11530     3  2367  2010    
 2368 WAT  11531 11533     3  2368  2011    
 2369 WAT  11534 11536     3  2369  2012    
 2370 WAT  11537 11539     3  2370  2013    
 2371 WAT  11540 11542     3  2371  2014    
 2372 WAT  11543 11545     3  2372  2015    
 2373 WAT  11546 11548     3  2373  2016    
 2374 WAT  11549 11551     3  2374  2017    
 2375 WAT  11552 11554     3  2375  2018    
 2376 WAT  11555 11557     3  2376  2019    
 2377 WAT  11558 11560     3  2377  2020    
 2378 WAT  11561 11563     3  2378  2021    
 2379 WAT  11564 11566     3  2379  2022    
 2380 WAT  11567 11569     3  2380  2023    
 2381 WAT  11570 11572     3  2381  2024    
 2382 WAT  11573 11575     3  2382  2025    
 2383 WAT  11576 11578     3  2383  2026    
 2384 WAT  11579 11581     3  2384  2027    
 2385 WAT  11582 11584     3  2385  2028    
 2386 WAT  11585 11587     3  2386  2029    
 2387 WAT  11588 11590     3  2387  2030    
 2388 WAT  11591 11593     3  2388  2031    
 2389 WAT  11594 11596     3  2389  2032    
 2390 WAT  11597 11599     3  2390  2033    
 2391 WAT  11600 11602     3  2391  2034    
 2392 WAT  11603 11605     3  2392  2035    
 2393 WAT  11606 11608     3  2393  2036    
 2394 WAT  11609 11611     3  2394  2037    
 2395 WAT  11612 11614     3  2395  2038    
 2396 WAT  11615 11617     3  2396  2039    
 2397 WAT  11618 11620     3  2397  2040    
 2398 WAT  11621 11623     3  2398  2041    
 2399 WAT  11624 11626     3  2399  2042    
 2400 WAT  11627 11629     3  2400  2043    
 2401 WAT  11630 11632     3  2401  2044    
 2402 WAT  11633 11635     3  2402  2045    
 2403 WAT  11636 11638     3  2403  2046    
 2404 WAT  11639 11641     3  2404  2047    
 2405 WAT  11642 11644     3  2405  2048    
 2406 WAT  11645 11647     3  2406  2049    
 2407 WAT  11648 11650     3  2407  2050    
 2408 WAT  11651 11653     3  2408  2051    
 2409 WAT  11654 11656     3  2409  2052    
 2410 WAT  11657 11659     3  2410  2053    
 2411 WAT  11660 11662     3  2411  2054    
 2412 WAT  11663 11665     3  2412  2055    
 2413 WAT  11666 11668     3  2413  2056    
 2414 WAT  11669 11671     3  2414  2057    
 2415 WAT  11672 11674     3  2415  2058    
 2416 WAT  11675 11677     3  2416  2059    
 2417 WAT  11678 11680     3  2417  2060    
 2418 WAT  11681 11683     3  2418  2061    
 2419 WAT  11684 11686     3  2419  2062    
 2420 WAT  11687 11689     3  2420  2063    
 2421 WAT  11690 11692     3  2421  2064    
 2422 WAT  11693 11695     3  2422  2065    
 2423 WAT  11696 11698     3  2423  2066    
 2424 WAT  11699 11701     3  2424  2067    
 2425 WAT  11702 11704     3  2425  2068    
 2426 WAT  11705 11707     3  2426  2069    
 2427 WAT  11708 11710     3  2427  2070    
 2428 WAT  11711 11713     3  2428  2071    
 2429 WAT  11714 11716     3  2429  2072    
 2430 WAT  11717 11719     3  2430  2073    
 2431 WAT  11720 11722     3  2431  2074    
 2432 WAT  11723 11725     3  2432  2075    
 2433 WAT  11726 11728     3  2433  2076    
 2434 WAT  11729 11731     3  2434  2077    
 2435 WAT  11732 11734     3  2435  2078    
 2436 WAT  11735 11737     3  2436  2079    
 2437 WAT  11738 11740     3  2437  2080    
 2438 WAT  11741 11743     3  2438  2081    
 2439 WAT  11744 11746     3  2439  2082    
 2440 WAT  11747 11749     3  2440  2083    
 2441 WAT  11750 11752     3  2441  2084    
 2442 WAT  11753 11755     3  2442  2085    
 2443 WAT  11756 11758     3  2443  2086    
 2444 WAT  11759 11761     3  2444  2087    
 2445 WAT  11762 11764     3  2445  2088    
 2446 WAT  11765 11767     3  2446  2089    
 2447 WAT  11768 11770     3  2447  2090    
 2448 WAT  11771 11773     3  2448  2091    
 2449 WAT  11774 11776     3  2449  2092    
 2450 WAT  11777 11779     3  2450  2093    
 2451 WAT  11780 11782     3  2451  2094    
 2452 WAT  11783 11785     3  2452  2095    
 2453 WAT  11786 11788     3  2453  2096    
 2454 WAT  11789 11791     3  2454  2097    
 2455 WAT  11792 11794     3  2455  2098    
 2456 WAT  11795 11797     3  2456  2099    
 2457 WAT  11798 11800     3  2457  2100    
 2458 WAT  11801 11803     3  2458  2101    
 2459 WAT  11804 11806     3  2459  2102    
 2460 WAT  11807 11809     3  2460  2103    
 2461 WAT  11810 11812     3  2461  2104    
 2462 WAT  11813 11815     3  2462  2105    
 2463 WAT  11816 11818     3  2463  2106    
 2464 WAT  11819 11821     3  2464  2107    
 2465 WAT  11822 11824     3  2465  2108    
 2466 WAT  11825 11827     3  2466  2109    
 2467 WAT  11828 11830     3  2467  2110    
 2468 WAT  11831 11833     3  2468  2111    
 2469 WAT  11834 11836     3  2469  2112    
 2470 WAT  11837 11839     3  2470  2113    
 2471 WAT  11840 11842     3  2471  2114    
 2472 WAT  11843 11845     3  2472  2115    
 2473 WAT  11846 11848     3  2473  2116    
 2474 WAT  11849 11851     3  2474  2117    
 2475 WAT  11852 11854     3  2475  2118    
 2476 WAT  11855 11857     3  2476  2119    
 2477 WAT  11858 11860     3  2477  2120    
 2478 WAT  11861 11863     3  2478  2121    
 2479 WAT  11864 11866     3  2479  2122    
 2480 WAT  11867 11869     3  2480  2123    
 2481 WAT  11870 11872     3  2481  2124    
 2482 WAT  11873 11875     3  2482  2125    
 2483 WAT  11876 11878     3  2483  2126    
 2484 WAT  11879 11881     3  2484  2127    
 2485 WAT  11882 11884     3  2485  2128    
 2486 WAT  11885 11887     3  2486  2129    
 2487 WAT  11888 11890     3  2487  2130    
 2488 WAT  11891 11893     3  2488  2131    
 2489 WAT  11894 11896     3  2489  2132    
 2490 WAT  11897 11899     3  2490  2133    
 2491 WAT  11900 11902     3  2491  2134    
 2492 WAT  11903 11905     3  2492  2135    
 2493 WAT  11906 11908     3  2493  2136    
 2494 WAT  11909 11911     3  2494  2137    
 2495 WAT  11912 11914     3  2495  2138    
 2496 WAT  11915 11917     3  2496  2139    
 2497 WAT  11918 11920     3  2497  2140    
 2498 WAT  11921 11923     3  2498  2141    
 2499 WAT  11924 11926     3  2499  2142    
 2500 WAT  11927 11929     3  2500  2143    
 2501 WAT  11930 11932     3  2501  2144    
 2502 WAT  11933 11935     3  2502  2145    
 2503 WAT  11936 11938     3  2503  2146    
 2504 WAT  11939 11941     3  2504  2147    
 2505 WAT  11942 11944     3  2505  2148    
 2506 WAT  11945 11947     3  2506  2149    
 2507 WAT  11948 11950     3  2507  2150    
 2508 WAT  11951 11953     3  2508  2151    
 2509 WAT  11954 11956     3  2509  2152    
 2510 WAT  11957 11959     3  2510  2153    
 2511 WAT  11960 11962     3  2511  2154    
 2512 WAT  11963 11965     3  2512  2155    
 2513 WAT  11966 11968     3  2513  2156    
 2514 WAT  11969 11971     3  2514  2157    
 2515 WAT  11972 11974     3  2515  2158    
 2516 WAT  11975 11977     3  2516  2159    
 2517 WAT  11978 11980     3  2517  2160    
 2518 WAT  11981 11983     3  2518  2161    
 2519 WAT  11984 11986     3  2519  2162    
 2520 WAT  11987 11989     3  2520  2163    
 2521 WAT  11990 11992     3  2521  2164    
 2522 WAT  11993 11995     3  2522  2165    
 2523 WAT  11996 11998     3  2523  2166    
 2524 WAT  11999 12001     3  2524  2167    
 2525 WAT  12002 12004     3  2525  2168    
 2526 WAT  12005 12007     3  2526  2169    
 2527 WAT  12008 12010     3  2527  2170    
 2528 WAT  12011 12013     3  2528  2171    
 2529 WAT  12014 12016     3  2529  2172    
 2530 WAT  12017 12019     3  2530  2173    
 2531 WAT  12020 12022     3  2531  2174    
 2532 WAT  12023 12025     3  2532  2175    
 2533 WAT  12026 12028     3  2533  2176    
 2534 WAT  12029 12031     3  2534  2177    
 2535 WAT  12032 12034     3  2535  2178    
 2536 WAT  12035 12037     3  2536  2179    
 2537 WAT  12038 12040     3  2537  2180    
 2538 WAT  12041 12043     3  2538  2181    
 2539 WAT  12044 12046     3  2539  2182    
 2540 WAT  12047 12049     3  2540  2183    
 2541 WAT  12050 12052     3  2541  2184    
 2542 WAT  12053 12055     3  2542  2185    
 2543 WAT  12056 12058     3  2543  2186    
 2544 WAT  12059 12061     3  2544  2187    
 2545 WAT  12062 12064     3  2545  2188    
 2546 WAT  12065 12067     3  2546  2189    
 2547 WAT  12068 12070     3  2547  2190    
 2548 WAT  12071 12073     3  2548  2191    
 2549 WAT  12074 12076     3  2549  2192    
 2550 WAT  12077 12079     3  2550  2193    
 2551 WAT  12080 12082     3  2551  2194    
 2552 WAT  12083 12085     3  2552  2195    
 2553 WAT  12086 12088     3  2553  2196    
 2554 WAT  12089 12091     3  2554  2197    
 2555 WAT  12092 12094     3  2555  2198    
 2556 WAT  12095 12097     3  2556  2199    
 2557 WAT  12098 12100     3  2557  2200    
 2558 WAT  12101 12103     3  2558  2201    
 2559 WAT  12104 12106     3  2559  2202    
 2560 WAT  12107 12109     3  2560  2203    
 2561 WAT  12110 12112     3  2561  2204    
 2562 WAT  12113 12115     3  2562  2205    
 2563 WAT  12116 12118     3  2563  2206    
 2564 WAT  12119 12121     3  2564  2207    
 2565 WAT  12122 12124     3  2565  2208    
 2566 WAT  12125 12127     3  2566  2209    
 2567 WAT  12128 12130     3  2567  2210    
 2568 WAT  12131 12133     3  2568  2211    
 2569 WAT  12134 12136     3  2569  2212    
 2570 WAT  12137 12139     3  2570  2213    
 2571 WAT  12140 12142     3  2571  2214    
 2572 WAT  12143 12145     3  2572  2215    
 2573 WAT  12146 12148     3  2573  2216    
 2574 WAT  12149 12151     3  2574  2217    
 2575 WAT  12152 12154     3  2575  2218    
 2576 WAT  12155 12157     3  2576  2219    
 2577 WAT  12158 12160     3  2577  2220    
 2578 WAT  12161 12163     3  2578  2221    
 2579 WAT  12164 12166     3  2579  2222    
 2580 WAT  12167 12169     3  2580  2223    
 2581 WAT  12170 12172     3  2581  2224    
 2582 WAT  12173 12175     3  2582  2225    
 2583 WAT  12176 12178     3  2583  2226    
 2584 WAT  12179 12181     3  2584  2227    
 2585 WAT  12182 12184     3  2585  2228    
 2586 WAT  12185 12187     3  2586  2229    
 2587 WAT  12188 12190     3  2587  2230    
 2588 WAT  12191 12193     3  2588  2231    
 2589 WAT  12194 12196     3  2589  2232    
 2590 WAT  12197 12199     3  2590  2233    
 2591 WAT  12200 12202     3  2591  2234    
 2592 WAT  12203 12205     3  2592  2235    
 2593 WAT  12206 12208     3  2593  2236    
 2594 WAT  12209 12211     3  2594  2237    
 2595 WAT  12212 12214     3  2595  2238    
 2596 WAT  12215 12217     3  2596  2239    
 2597 WAT  12218 12220     3  2597  2240    
 2598 WAT  12221 12223     3  2598  2241    
 2599 WAT  12224 12226     3  2599  2242    
 2600 WAT  12227 12229     3  2600  2243    
 2601 WAT  12230 12232     3  2601  2244    
 2602 WAT  12233 12235     3  2602  2245    
 2603 WAT  12236 12238     3  2603  2246    
 2604 WAT  12239 12241     3  2604  2247    
 2605 WAT  12242 12244     3  2605  2248    
 2606 WAT  12245 12247     3  2606  2249    
 2607 WAT  12248 12250     3  2607  2250    
 2608 WAT  12251 12253     3  2608  2251    
 2609 WAT  12254 12256     3  2609  2252    
 2610 WAT  12257 12259     3  2610  2253    
 2611 WAT  12260 12262     3  2611  2254    
 2612 WAT  12263 12265     3  2612  2255    
 2613 WAT  12266 12268     3  2613  2256    
 2614 WAT  12269 12271     3  2614  2257    
 2615 WAT  12272 12274     3  2615  2258    
 2616 WAT  12275 12277     3  2616  2259    
 2617 WAT  12278 12280     3  2617  2260    
 2618 WAT  12281 12283     3  2618  2261    
 2619 WAT  12284 12286     3  2619  2262    
 2620 WAT  12287 12289     3  2620  2263    
 2621 WAT  12290 12292     3  2621  2264    
 2622 WAT  12293 12295     3  2622  2265    
 2623 WAT  12296 12298     3  2623  2266    
 2624 WAT  12299 12301     3  2624  2267    
 2625 WAT  12302 12304     3  2625  2268    
 2626 WAT  12305 12307     3  2626  2269    
 2627 WAT  12308 12310     3  2627  2270    
 2628 WAT  12311 12313     3  2628  2271    
 2629 WAT  12314 12316     3  2629  2272    
 2630 WAT  12317 12319     3  2630  2273    
 2631 WAT  12320 12322     3  2631  2274    
 2632 WAT  12323 12325     3  2632  2275    
 2633 WAT  12326 12328     3  2633  2276    
 2634 WAT  12329 12331     3  2634  2277    
 2635 WAT  12332 12334     3  2635  2278    
 2636 WAT  12335 12337     3  2636  2279    
 2637 WAT  12338 12340     3  2637  2280    
 2638 WAT  12341 12343     3  2638  2281    
 2639 WAT  12344 12346     3  2639  2282    
 2640 WAT  12347 12349     3  2640  2283    
 2641 WAT  12350 12352     3  2641  2284    
 2642 WAT  12353 12355     3  2642  2285    
 2643 WAT  12356 12358     3  2643  2286    
 2644 WAT  12359 12361     3  2644  2287    
 2645 WAT  12362 12364     3  2645  2288    
 2646 WAT  12365 12367     3  2646  2289    
 2647 WAT  12368 12370     3  2647  2290    
 2648 WAT  12371 12373     3  2648  2291    
 2649 WAT  12374 12376     3  2649  2292    
 2650 WAT  12377 12379     3  2650  2293    
 2651 WAT  12380 12382     3  2651  2294    
 2652 WAT  12383 12385     3  2652  2295    
 2653 WAT  12386 12388     3  2653  2296    
 2654 WAT  12389 12391     3  2654  2297    
 2655 WAT  12392 12394     3  2655  2298    
 2656 WAT  12395 12397     3  2656  2299    
 2657 WAT  12398 12400     3  2657  2300    
 2658 WAT  12401 12403     3  2658  2301    
 2659 WAT  12404 12406     3  2659  2302    
 2660 WAT  12407 12409     3  2660  2303    
 2661 WAT  12410 12412     3  2661  2304    
 2662 WAT  12413 12415     3  2662  2305    
 2663 WAT  12416 12418     3  2663  2306    
 2664 WAT  12419 12421     3  2664  2307    
 2665 WAT  12422 12424     3  2665  2308    
 2666 WAT  12425 12427     3  2666  2309    
 2667 WAT  12428 12430     3  2667  2310    
 2668 WAT  12431 12433     3  2668  2311    
 2669 WAT  12434 12436     3  2669  2312    
 2670 WAT  12437 12439     3  2670  2313    
 2671 WAT  12440 12442     3  2671  2314    
 2672 WAT  12443 12445     3  2672  2315    
 2673 WAT  12446 12448     3  2673  2316    
 2674 WAT  12449 12451     3  2674  2317    
 2675 WAT  12452 12454     3  2675  2318    
 2676 WAT  12455 12457     3  2676  2319    
 2677 WAT  12458 12460     3  2677  2320    
 2678 WAT  12461 12463     3  2678  2321    
 2679 WAT  12464 12466     3  2679  2322    
 2680 WAT  12467 12469     3  2680  2323    
 2681 WAT  12470 12472     3  2681  2324    
 2682 WAT  12473 12475     3  2682  2325    
 2683 WAT  12476 12478     3  2683  2326    
 2684 WAT  12479 12481     3  2684  2327    
 2685 WAT  12482 12484     3  2685  2328    
 2686 WAT  12485 12487     3  2686  2329    
 2687 WAT  12488 12490     3  2687  2330    
 2688 WAT  12491 12493     3  2688  2331    
 2689 WAT  12494 12496     3  2689  2332    
 2690 WAT  12497 12499     3  2690  2333    
 2691 WAT  12500 12502     3  2691  2334    
 2692 WAT  12503 12505     3  2692  2335    
 2693 WAT  12506 12508     3  2693  2336    
 2694 WAT  12509 12511     3  2694  2337    
 2695 WAT  12512 12514     3  2695  2338    
 2696 WAT  12515 12517     3  2696  2339    
 2697 WAT  12518 12520     3  2697  2340    
 2698 WAT  12521 12523     3  2698  2341    
 2699 WAT  12524 12526     3  2699  2342    
 2700 WAT  12527 12529     3  2700  2343    
 2701 WAT  12530 12532     3  2701  2344    
 2702 WAT  12533 12535     3  2702  2345    
 2703 WAT  12536 12538     3  2703  2346    
 2704 WAT  12539 12541     3  2704  2347    
 2705 WAT  12542 12544     3  2705  2348    
 2706 WAT  12545 12547     3  2706  2349    
 2707 WAT  12548 12550     3  2707  2350    
 2708 WAT  12551 12553     3  2708  2351    
 2709 WAT  12554 12556     3  2709  2352    
 2710 WAT  12557 12559     3  2710  2353    
 2711 WAT  12560 12562     3  2711  2354    
 2712 WAT  12563 12565     3  2712  2355    
 2713 WAT  12566 12568     3  2713  2356    
 2714 WAT  12569 12571     3  2714  2357    
 2715 WAT  12572 12574     3  2715  2358    
 2716 WAT  12575 12577     3  2716  2359    
 2717 WAT  12578 12580     3  2717  2360    
 2718 WAT  12581 12583     3  2718  2361    
 2719 WAT  12584 12586     3  2719  2362    
 2720 WAT  12587 12589     3  2720  2363    
 2721 WAT  12590 12592     3  2721  2364    
 2722 WAT  12593 12595     3  2722  2365    
 2723 WAT  12596 12598     3  2723  2366    
 2724 WAT  12599 12601     3  2724  2367    
 2725 WAT  12602 12604     3  2725  2368    
 2726 WAT  12605 12607     3  2726  2369    
 2727 WAT  12608 12610     3  2727  2370    
 2728 WAT  12611 12613     3  2728  2371    
 2729 WAT  12614 12616     3  2729  2372    
 2730 WAT  12617 12619     3  2730  2373    
 2731 WAT  12620 12622     3  2731  2374    
 2732 WAT  12623 12625     3  2732  2375    
 2733 WAT  12626 12628     3  2733  2376    
 2734 WAT  12629 12631     3  2734  2377    
 2735 WAT  12632 12634     3  2735  2378    
 2736 WAT  12635 12637     3  2736  2379    
 2737 WAT  12638 12640     3  2737  2380    
 2738 WAT  12641 12643     3  2738  2381    
 2739 WAT  12644 12646     3  2739  2382    
 2740 WAT  12647 12649     3  2740  2383    
 2741 WAT  12650 12652     3  2741  2384    
 2742 WAT  12653 12655     3  2742  2385    
 2743 WAT  12656 12658     3  2743  2386    
 2744 WAT  12659 12661     3  2744  2387    
 2745 WAT  12662 12664     3  2745  2388    
 2746 WAT  12665 12667     3  2746  2389    
 2747 WAT  12668 12670     3  2747  2390    
 2748 WAT  12671 12673     3  2748  2391    
 2749 WAT  12674 12676     3  2749  2392    
 2750 WAT  12677 12679     3  2750  2393    
 2751 WAT  12680 12682     3  2751  2394    
 2752 WAT  12683 12685     3  2752  2395    
 2753 WAT  12686 12688     3  2753  2396    
 2754 WAT  12689 12691     3  2754  2397    
 2755 WAT  12692 12694     3  2755  2398    
 2756 WAT  12695 12697     3  2756  2399    
 2757 WAT  12698 12700     3  2757  2400    
 2758 WAT  12701 12703     3  2758  2401    
 2759 WAT  12704 12706     3  2759  2402    
 2760 WAT  12707 12709     3  2760  2403    
 2761 WAT  12710 12712     3  2761  2404    
 2762 WAT  12713 12715     3  2762  2405    
 2763 WAT  12716 12718     3  2763  2406    
 2764 WAT  12719 12721     3  2764  2407    
 2765 WAT  12722 12724     3  2765  2408    
 2766 WAT  12725 12727     3  2766  2409    
 2767 WAT  12728 12730     3  2767  2410    
 2768 WAT  12731 12733     3  2768  2411    
 2769 WAT  12734 12736     3  2769  2412    
 2770 WAT  12737 12739     3  2770  2413    
 2771 WAT  12740 12742     3  2771  2414    
 2772 WAT  12743 12745     3  2772  2415    
 2773 WAT  12746 12748     3  2773  2416    
 2774 WAT  12749 12751     3  2774  2417    
 2775 WAT  12752 12754     3  2775  2418    
 2776 WAT  12755 12757     3  2776  2419    
 2777 WAT  12758 12760     3  2777  2420    
 2778 WAT  12761 12763     3  2778  2421    
 2779 WAT  12764 12766     3  2779  2422    
 2780 WAT  12767 12769     3  2780  2423    
 2781 WAT  12770 12772     3  2781  2424    
 2782 WAT  12773 12775     3  2782  2425    
 2783 WAT  12776 12778     3  2783  2426    
 2784 WAT  12779 12781     3  2784  2427    
 2785 WAT  12782 12784     3  2785  2428    
 2786 WAT  12785 12787     3  2786  2429    
 2787 WAT  12788 12790     3  2787  2430    
 2788 WAT  12791 12793     3  2788  2431    
 2789 WAT  12794 12796     3  2789  2432    
 2790 WAT  12797 12799     3  2790  2433    
 2791 WAT  12800 12802     3  2791  2434    
 2792 WAT  12803 12805     3  2792  2435    
 2793 WAT  12806 12808     3  2793  2436    
 2794 WAT  12809 12811     3  2794  2437    
 2795 WAT  12812 12814     3  2795  2438    
 2796 WAT  12815 12817     3  2796  2439    
 2797 WAT  12818 12820     3  2797  2440    
 2798 WAT  12821 12823     3  2798  2441    
 2799 WAT  12824 12826     3  2799  2442    
 2800 WAT  12827 12829     3  2800  2443    
 2801 WAT  12830 12832     3  2801  2444    
 2802 WAT  12833 12835     3  2802  2445    
 2803 WAT  12836 12838     3  2803  2446    
 2804 WAT  12839 12841     3  2804  2447    
 2805 WAT  12842 12844     3  2805  2448    
 2806 WAT  12845 12847     3  2806  2449    
 2807 WAT  12848 12850     3  2807  2450    
 2808 WAT  12851 12853     3  2808  2451    
 2809 WAT  12854 12856     3  2809  2452    
 2810 WAT  12857 12859     3  2810  2453    
 2811 WAT  12860 12862     3  2811  2454    
 2812 WAT  12863 12865     3  2812  2455    
 2813 WAT  12866 12868     3  2813  2456    
 2814 WAT  12869 12871     3  2814  2457    
 2815 WAT  12872 12874     3  2815  2458    
 2816 WAT  12875 12877     3  2816  2459    
 2817 WAT  12878 12880     3  2817  2460    
 2818 WAT  12881 12883     3  2818  2461    
 2819 WAT  12884 12886     3  2819  2462    
 2820 WAT  12887 12889     3  2820  2463    
 2821 WAT  12890 12892     3  2821  2464    
 2822 WAT  12893 12895     3  2822  2465    
 2823 WAT  12896 12898     3  2823  2466    
 2824 WAT  12899 12901     3  2824  2467    
 2825 WAT  12902 12904     3  2825  2468    
 2826 WAT  12905 12907     3  2826  2469    
 2827 WAT  12908 12910     3  2827  2470    
 2828 WAT  12911 12913     3  2828  2471    
 2829 WAT  12914 12916     3  2829  2472    
 2830 WAT  12917 12919     3  2830  2473    
 2831 WAT  12920 12922     3  2831  2474    
 2832 WAT  12923 12925     3  2832  2475    
 2833 WAT  12926 12928     3  2833  2476    
 2834 WAT  12929 12931     3  2834  2477    
 2835 WAT  12932 12934     3  2835  2478    
 2836 WAT  12935 12937     3  2836  2479    
 2837 WAT  12938 12940     3  2837  2480    
 2838 WAT  12941 12943     3  2838  2481    
 2839 WAT  12944 12946     3  2839  2482    
 2840 WAT  12947 12949     3  2840  2483    
 2841 WAT  12950 12952     3  2841  2484    
 2842 WAT  12953 12955     3  2842  2485    
 2843 WAT  12956 12958     3  2843  2486    
 2844 WAT  12959 12961     3  2844  2487    
 2845 WAT  12962 12964     3  2845  2488    
 2846 WAT  12965 12967     3  2846  2489    
 2847 WAT  12968 12970     3  2847  2490    
 2848 WAT  12971 12973     3  2848  2491    
 2849 WAT  12974 12976     3  2849  2492    
 2850 WAT  12977 12979     3  2850  2493    
 2851 WAT  12980 12982     3  2851  2494    
 2852 WAT  12983 12985     3  2852  2495    
 2853 WAT  12986 12988     3  2853  2496    
 2854 WAT  12989 12991     3  2854  2497    
 2855 WAT  12992 12994     3  2855  2498    
 2856 WAT  12995 12997     3  2856  2499    
 2857 WAT  12998 13000     3  2857  2500    
 2858 WAT  13001 13003     3  2858  2501    
 2859 WAT  13004 13006     3  2859  2502    
 2860 WAT  13007 13009     3  2860  2503    
 2861 WAT  13010 13012     3  2861  2504    
 2862 WAT  13013 13015     3  2862  2505    
 2863 WAT  13016 13018     3  2863  2506    
 2864 WAT  13019 13021     3  2864  2507    
 2865 WAT  13022 13024     3  2865  2508    
 2866 WAT  13025 13027     3  2866  2509    
 2867 WAT  13028 13030     3  2867  2510    
 2868 WAT  13031 13033     3  2868  2511    
 2869 WAT  13034 13036     3  2869  2512    
 2870 WAT  13037 13039     3  2870  2513    
 2871 WAT  13040 13042     3  2871  2514    
 2872 WAT  13043 13045     3  2872  2515    
 2873 WAT  13046 13048     3  2873  2516    
 2874 WAT  13049 13051     3  2874  2517    
 2875 WAT  13052 13054     3  2875  2518    
 2876 WAT  13055 13057     3  2876  2519    
 2877 WAT  13058 13060     3  2877  2520    
 2878 WAT  13061 13063     3  2878  2521    
 2879 WAT  13064 13066     3  2879  2522    
 2880 WAT  13067 13069     3  2880  2523    
 2881 WAT  13070 13072     3  2881  2524    
 2882 WAT  13073 13075     3  2882  2525    
 2883 WAT  13076 13078     3  2883  2526    
 2884 WAT  13079 13081     3  2884  2527    
 2885 WAT  13082 13084     3  2885  2528    
 2886 WAT  13085 13087     3  2886  2529    
 2887 WAT  13088 13090     3  2887  2530    
 2888 WAT  13091 13093     3  2888  2531    
 2889 WAT  13094 13096     3  2889  2532    
 2890 WAT  13097 13099     3  2890  2533    
 2891 WAT  13100 13102     3  2891  2534    
 2892 WAT  13103 13105     3  2892  2535    
 2893 WAT  13106 13108     3  2893  2536    
 2894 WAT  13109 13111     3  2894  2537    
 2895 WAT  13112 13114     3  2895  2538    
 2896 WAT  13115 13117     3  2896  2539    
 2897 WAT  13118 13120     3  2897  2540    
 2898 WAT  13121 13123     3  2898  2541    
 2899 WAT  13124 13126     3  2899  2542    
 2900 WAT  13127 13129     3  2900  2543    
 2901 WAT  13130 13132     3  2901  2544    
 2902 WAT  13133 13135     3  2902  2545    
 2903 WAT  13136 13138     3  2903  2546    
 2904 WAT  13139 13141     3  2904  2547    
 2905 WAT  13142 13144     3  2905  2548    
 2906 WAT  13145 13147     3  2906  2549    
 2907 WAT  13148 13150     3  2907  2550    
 2908 WAT  13151 13153     3  2908  2551    
 2909 WAT  13154 13156     3  2909  2552    
 2910 WAT  13157 13159     3  2910  2553    
 2911 WAT  13160 13162     3  2911  2554    
 2912 WAT  13163 13165     3  2912  2555    
 2913 WAT  13166 13168     3  2913  2556    
 2914 WAT  13169 13171     3  2914  2557    
 2915 WAT  13172 13174     3  2915  2558    
 2916 WAT  13175 13177     3  2916  2559    
 2917 WAT  13178 13180     3  2917  2560    
 2918 WAT  13181 13183     3  2918  2561    
 2919 WAT  13184 13186     3  2919  2562    
 2920 WAT  13187 13189     3  2920  2563    
 2921 WAT  13190 13192     3  2921  2564    
 2922 WAT  13193 13195     3  2922  2565    
 2923 WAT  13196 13198     3  2923  2566    
 2924 WAT  13199 13201     3  2924  2567    
 2925 WAT  13202 13204     3  2925  2568    
 2926 WAT  13205 13207     3  2926  2569    
 2927 WAT  13208 13210     3  2927  2570    
 2928 WAT  13211 13213     3  2928  2571    
 2929 WAT  13214 13216     3  2929  2572    
 2930 WAT  13217 13219     3  2930  2573    
 2931 WAT  13220 13222     3  2931  2574    
 2932 WAT  13223 13225     3  2932  2575    
 2933 WAT  13226 13228     3  2933  2576    
 2934 WAT  13229 13231     3  2934  2577    
 2935 WAT  13232 13234     3  2935  2578    
 2936 WAT  13235 13237     3  2936  2579    
 2937 WAT  13238 13240     3  2937  2580    
 2938 WAT  13241 13243     3  2938  2581    
 2939 WAT  13244 13246     3  2939  2582    
 2940 WAT  13247 13249     3  2940  2583    
 2941 WAT  13250 13252     3  2941  2584    
 2942 WAT  13253 13255     3  2942  2585    
 2943 WAT  13256 13258     3  2943  2586    
 2944 WAT  13259 13261     3  2944  2587    
 2945 WAT  13262 13264     3  2945  2588    
 2946 WAT  13265 13267     3  2946  2589    
 2947 WAT  13268 13270     3  2947  2590    
 2948 WAT  13271 13273     3  2948  2591    
 2949 WAT  13274 13276     3  2949  2592    
 2950 WAT  13277 13279     3  2950  2593    
 2951 WAT  13280 13282     3  2951  2594    
 2952 WAT  13283 13285     3  2952  2595    
 2953 WAT  13286 13288     3  2953  2596    
 2954 WAT  13289 13291     3  2954  2597    
 2955 WAT  13292 13294     3  2955  2598    
 2956 WAT  13295 13297     3  2956  2599    
 2957 WAT  13298 13300     3  2957  2600    
 2958 WAT  13301 13303     3  2958  2601    
 2959 WAT  13304 13306     3  2959  2602    
 2960 WAT  13307 13309     3  2960  2603    
 2961 WAT  13310 13312     3  2961  2604    
 2962 WAT  13313 13315     3  2962  2605    
 2963 WAT  13316 13318     3  2963  2606    
 2964 WAT  13319 13321     3  2964  2607    
 2965 WAT  13322 13324     3  2965  2608    
 2966 WAT  13325 13327     3  2966  2609    
 2967 WAT  13328 13330     3  2967  2610    
 2968 WAT  13331 13333     3  2968  2611    
 2969 WAT  13334 13336     3  2969  2612    
 2970 WAT  13337 13339     3  2970  2613    
 2971 WAT  13340 13342     3  2971  2614    
 2972 WAT  13343 13345     3  2972  2615    
 2973 WAT  13346 13348     3  2973  2616    
 2974 WAT  13349 13351     3  2974  2617    
 2975 WAT  13352 13354     3  2975  2618    
 2976 WAT  13355 13357     3  2976  2619    
 2977 WAT  13358 13360     3  2977  2620    
 2978 WAT  13361 13363     3  2978  2621    
 2979 WAT  13364 13366     3  2979  2622    
 2980 WAT  13367 13369     3  2980  2623    
 2981 WAT  13370 13372     3  2981  2624    
 2982 WAT  13373 13375     3  2982  2625    
 2983 WAT  13376 13378     3  2983  2626    
 2984 WAT  13379 13381     3  2984  2627    
 2985 WAT  13382 13384     3  2985  2628    
 2986 WAT  13385 13387     3  2986  2629    
 2987 WAT  13388 13390     3  2987  2630    
 2988 WAT  13391 13393     3  2988  2631    
 2989 WAT  13394 13396     3  2989  2632    
 2990 WAT  13397 13399     3  2990  2633    
 2991 WAT  13400 13402     3  2991  2634    
 2992 WAT  13403 13405     3  2992  2635    
 2993 WAT  13406 13408     3  2993  2636    
 2994 WAT  13409 13411     3  2994  2637    
 2995 WAT  13412 13414     3  2995  2638    
 2996 WAT  13415 13417     3  2996  2639    
 2997 WAT  13418 13420     3  2997  2640    
 2998 WAT  13421 13423     3  2998  2641    
 2999 WAT  13424 13426     3  2999  2642    
 3000 WAT  13427 13429     3  3000  2643    
 3001 WAT  13430 13432     3  3001  2644    
 3002 WAT  13433 13435     3  3002  2645    
 3003 WAT  13436 13438     3  3003  2646    
 3004 WAT  13439 13441     3  3004  2647    
 3005 WAT  13442 13444     3  3005  2648    
 3006 WAT  13445 13447     3  3006  2649    
 3007 WAT  13448 13450     3  3007  2650    
 3008 WAT  13451 13453     3  3008  2651    
 3009 WAT  13454 13456     3  3009  2652    
 3010 WAT  13457 13459     3  3010  2653    
 3011 WAT  13460 13462     3  3011  2654    
 3012 WAT  13463 13465     3  3012  2655    
 3013 WAT  13466 13468     3  3013  2656    
 3014 WAT  13469 13471     3  3014  2657    
 3015 WAT  13472 13474     3  3015  2658    
 3016 WAT  13475 13477     3  3016  2659    
 3017 WAT  13478 13480     3  3017  2660    
 3018 WAT  13481 13483     3  3018  2661    
 3019 WAT  13484 13486     3  3019  2662    
 3020 WAT  13487 13489     3  3020  2663    
 3021 WAT  13490 13492     3  3021  2664    
 3022 WAT  13493 13495     3  3022  2665    
 3023 WAT  13496 13498     3  3023  2666    
 3024 WAT  13499 13501     3  3024  2667    
 3025 WAT  13502 13504     3  3025  2668    
 3026 WAT  13505 13507     3  3026  2669    
 3027 WAT  13508 13510     3  3027  2670    
 3028 WAT  13511 13513     3  3028  2671    
 3029 WAT  13514 13516     3  3029  2672    
 3030 WAT  13517 13519     3  3030  2673    
 3031 WAT  13520 13522     3  3031  2674    
 3032 WAT  13523 13525     3  3032  2675    
 3033 WAT  13526 13528     3  3033  2676    
 3034 WAT  13529 13531     3  3034  2677    
 3035 WAT  13532 13534     3  3035  2678    
 3036 WAT  13535 13537     3  3036  2679    
 3037 WAT  13538 13540     3  3037  2680    
 3038 WAT  13541 13543     3  3038  2681    
 3039 WAT  13544 13546     3  3039  2682    
 3040 WAT  13547 13549     3  3040  2683    
 3041 WAT  13550 13552     3  3041  2684    
 3042 WAT  13553 13555     3  3042  2685    
 3043 WAT  13556 13558     3  3043  2686    
 3044 WAT  13559 13561     3  3044  2687    
 3045 WAT  13562 13564     3  3045  2688    
 3046 WAT  13565 13567     3  3046  2689    
 3047 WAT  13568 13570     3  3047  2690    
 3048 WAT  13571 13573     3  3048  2691    
 3049 WAT  13574 13576     3  3049  2692    
 3050 WAT  13577 13579     3  3050  2693    
 3051 WAT  13580 13582     3  3051  2694    
 3052 WAT  13583 13585     3  3052  2695    
 3053 WAT  13586 13588     3  3053  2696    
 3054 WAT  13589 13591     3  3054  2697    
 3055 WAT  13592 13594     3  3055  2698    
 3056 WAT  13595 13597     3  3056  2699    
 3057 WAT  13598 13600     3  3057  2700    
 3058 WAT  13601 13603     3  3058  2701    
 3059 WAT  13604 13606     3  3059  2702    
 3060 WAT  13607 13609     3  3060  2703    
 3061 WAT  13610 13612     3  3061  2704    
 3062 WAT  13613 13615     3  3062  2705    
 3063 WAT  13616 13618     3  3063  2706    
 3064 WAT  13619 13621     3  3064  2707    
 3065 WAT  13622 13624     3  3065  2708    
 3066 WAT  13625 13627     3  3066  2709    
 3067 WAT  13628 13630     3  3067  2710    
 3068 WAT  13631 13633     3  3068  2711    
 3069 WAT  13634 13636     3  3069  2712    
 3070 WAT  13637 13639     3  3070  2713    
 3071 WAT  13640 13642     3  3071  2714    
 3072 WAT  13643 13645     3  3072  2715    
 3073 WAT  13646 13648     3  3073  2716    
 3074 WAT  13649 13651     3  3074  2717    
 3075 WAT  13652 13654     3  3075  2718    
 3076 WAT  13655 13657     3  3076  2719    
 3077 WAT  13658 13660     3  3077  2720    
 3078 WAT  13661 13663     3  3078  2721    
 3079 WAT  13664 13666     3  3079  2722    
 3080 WAT  13667 13669     3  3080  2723    
 3081 WAT  13670 13672     3  3081  2724    
 3082 WAT  13673 13675     3  3082  2725    
 3083 WAT  13676 13678     3  3083  2726    
 3084 WAT  13679 13681     3  3084  2727    
 3085 WAT  13682 13684     3  3085  2728    
 3086 WAT  13685 13687     3  3086  2729    
 3087 WAT  13688 13690     3  3087  2730    
 3088 WAT  13691 13693     3  3088  2731    
 3089 WAT  13694 13696     3  3089  2732    
 3090 WAT  13697 13699     3  3090  2733    
 3091 WAT  13700 13702     3  3091  2734    
 3092 WAT  13703 13705     3  3092  2735    
 3093 WAT  13706 13708     3  3093  2736    
 3094 WAT  13709 13711     3  3094  2737    
 3095 WAT  13712 13714     3  3095  2738    
 3096 WAT  13715 13717     3  3096  2739    
 3097 WAT  13718 13720     3  3097  2740    
 3098 WAT  13721 13723     3  3098  2741    
 3099 WAT  13724 13726     3  3099  2742    
 3100 WAT  13727 13729     3  3100  2743    
 3101 WAT  13730 13732     3  3101  2744    
 3102 WAT  13733 13735     3  3102  2745    
 3103 WAT  13736 13738     3  3103  2746    
 3104 WAT  13739 13741     3  3104  2747    
 3105 WAT  13742 13744     3  3105  2748    
 3106 WAT  13745 13747     3  3106  2749    
 3107 WAT  13748 13750     3  3107  2750    
 3108 WAT  13751 13753     3  3108  2751    
 3109 WAT  13754 13756     3  3109  2752    
 3110 WAT  13757 13759     3  3110  2753    
 3111 WAT  13760 13762     3  3111  2754    
 3112 WAT  13763 13765     3  3112  2755    
 3113 WAT  13766 13768     3  3113  2756    
 3114 WAT  13769 13771     3  3114  2757    
 3115 WAT  13772 13774     3  3115  2758    
 3116 WAT  13775 13777     3  3116  2759    
 3117 WAT  13778 13780     3  3117  2760    
 3118 WAT  13781 13783     3  3118  2761    
 3119 WAT  13784 13786     3  3119  2762    
 3120 WAT  13787 13789     3  3120  2763    
 3121 WAT  13790 13792     3  3121  2764    
 3122 WAT  13793 13795     3  3122  2765    
 3123 WAT  13796 13798     3  3123  2766    
 3124 WAT  13799 13801     3  3124  2767    
 3125 WAT  13802 13804     3  3125  2768    
 3126 WAT  13805 13807     3  3126  2769    
 3127 WAT  13808 13810     3  3127  2770    
 3128 WAT  13811 13813     3  3128  2771    
 3129 WAT  13814 13816     3  3129  2772    
 3130 WAT  13817 13819     3  3130  2773    
 3131 WAT  13820 13822     3  3131  2774    
 3132 WAT  13823 13825     3  3132  2775    
 3133 WAT  13826 13828     3  3133  2776    
 3134 WAT  13829 13831     3  3134  2777    
 3135 WAT  13832 13834     3  3135  2778    
 3136 WAT  13835 13837     3  3136  2779    
 3137 WAT  13838 13840     3  3137  2780    
 3138 WAT  13841 13843     3  3138  2781    
 3139 WAT  13844 13846     3  3139  2782    
 3140 WAT  13847 13849     3  3140  2783    
 3141 WAT  13850 13852     3  3141  2784    
 3142 WAT  13853 13855     3  3142  2785    
 3143 WAT  13856 13858     3  3143  2786    
 3144 WAT  13859 13861     3  3144  2787    
 3145 WAT  13862 13864     3  3145  2788    
 3146 WAT  13865 13867     3  3146  2789    
 3147 WAT  13868 13870     3  3147  2790    
 3148 WAT  13871 13873     3  3148  2791    
 3149 WAT  13874 13876     3  3149  2792    
 3150 WAT  13877 13879     3  3150  2793    
 3151 WAT  13880 13882     3  3151  2794    
 3152 WAT  13883 13885     3  3152  2795    
 3153 WAT  13886 13888     3  3153  2796    
 3154 WAT  13889 13891     3  3154  2797    
 3155 WAT  13892 13894     3  3155  2798    
 3156 WAT  13895 13897     3  3156  2799    
 3157 WAT  13898 13900     3  3157  2800    
 3158 WAT  13901 13903     3  3158  2801    
 3159 WAT  13904 13906     3  3159  2802    
 3160 WAT  13907 13909     3  3160  2803    
 3161 WAT  13910 13912     3  3161  2804    
 3162 WAT  13913 13915     3  3162  2805    
 3163 WAT  13916 13918     3  3163  2806    
 3164 WAT  13919 13921     3  3164  2807    
 3165 WAT  13922 13924     3  3165  2808    
 3166 WAT  13925 13927     3  3166  2809    
 3167 WAT  13928 13930     3  3167  2810    
 3168 WAT  13931 13933     3  3168  2811    
 3169 WAT  13934 13936     3  3169  2812    
 3170 WAT  13937 13939     3  3170  2813    
 3171 WAT  13940 13942     3  3171  2814    
 3172 WAT  13943 13945     3  3172  2815    
 3173 WAT  13946 13948     3  3173  2816    
 3174 WAT  13949 13951     3  3174  2817    
 3175 WAT  13952 13954     3  3175  2818    
 3176 WAT  13955 13957     3  3176  2819    
 3177 WAT  13958 13960     3  3177  2820    
 3178 WAT  13961 13963     3  3178  2821    
 3179 WAT  13964 13966     3  3179  2822    
 3180 WAT  13967 13969     3  3180  2823    
 3181 WAT  13970 13972     3  3181  2824    
 3182 WAT  13973 13975     3  3182  2825    
 3183 WAT  13976 13978     3  3183  2826    
 3184 WAT  13979 13981     3  3184  2827    
 3185 WAT  13982 13984     3  3185  2828    
 3186 WAT  13985 13987     3  3186  2829    
 3187 WAT  13988 13990     3  3187  2830    
 3188 WAT  13991 13993     3  3188  2831    
 3189 WAT  13994 13996     3  3189  2832    
 3190 WAT  13997 13999     3  3190  2833    
 3191 WAT  14000 14002     3  3191  2834    
 3192 WAT  14003 14005     3  3192  2835    
 3193 WAT  14006 14008     3  3193  2836    
 3194 WAT  14009 14011     3  3194  2837    
 3195 WAT  14012 14014     3  3195  2838    
 3196 WAT  14015 14017     3  3196  2839    
 3197 WAT  14018 14020     3  3197  2840    
 3198 WAT  14021 14023     3  3198  2841    
 3199 WAT  14024 14026     3  3199  2842    
 3200 WAT  14027 14029     3  3200  2843    
 3201 WAT  14030 14032     3  3201  2844    
 3202 WAT  14033 14035     3  3202  2845    
 3203 WAT  14036 14038     3  3203  2846    
 3204 WAT  14039 14041     3  3204  2847    
 3205 WAT  14042 14044     3  3205  2848    
 3206 WAT  14045 14047     3  3206  2849    
 3207 WAT  14048 14050     3  3207  2850    
 3208 WAT  14051 14053     3  3208  2851    
 3209 WAT  14054 14056     3  3209  2852    
 3210 WAT  14057 14059     3  3210  2853    
 3211 WAT  14060 14062     3  3211  2854    
 3212 WAT  14063 14065     3  3212  2855    
 3213 WAT  14066 14068     3  3213  2856    
 3214 WAT  14069 14071     3  3214  2857    
 3215 WAT  14072 14074     3  3215  2858    
 3216 WAT  14075 14077     3  3216  2859    
 3217 WAT  14078 14080     3  3217  2860    
 3218 WAT  14081 14083     3  3218  2861    
 3219 WAT  14084 14086     3  3219  2862    
 3220 WAT  14087 14089     3  3220  2863    
 3221 WAT  14090 14092     3  3221  2864    
 3222 WAT  14093 14095     3  3222  2865    
 3223 WAT  14096 14098     3  3223  2866    
 3224 WAT  14099 14101     3  3224  2867    
 3225 WAT  14102 14104     3  3225  2868    
 3226 WAT  14105 14107     3  3226  2869    
 3227 WAT  14108 14110     3  3227  2870    
 3228 WAT  14111 14113     3  3228  2871    
 3229 WAT  14114 14116     3  3229  2872    
 3230 WAT  14117 14119     3  3230  2873    
 3231 WAT  14120 14122     3  3231  2874    
 3232 WAT  14123 14125     3  3232  2875    
 3233 WAT  14126 14128     3  3233  2876    
 3234 WAT  14129 14131     3  3234  2877    
 3235 WAT  14132 14134     3  3235  2878    
 3236 WAT  14135 14137     3  3236  2879    
 3237 WAT  14138 14140     3  3237  2880    
 3238 WAT  14141 14143     3  3238  2881    
 3239 WAT  14144 14146     3  3239  2882    
 3240 WAT  14147 14149     3  3240  2883    
 3241 WAT  14150 14152     3  3241  2884    
 3242 WAT  14153 14155     3  3242  2885    
 3243 WAT  14156 14158     3  3243  2886    
 3244 WAT  14159 14161     3  3244  2887    
 3245 WAT  14162 14164     3  3245  2888    
 3246 WAT  14165 14167     3  3246  2889    
 3247 WAT  14168 14170     3  3247  2890    
 3248 WAT  14171 14173     3  3248  2891    
 3249 WAT  14174 14176     3  3249  2892    
 3250 WAT  14177 14179     3  3250  2893    
 3251 WAT  14180 14182     3  3251  2894    
 3252 WAT  14183 14185     3  3252  2895    
 3253 WAT  14186 14188     3  3253  2896    
 3254 WAT  14189 14191     3  3254  2897    
 3255 WAT  14192 14194     3  3255  2898    
 3256 WAT  14195 14197     3  3256  2899    
 3257 WAT  14198 14200     3  3257  2900    
 3258 WAT  14201 14203     3  3258  2901    
 3259 WAT  14204 14206     3  3259  2902    
 3260 WAT  14207 14209     3  3260  2903    
 3261 WAT  14210 14212     3  3261  2904    
 3262 WAT  14213 14215     3  3262  2905    
 3263 WAT  14216 14218     3  3263  2906    
 3264 WAT  14219 14221     3  3264  2907    
 3265 WAT  14222 14224     3  3265  2908    
 3266 WAT  14225 14227     3  3266  2909    
 3267 WAT  14228 14230     3  3267  2910    
 3268 WAT  14231 14233     3  3268  2911    
 3269 WAT  14234 14236     3  3269  2912    
 3270 WAT  14237 14239     3  3270  2913    
 3271 WAT  14240 14242     3  3271  2914    
 3272 WAT  14243 14245     3  3272  2915    
 3273 WAT  14246 14248     3  3273  2916    
 3274 WAT  14249 14251     3  3274  2917    
 3275 WAT  14252 14254     3  3275  2918    
 3276 WAT  14255 14257     3  3276  2919    
 3277 WAT  14258 14260     3  3277  2920    
 3278 WAT  14261 14263     3  3278  2921    
 3279 WAT  14264 14266     3  3279  2922    
 3280 WAT  14267 14269     3  3280  2923    
 3281 WAT  14270 14272     3  3281  2924    
 3282 WAT  14273 14275     3  3282  2925    
 3283 WAT  14276 14278     3  3283  2926    
 3284 WAT  14279 14281     3  3284  2927    
 3285 WAT  14282 14284     3  3285  2928    
 3286 WAT  14285 14287     3  3286  2929    
 3287 WAT  14288 14290     3  3287  2930    
 3288 WAT  14291 14293     3  3288  2931    
 3289 WAT  14294 14296     3  3289  2932    
 3290 WAT  14297 14299     3  3290  2933    
 3291 WAT  14300 14302     3  3291  2934    
 3292 WAT  14303 14305     3  3292  2935    
 3293 WAT  14306 14308     3  3293  2936    
 3294 WAT  14309 14311     3  3294  2937    
 3295 WAT  14312 14314     3  3295  2938    
 3296 WAT  14315 14317     3  3296  2939    
 3297 WAT  14318 14320     3  3297  2940    
 3298 WAT  14321 14323     3  3298  2941    
 3299 WAT  14324 14326     3  3299  2942    
 3300 WAT  14327 14329     3  3300  2943    
 3301 WAT  14330 14332     3  3301  2944    
 3302 WAT  14333 14335     3  3302  2945    
 3303 WAT  14336 14338     3  3303  2946    
 3304 WAT  14339 14341     3  3304  2947    
 3305 WAT  14342 14344     3  3305  2948    
 3306 WAT  14345 14347     3  3306  2949    
 3307 WAT  14348 14350     3  3307  2950    
 3308 WAT  14351 14353     3  3308  2951    
 3309 WAT  14354 14356     3  3309  2952    
 3310 WAT  14357 14359     3  3310  2953    
 3311 WAT  14360 14362     3  3311  2954    
 3312 WAT  14363 14365     3  3312  2955    
 3313 WAT  14366 14368     3  3313  2956    
 3314 WAT  14369 14371     3  3314  2957    
 3315 WAT  14372 14374     3  3315  2958    
 3316 WAT  14375 14377     3  3316  2959    
 3317 WAT  14378 14380     3  3317  2960    
 3318 WAT  14381 14383     3  3318  2961    
 3319 WAT  14384 14386     3  3319  2962    
 3320 WAT  14387 14389     3  3320  2963    
 3321 WAT  14390 14392     3  3321  2964    
 3322 WAT  14393 14395     3  3322  2965    
 3323 WAT  14396 14398     3  3323  2966    
 3324 WAT  14399 14401     3  3324  2967    
 3325 WAT  14402 14404     3  3325  2968    
 3326 WAT  14405 14407     3  3326  2969    
 3327 WAT  14408 14410     3  3327  2970    
 3328 WAT  14411 14413     3  3328  2971    
 3329 WAT  14414 14416     3  3329  2972    
 3330 WAT  14417 14419     3  3330  2973    
 3331 WAT  14420 14422     3  3331  2974    
 3332 WAT  14423 14425     3  3332  2975    
 3333 WAT  14426 14428     3  3333  2976    
 3334 WAT  14429 14431     3  3334  2977    
 3335 WAT  14432 14434     3  3335  2978    
 3336 WAT  14435 14437     3  3336  2979    
 3337 WAT  14438 14440     3  3337  2980    
 3338 WAT  14441 14443     3  3338  2981    
 3339 WAT  14444 14446     3  3339  2982    
 3340 WAT  14447 14449     3  3340  2983    
 3341 WAT  14450 14452     3  3341  2984    
 3342 WAT  14453 14455     3  3342  2985    
 3343 WAT  14456 14458     3  3343  2986    
 3344 WAT  14459 14461     3  3344  2987    
 3345 WAT  14462 14464     3  3345  2988    
 3346 WAT  14465 14467     3  3346  2989    
 3347 WAT  14468 14470     3  3347  2990    
 3348 WAT  14471 14473     3  3348  2991    
 3349 WAT  14474 14476     3  3349  2992    
 3350 WAT  14477 14479     3  3350  2993    
 3351 WAT  14480 14482     3  3351  2994    
 3352 WAT  14483 14485     3  3352  2995    
 3353 WAT  14486 14488     3  3353  2996    
 3354 WAT  14489 14491     3  3354  2997    
 3355 WAT  14492 14494     3  3355  2998    
 3356 WAT  14495 14497     3  3356  2999    
 3357 WAT  14498 14500     3  3357  3000    
 3358 WAT  14501 14503     3  3358  3001    
 3359 WAT  14504 14506     3  3359  3002    
 3360 WAT  14507 14509     3  3360  3003    
 3361 WAT  14510 14512     3  3361  3004    
 3362 WAT  14513 14515     3  3362  3005    
 3363 WAT  14516 14518     3  3363  3006    
 3364 WAT  14519 14521     3  3364  3007    
 3365 WAT  14522 14524     3  3365  3008    
 3366 WAT  14525 14527     3  3366  3009    
 3367 WAT  14528 14530     3  3367  3010    
 3368 WAT  14531 14533     3  3368  3011    
 3369 WAT  14534 14536     3  3369  3012    
 3370 WAT  14537 14539     3  3370  3013    
 3371 WAT  14540 14542     3  3371  3014    
 3372 WAT  14543 14545     3  3372  3015    
 3373 WAT  14546 14548     3  3373  3016    
 3374 WAT  14549 14551     3  3374  3017    
 3375 WAT  14552 14554     3  3375  3018    
 3376 WAT  14555 14557     3  3376  3019    
 3377 WAT  14558 14560     3  3377  3020    
 3378 WAT  14561 14563     3  3378  3021    
 3379 WAT  14564 14566     3  3379  3022    
 3380 WAT  14567 14569     3  3380  3023    
 3381 WAT  14570 14572     3  3381  3024    
 3382 WAT  14573 14575     3  3382  3025    
 3383 WAT  14576 14578     3  3383  3026    
 3384 WAT  14579 14581     3  3384  3027    
 3385 WAT  14582 14584     3  3385  3028    
 3386 WAT  14585 14587     3  3386  3029    
 3387 WAT  14588 14590     3  3387  3030    
 3388 WAT  14591 14593     3  3388  3031    
 3389 WAT  14594 14596     3  3389  3032    
 3390 WAT  14597 14599     3  3390  3033    
 3391 WAT  14600 14602     3  3391  3034    
 3392 WAT  14603 14605     3  3392  3035    
 3393 WAT  14606 14608     3  3393  3036    
 3394 WAT  14609 14611     3  3394  3037    
 3395 WAT  14612 14614     3  3395  3038    
 3396 WAT  14615 14617     3  3396  3039    
 3397 WAT  14618 14620     3  3397  3040    
 3398 WAT  14621 14623     3  3398  3041    
 3399 WAT  14624 14626     3  3399  3042    
 3400 WAT  14627 14629     3  3400  3043    
 3401 WAT  14630 14632     3  3401  3044    
 3402 WAT  14633 14635     3  3402  3045    
 3403 WAT  14636 14638     3  3403  3046    
 3404 WAT  14639 14641     3  3404  3047    
 3405 WAT  14642 14644     3  3405  3048    
 3406 WAT  14645 14647     3  3406  3049    
 3407 WAT  14648 14650     3  3407  3050    
 3408 WAT  14651 14653     3  3408  3051    
 3409 WAT  14654 14656     3  3409  3052    
 3410 WAT  14657 14659     3  3410  3053    
 3411 WAT  14660 14662     3  3411  3054    
 3412 WAT  14663 14665     3  3412  3055    
 3413 WAT  14666 14668     3  3413  3056    
 3414 WAT  14669 14671     3  3414  3057    
 3415 WAT  14672 14674     3  3415  3058    
 3416 WAT  14675 14677     3  3416  3059    
 3417 WAT  14678 14680     3  3417  3060    
 3418 WAT  14681 14683     3  3418  3061    
 3419 WAT  14684 14686     3  3419  3062    
 3420 WAT  14687 14689     3  3420  3063    
 3421 WAT  14690 14692     3  3421  3064    
 3422 WAT  14693 14695     3  3422  3065    
 3423 WAT  14696 14698     3  3423  3066    
 3424 WAT  14699 14701     3  3424  3067    
 3425 WAT  14702 14704     3  3425  3068    
 3426 WAT  14705 14707     3  3426  3069    
 3427 WAT  14708 14710     3  3427  3070    
 3428 WAT  14711 14713     3  3428  3071    
 3429 WAT  14714 14716     3  3429  3072    
 3430 WAT  14717 14719     3  3430  3073    
 3431 WAT  14720 14722     3  3431  3074    
 3432 WAT  14723 14725     3  3432  3075    
 3433 WAT  14726 14728     3  3433  3076    
 3434 WAT  14729 14731     3  3434  3077    
 3435 WAT  14732 14734     3  3435  3078    
 3436 WAT  14735 14737     3  3436  3079    
 3437 WAT  14738 14740     3  3437  3080    
 3438 WAT  14741 14743     3  3438  3081    
 3439 WAT  14744 14746     3  3439  3082    
 3440 WAT  14747 14749     3  3440  3083    
 3441 WAT  14750 14752     3  3441  3084    
 3442 WAT  14753 14755     3  3442  3085    
 3443 WAT  14756 14758     3  3443  3086    
 3444 WAT  14759 14761     3  3444  3087    
 3445 WAT  14762 14764     3  3445  3088    
 3446 WAT  14765 14767     3  3446  3089    
 3447 WAT  14768 14770     3  3447  3090    
 3448 WAT  14771 14773     3  3448  3091    
 3449 WAT  14774 14776     3  3449  3092    
 3450 WAT  14777 14779     3  3450  3093    
 3451 WAT  14780 14782     3  3451  3094    
 3452 WAT  14783 14785     3  3452  3095    
 3453 WAT  14786 14788     3  3453  3096    
 3454 WAT  14789 14791     3  3454  3097    
 3455 WAT  14792 14794     3  3455  3098    
 3456 WAT  14795 14797     3  3456  3099    
 3457 WAT  14798 14800     3  3457  3100    
 3458 WAT  14801 14803     3  3458  3101    
 3459 WAT  14804 14806     3  3459  3102    
 3460 WAT  14807 14809     3  3460  3103    
 3461 WAT  14810 14812     3  3461  3104    
 3462 WAT  14813 14815     3  3462  3105    
 3463 WAT  14816 14818     3  3463  3106    
 3464 WAT  14819 14821     3  3464  3107    
 3465 WAT  14822 14824     3  3465  3108    
 3466 WAT  14825 14827     3  3466  3109    
 3467 WAT  14828 14830     3  3467  3110    
 3468 WAT  14831 14833     3  3468  3111    
 3469 WAT  14834 14836     3  3469  3112    
 3470 WAT  14837 14839     3  3470  3113    
 3471 WAT  14840 14842     3  3471  3114    
 3472 WAT  14843 14845     3  3472  3115    
 3473 WAT  14846 14848     3  3473  3116    
 3474 WAT  14849 14851     3  3474  3117    
 3475 WAT  14852 14854     3  3475  3118    
 3476 WAT  14855 14857     3  3476  3119    
 3477 WAT  14858 14860     3  3477  3120    
 3478 WAT  14861 14863     3  3478  3121    
 3479 WAT  14864 14866     3  3479  3122    
 3480 WAT  14867 14869     3  3480  3123    
 3481 WAT  14870 14872     3  3481  3124    
 3482 WAT  14873 14875     3  3482  3125    
 3483 WAT  14876 14878     3  3483  3126    
 3484 WAT  14879 14881     3  3484  3127    
 3485 WAT  14882 14884     3  3485  3128    
 3486 WAT  14885 14887     3  3486  3129    
 3487 WAT  14888 14890     3  3487  3130    
 3488 WAT  14891 14893     3  3488  3131    
 3489 WAT  14894 14896     3  3489  3132    
 3490 WAT  14897 14899     3  3490  3133    
 3491 WAT  14900 14902     3  3491  3134    
 3492 WAT  14903 14905     3  3492  3135    
 3493 WAT  14906 14908     3  3493  3136    
 3494 WAT  14909 14911     3  3494  3137    
 3495 WAT  14912 14914     3  3495  3138    
 3496 WAT  14915 14917     3  3496  3139    
 3497 WAT  14918 14920     3  3497  3140    
 3498 WAT  14921 14923     3  3498  3141    
 3499 WAT  14924 14926     3  3499  3142    
 3500 WAT  14927 14929     3  3500  3143    
 3501 WAT  14930 14932     3  3501  3144    
 3502 WAT  14933 14935     3  3502  3145    
 3503 WAT  14936 14938     3  3503  3146    
 3504 WAT  14939 14941     3  3504  3147    
 3505 WAT  14942 14944     3  3505  3148    
 3506 WAT  14945 14947     3  3506  3149    
 3507 WAT  14948 14950     3  3507  3150    
 3508 WAT  14951 14953     3  3508  3151    
 3509 WAT  14954 14956     3  3509  3152    
 3510 WAT  14957 14959     3  3510  3153    
 3511 WAT  14960 14962     3  3511  3154    
 3512 WAT  14963 14965     3  3512  3155    
 3513 WAT  14966 14968     3  3513  3156    
 3514 WAT  14969 14971     3  3514  3157    
 3515 WAT  14972 14974     3  3515  3158    
 3516 WAT  14975 14977     3  3516  3159    
 3517 WAT  14978 14980     3  3517  3160    
 3518 WAT  14981 14983     3  3518  3161    
 3519 WAT  14984 14986     3  3519  3162    
 3520 WAT  14987 14989     3  3520  3163    
 3521 WAT  14990 14992     3  3521  3164    
 3522 WAT  14993 14995     3  3522  3165    
 3523 WAT  14996 14998     3  3523  3166    
 3524 WAT  14999 15001     3  3524  3167    
 3525 WAT  15002 15004     3  3525  3168    
 3526 WAT  15005 15007     3  3526  3169    
 3527 WAT  15008 15010     3  3527  3170    
 3528 WAT  15011 15013     3  3528  3171    
 3529 WAT  15014 15016     3  3529  3172    
 3530 WAT  15017 15019     3  3530  3173    
 3531 WAT  15020 15022     3  3531  3174    
 3532 WAT  15023 15025     3  3532  3175    
 3533 WAT  15026 15028     3  3533  3176    
 3534 WAT  15029 15031     3  3534  3177    
 3535 WAT  15032 15034     3  3535  3178    
 3536 WAT  15035 15037     3  3536  3179    
 3537 WAT  15038 15040     3  3537  3180    
 3538 WAT  15041 15043     3  3538  3181    
 3539 WAT  15044 15046     3  3539  3182    
 3540 WAT  15047 15049     3  3540  3183    
 3541 WAT  15050 15052     3  3541  3184    
 3542 WAT  15053 15055     3  3542  3185    
 3543 WAT  15056 15058     3  3543  3186    
 3544 WAT  15059 15061     3  3544  3187    
 3545 WAT  15062 15064     3  3545  3188    
 3546 WAT  15065 15067     3  3546  3189    
 3547 WAT  15068 15070     3  3547  3190    
 3548 WAT  15071 15073     3  3548  3191    
 3549 WAT  15074 15076     3  3549  3192    
 3550 WAT  15077 15079     3  3550  3193    
 3551 WAT  15080 15082     3  3551  3194    
 3552 WAT  15083 15085     3  3552  3195    
 3553 WAT  15086 15088     3  3553  3196    
 3554 WAT  15089 15091     3  3554  3197    
 3555 WAT  15092 15094     3  3555  3198    
 3556 WAT  15095 15097     3  3556  3199    
 3557 WAT  15098 15100     3  3557  3200    
 3558 WAT  15101 15103     3  3558  3201    
 3559 WAT  15104 15106     3  3559  3202    
 3560 WAT  15107 15109     3  3560  3203    
 3561 WAT  15110 15112     3  3561  3204    
 3562 WAT  15113 15115     3  3562  3205    
 3563 WAT  15116 15118     3  3563  3206    
 3564 WAT  15119 15121     3  3564  3207    
 3565 WAT  15122 15124     3  3565  3208    
 3566 WAT  15125 15127     3  3566  3209    
 3567 WAT  15128 15130     3  3567  3210    
 3568 WAT  15131 15133     3  3568  3211    
 3569 WAT  15134 15136     3  3569  3212    
 3570 WAT  15137 15139     3  3570  3213    
 3571 WAT  15140 15142     3  3571  3214    
 3572 WAT  15143 15145     3  3572  3215    
 3573 WAT  15146 15148     3  3573  3216    
 3574 WAT  15149 15151     3  3574  3217    
 3575 WAT  15152 15154     3  3575  3218    
 3576 WAT  15155 15157     3  3576  3219    
 3577 WAT  15158 15160     3  3577  3220    
 3578 WAT  15161 15163     3  3578  3221    
 3579 WAT  15164 15166     3  3579  3222    
 3580 WAT  15167 15169     3  3580  3223    
 3581 WAT  15170 15172     3  3581  3224    
 3582 WAT  15173 15175     3  3582  3225    
 3583 WAT  15176 15178     3  3583  3226    
 3584 WAT  15179 15181     3  3584  3227    
 3585 WAT  15182 15184     3  3585  3228    
 3586 WAT  15185 15187     3  3586  3229    
 3587 WAT  15188 15190     3  3587  3230    
 3588 WAT  15191 15193     3  3588  3231    
 3589 WAT  15194 15196     3  3589  3232    
 3590 WAT  15197 15199     3  3590  3233    
 3591 WAT  15200 15202     3  3591  3234    
 3592 WAT  15203 15205     3  3592  3235    
 3593 WAT  15206 15208     3  3593  3236    
 3594 WAT  15209 15211     3  3594  3237    
 3595 WAT  15212 15214     3  3595  3238    
 3596 WAT  15215 15217     3  3596  3239    
 3597 WAT  15218 15220     3  3597  3240    
 3598 WAT  15221 15223     3  3598  3241    
 3599 WAT  15224 15226     3  3599  3242    
 3600 WAT  15227 15229     3  3600  3243    
 3601 WAT  15230 15232     3  3601  3244    
 3602 WAT  15233 15235     3  3602  3245    
 3603 WAT  15236 15238     3  3603  3246    
 3604 WAT  15239 15241     3  3604  3247    
 3605 WAT  15242 15244     3  3605  3248    
 3606 WAT  15245 15247     3  3606  3249    
 3607 WAT  15248 15250     3  3607  3250    
 3608 WAT  15251 15253     3  3608  3251    
 3609 WAT  15254 15256     3  3609  3252    
 3610 WAT  15257 15259     3  3610  3253    
 3611 WAT  15260 15262     3  3611  3254    
 3612 WAT  15263 15265     3  3612  3255    
 3613 WAT  15266 15268     3  3613  3256    
 3614 WAT  15269 15271     3  3614  3257    
 3615 WAT  15272 15274     3  3615  3258    
 3616 WAT  15275 15277     3  3616  3259    
 3617 WAT  15278 15280     3  3617  3260    
 3618 WAT  15281 15283     3  3618  3261    
 3619 WAT  15284 15286     3  3619  3262    
 3620 WAT  15287 15289     3  3620  3263    
 3621 WAT  15290 15292     3  3621  3264    
 3622 WAT  15293 15295     3  3622  3265    
 3623 WAT  15296 15298     3  3623  3266    
 3624 WAT  15299 15301     3  3624  3267    
 3625 WAT  15302 15304     3  3625  3268    
 3626 WAT  15305 15307     3  3626  3269    
 3627 WAT  15308 15310     3  3627  3270    
 3628 WAT  15311 15313     3  3628  3271    
 3629 WAT  15314 15316     3  3629  3272    
 3630 WAT  15317 15319     3  3630  3273    
 3631 WAT  15320 15322     3  3631  3274    
 3632 WAT  15323 15325     3  3632  3275    
 3633 WAT  15326 15328     3  3633  3276    
 3634 WAT  15329 15331     3  3634  3277    
 3635 WAT  15332 15334     3  3635  3278    
 3636 WAT  15335 15337     3  3636  3279    
 3637 WAT  15338 15340     3  3637  3280    
 3638 WAT  15341 15343     3  3638  3281    
 3639 WAT  15344 15346     3  3639  3282    
 3640 WAT  15347 15349     3  3640  3283    
 3641 WAT  15350 15352     3  3641  3284    
 3642 WAT  15353 15355     3  3642  3285    
 3643 WAT  15356 15358     3  3643  3286    
 3644 WAT  15359 15361     3  3644  3287    
 3645 WAT  15362 15364     3  3645  3288    
 3646 WAT  15365 15367     3  3646  3289    
 3647 WAT  15368 15370     3  3647  3290    
 3648 WAT  15371 15373     3  3648  3291    
 3649 WAT  15374 15376     3  3649  3292    
 3650 WAT  15377 15379     3  3650  3293    
 3651 WAT  15380 15382     3  3651  3294    
 3652 WAT  15383 15385     3  3652  3295    
 3653 WAT  15386 15388     3  3653  3296    
 3654 WAT  15389 15391     3  3654  3297    
 3655 WAT  15392 15394     3  3655  3298    
 3656 WAT  15395 15397     3  3656  3299    
 3657 WAT  15398 15400     3  3657  3300    
 3658 WAT  15401 15403     3  3658  3301    
 3659 WAT  15404 15406     3  3659  3302    
 3660 WAT  15407 15409     3  3660  3303    
 3661 WAT  15410 15412     3  3661  3304    
 3662 WAT  15413 15415     3  3662  3305    
 3663 WAT  15416 15418     3  3663  3306    
 3664 WAT  15419 15421     3  3664  3307    
 3665 WAT  15422 15424     3  3665  3308    
 3666 WAT  15425 15427     3  3666  3309    
 3667 WAT  15428 15430     3  3667  3310    
 3668 WAT  15431 15433     3  3668  3311    
 3669 WAT  15434 15436     3  3669  3312    
 3670 WAT  15437 15439     3  3670  3313    
 3671 WAT  15440 15442     3  3671  3314    
 3672 WAT  15443 15445     3  3672  3315    
 3673 WAT  15446 15448     3  3673  3316    
 3674 WAT  15449 15451     3  3674  3317    
 3675 WAT  15452 15454     3  3675  3318    
 3676 WAT  15455 15457     3  3676  3319    
 3677 WAT  15458 15460     3  3677  3320    
 3678 WAT  15461 15463     3  3678  3321    
 3679 WAT  15464 15466     3  3679  3322    
 3680 WAT  15467 15469     3  3680  3323    
 3681 WAT  15470 15472     3  3681  3324    
 3682 WAT  15473 15475     3  3682  3325    
 3683 WAT  15476 15478     3  3683  3326    
 3684 WAT  15479 15481     3  3684  3327    
 3685 WAT  15482 15484     3  3685  3328    
 3686 WAT  15485 15487     3  3686  3329    
 3687 WAT  15488 15490     3  3687  3330    
 3688 WAT  15491 15493     3  3688  3331    
 3689 WAT  15494 15496     3  3689  3332    
 3690 WAT  15497 15499     3  3690  3333    
 3691 WAT  15500 15502     3  3691  3334    
 3692 WAT  15503 15505     3  3692  3335    
 3693 WAT  15506 15508     3  3693  3336    
 3694 WAT  15509 15511     3  3694  3337    
 3695 WAT  15512 15514     3  3695  3338    
 3696 WAT  15515 15517     3  3696  3339    
 3697 WAT  15518 15520     3  3697  3340    
 3698 WAT  15521 15523     3  3698  3341    
 3699 WAT  15524 15526     3  3699  3342    
 3700 WAT  15527 15529     3  3700  3343    
 3701 WAT  15530 15532     3  3701  3344    
 3702 WAT  15533 15535     3  3702  3345    
 3703 WAT  15536 15538     3  3703  3346    
 3704 WAT  15539 15541     3  3704  3347    
 3705 WAT  15542 15544     3  3705  3348    
 3706 WAT  15545 15547     3  3706  3349    
 3707 WAT  15548 15550     3  3707  3350    
 3708 WAT  15551 15553     3  3708  3351    
 3709 WAT  15554 15556     3  3709  3352    
 3710 WAT  15557 15559     3  3710  3353    
 3711 WAT  15560 15562     3  3711  3354    
 3712 WAT  15563 15565     3  3712  3355    
 3713 WAT  15566 15568     3  3713  3356    
 3714 WAT  15569 15571     3  3714  3357    
 3715 WAT  15572 15574     3  3715  3358    
 3716 WAT  15575 15577     3  3716  3359    
 3717 WAT  15578 15580     3  3717  3360    
 3718 WAT  15581 15583     3  3718  3361    
 3719 WAT  15584 15586     3  3719  3362    
 3720 WAT  15587 15589     3  3720  3363    
 3721 WAT  15590 15592     3  3721  3364    
 3722 WAT  15593 15595     3  3722  3365    
 3723 WAT  15596 15598     3  3723  3366    
 3724 WAT  15599 15601     3  3724  3367    
 3725 WAT  15602 15604     3  3725  3368    
 3726 WAT  15605 15607     3  3726  3369    
 3727 WAT  15608 15610     3  3727  3370    
 3728 WAT  15611 15613     3  3728  3371    
 3729 WAT  15614 15616     3  3729  3372    
 3730 WAT  15617 15619     3  3730  3373    
 3731 WAT  15620 15622     3  3731  3374    
 3732 WAT  15623 15625     3  3732  3375    
 3733 WAT  15626 15628     3  3733  3376    
 3734 WAT  15629 15631     3  3734  3377    
 3735 WAT  15632 15634     3  3735  3378    
 3736 WAT  15635 15637     3  3736  3379    
 3737 WAT  15638 15640     3  3737  3380    
 3738 WAT  15641 15643     3  3738  3381    
 3739 WAT  15644 15646     3  3739  3382    
 3740 WAT  15647 15649     3  3740  3383    
 3741 WAT  15650 15652     3  3741  3384    
 3742 WAT  15653 15655     3  3742  3385    
 3743 WAT  15656 15658     3  3743  3386    
 3744 WAT  15659 15661     3  3744  3387    
 3745 WAT  15662 15664     3  3745  3388    
 3746 WAT  15665 15667     3  3746  3389    
 3747 WAT  15668 15670     3  3747  3390    
 3748 WAT  15671 15673     3  3748  3391    
 3749 WAT  15674 15676     3  3749  3392    
 3750 WAT  15677 15679     3  3750  3393    
 3751 WAT  15680 15682     3  3751  3394    
 3752 WAT  15683 15685     3  3752  3395    
 3753 WAT  15686 15688     3  3753  3396    
 3754 WAT  15689 15691     3  3754  3397    
 3755 WAT  15692 15694     3  3755  3398    
 3756 WAT  15695 15697     3  3756  3399    
 3757 WAT  15698 15700     3  3757  3400    
 3758 WAT  15701 15703     3  3758  3401    
 3759 WAT  15704 15706     3  3759  3402    
 3760 WAT  15707 15709     3  3760  3403    
 3761 WAT  15710 15712     3  3761  3404    
 3762 WAT  15713 15715     3  3762  3405    
 3763 WAT  15716 15718     3  3763  3406    
 3764 WAT  15719 15721     3  3764  3407    
 3765 WAT  15722 15724     3  3765  3408    
 3766 WAT  15725 15727     3  3766  3409    
 3767 WAT  15728 15730     3  3767  3410    
 3768 WAT  15731 15733     3  3768  3411    
 3769 WAT  15734 15736     3  3769  3412    
 3770 WAT  15737 15739     3  3770  3413    
 3771 WAT  15740 15742     3  3771  3414    
 3772 WAT  15743 15745     3  3772  3415    
 3773 WAT  15746 15748     3  3773  3416    
 3774 WAT  15749 15751     3  3774  3417    
 3775 WAT  15752 15754     3  3775  3418    
 3776 WAT  15755 15757     3  3776  3419    
 3777 WAT  15758 15760     3  3777  3420    
 3778 WAT  15761 15763     3  3778  3421    
 3779 WAT  15764 15766     3  3779  3422    
 3780 WAT  15767 15769     3  3780  3423    
 3781 WAT  15770 15772     3  3781  3424    
 3782 WAT  15773 15775     3  3782  3425    
 3783 WAT  15776 15778     3  3783  3426    
 3784 WAT  15779 15781     3  3784  3427    
 3785 WAT  15782 15784     3  3785  3428    
 3786 WAT  15785 15787     3  3786  3429    
 3787 WAT  15788 15790     3  3787  3430    
 3788 WAT  15791 15793     3  3788  3431    
 3789 WAT  15794 15796     3  3789  3432    
 3790 WAT  15797 15799     3  3790  3433    
 3791 WAT  15800 15802     3  3791  3434    
 3792 WAT  15803 15805     3  3792  3435    
 3793 WAT  15806 15808     3  3793  3436    
 3794 WAT  15809 15811     3  3794  3437    
 3795 WAT  15812 15814     3  3795  3438    
 3796 WAT  15815 15817     3  3796  3439    
 3797 WAT  15818 15820     3  3797  3440    
 3798 WAT  15821 15823     3  3798  3441    
 3799 WAT  15824 15826     3  3799  3442    
 3800 WAT  15827 15829     3  3800  3443    
 3801 WAT  15830 15832     3  3801  3444    
 3802 WAT  15833 15835     3  3802  3445    
 3803 WAT  15836 15838     3  3803  3446    
 3804 WAT  15839 15841     3  3804  3447    
 3805 WAT  15842 15844     3  3805  3448    
 3806 WAT  15845 15847     3  3806  3449    
 3807 WAT  15848 15850     3  3807  3450    
 3808 WAT  15851 15853     3  3808  3451    
 3809 WAT  15854 15856     3  3809  3452    
 3810 WAT  15857 15859     3  3810  3453    
 3811 WAT  15860 15862     3  3811  3454    
 3812 WAT  15863 15865     3  3812  3455    
 3813 WAT  15866 15868     3  3813  3456    
 3814 WAT  15869 15871     3  3814  3457    
 3815 WAT  15872 15874     3  3815  3458    
 3816 WAT  15875 15877     3  3816  3459    
 3817 WAT  15878 15880     3  3817  3460    
 3818 WAT  15881 15883     3  3818  3461    
 3819 WAT  15884 15886     3  3819  3462    
 3820 WAT  15887 15889     3  3820  3463    
 3821 WAT  15890 15892     3  3821  3464    
 3822 WAT  15893 15895     3  3822  3465    
 3823 WAT  15896 15898     3  3823  3466    
 3824 WAT  15899 15901     3  3824  3467    
 3825 WAT  15902 15904     3  3825  3468    
 3826 WAT  15905 15907     3  3826  3469    
 3827 WAT  15908 15910     3  3827  3470    
 3828 WAT  15911 15913     3  3828  3471    
 3829 WAT  15914 15916     3  3829  3472    
 3830 WAT  15917 15919     3  3830  3473    
 3831 WAT  15920 15922     3  3831  3474    
 3832 WAT  15923 15925     3  3832  3475    
 3833 WAT  15926 15928     3  3833  3476    
 3834 WAT  15929 15931     3  3834  3477    
 3835 WAT  15932 15934     3  3835  3478    
 3836 WAT  15935 15937     3  3836  3479    
 3837 WAT  15938 15940     3  3837  3480    
 3838 WAT  15941 15943     3  3838  3481    
 3839 WAT  15944 15946     3  3839  3482    
 3840 WAT  15947 15949     3  3840  3483    
 3841 WAT  15950 15952     3  3841  3484    
 3842 WAT  15953 15955     3  3842  3485    
 3843 WAT  15956 15958     3  3843  3486    
 3844 WAT  15959 15961     3  3844  3487    
 3845 WAT  15962 15964     3  3845  3488    
 3846 WAT  15965 15967     3  3846  3489    
 3847 WAT  15968 15970     3  3847  3490    
 3848 WAT  15971 15973     3  3848  3491    
 3849 WAT  15974 15976     3  3849  3492    
 3850 WAT  15977 15979     3  3850  3493    
 3851 WAT  15980 15982     3  3851  3494    
 3852 WAT  15983 15985     3  3852  3495    
 3853 WAT  15986 15988     3  3853  3496    
 3854 WAT  15989 15991     3  3854  3497    
 3855 WAT  15992 15994     3  3855  3498    
 3856 WAT  15995 15997     3  3856  3499    
 3857 WAT  15998 16000     3  3857  3500    
 3858 WAT  16001 16003     3  3858  3501    
 3859 WAT  16004 16006     3  3859  3502    
 3860 WAT  16007 16009     3  3860  3503    
 3861 WAT  16010 16012     3  3861  3504    
 3862 WAT  16013 16015     3  3862  3505    
 3863 WAT  16016 16018     3  3863  3506    
 3864 WAT  16019 16021     3  3864  3507    
 3865 WAT  16022 16024     3  3865  3508    
 3866 WAT  16025 16027     3  3866  3509    
 3867 WAT  16028 16030     3  3867  3510    
 3868 WAT  16031 16033     3  3868  3511    
 3869 WAT  16034 16036     3  3869  3512    
 3870 WAT  16037 16039     3  3870  3513    
 3871 WAT  16040 16042     3  3871  3514    
 3872 WAT  16043 16045     3  3872  3515    
 3873 WAT  16046 16048     3  3873  3516    
 3874 WAT  16049 16051     3  3874  3517    
 3875 WAT  16052 16054     3  3875  3518    
 3876 WAT  16055 16057     3  3876  3519    
 3877 WAT  16058 16060     3  3877  3520    
 3878 WAT  16061 16063     3  3878  3521    
 3879 WAT  16064 16066     3  3879  3522    
 3880 WAT  16067 16069     3  3880  3523    
 3881 WAT  16070 16072     3  3881  3524    
 3882 WAT  16073 16075     3  3882  3525    
 3883 WAT  16076 16078     3  3883  3526    
 3884 WAT  16079 16081     3  3884  3527    
 3885 WAT  16082 16084     3  3885  3528    
 3886 WAT  16085 16087     3  3886  3529    
 3887 WAT  16088 16090     3  3887  3530    
 3888 WAT  16091 16093     3  3888  3531    
 3889 WAT  16094 16096     3  3889  3532    
 3890 WAT  16097 16099     3  3890  3533    
 3891 WAT  16100 16102     3  3891  3534    
 3892 WAT  16103 16105     3  3892  3535    
 3893 WAT  16106 16108     3  3893  3536    
 3894 WAT  16109 16111     3  3894  3537    
 3895 WAT  16112 16114     3  3895  3538    
 3896 WAT  16115 16117     3  3896  3539    
 3897 WAT  16118 16120     3  3897  3540    
 3898 WAT  16121 16123     3  3898  3541    
 3899 WAT  16124 16126     3  3899  3542    
 3900 WAT  16127 16129     3  3900  3543    
 3901 WAT  16130 16132     3  3901  3544    
 3902 WAT  16133 16135     3  3902  3545    
 3903 WAT  16136 16138     3  3903  3546    
 3904 WAT  16139 16141     3  3904  3547    
 3905 WAT  16142 16144     3  3905  3548    
 3906 WAT  16145 16147     3  3906  3549    
 3907 WAT  16148 16150     3  3907  3550    
 3908 WAT  16151 16153     3  3908  3551    
 3909 WAT  16154 16156     3  3909  3552    
 3910 WAT  16157 16159     3  3910  3553    
 3911 WAT  16160 16162     3  3911  3554    
 3912 WAT  16163 16165     3  3912  3555    
 3913 WAT  16166 16168     3  3913  3556    
 3914 WAT  16169 16171     3  3914  3557    
 3915 WAT  16172 16174     3  3915  3558    
 3916 WAT  16175 16177     3  3916  3559    
 3917 WAT  16178 16180     3  3917  3560    
 3918 WAT  16181 16183     3  3918  3561    
 3919 WAT  16184 16186     3  3919  3562    
 3920 WAT  16187 16189     3  3920  3563    
 3921 WAT  16190 16192     3  3921  3564    
 3922 WAT  16193 16195     3  3922  3565    
 3923 WAT  16196 16198     3  3923  3566    
 3924 WAT  16199 16201     3  3924  3567    
 3925 WAT  16202 16204     3  3925  3568    
 3926 WAT  16205 16207     3  3926  3569    
 3927 WAT  16208 16210     3  3927  3570    
 3928 WAT  16211 16213     3  3928  3571    
 3929 WAT  16214 16216     3  3929  3572    
 3930 WAT  16217 16219     3  3930  3573    
 3931 WAT  16220 16222     3  3931  3574    
 3932 WAT  16223 16225     3  3932  3575    
 3933 WAT  16226 16228     3  3933  3576    
 3934 WAT  16229 16231     3  3934  3577    
 3935 WAT  16232 16234     3  3935  3578    
 3936 WAT  16235 16237     3  3936  3579    
 3937 WAT  16238 16240     3  3937  3580    
 3938 WAT  16241 16243     3  3938  3581    
 3939 WAT  16244 16246     3  3939  3582    
 3940 WAT  16247 16249     3  3940  3583    
 3941 WAT  16250 16252     3  3941  3584    
 3942 WAT  16253 16255     3  3942  3585    
 3943 WAT  16256 16258     3  3943  3586    
 3944 WAT  16259 16261     3  3944  3587    
 3945 WAT  16262 16264     3  3945  3588    
 3946 WAT  16265 16267     3  3946  3589    
 3947 WAT  16268 16270     3  3947  3590    
 3948 WAT  16271 16273     3  3948  3591    
 3949 WAT  16274 16276     3  3949  3592    
 3950 WAT  16277 16279     3  3950  3593    
 3951 WAT  16280 16282     3  3951  3594    
 3952 WAT  16283 16285     3  3952  3595    
 3953 WAT  16286 16288     3  3953  3596    
 3954 WAT  16289 16291     3  3954  3597    
 3955 WAT  16292 16294     3  3955  3598    
 3956 WAT  16295 16297     3  3956  3599    
 3957 WAT  16298 16300     3  3957  3600    
 3958 WAT  16301 16303     3  3958  3601    
 3959 WAT  16304 16306     3  3959  3602    
 3960 WAT  16307 16309     3  3960  3603    
 3961 WAT  16310 16312     3  3961  3604    
 3962 WAT  16313 16315     3  3962  3605    
 3963 WAT  16316 16318     3  3963  3606    
 3964 WAT  16319 16321     3  3964  3607    
 3965 WAT  16322 16324     3  3965  3608    
 3966 WAT  16325 16327     3  3966  3609    
 3967 WAT  16328 16330     3  3967  3610    
 3968 WAT  16331 16333     3  3968  3611    
 3969 WAT  16334 16336     3  3969  3612    
 3970 WAT  16337 16339     3  3970  3613    
 3971 WAT  16340 16342     3  3971  3614    
 3972 WAT  16343 16345     3  3972  3615    
 3973 WAT  16346 16348     3  3973  3616    
 3974 WAT  16349 16351     3  3974  3617    
 3975 WAT  16352 16354     3  3975  3618    
 3976 WAT  16355 16357     3  3976  3619    
 3977 WAT  16358 16360     3  3977  3620    
 3978 WAT  16361 16363     3  3978  3621    
 3979 WAT  16364 16366     3  3979  3622    
 3980 WAT  16367 16369     3  3980  3623    
 3981 WAT  16370 16372     3  3981  3624    
 3982 WAT  16373 16375     3  3982  3625    
 3983 WAT  16376 16378     3  3983  3626    
 3984 WAT  16379 16381     3  3984  3627    
 3985 WAT  16382 16384     3  3985  3628    
 3986 WAT  16385 16387     3  3986  3629    
 3987 WAT  16388 16390     3  3987  3630    
 3988 WAT  16391 16393     3  3988  3631    
 3989 WAT  16394 16396     3  3989  3632    
 3990 WAT  16397 16399     3  3990  3633    
 3991 WAT  16400 16402     3  3991  3634    
 3992 WAT  16403 16405     3  3992  3635    
 3993 WAT  16406 16408     3  3993  3636    
 3994 WAT  16409 16411     3  3994  3637    
 3995 WAT  16412 16414     3  3995  3638    
 3996 WAT  16415 16417     3  3996  3639    
 3997 WAT  16418 16420     3  3997  3640    
 3998 WAT  16421 16423     3  3998  3641    
 3999 WAT  16424 16426     3  3999  3642    
 4000 WAT  16427 16429     3  4000  3643    
 4001 WAT  16430 16432     3  4001  3644    
 4002 WAT  16433 16435     3  4002  3645    
 4003 WAT  16436 16438     3  4003  3646    
 4004 WAT  16439 16441     3  4004  3647    
 4005 WAT  16442 16444     3  4005  3648    
 4006 WAT  16445 16447     3  4006  3649    
 4007 WAT  16448 16450     3  4007  3650    
 4008 WAT  16451 16453     3  4008  3651    
 4009 WAT  16454 16456     3  4009  3652    
 4010 WAT  16457 16459     3  4010  3653    
 4011 WAT  16460 16462     3  4011  3654    
 4012 WAT  16463 16465     3  4012  3655    
 4013 WAT  16466 16468     3  4013  3656    
 4014 WAT  16469 16471     3  4014  3657    
 4015 WAT  16472 16474     3  4015  3658    
 4016 WAT  16475 16477     3  4016  3659    
 4017 WAT  16478 16480     3  4017  3660    
 4018 WAT  16481 16483     3  4018  3661    
 4019 WAT  16484 16486     3  4019  3662    
 4020 WAT  16487 16489     3  4020  3663    
 4021 WAT  16490 16492     3  4021  3664    
 4022 WAT  16493 16495     3  4022  3665    
 4023 WAT  16496 16498     3  4023  3666    
 4024 WAT  16499 16501     3  4024  3667    
 4025 WAT  16502 16504     3  4025  3668    
 4026 WAT  16505 16507     3  4026  3669    
 4027 WAT  16508 16510     3  4027  3670    
 4028 WAT  16511 16513     3  4028  3671    
 4029 WAT  16514 16516     3  4029  3672    
 4030 WAT  16517 16519     3  4030  3673    
 4031 WAT  16520 16522     3  4031  3674    
 4032 WAT  16523 16525     3  4032  3675    
 4033 WAT  16526 16528     3  4033  3676    
 4034 WAT  16529 16531     3  4034  3677    
 4035 WAT  16532 16534     3  4035  3678    
 4036 WAT  16535 16537     3  4036  3679    
 4037 WAT  16538 16540     3  4037  3680    
 4038 WAT  16541 16543     3  4038  3681    
 4039 WAT  16544 16546     3  4039  3682    
 4040 WAT  16547 16549     3  4040  3683    
 4041 WAT  16550 16552     3  4041  3684    
 4042 WAT  16553 16555     3  4042  3685    
 4043 WAT  16556 16558     3  4043  3686    
 4044 WAT  16559 16561     3  4044  3687    
 4045 WAT  16562 16564     3  4045  3688    
 4046 WAT  16565 16567     3  4046  3689    
 4047 WAT  16568 16570     3  4047  3690    
 4048 WAT  16571 16573     3  4048  3691    
 4049 WAT  16574 16576     3  4049  3692    
 4050 WAT  16577 16579     3  4050  3693    
 4051 WAT  16580 16582     3  4051  3694    
 4052 WAT  16583 16585     3  4052  3695    
 4053 WAT  16586 16588     3  4053  3696    
 4054 WAT  16589 16591     3  4054  3697    
 4055 WAT  16592 16594     3  4055  3698    
 4056 WAT  16595 16597     3  4056  3699    
 4057 WAT  16598 16600     3  4057  3700    
 4058 WAT  16601 16603     3  4058  3701    
 4059 WAT  16604 16606     3  4059  3702    
 4060 WAT  16607 16609     3  4060  3703    
 4061 WAT  16610 16612     3  4061  3704    
 4062 WAT  16613 16615     3  4062  3705    
 4063 WAT  16616 16618     3  4063  3706    
 4064 WAT  16619 16621     3  4064  3707    
 4065 WAT  16622 16624     3  4065  3708    
 4066 WAT  16625 16627     3  4066  3709    
 4067 WAT  16628 16630     3  4067  3710    
 4068 WAT  16631 16633     3  4068  3711    
 4069 WAT  16634 16636     3  4069  3712    
 4070 WAT  16637 16639     3  4070  3713    
 4071 WAT  16640 16642     3  4071  3714    
 4072 WAT  16643 16645     3  4072  3715    
 4073 WAT  16646 16648     3  4073  3716    
 4074 WAT  16649 16651     3  4074  3717    
 4075 WAT  16652 16654     3  4075  3718    
 4076 WAT  16655 16657     3  4076  3719    
 4077 WAT  16658 16660     3  4077  3720    
 4078 WAT  16661 16663     3  4078  3721    
 4079 WAT  16664 16666     3  4079  3722    
 4080 WAT  16667 16669     3  4080  3723    
 4081 WAT  16670 16672     3  4081  3724    
 4082 WAT  16673 16675     3  4082  3725    
 4083 WAT  16676 16678     3  4083  3726    
 4084 WAT  16679 16681     3  4084  3727    
 4085 WAT  16682 16684     3  4085  3728    
 4086 WAT  16685 16687     3  4086  3729    
 4087 WAT  16688 16690     3  4087  3730    
 4088 WAT  16691 16693     3  4088  3731    
 4089 WAT  16694 16696     3  4089  3732    
 4090 WAT  16697 16699     3  4090  3733    
 4091 WAT  16700 16702     3  4091  3734    
 4092 WAT  16703 16705     3  4092  3735    
 4093 WAT  16706 16708     3  4093  3736    
 4094 WAT  16709 16711     3  4094  3737    
 4095 WAT  16712 16714     3  4095  3738    
 4096 WAT  16715 16717     3  4096  3739    
 4097 WAT  16718 16720     3  4097  3740    
 4098 WAT  16721 16723     3  4098  3741    
 4099 WAT  16724 16726     3  4099  3742    
 4100 WAT  16727 16729     3  4100  3743    
 4101 WAT  16730 16732     3  4101  3744    
 4102 WAT  16733 16735     3  4102  3745    
 4103 WAT  16736 16738     3  4103  3746    
 4104 WAT  16739 16741     3  4104  3747    
 4105 WAT  16742 16744     3  4105  3748    
 4106 WAT  16745 16747     3  4106  3749    
 4107 WAT  16748 16750     3  4107  3750    
 4108 WAT  16751 16753     3  4108  3751    
 4109 WAT  16754 16756     3  4109  3752    
 4110 WAT  16757 16759     3  4110  3753    
 4111 WAT  16760 16762     3  4111  3754    
 4112 WAT  16763 16765     3  4112  3755    
 4113 WAT  16766 16768     3  4113  3756    
 4114 WAT  16769 16771     3  4114  3757    
 4115 WAT  16772 16774     3  4115  3758    
 4116 WAT  16775 16777     3  4116  3759    
 4117 WAT  16778 16780     3  4117  3760    
 4118 WAT  16781 16783     3  4118  3761    
 4119 WAT  16784 16786     3  4119  3762    
 4120 WAT  16787 16789     3  4120  3763    
 4121 WAT  16790 16792     3  4121  3764    
 4122 WAT  16793 16795     3  4122  3765    
 4123 WAT  16796 16798     3  4123  3766    
 4124 WAT  16799 16801     3  4124  3767    
 4125 WAT  16802 16804     3  4125  3768    
 4126 WAT  16805 16807     3  4126  3769    
 4127 WAT  16808 16810     3  4127  3770    
 4128 WAT  16811 16813     3  4128  3771    
 4129 WAT  16814 16816     3  4129  3772    
 4130 WAT  16817 16819     3  4130  3773    
 4131 WAT  16820 16822     3  4131  3774    
 4132 WAT  16823 16825     3  4132  3775    
 4133 WAT  16826 16828     3  4133  3776    
 4134 WAT  16829 16831     3  4134  3777    
 4135 WAT  16832 16834     3  4135  3778    
 4136 WAT  16835 16837     3  4136  3779    
 4137 WAT  16838 16840     3  4137  3780    
 4138 WAT  16841 16843     3  4138  3781    
 4139 WAT  16844 16846     3  4139  3782    
 4140 WAT  16847 16849     3  4140  3783    
 4141 WAT  16850 16852     3  4141  3784    
 4142 WAT  16853 16855     3  4142  3785    
 4143 WAT  16856 16858     3  4143  3786    
 4144 WAT  16859 16861     3  4144  3787    
 4145 WAT  16862 16864     3  4145  3788    
 4146 WAT  16865 16867     3  4146  3789    
 4147 WAT  16868 16870     3  4147  3790    
 4148 WAT  16871 16873     3  4148  3791    
 4149 WAT  16874 16876     3  4149  3792    
 4150 WAT  16877 16879     3  4150  3793    
 4151 WAT  16880 16882     3  4151  3794    
 4152 WAT  16883 16885     3  4152  3795    
 4153 WAT  16886 16888     3  4153  3796    
 4154 WAT  16889 16891     3  4154  3797    
 4155 WAT  16892 16894     3  4155  3798    
 4156 WAT  16895 16897     3  4156  3799    
 4157 WAT  16898 16900     3  4157  3800    
 4158 WAT  16901 16903     3  4158  3801    
 4159 WAT  16904 16906     3  4159  3802    
 4160 WAT  16907 16909     3  4160  3803    
 4161 WAT  16910 16912     3  4161  3804    
 4162 WAT  16913 16915     3  4162  3805    
 4163 WAT  16916 16918     3  4163  3806    
 4164 WAT  16919 16921     3  4164  3807    
 4165 WAT  16922 16924     3  4165  3808    
 4166 WAT  16925 16927     3  4166  3809    
 4167 WAT  16928 16930     3  4167  3810    
 4168 WAT  16931 16933     3  4168  3811    
 4169 WAT  16934 16936     3  4169  3812    
 4170 WAT  16937 16939     3  4170  3813    
 4171 WAT  16940 16942     3  4171  3814    
 4172 WAT  16943 16945     3  4172  3815    
 4173 WAT  16946 16948     3  4173  3816    
 4174 WAT  16949 16951     3  4174  3817    
 4175 WAT  16952 16954     3  4175  3818    
 4176 WAT  16955 16957     3  4176  3819    
 4177 WAT  16958 16960     3  4177  3820    
 4178 WAT  16961 16963     3  4178  3821    
 4179 WAT  16964 16966     3  4179  3822    
 4180 WAT  16967 16969     3  4180  3823    
 4181 WAT  16970 16972     3  4181  3824    
 4182 WAT  16973 16975     3  4182  3825    
 4183 WAT  16976 16978     3  4183  3826    
 4184 WAT  16979 16981     3  4184  3827    
 4185 WAT  16982 16984     3  4185  3828    
 4186 WAT  16985 16987     3  4186  3829    
 4187 WAT  16988 16990     3  4187  3830    
 4188 WAT  16991 16993     3  4188  3831    
 4189 WAT  16994 16996     3  4189  3832    
 4190 WAT  16997 16999     3  4190  3833    
 4191 WAT  17000 17002     3  4191  3834    
 4192 WAT  17003 17005     3  4192  3835    
 4193 WAT  17006 17008     3  4193  3836    
 4194 WAT  17009 17011     3  4194  3837    
 4195 WAT  17012 17014     3  4195  3838    
 4196 WAT  17015 17017     3  4196  3839    
 4197 WAT  17018 17020     3  4197  3840    
 4198 WAT  17021 17023     3  4198  3841    
 4199 WAT  17024 17026     3  4199  3842    
 4200 WAT  17027 17029     3  4200  3843    
 4201 WAT  17030 17032     3  4201  3844    
 4202 WAT  17033 17035     3  4202  3845    
 4203 WAT  17036 17038     3  4203  3846    
 4204 WAT  17039 17041     3  4204  3847    
 4205 WAT  17042 17044     3  4205  3848    
 4206 WAT  17045 17047     3  4206  3849    
 4207 WAT  17048 17050     3  4207  3850    
 4208 WAT  17051 17053     3  4208  3851    
 4209 WAT  17054 17056     3  4209  3852    
 4210 WAT  17057 17059     3  4210  3853    
 4211 WAT  17060 17062     3  4211  3854    
 4212 WAT  17063 17065     3  4212  3855    
 4213 WAT  17066 17068     3  4213  3856    
 4214 WAT  17069 17071     3  4214  3857    
 4215 WAT  17072 17074     3  4215  3858    
 4216 WAT  17075 17077     3  4216  3859    
 4217 WAT  17078 17080     3  4217  3860    
 4218 WAT  17081 17083     3  4218  3861    
 4219 WAT  17084 17086     3  4219  3862    
 4220 WAT  17087 17089     3  4220  3863    
 4221 WAT  17090 17092     3  4221  3864    
 4222 WAT  17093 17095     3  4222  3865    
 4223 WAT  17096 17098     3  4223  3866    
 4224 WAT  17099 17101     3  4224  3867    
 4225 WAT  17102 17104     3  4225  3868    
 4226 WAT  17105 17107     3  4226  3869    
 4227 WAT  17108 17110     3  4227  3870    
 4228 WAT  17111 17113     3  4228  3871    
 4229 WAT  17114 17116     3  4229  3872    
 4230 WAT  17117 17119     3  4230  3873    
 4231 WAT  17120 17122     3  4231  3874    
 4232 WAT  17123 17125     3  4232  3875    
 4233 WAT  17126 17128     3  4233  3876    
 4234 WAT  17129 17131     3  4234  3877    
 4235 WAT  17132 17134     3  4235  3878    
 4236 WAT  17135 17137     3  4236  3879    
 4237 WAT  17138 17140     3  4237  3880    
 4238 WAT  17141 17143     3  4238  3881    
 4239 WAT  17144 17146     3  4239  3882    
 4240 WAT  17147 17149     3  4240  3883    
 4241 WAT  17150 17152     3  4241  3884    
 4242 WAT  17153 17155     3  4242  3885    
 4243 WAT  17156 17158     3  4243  3886    
 4244 WAT  17159 17161     3  4244  3887    
 4245 WAT  17162 17164     3  4245  3888    
 4246 WAT  17165 17167     3  4246  3889    
 4247 WAT  17168 17170     3  4247  3890    
 4248 WAT  17171 17173     3  4248  3891    
 4249 WAT  17174 17176     3  4249  3892    
 4250 WAT  17177 17179     3  4250  3893    
 4251 WAT  17180 17182     3  4251  3894    
 4252 WAT  17183 17185     3  4252  3895    
 4253 WAT  17186 17188     3  4253  3896    
 4254 WAT  17189 17191     3  4254  3897    
 4255 WAT  17192 17194     3  4255  3898    
 4256 WAT  17195 17197     3  4256  3899    
 4257 WAT  17198 17200     3  4257  3900    
 4258 WAT  17201 17203     3  4258  3901    
 4259 WAT  17204 17206     3  4259  3902    
 4260 WAT  17207 17209     3  4260  3903    
 4261 WAT  17210 17212     3  4261  3904    
 4262 WAT  17213 17215     3  4262  3905    
 4263 WAT  17216 17218     3  4263  3906    
 4264 WAT  17219 17221     3  4264  3907    
 4265 WAT  17222 17224     3  4265  3908    
 4266 WAT  17225 17227     3  4266  3909    
 4267 WAT  17228 17230     3  4267  3910    
 4268 WAT  17231 17233     3  4268  3911    
 4269 WAT  17234 17236     3  4269  3912    
 4270 WAT  17237 17239     3  4270  3913    
 4271 WAT  17240 17242     3  4271  3914    
 4272 WAT  17243 17245     3  4272  3915    
 4273 WAT  17246 17248     3  4273  3916    
 4274 WAT  17249 17251     3  4274  3917    
 4275 WAT  17252 17254     3  4275  3918    
 4276 WAT  17255 17257     3  4276  3919    
 4277 WAT  17258 17260     3  4277  3920    
 4278 WAT  17261 17263     3  4278  3921    
 4279 WAT  17264 17266     3  4279  3922    
 4280 WAT  17267 17269     3  4280  3923    
 4281 WAT  17270 17272     3  4281  3924    
 4282 WAT  17273 17275     3  4282  3925    
 4283 WAT  17276 17278     3  4283  3926    
 4284 WAT  17279 17281     3  4284  3927    
 4285 WAT  17282 17284     3  4285  3928    
 4286 WAT  17285 17287     3  4286  3929    
 4287 WAT  17288 17290     3  4287  3930    
 4288 WAT  17291 17293     3  4288  3931    
 4289 WAT  17294 17296     3  4289  3932    
 4290 WAT  17297 17299     3  4290  3933    
 4291 WAT  17300 17302     3  4291  3934    
 4292 WAT  17303 17305     3  4292  3935    
 4293 WAT  17306 17308     3  4293  3936    
 4294 WAT  17309 17311     3  4294  3937    
 4295 WAT  17312 17314     3  4295  3938    
 4296 WAT  17315 17317     3  4296  3939    
 4297 WAT  17318 17320     3  4297  3940    
 4298 WAT  17321 17323     3  4298  3941    
 4299 WAT  17324 17326     3  4299  3942    
 4300 WAT  17327 17329     3  4300  3943    
 4301 WAT  17330 17332     3  4301  3944    
 4302 WAT  17333 17335     3  4302  3945    
 4303 WAT  17336 17338     3  4303  3946    
 4304 WAT  17339 17341     3  4304  3947    
 4305 WAT  17342 17344     3  4305  3948    
 4306 WAT  17345 17347     3  4306  3949    
 4307 WAT  17348 17350     3  4307  3950    
 4308 WAT  17351 17353     3  4308  3951    
 4309 WAT  17354 17356     3  4309  3952    
 4310 WAT  17357 17359     3  4310  3953    
 4311 WAT  17360 17362     3  4311  3954    
 4312 WAT  17363 17365     3  4312  3955    
 4313 WAT  17366 17368     3  4313  3956    
 4314 WAT  17369 17371     3  4314  3957    
 4315 WAT  17372 17374     3  4315  3958    
 4316 WAT  17375 17377     3  4316  3959    
 4317 WAT  17378 17380     3  4317  3960    
 4318 WAT  17381 17383     3  4318  3961    
 4319 WAT  17384 17386     3  4319  3962    
 4320 WAT  17387 17389     3  4320  3963    
 4321 WAT  17390 17392     3  4321  3964    
 4322 WAT  17393 17395     3  4322  3965    
 4323 WAT  17396 17398     3  4323  3966    
 4324 WAT  17399 17401     3  4324  3967    
 4325 WAT  17402 17404     3  4325  3968    
 4326 WAT  17405 17407     3  4326  3969    
 4327 WAT  17408 17410     3  4327  3970    
 4328 WAT  17411 17413     3  4328  3971    
 4329 WAT  17414 17416     3  4329  3972    
 4330 WAT  17417 17419     3  4330  3973    
 4331 WAT  17420 17422     3  4331  3974    
 4332 WAT  17423 17425     3  4332  3975    
 4333 WAT  17426 17428     3  4333  3976    
 4334 WAT  17429 17431     3  4334  3977    
 4335 WAT  17432 17434     3  4335  3978    
 4336 WAT  17435 17437     3  4336  3979    
 4337 WAT  17438 17440     3  4337  3980    
 4338 WAT  17441 17443     3  4338  3981    
 4339 WAT  17444 17446     3  4339  3982    
 4340 WAT  17447 17449     3  4340  3983    
 4341 WAT  17450 17452     3  4341  3984    
 4342 WAT  17453 17455     3  4342  3985    
 4343 WAT  17456 17458     3  4343  3986    
 4344 WAT  17459 17461     3  4344  3987    
 4345 WAT  17462 17464     3  4345  3988    
 4346 WAT  17465 17467     3  4346  3989    
 4347 WAT  17468 17470     3  4347  3990    
 4348 WAT  17471 17473     3  4348  3991    
 4349 WAT  17474 17476     3  4349  3992    
 4350 WAT  17477 17479     3  4350  3993    
 4351 WAT  17480 17482     3  4351  3994    
 4352 WAT  17483 17485     3  4352  3995    
 4353 WAT  17486 17488     3  4353  3996    
 4354 WAT  17489 17491     3  4354  3997    
 4355 WAT  17492 17494     3  4355  3998    
 4356 WAT  17495 17497     3  4356  3999    
 4357 WAT  17498 17500     3  4357  4000    
 4358 WAT  17501 17503     3  4358  4001    
 4359 WAT  17504 17506     3  4359  4002    
 4360 WAT  17507 17509     3  4360  4003    
 4361 WAT  17510 17512     3  4361  4004    
 4362 WAT  17513 17515     3  4362  4005    
 4363 WAT  17516 17518     3  4363  4006    
 4364 WAT  17519 17521     3  4364  4007    
 4365 WAT  17522 17524     3  4365  4008    
 4366 WAT  17525 17527     3  4366  4009    
 4367 WAT  17528 17530     3  4367  4010    
 4368 WAT  17531 17533     3  4368  4011    
 4369 WAT  17534 17536     3  4369  4012    
 4370 WAT  17537 17539     3  4370  4013    
 4371 WAT  17540 17542     3  4371  4014    
 4372 WAT  17543 17545     3  4372  4015    
 4373 WAT  17546 17548     3  4373  4016    
 4374 WAT  17549 17551     3  4374  4017    
 4375 WAT  17552 17554     3  4375  4018    
 4376 WAT  17555 17557     3  4376  4019    
 4377 WAT  17558 17560     3  4377  4020    
 4378 WAT  17561 17563     3  4378  4021    
 4379 WAT  17564 17566     3  4379  4022    
 4380 WAT  17567 17569     3  4380  4023    
 4381 WAT  17570 17572     3  4381  4024    
 4382 WAT  17573 17575     3  4382  4025    
 4383 WAT  17576 17578     3  4383  4026    
 4384 WAT  17579 17581     3  4384  4027    
 4385 WAT  17582 17584     3  4385  4028    
 4386 WAT  17585 17587     3  4386  4029    
 4387 WAT  17588 17590     3  4387  4030    
 4388 WAT  17591 17593     3  4388  4031    
 4389 WAT  17594 17596     3  4389  4032    
 4390 WAT  17597 17599     3  4390  4033    
 4391 WAT  17600 17602     3  4391  4034    
 4392 WAT  17603 17605     3  4392  4035    
 4393 WAT  17606 17608     3  4393  4036    
 4394 WAT  17609 17611     3  4394  4037    
 4395 WAT  17612 17614     3  4395  4038    
 4396 WAT  17615 17617     3  4396  4039    
 4397 WAT  17618 17620     3  4397  4040    
 4398 WAT  17621 17623     3  4398  4041    
 4399 WAT  17624 17626     3  4399  4042    
 4400 WAT  17627 17629     3  4400  4043    
 4401 WAT  17630 17632     3  4401  4044    
 4402 WAT  17633 17635     3  4402  4045    
 4403 WAT  17636 17638     3  4403  4046    
 4404 WAT  17639 17641     3  4404  4047    
 4405 WAT  17642 17644     3  4405  4048    
 4406 WAT  17645 17647     3  4406  4049    
 4407 WAT  17648 17650     3  4407  4050    
 4408 WAT  17651 17653     3  4408  4051    
 4409 WAT  17654 17656     3  4409  4052    
 4410 WAT  17657 17659     3  4410  4053    
 4411 WAT  17660 17662     3  4411  4054    
 4412 WAT  17663 17665     3  4412  4055    
 4413 WAT  17666 17668     3  4413  4056    
 4414 WAT  17669 17671     3  4414  4057    
 4415 WAT  17672 17674     3  4415  4058    
 4416 WAT  17675 17677     3  4416  4059    
 4417 WAT  17678 17680     3  4417  4060    
 4418 WAT  17681 17683     3  4418  4061    
 4419 WAT  17684 17686     3  4419  4062    
 4420 WAT  17687 17689     3  4420  4063    
 4421 WAT  17690 17692     3  4421  4064    
 4422 WAT  17693 17695     3  4422  4065    
 4423 WAT  17696 17698     3  4423  4066    
 4424 WAT  17699 17701     3  4424  4067    
 4425 WAT  17702 17704     3  4425  4068    
 4426 WAT  17705 17707     3  4426  4069    
 4427 WAT  17708 17710     3  4427  4070    
 4428 WAT  17711 17713     3  4428  4071    
 4429 WAT  17714 17716     3  4429  4072    
 4430 WAT  17717 17719     3  4430  4073    
 4431 WAT  17720 17722     3  4431  4074    
 4432 WAT  17723 17725     3  4432  4075    
 4433 WAT  17726 17728     3  4433  4076    
 4434 WAT  17729 17731     3  4434  4077    
 4435 WAT  17732 17734     3  4435  4078    
 4436 WAT  17735 17737     3  4436  4079    
 4437 WAT  17738 17740     3  4437  4080    
 4438 WAT  17741 17743     3  4438  4081    
 4439 WAT  17744 17746     3  4439  4082    
 4440 WAT  17747 17749     3  4440  4083    
 4441 WAT  17750 17752     3  4441  4084    
 4442 WAT  17753 17755     3  4442  4085    
 4443 WAT  17756 17758     3  4443  4086    
 4444 WAT  17759 17761     3  4444  4087    
 4445 WAT  17762 17764     3  4445  4088    
 4446 WAT  17765 17767     3  4446  4089    
 4447 WAT  17768 17770     3  4447  4090    
 4448 WAT  17771 17773     3  4448  4091    
 4449 WAT  17774 17776     3  4449  4092    
 4450 WAT  17777 17779     3  4450  4093    
 4451 WAT  17780 17782     3  4451  4094    
 4452 WAT  17783 17785     3  4452  4095    
 4453 WAT  17786 17788     3  4453  4096    
 4454 WAT  17789 17791     3  4454  4097    
 4455 WAT  17792 17794     3  4455  4098    
 4456 WAT  17795 17797     3  4456  4099    
 4457 WAT  17798 17800     3  4457  4100    
 4458 WAT  17801 17803     3  4458  4101    
 4459 WAT  17804 17806     3  4459  4102    
 4460 WAT  17807 17809     3  4460  4103    
 4461 WAT  17810 17812     3  4461  4104    
 4462 WAT  17813 17815     3  4462  4105    
 4463 WAT  17816 17818     3  4463  4106    
 4464 WAT  17819 17821     3  4464  4107    
 4465 WAT  17822 17824     3  4465  4108    
 4466 WAT  17825 17827     3  4466  4109    
 4467 WAT  17828 17830     3  4467  4110    
 4468 WAT  17831 17833     3  4468  4111    
 4469 WAT  17834 17836     3  4469  4112    
 4470 WAT  17837 17839     3  4470  4113    
 4471 WAT  17840 17842     3  4471  4114    
 4472 WAT  17843 17845     3  4472  4115    
 4473 WAT  17846 17848     3  4473  4116    
 4474 WAT  17849 17851     3  4474  4117    
 4475 WAT  17852 17854     3  4475  4118    
 4476 WAT  17855 17857     3  4476  4119    
 4477 WAT  17858 17860     3  4477  4120    
 4478 WAT  17861 17863     3  4478  4121    
 4479 WAT  17864 17866     3  4479  4122    
 4480 WAT  17867 17869     3  4480  4123    
 4481 WAT  17870 17872     3  4481  4124    
 4482 WAT  17873 17875     3  4482  4125    
 4483 WAT  17876 17878     3  4483  4126    
 4484 WAT  17879 17881     3  4484  4127    
 4485 WAT  17882 17884     3  4485  4128    
 4486 WAT  17885 17887     3  4486  4129    
 4487 WAT  17888 17890     3  4487  4130    
 4488 WAT  17891 17893     3  4488  4131    
 4489 WAT  17894 17896     3  4489  4132    
 4490 WAT  17897 17899     3  4490  4133    
 4491 WAT  17900 17902     3  4491  4134    
 4492 WAT  17903 17905     3  4492  4135    
 4493 WAT  17906 17908     3  4493  4136    
 4494 WAT  17909 17911     3  4494  4137    
 4495 WAT  17912 17914     3  4495  4138    
 4496 WAT  17915 17917     3  4496  4139    
 4497 WAT  17918 17920     3  4497  4140    
 4498 WAT  17921 17923     3  4498  4141    
 4499 WAT  17924 17926     3  4499  4142    
 4500 WAT  17927 17929     3  4500  4143    
 4501 WAT  17930 17932     3  4501  4144    
 4502 WAT  17933 17935     3  4502  4145    
 4503 WAT  17936 17938     3  4503  4146    
 4504 WAT  17939 17941     3  4504  4147    
 4505 WAT  17942 17944     3  4505  4148    
 4506 WAT  17945 17947     3  4506  4149    
 4507 WAT  17948 17950     3  4507  4150    
 4508 WAT  17951 17953     3  4508  4151    
 4509 WAT  17954 17956     3  4509  4152    
 4510 WAT  17957 17959     3  4510  4153    
 4511 WAT  17960 17962     3  4511  4154    
 4512 WAT  17963 17965     3  4512  4155    
 4513 WAT  17966 17968     3  4513  4156    
 4514 WAT  17969 17971     3  4514  4157    
 4515 WAT  17972 17974     3  4515  4158    
 4516 WAT  17975 17977     3  4516  4159    
 4517 WAT  17978 17980     3  4517  4160    
 4518 WAT  17981 17983     3  4518  4161    
 4519 WAT  17984 17986     3  4519  4162    
 4520 WAT  17987 17989     3  4520  4163    
 4521 WAT  17990 17992     3  4521  4164    
 4522 WAT  17993 17995     3  4522  4165    
 4523 WAT  17996 17998     3  4523  4166    
 4524 WAT  17999 18001     3  4524  4167    
 4525 WAT  18002 18004     3  4525  4168    
 4526 WAT  18005 18007     3  4526  4169    
 4527 WAT  18008 18010     3  4527  4170    
 4528 WAT  18011 18013     3  4528  4171    
 4529 WAT  18014 18016     3  4529  4172    
 4530 WAT  18017 18019     3  4530  4173    
 4531 WAT  18020 18022     3  4531  4174    
 4532 WAT  18023 18025     3  4532  4175    
 4533 WAT  18026 18028     3  4533  4176    
 4534 WAT  18029 18031     3  4534  4177    
 4535 WAT  18032 18034     3  4535  4178    
 4536 WAT  18035 18037     3  4536  4179    
 4537 WAT  18038 18040     3  4537  4180    
 4538 WAT  18041 18043     3  4538  4181    
 4539 WAT  18044 18046     3  4539  4182    
 4540 WAT  18047 18049     3  4540  4183    
 4541 WAT  18050 18052     3  4541  4184    
 4542 WAT  18053 18055     3  4542  4185    
 4543 WAT  18056 18058     3  4543  4186    
 4544 WAT  18059 18061     3  4544  4187    
 4545 WAT  18062 18064     3  4545  4188    
 4546 WAT  18065 18067     3  4546  4189    
 4547 WAT  18068 18070     3  4547  4190    
 4548 WAT  18071 18073     3  4548  4191    
 4549 WAT  18074 18076     3  4549  4192    
 4550 WAT  18077 18079     3  4550  4193    
 4551 WAT  18080 18082     3  4551  4194    
 4552 WAT  18083 18085     3  4552  4195    
 4553 WAT  18086 18088     3  4553  4196    
 4554 WAT  18089 18091     3  4554  4197    
 4555 WAT  18092 18094     3  4555  4198    
 4556 WAT  18095 18097     3  4556  4199    
 4557 WAT  18098 18100     3  4557  4200    
 4558 WAT  18101 18103     3  4558  4201    
 4559 WAT  18104 18106     3  4559  4202    
 4560 WAT  18107 18109     3  4560  4203    
 4561 WAT  18110 18112     3  4561  4204    
 4562 WAT  18113 18115     3  4562  4205    
 4563 WAT  18116 18118     3  4563  4206    
 4564 WAT  18119 18121     3  4564  4207    
 4565 WAT  18122 18124     3  4565  4208    
 4566 WAT  18125 18127     3  4566  4209    
 4567 WAT  18128 18130     3  4567  4210    
 4568 WAT  18131 18133     3  4568  4211    
 4569 WAT  18134 18136     3  4569  4212    
 4570 WAT  18137 18139     3  4570  4213    
 4571 WAT  18140 18142     3  4571  4214    
 4572 WAT  18143 18145     3  4572  4215    
 4573 WAT  18146 18148     3  4573  4216    
 4574 WAT  18149 18151     3  4574  4217    
 4575 WAT  18152 18154     3  4575  4218    
 4576 WAT  18155 18157     3  4576  4219    
 4577 WAT  18158 18160     3  4577  4220    
 4578 WAT  18161 18163     3  4578  4221    
 4579 WAT  18164 18166     3  4579  4222    
 4580 WAT  18167 18169     3  4580  4223    
 4581 WAT  18170 18172     3  4581  4224    
 4582 WAT  18173 18175     3  4582  4225    
 4583 WAT  18176 18178     3  4583  4226    
 4584 WAT  18179 18181     3  4584  4227    
 4585 WAT  18182 18184     3  4585  4228    
 4586 WAT  18185 18187     3  4586  4229    
 4587 WAT  18188 18190     3  4587  4230    
 4588 WAT  18191 18193     3  4588  4231    
 4589 WAT  18194 18196     3  4589  4232    
 4590 WAT  18197 18199     3  4590  4233    
 4591 WAT  18200 18202     3  4591  4234    
 4592 WAT  18203 18205     3  4592  4235    
 4593 WAT  18206 18208     3  4593  4236    
 4594 WAT  18209 18211     3  4594  4237    
 4595 WAT  18212 18214     3  4595  4238    
 4596 WAT  18215 18217     3  4596  4239    
 4597 WAT  18218 18220     3  4597  4240    
 4598 WAT  18221 18223     3  4598  4241    
 4599 WAT  18224 18226     3  4599  4242    
 4600 WAT  18227 18229     3  4600  4243    
 4601 WAT  18230 18232     3  4601  4244    
 4602 WAT  18233 18235     3  4602  4245    
 4603 WAT  18236 18238     3  4603  4246    
 4604 WAT  18239 18241     3  4604  4247    
 4605 WAT  18242 18244     3  4605  4248    
 4606 WAT  18245 18247     3  4606  4249    
 4607 WAT  18248 18250     3  4607  4250    
 4608 WAT  18251 18253     3  4608  4251    
 4609 WAT  18254 18256     3  4609  4252    
 4610 WAT  18257 18259     3  4610  4253    
 4611 WAT  18260 18262     3  4611  4254    
 4612 WAT  18263 18265     3  4612  4255    
 4613 WAT  18266 18268     3  4613  4256    
 4614 WAT  18269 18271     3  4614  4257    
 4615 WAT  18272 18274     3  4615  4258    
 4616 WAT  18275 18277     3  4616  4259    
 4617 WAT  18278 18280     3  4617  4260    
 4618 WAT  18281 18283     3  4618  4261    
 4619 WAT  18284 18286     3  4619  4262    
 4620 WAT  18287 18289     3  4620  4263    
 4621 WAT  18290 18292     3  4621  4264    
 4622 WAT  18293 18295     3  4622  4265    
 4623 WAT  18296 18298     3  4623  4266    
 4624 WAT  18299 18301     3  4624  4267    
 4625 WAT  18302 18304     3  4625  4268    
 4626 WAT  18305 18307     3  4626  4269    
 4627 WAT  18308 18310     3  4627  4270    
 4628 WAT  18311 18313     3  4628  4271    
 4629 WAT  18314 18316     3  4629  4272    
 4630 WAT  18317 18319     3  4630  4273    
 4631 WAT  18320 18322     3  4631  4274    
 4632 WAT  18323 18325     3  4632  4275    
 4633 WAT  18326 18328     3  4633  4276    
 4634 WAT  18329 18331     3  4634  4277    
 4635 WAT  18332 18334     3  4635  4278    
 4636 WAT  18335 18337     3  4636  4279    
 4637 WAT  18338 18340     3  4637  4280    
 4638 WAT  18341 18343     3  4638  4281    
 4639 WAT  18344 18346     3  4639  4282    
 4640 WAT  18347 18349     3  4640  4283    
 4641 WAT  18350 18352     3  4641  4284    
 4642 WAT  18353 18355     3  4642  4285    
 4643 WAT  18356 18358     3  4643  4286    
 4644 WAT  18359 18361     3  4644  4287    
 4645 WAT  18362 18364     3  4645  4288    
 4646 WAT  18365 18367     3  4646  4289    
 4647 WAT  18368 18370     3  4647  4290    
 4648 WAT  18371 18373     3  4648  4291    
 4649 WAT  18374 18376     3  4649  4292    
 4650 WAT  18377 18379     3  4650  4293    
 4651 WAT  18380 18382     3  4651  4294    
 4652 WAT  18383 18385     3  4652  4295    
 4653 WAT  18386 18388     3  4653  4296    
 4654 WAT  18389 18391     3  4654  4297    
 4655 WAT  18392 18394     3  4655  4298    
 4656 WAT  18395 18397     3  4656  4299    
 4657 WAT  18398 18400     3  4657  4300    
 4658 WAT  18401 18403     3  4658  4301    
 4659 WAT  18404 18406     3  4659  4302    
 4660 WAT  18407 18409     3  4660  4303    
 4661 WAT  18410 18412     3  4661  4304    
 4662 WAT  18413 18415     3  4662  4305    
 4663 WAT  18416 18418     3  4663  4306    
 4664 WAT  18419 18421     3  4664  4307    
 4665 WAT  18422 18424     3  4665  4308    
 4666 WAT  18425 18427     3  4666  4309    
 4667 WAT  18428 18430     3  4667  4310    
 4668 WAT  18431 18433     3  4668  4311    
 4669 WAT  18434 18436     3  4669  4312    
 4670 WAT  18437 18439     3  4670  4313    
 4671 WAT  18440 18442     3  4671  4314    
 4672 WAT  18443 18445     3  4672  4315    
 4673 WAT  18446 18448     3  4673  4316    
 4674 WAT  18449 18451     3  4674  4317    
 4675 WAT  18452 18454     3  4675  4318    
 4676 WAT  18455 18457     3  4676  4319    
 4677 WAT  18458 18460     3  4677  4320    
 4678 WAT  18461 18463     3  4678  4321    
 4679 WAT  18464 18466     3  4679  4322    
 4680 WAT  18467 18469     3  4680  4323    
 4681 WAT  18470 18472     3  4681  4324    
 4682 WAT  18473 18475     3  4682  4325    
 4683 WAT  18476 18478     3  4683  4326    
 4684 WAT  18479 18481     3  4684  4327    
 4685 WAT  18482 18484     3  4685  4328    
 4686 WAT  18485 18487     3  4686  4329    
 4687 WAT  18488 18490     3  4687  4330    
 4688 WAT  18491 18493     3  4688  4331    
 4689 WAT  18494 18496     3  4689  4332    
 4690 WAT  18497 18499     3  4690  4333    
 4691 WAT  18500 18502     3  4691  4334    
 4692 WAT  18503 18505     3  4692  4335    
 4693 WAT  18506 18508     3  4693  4336    
 4694 WAT  18509 18511     3  4694  4337    
 4695 WAT  18512 18514     3  4695  4338    
 4696 WAT  18515 18517     3  4696  4339    
 4697 WAT  18518 18520     3  4697  4340    
 4698 WAT  18521 18523     3  4698  4341    
 4699 WAT  18524 18526     3  4699  4342    
 4700 WAT  18527 18529     3  4700  4343    
 4701 WAT  18530 18532     3  4701  4344    
 4702 WAT  18533 18535     3  4702  4345    
 4703 WAT  18536 18538     3  4703  4346    
 4704 WAT  18539 18541     3  4704  4347    
 4705 WAT  18542 18544     3  4705  4348    
 4706 WAT  18545 18547     3  4706  4349    
 4707 WAT  18548 18550     3  4707  4350    
 4708 WAT  18551 18553     3  4708  4351    
 4709 WAT  18554 18556     3  4709  4352    
 4710 WAT  18557 18559     3  4710  4353    
 4711 WAT  18560 18562     3  4711  4354    
 4712 WAT  18563 18565     3  4712  4355    
 4713 WAT  18566 18568     3  4713  4356    
 4714 WAT  18569 18571     3  4714  4357    
 4715 WAT  18572 18574     3  4715  4358    
 4716 WAT  18575 18577     3  4716  4359    
 4717 WAT  18578 18580     3  4717  4360    
 4718 WAT  18581 18583     3  4718  4361    
 4719 WAT  18584 18586     3  4719  4362    
 4720 WAT  18587 18589     3  4720  4363    
 4721 WAT  18590 18592     3  4721  4364    
 4722 WAT  18593 18595     3  4722  4365    
 4723 WAT  18596 18598     3  4723  4366    
 4724 WAT  18599 18601     3  4724  4367    
 4725 WAT  18602 18604     3  4725  4368    
 4726 WAT  18605 18607     3  4726  4369    
 4727 WAT  18608 18610     3  4727  4370    
 4728 WAT  18611 18613     3  4728  4371    
 4729 WAT  18614 18616     3  4729  4372    
 4730 WAT  18617 18619     3  4730  4373    
 4731 WAT  18620 18622     3  4731  4374    
 4732 WAT  18623 18625     3  4732  4375    
 4733 WAT  18626 18628     3  4733  4376    
 4734 WAT  18629 18631     3  4734  4377    
 4735 WAT  18632 18634     3  4735  4378    
 4736 WAT  18635 18637     3  4736  4379    
 4737 WAT  18638 18640     3  4737  4380    
 4738 WAT  18641 18643     3  4738  4381    
 4739 WAT  18644 18646     3  4739  4382    
 4740 WAT  18647 18649     3  4740  4383    
 4741 WAT  18650 18652     3  4741  4384    
 4742 WAT  18653 18655     3  4742  4385    
 4743 WAT  18656 18658     3  4743  4386    
 4744 WAT  18659 18661     3  4744  4387    
 4745 WAT  18662 18664     3  4745  4388    
 4746 WAT  18665 18667     3  4746  4389    
 4747 WAT  18668 18670     3  4747  4390    
 4748 WAT  18671 18673     3  4748  4391    
 4749 WAT  18674 18676     3  4749  4392    
 4750 WAT  18677 18679     3  4750  4393    
 4751 WAT  18680 18682     3  4751  4394    
 4752 WAT  18683 18685     3  4752  4395    
 4753 WAT  18686 18688     3  4753  4396    
 4754 WAT  18689 18691     3  4754  4397    
 4755 WAT  18692 18694     3  4755  4398    
 4756 WAT  18695 18697     3  4756  4399    
 4757 WAT  18698 18700     3  4757  4400    
 4758 WAT  18701 18703     3  4758  4401    
 4759 WAT  18704 18706     3  4759  4402    
 4760 WAT  18707 18709     3  4760  4403    
 4761 WAT  18710 18712     3  4761  4404    
 4762 WAT  18713 18715     3  4762  4405    
 4763 WAT  18716 18718     3  4763  4406    
 4764 WAT  18719 18721     3  4764  4407    
 4765 WAT  18722 18724     3  4765  4408    
 4766 WAT  18725 18727     3  4766  4409    
 4767 WAT  18728 18730     3  4767  4410    
 4768 WAT  18731 18733     3  4768  4411    
 4769 WAT  18734 18736     3  4769  4412    
 4770 WAT  18737 18739     3  4770  4413    
 4771 WAT  18740 18742     3  4771  4414    
 4772 WAT  18743 18745     3  4772  4415    
 4773 WAT  18746 18748     3  4773  4416    
 4774 WAT  18749 18751     3  4774  4417    
 4775 WAT  18752 18754     3  4775  4418    
 4776 WAT  18755 18757     3  4776  4419    
 4777 WAT  18758 18760     3  4777  4420    
 4778 WAT  18761 18763     3  4778  4421    
 4779 WAT  18764 18766     3  4779  4422    
 4780 WAT  18767 18769     3  4780  4423    
 4781 WAT  18770 18772     3  4781  4424    
 4782 WAT  18773 18775     3  4782  4425    
 4783 WAT  18776 18778     3  4783  4426    
 4784 WAT  18779 18781     3  4784  4427    
 4785 WAT  18782 18784     3  4785  4428    
 4786 WAT  18785 18787     3  4786  4429    
 4787 WAT  18788 18790     3  4787  4430    
 4788 WAT  18791 18793     3  4788  4431    
 4789 WAT  18794 18796     3  4789  4432    
 4790 WAT  18797 18799     3  4790  4433    
 4791 WAT  18800 18802     3  4791  4434    
 4792 WAT  18803 18805     3  4792  4435    
 4793 WAT  18806 18808     3  4793  4436    
 4794 WAT  18809 18811     3  4794  4437    
 4795 WAT  18812 18814     3  4795  4438    
 4796 WAT  18815 18817     3  4796  4439    
 4797 WAT  18818 18820     3  4797  4440    
 4798 WAT  18821 18823     3  4798  4441    
 4799 WAT  18824 18826     3  4799  4442    
 4800 WAT  18827 18829     3  4800  4443    
 4801 WAT  18830 18832     3  4801  4444    
 4802 WAT  18833 18835     3  4802  4445    
 4803 WAT  18836 18838     3  4803  4446    
 4804 WAT  18839 18841     3  4804  4447    
 4805 WAT  18842 18844     3  4805  4448    
 4806 WAT  18845 18847     3  4806  4449    
 4807 WAT  18848 18850     3  4807  4450    
 4808 WAT  18851 18853     3  4808  4451    
 4809 WAT  18854 18856     3  4809  4452    
 4810 WAT  18857 18859     3  4810  4453    
 4811 WAT  18860 18862     3  4811  4454    
 4812 WAT  18863 18865     3  4812  4455    
 4813 WAT  18866 18868     3  4813  4456    
 4814 WAT  18869 18871     3  4814  4457    
 4815 WAT  18872 18874     3  4815  4458    
 4816 WAT  18875 18877     3  4816  4459    
 4817 WAT  18878 18880     3  4817  4460    
 4818 WAT  18881 18883     3  4818  4461    
 4819 WAT  18884 18886     3  4819  4462    
 4820 WAT  18887 18889     3  4820  4463    
 4821 WAT  18890 18892     3  4821  4464    
 4822 WAT  18893 18895     3  4822  4465    
 4823 WAT  18896 18898     3  4823  4466    
 4824 WAT  18899 18901     3  4824  4467    
 4825 WAT  18902 18904     3  4825  4468    
 4826 WAT  18905 18907     3  4826  4469    
 4827 WAT  18908 18910     3  4827  4470    
 4828 WAT  18911 18913     3  4828  4471    
 4829 WAT  18914 18916     3  4829  4472    
 4830 WAT  18917 18919     3  4830  4473    
 4831 WAT  18920 18922     3  4831  4474    
 4832 WAT  18923 18925     3  4832  4475    
 4833 WAT  18926 18928     3  4833  4476    
 4834 WAT  18929 18931     3  4834  4477    
 4835 WAT  18932 18934     3  4835  4478    
 4836 WAT  18935 18937     3  4836  4479    
 4837 WAT  18938 18940     3  4837  4480    
 4838 WAT  18941 18943     3  4838  4481    
 4839 WAT  18944 18946     3  4839  4482    
 4840 WAT  18947 18949     3  4840  4483    
 4841 WAT  18950 18952     3  4841  4484    
 4842 WAT  18953 18955     3  4842  4485    
 4843 WAT  18956 18958     3  4843  4486    
 4844 WAT  18959 18961     3  4844  4487    
 4845 WAT  18962 18964     3  4845  4488    
 4846 WAT  18965 18967     3  4846  4489    
 4847 WAT  18968 18970     3  4847  4490    
 4848 WAT  18971 18973     3  4848  4491    
 4849 WAT  18974 18976     3  4849  4492    
 4850 WAT  18977 18979     3  4850  4493    
 4851 WAT  18980 18982     3  4851  4494    
 4852 WAT  18983 18985     3  4852  4495    
 4853 WAT  18986 18988     3  4853  4496    
 4854 WAT  18989 18991     3  4854  4497    
 4855 WAT  18992 18994     3  4855  4498    
 4856 WAT  18995 18997     3  4856  4499    
 4857 WAT  18998 19000     3  4857  4500    
 4858 WAT  19001 19003     3  4858  4501    
 4859 WAT  19004 19006     3  4859  4502    
 4860 WAT  19007 19009     3  4860  4503    
 4861 WAT  19010 19012     3  4861  4504    
 4862 WAT  19013 19015     3  4862  4505    
 4863 WAT  19016 19018     3  4863  4506    
 4864 WAT  19019 19021     3  4864  4507    
 4865 WAT  19022 19024     3  4865  4508    
 4866 WAT  19025 19027     3  4866  4509    
 4867 WAT  19028 19030     3  4867  4510    
 4868 WAT  19031 19033     3  4868  4511    
 4869 WAT  19034 19036     3  4869  4512    
 4870 WAT  19037 19039     3  4870  4513    
 4871 WAT  19040 19042     3  4871  4514    
 4872 WAT  19043 19045     3  4872  4515    
 4873 WAT  19046 19048     3  4873  4516    
 4874 WAT  19049 19051     3  4874  4517    
 4875 WAT  19052 19054     3  4875  4518    
 4876 WAT  19055 19057     3  4876  4519    
 4877 WAT  19058 19060     3  4877  4520    
 4878 WAT  19061 19063     3  4878  4521    
 4879 WAT  19064 19066     3  4879  4522    
 4880 WAT  19067 19069     3  4880  4523    
 4881 WAT  19070 19072     3  4881  4524    
 4882 WAT  19073 19075     3  4882  4525    
 4883 WAT  19076 19078     3  4883  4526    
 4884 WAT  19079 19081     3  4884  4527    
 4885 WAT  19082 19084     3  4885  4528    
 4886 WAT  19085 19087     3  4886  4529    
 4887 WAT  19088 19090     3  4887  4530    
 4888 WAT  19091 19093     3  4888  4531    
 4889 WAT  19094 19096     3  4889  4532    
 4890 WAT  19097 19099     3  4890  4533    
 4891 WAT  19100 19102     3  4891  4534    
 4892 WAT  19103 19105     3  4892  4535    
 4893 WAT  19106 19108     3  4893  4536    
 4894 WAT  19109 19111     3  4894  4537    
 4895 WAT  19112 19114     3  4895  4538    
 4896 WAT  19115 19117     3  4896  4539    
 4897 WAT  19118 19120     3  4897  4540    
 4898 WAT  19121 19123     3  4898  4541    
 4899 WAT  19124 19126     3  4899  4542    
 4900 WAT  19127 19129     3  4900  4543    
 4901 WAT  19130 19132     3  4901  4544    
 4902 WAT  19133 19135     3  4902  4545    
 4903 WAT  19136 19138     3  4903  4546    
 4904 WAT  19139 19141     3  4904  4547    
 4905 WAT  19142 19144     3  4905  4548    
 4906 WAT  19145 19147     3  4906  4549    
 4907 WAT  19148 19150     3  4907  4550    
 4908 WAT  19151 19153     3  4908  4551    
 4909 WAT  19154 19156     3  4909  4552    
 4910 WAT  19157 19159     3  4910  4553    
 4911 WAT  19160 19162     3  4911  4554    
 4912 WAT  19163 19165     3  4912  4555    
 4913 WAT  19166 19168     3  4913  4556    
 4914 WAT  19169 19171     3  4914  4557    
 4915 WAT  19172 19174     3  4915  4558    
 4916 WAT  19175 19177     3  4916  4559    
 4917 WAT  19178 19180     3  4917  4560    
 4918 WAT  19181 19183     3  4918  4561    
 4919 WAT  19184 19186     3  4919  4562    
 4920 WAT  19187 19189     3  4920  4563    
 4921 WAT  19190 19192     3  4921  4564    
 4922 WAT  19193 19195     3  4922  4565    
 4923 WAT  19196 19198     3  4923  4566    
 4924 WAT  19199 19201     3  4924  4567    
 4925 WAT  19202 19204     3  4925  4568    
 4926 WAT  19205 19207     3  4926  4569    
 4927 WAT  19208 19210     3  4927  4570    
 4928 WAT  19211 19213     3  4928  4571    
 4929 WAT  19214 19216     3  4929  4572    
 4930 WAT  19217 19219     3  4930  4573    
 4931 WAT  19220 19222     3  4931  4574    
 4932 WAT  19223 19225     3  4932  4575    
 4933 WAT  19226 19228     3  4933  4576    
 4934 WAT  19229 19231     3  4934  4577    
 4935 WAT  19232 19234     3  4935  4578    
 4936 WAT  19235 19237     3  4936  4579    
 4937 WAT  19238 19240     3  4937  4580    
 4938 WAT  19241 19243     3  4938  4581    
 4939 WAT  19244 19246     3  4939  4582    
 4940 WAT  19247 19249     3  4940  4583    
 4941 WAT  19250 19252     3  4941  4584    
 4942 WAT  19253 19255     3  4942  4585    
 4943 WAT  19256 19258     3  4943  4586    
 4944 WAT  19259 19261     3  4944  4587    
 4945 WAT  19262 19264     3  4945  4588    
 4946 WAT  19265 19267     3  4946  4589    
 4947 WAT  19268 19270     3  4947  4590    
 4948 WAT  19271 19273     3  4948  4591    
 4949 WAT  19274 19276     3  4949  4592    
 4950 WAT  19277 19279     3  4950  4593    
 4951 WAT  19280 19282     3  4951  4594    
 4952 WAT  19283 19285     3  4952  4595    
 4953 WAT  19286 19288     3  4953  4596    
 4954 WAT  19289 19291     3  4954  4597    
 4955 WAT  19292 19294     3  4955  4598    
 4956 WAT  19295 19297     3  4956  4599    
 4957 WAT  19298 19300     3  4957  4600    
 4958 WAT  19301 19303     3  4958  4601    
 4959 WAT  19304 19306     3  4959  4602    
 4960 WAT  19307 19309     3  4960  4603    
 4961 WAT  19310 19312     3  4961  4604    
 4962 WAT  19313 19315     3  4962  4605    
 4963 WAT  19316 19318     3  4963  4606    
 4964 WAT  19319 19321     3  4964  4607    
 4965 WAT  19322 19324     3  4965  4608    
 4966 WAT  19325 19327     3  4966  4609    
 4967 WAT  19328 19330     3  4967  4610    
 4968 WAT  19331 19333     3  4968  4611    
 4969 WAT  19334 19336     3  4969  4612    
 4970 WAT  19337 19339     3  4970  4613    
 4971 WAT  19340 19342     3  4971  4614    
 4972 WAT  19343 19345     3  4972  4615    
 4973 WAT  19346 19348     3  4973  4616    
 4974 WAT  19349 19351     3  4974  4617    
 4975 WAT  19352 19354     3  4975  4618    
 4976 WAT  19355 19357     3  4976  4619    
 4977 WAT  19358 19360     3  4977  4620    
 4978 WAT  19361 19363     3  4978  4621    
 4979 WAT  19364 19366     3  4979  4622    
 4980 WAT  19367 19369     3  4980  4623    
 4981 WAT  19370 19372     3  4981  4624    
 4982 WAT  19373 19375     3  4982  4625    
 4983 WAT  19376 19378     3  4983  4626    
 4984 WAT  19379 19381     3  4984  4627    
 4985 WAT  19382 19384     3  4985  4628    
 4986 WAT  19385 19387     3  4986  4629    
 4987 WAT  19388 19390     3  4987  4630    
 4988 WAT  19391 19393     3  4988  4631    
 4989 WAT  19394 19396     3  4989  4632    
 4990 WAT  19397 19399     3  4990  4633    
 4991 WAT  19400 19402     3  4991  4634    
 4992 WAT  19403 19405     3  4992  4635    
 4993 WAT  19406 19408     3  4993  4636    
 4994 WAT  19409 19411     3  4994  4637    
 4995 WAT  19412 19414     3  4995  4638    
 4996 WAT  19415 19417     3  4996  4639    
 4997 WAT  19418 19420     3  4997  4640    
 4998 WAT  19421 19423     3  4998  4641    
 4999 WAT  19424 19426     3  4999  4642    
 5000 WAT  19427 19429     3  5000  4643    
 5001 WAT  19430 19432     3  5001  4644    
 5002 WAT  19433 19435     3  5002  4645    
 5003 WAT  19436 19438     3  5003  4646    
 5004 WAT  19439 19441     3  5004  4647    
 5005 WAT  19442 19444     3  5005  4648    
 5006 WAT  19445 19447     3  5006  4649    
 5007 WAT  19448 19450     3  5007  4650    
 5008 WAT  19451 19453     3  5008  4651    
 5009 WAT  19454 19456     3  5009  4652    
 5010 WAT  19457 19459     3  5010  4653    
 5011 WAT  19460 19462     3  5011  4654    
 5012 WAT  19463 19465     3  5012  4655    
 5013 WAT  19466 19468     3  5013  4656    
 5014 WAT  19469 19471     3  5014  4657    
 5015 WAT  19472 19474     3  5015  4658    
 5016 WAT  19475 19477     3  5016  4659    
 5017 WAT  19478 19480     3  5017  4660    
 5018 WAT  19481 19483     3  5018  4661    
 5019 WAT  19484 19486     3  5019  4662    
 5020 WAT  19487 19489     3  5020  4663    
 5021 WAT  19490 19492     3  5021  4664    
 5022 WAT  19493 19495     3  5022  4665    
 5023 WAT  19496 19498     3  5023  4666    
 5024 WAT  19499 19501     3  5024  4667    
 5025 WAT  19502 19504     3  5025  4668    
 5026 WAT  19505 19507     3  5026  4669    
 5027 WAT  19508 19510     3  5027  4670    
 5028 WAT  19511 19513     3  5028  4671    
 5029 WAT  19514 19516     3  5029  4672    
 5030 WAT  19517 19519     3  5030  4673    
 5031 WAT  19520 19522     3  5031  4674    
 5032 WAT  19523 19525     3  5032  4675    
 5033 WAT  19526 19528     3  5033  4676    
 5034 WAT  19529 19531     3  5034  4677    
 5035 WAT  19532 19534     3  5035  4678    
 5036 WAT  19535 19537     3  5036  4679    
 5037 WAT  19538 19540     3  5037  4680    
 5038 WAT  19541 19543     3  5038  4681    
 5039 WAT  19544 19546     3  5039  4682    
 5040 WAT  19547 19549     3  5040  4683    
 5041 WAT  19550 19552     3  5041  4684    
 5042 WAT  19553 19555     3  5042  4685    
 5043 WAT  19556 19558     3  5043  4686    
 5044 WAT  19559 19561     3  5044  4687    
 5045 WAT  19562 19564     3  5045  4688    
 5046 WAT  19565 19567     3  5046  4689    
 5047 WAT  19568 19570     3  5047  4690    
 5048 WAT  19571 19573     3  5048  4691    
 5049 WAT  19574 19576     3  5049  4692    
 5050 WAT  19577 19579     3  5050  4693    
 5051 WAT  19580 19582     3  5051  4694    
 5052 WAT  19583 19585     3  5052  4695    
 5053 WAT  19586 19588     3  5053  4696    
 5054 WAT  19589 19591     3  5054  4697    
 5055 WAT  19592 19594     3  5055  4698    
 5056 WAT  19595 19597     3  5056  4699    
 5057 WAT  19598 19600     3  5057  4700    
 5058 WAT  19601 19603     3  5058  4701    
 5059 WAT  19604 19606     3  5059  4702    
 5060 WAT  19607 19609     3  5060  4703    
 5061 WAT  19610 19612     3  5061  4704    
 5062 WAT  19613 19615     3  5062  4705    
 5063 WAT  19616 19618     3  5063  4706    
 5064 WAT  19619 19621     3  5064  4707    
 5065 WAT  19622 19624     3  5065  4708    
 5066 WAT  19625 19627     3  5066  4709    
 5067 WAT  19628 19630     3  5067  4710    
 5068 WAT  19631 19633     3  5068  4711    
 5069 WAT  19634 19636     3  5069  4712    
 5070 WAT  19637 19639     3  5070  4713    
 5071 WAT  19640 19642     3  5071  4714    
 5072 WAT  19643 19645     3  5072  4715    
 5073 WAT  19646 19648     3  5073  4716    
 5074 WAT  19649 19651     3  5074  4717    
 5075 WAT  19652 19654     3  5075  4718    
 5076 WAT  19655 19657     3  5076  4719    
 5077 WAT  19658 19660     3  5077  4720    
 5078 WAT  19661 19663     3  5078  4721    
 5079 WAT  19664 19666     3  5079  4722    
 5080 WAT  19667 19669     3  5080  4723    
 5081 WAT  19670 19672     3  5081  4724    
 5082 WAT  19673 19675     3  5082  4725    
 5083 WAT  19676 19678     3  5083  4726    
 5084 WAT  19679 19681     3  5084  4727    
 5085 WAT  19682 19684     3  5085  4728    
 5086 WAT  19685 19687     3  5086  4729    
 5087 WAT  19688 19690     3  5087  4730    
 5088 WAT  19691 19693     3  5088  4731    
 5089 WAT  19694 19696     3  5089  4732    
 5090 WAT  19697 19699     3  5090  4733    
 5091 WAT  19700 19702     3  5091  4734    
 5092 WAT  19703 19705     3  5092  4735    
 5093 WAT  19706 19708     3  5093  4736    
 5094 WAT  19709 19711     3  5094  4737    
 5095 WAT  19712 19714     3  5095  4738    
 5096 WAT  19715 19717     3  5096  4739    
 5097 WAT  19718 19720     3  5097  4740    
 5098 WAT  19721 19723     3  5098  4741    
 5099 WAT  19724 19726     3  5099  4742    
 5100 WAT  19727 19729     3  5100  4743    
 5101 WAT  19730 19732     3  5101  4744    
 5102 WAT  19733 19735     3  5102  4745    
 5103 WAT  19736 19738     3  5103  4746    
 5104 WAT  19739 19741     3  5104  4747    
 5105 WAT  19742 19744     3  5105  4748    
 5106 WAT  19745 19747     3  5106  4749    
 5107 WAT  19748 19750     3  5107  4750    
 5108 WAT  19751 19753     3  5108  4751    
 5109 WAT  19754 19756     3  5109  4752    
 5110 WAT  19757 19759     3  5110  4753    
 5111 WAT  19760 19762     3  5111  4754    
 5112 WAT  19763 19765     3  5112  4755    
 5113 WAT  19766 19768     3  5113  4756    
 5114 WAT  19769 19771     3  5114  4757    
 5115 WAT  19772 19774     3  5115  4758    
 5116 WAT  19775 19777     3  5116  4759    
 5117 WAT  19778 19780     3  5117  4760    
 5118 WAT  19781 19783     3  5118  4761    
 5119 WAT  19784 19786     3  5119  4762    
 5120 WAT  19787 19789     3  5120  4763    
 5121 WAT  19790 19792     3  5121  4764    
 5122 WAT  19793 19795     3  5122  4765    
 5123 WAT  19796 19798     3  5123  4766    
 5124 WAT  19799 19801     3  5124  4767    
 5125 WAT  19802 19804     3  5125  4768    
 5126 WAT  19805 19807     3  5126  4769    
 5127 WAT  19808 19810     3  5127  4770    
 5128 WAT  19811 19813     3  5128  4771    
 5129 WAT  19814 19816     3  5129  4772    
 5130 WAT  19817 19819     3  5130  4773    
 5131 WAT  19820 19822     3  5131  4774    
 5132 WAT  19823 19825     3  5132  4775    
 5133 WAT  19826 19828     3  5133  4776    
 5134 WAT  19829 19831     3  5134  4777    
 5135 WAT  19832 19834     3  5135  4778    
 5136 WAT  19835 19837     3  5136  4779    
 5137 WAT  19838 19840     3  5137  4780    
 5138 WAT  19841 19843     3  5138  4781    
 5139 WAT  19844 19846     3  5139  4782    
 5140 WAT  19847 19849     3  5140  4783    
 5141 WAT  19850 19852     3  5141  4784    
 5142 WAT  19853 19855     3  5142  4785    
 5143 WAT  19856 19858     3  5143  4786    
 5144 WAT  19859 19861     3  5144  4787    
 5145 WAT  19862 19864     3  5145  4788    
 5146 WAT  19865 19867     3  5146  4789    
 5147 WAT  19868 19870     3  5147  4790    
 5148 WAT  19871 19873     3  5148  4791    
 5149 WAT  19874 19876     3  5149  4792    
 5150 WAT  19877 19879     3  5150  4793    
 5151 WAT  19880 19882     3  5151  4794    
 5152 WAT  19883 19885     3  5152  4795    
 5153 WAT  19886 19888     3  5153  4796    
 5154 WAT  19889 19891     3  5154  4797    
 5155 WAT  19892 19894     3  5155  4798    
 5156 WAT  19895 19897     3  5156  4799    
 5157 WAT  19898 19900     3  5157  4800    
 5158 WAT  19901 19903     3  5158  4801    
 5159 WAT  19904 19906     3  5159  4802    
 5160 WAT  19907 19909     3  5160  4803    
 5161 WAT  19910 19912     3  5161  4804    
 5162 WAT  19913 19915     3  5162  4805    
 5163 WAT  19916 19918     3  5163  4806    
 5164 WAT  19919 19921     3  5164  4807    
 5165 WAT  19922 19924     3  5165  4808    
 5166 WAT  19925 19927     3  5166  4809    
 5167 WAT  19928 19930     3  5167  4810    
 5168 WAT  19931 19933     3  5168  4811    
 5169 WAT  19934 19936     3  5169  4812    
 5170 WAT  19937 19939     3  5170  4813    
 5171 WAT  19940 19942     3  5171  4814    
 5172 WAT  19943 19945     3  5172  4815    
 5173 WAT  19946 19948     3  5173  4816    
 5174 WAT  19949 19951     3  5174  4817    
 5175 WAT  19952 19954     3  5175  4818    
 5176 WAT  19955 19957     3  5176  4819    
 5177 WAT  19958 19960     3  5177  4820    
 5178 WAT  19961 19963     3  5178  4821    
 5179 WAT  19964 19966     3  5179  4822    
 5180 WAT  19967 19969     3  5180  4823    
 5181 WAT  19970 19972     3  5181  4824    
 5182 WAT  19973 19975     3  5182  4825    
 5183 WAT  19976 19978     3  5183  4826    
 5184 WAT  19979 19981     3  5184  4827    
 5185 WAT  19982 19984     3  5185  4828    
 5186 WAT  19985 19987     3  5186  4829    
 5187 WAT  19988 19990     3  5187  4830    
 5188 WAT  19991 19993     3  5188  4831    
 5189 WAT  19994 19996     3  5189  4832    
 5190 WAT  19997 19999     3  5190  4833    
 5191 WAT  20000 20002     3  5191  4834    
 5192 WAT  20003 20005     3  5192  4835    
 5193 WAT  20006 20008     3  5193  4836    
 5194 WAT  20009 20011     3  5194  4837    
 5195 WAT  20012 20014     3  5195  4838    
 5196 WAT  20015 20017     3  5196  4839    
 5197 WAT  20018 20020     3  5197  4840    
 5198 WAT  20021 20023     3  5198  4841    
 5199 WAT  20024 20026     3  5199  4842    
 5200 WAT  20027 20029     3  5200  4843    
 5201 WAT  20030 20032     3  5201  4844    
 5202 WAT  20033 20035     3  5202  4845    
 5203 WAT  20036 20038     3  5203  4846    
 5204 WAT  20039 20041     3  5204  4847    
 5205 WAT  20042 20044     3  5205  4848    
 5206 WAT  20045 20047     3  5206  4849    
 5207 WAT  20048 20050     3  5207  4850    
 5208 WAT  20051 20053     3  5208  4851    
 5209 WAT  20054 20056     3  5209  4852    
 5210 WAT  20057 20059     3  5210  4853    
 5211 WAT  20060 20062     3  5211  4854    
 5212 WAT  20063 20065     3  5212  4855    
 5213 WAT  20066 20068     3  5213  4856    
 5214 WAT  20069 20071     3  5214  4857    
 5215 WAT  20072 20074     3  5215  4858    
 5216 WAT  20075 20077     3  5216  4859    
 5217 WAT  20078 20080     3  5217  4860    
 5218 WAT  20081 20083     3  5218  4861    
 5219 WAT  20084 20086     3  5219  4862    
 5220 WAT  20087 20089     3  5220  4863    
 5221 WAT  20090 20092     3  5221  4864    
 5222 WAT  20093 20095     3  5222  4865    
 5223 WAT  20096 20098     3  5223  4866    
 5224 WAT  20099 20101     3  5224  4867    
 5225 WAT  20102 20104     3  5225  4868    
 5226 WAT  20105 20107     3  5226  4869    
 5227 WAT  20108 20110     3  5227  4870    
 5228 WAT  20111 20113     3  5228  4871    
 5229 WAT  20114 20116     3  5229  4872    
 5230 WAT  20117 20119     3  5230  4873    
 5231 WAT  20120 20122     3  5231  4874    
 5232 WAT  20123 20125     3  5232  4875    
 5233 WAT  20126 20128     3  5233  4876    
 5234 WAT  20129 20131     3  5234  4877    
 5235 WAT  20132 20134     3  5235  4878    
 5236 WAT  20135 20137     3  5236  4879    
 5237 WAT  20138 20140     3  5237  4880    
 5238 WAT  20141 20143     3  5238  4881    
 5239 WAT  20144 20146     3  5239  4882    
 5240 WAT  20147 20149     3  5240  4883    
 5241 WAT  20150 20152     3  5241  4884    
 5242 WAT  20153 20155     3  5242  4885    
 5243 WAT  20156 20158     3  5243  4886    
 5244 WAT  20159 20161     3  5244  4887    
 5245 WAT  20162 20164     3  5245  4888    
 5246 WAT  20165 20167     3  5246  4889    
 5247 WAT  20168 20170     3  5247  4890    
 5248 WAT  20171 20173     3  5248  4891    
 5249 WAT  20174 20176     3  5249  4892    
 5250 WAT  20177 20179     3  5250  4893    
 5251 WAT  20180 20182     3  5251  4894    
 5252 WAT  20183 20185     3  5252  4895    
 5253 WAT  20186 20188     3  5253  4896    
 5254 WAT  20189 20191     3  5254  4897    
 5255 WAT  20192 20194     3  5255  4898    
 5256 WAT  20195 20197     3  5256  4899    
 5257 WAT  20198 20200     3  5257  4900    
 5258 WAT  20201 20203     3  5258  4901    
 5259 WAT  20204 20206     3  5259  4902    
 5260 WAT  20207 20209     3  5260  4903    
 5261 WAT  20210 20212     3  5261  4904    
 5262 WAT  20213 20215     3  5262  4905    
 5263 WAT  20216 20218     3  5263  4906    
 5264 WAT  20219 20221     3  5264  4907    
 5265 WAT  20222 20224     3  5265  4908    
 5266 WAT  20225 20227     3  5266  4909    
 5267 WAT  20228 20230     3  5267  4910    
 5268 WAT  20231 20233     3  5268  4911    
 5269 WAT  20234 20236     3  5269  4912    
 5270 WAT  20237 20239     3  5270  4913    
 5271 WAT  20240 20242     3  5271  4914    
 5272 WAT  20243 20245     3  5272  4915    
 5273 WAT  20246 20248     3  5273  4916    
 5274 WAT  20249 20251     3  5274  4917    
 5275 WAT  20252 20254     3  5275  4918    
 5276 WAT  20255 20257     3  5276  4919    
 5277 WAT  20258 20260     3  5277  4920    
 5278 WAT  20261 20263     3  5278  4921    
 5279 WAT  20264 20266     3  5279  4922    
 5280 WAT  20267 20269     3  5280  4923    
 5281 WAT  20270 20272     3  5281  4924    
 5282 WAT  20273 20275     3  5282  4925    
 5283 WAT  20276 20278     3  5283  4926    
 5284 WAT  20279 20281     3  5284  4927    
 5285 WAT  20282 20284     3  5285  4928    
 5286 WAT  20285 20287     3  5286  4929    
 5287 WAT  20288 20290     3  5287  4930    
 5288 WAT  20291 20293     3  5288  4931    
 5289 WAT  20294 20296     3  5289  4932    
 5290 WAT  20297 20299     3  5290  4933    
 5291 WAT  20300 20302     3  5291  4934    
 5292 WAT  20303 20305     3  5292  4935    
 5293 WAT  20306 20308     3  5293  4936    
 5294 WAT  20309 20311     3  5294  4937    
 5295 WAT  20312 20314     3  5295  4938    
 5296 WAT  20315 20317     3  5296  4939    
 5297 WAT  20318 20320     3  5297  4940    
 5298 WAT  20321 20323     3  5298  4941    
 5299 WAT  20324 20326     3  5299  4942    
 5300 WAT  20327 20329     3  5300  4943    
 5301 WAT  20330 20332     3  5301  4944    
 5302 WAT  20333 20335     3  5302  4945    
 5303 WAT  20336 20338     3  5303  4946    
 5304 WAT  20339 20341     3  5304  4947    
 5305 WAT  20342 20344     3  5305  4948    
 5306 WAT  20345 20347     3  5306  4949    
 5307 WAT  20348 20350     3  5307  4950    
 5308 WAT  20351 20353     3  5308  4951    
 5309 WAT  20354 20356     3  5309  4952    
 5310 WAT  20357 20359     3  5310  4953    
 5311 WAT  20360 20362     3  5311  4954    
 5312 WAT  20363 20365     3  5312  4955    
 5313 WAT  20366 20368     3  5313  4956    
 5314 WAT  20369 20371     3  5314  4957    
 5315 WAT  20372 20374     3  5315  4958    
 5316 WAT  20375 20377     3  5316  4959    
 5317 WAT  20378 20380     3  5317  4960    
 5318 WAT  20381 20383     3  5318  4961    
 5319 WAT  20384 20386     3  5319  4962    
 5320 WAT  20387 20389     3  5320  4963    
 5321 WAT  20390 20392     3  5321  4964    
 5322 WAT  20393 20395     3  5322  4965    
 5323 WAT  20396 20398     3  5323  4966    
 5324 WAT  20399 20401     3  5324  4967    
 5325 WAT  20402 20404     3  5325  4968    
 5326 WAT  20405 20407     3  5326  4969    
 5327 WAT  20408 20410     3  5327  4970    
 5328 WAT  20411 20413     3  5328  4971    
 5329 WAT  20414 20416     3  5329  4972    
 5330 WAT  20417 20419     3  5330  4973    
 5331 WAT  20420 20422     3  5331  4974    
 5332 WAT  20423 20425     3  5332  4975    
 5333 WAT  20426 20428     3  5333  4976    
 5334 WAT  20429 20431     3  5334  4977    
 5335 WAT  20432 20434     3  5335  4978    
 5336 WAT  20435 20437     3  5336  4979    
 5337 WAT  20438 20440     3  5337  4980    
 5338 WAT  20441 20443     3  5338  4981    
 5339 WAT  20444 20446     3  5339  4982    
 5340 WAT  20447 20449     3  5340  4983    
 5341 WAT  20450 20452     3  5341  4984    
 5342 WAT  20453 20455     3  5342  4985    
 5343 WAT  20456 20458     3  5343  4986    
 5344 WAT  20459 20461     3  5344  4987    
 5345 WAT  20462 20464     3  5345  4988    
 5346 WAT  20465 20467     3  5346  4989    
 5347 WAT  20468 20470     3  5347  4990    
 5348 WAT  20471 20473     3  5348  4991    
 5349 WAT  20474 20476     3  5349  4992    
 5350 WAT  20477 20479     3  5350  4993    
 5351 WAT  20480 20482     3  5351  4994    
 5352 WAT  20483 20485     3  5352  4995    
 5353 WAT  20486 20488     3  5353  4996    
 5354 WAT  20489 20491     3  5354  4997    
 5355 WAT  20492 20494     3  5355  4998    
 5356 WAT  20495 20497     3  5356  4999    
 5357 WAT  20498 20500     3  5357  5000    
 5358 WAT  20501 20503     3  5358  5001    
 5359 WAT  20504 20506     3  5359  5002    
 5360 WAT  20507 20509     3  5360  5003    
 5361 WAT  20510 20512     3  5361  5004    
 5362 WAT  20513 20515     3  5362  5005    
 5363 WAT  20516 20518     3  5363  5006    
 5364 WAT  20519 20521     3  5364  5007    
 5365 WAT  20522 20524     3  5365  5008    
 5366 WAT  20525 20527     3  5366  5009    
 5367 WAT  20528 20530     3  5367  5010    
 5368 WAT  20531 20533     3  5368  5011    
 5369 WAT  20534 20536     3  5369  5012    
 5370 WAT  20537 20539     3  5370  5013    
 5371 WAT  20540 20542     3  5371  5014    
 5372 WAT  20543 20545     3  5372  5015    
 5373 WAT  20546 20548     3  5373  5016    
 5374 WAT  20549 20551     3  5374  5017    
 5375 WAT  20552 20554     3  5375  5018    
 5376 WAT  20555 20557     3  5376  5019    
 5377 WAT  20558 20560     3  5377  5020    
 5378 WAT  20561 20563     3  5378  5021    
 5379 WAT  20564 20566     3  5379  5022    
 5380 WAT  20567 20569     3  5380  5023    
 5381 WAT  20570 20572     3  5381  5024    
 5382 WAT  20573 20575     3  5382  5025    
 5383 WAT  20576 20578     3  5383  5026    
 5384 WAT  20579 20581     3  5384  5027    
 5385 WAT  20582 20584     3  5385  5028    
 5386 WAT  20585 20587     3  5386  5029    
 5387 WAT  20588 20590     3  5387  5030    
 5388 WAT  20591 20593     3  5388  5031    
 5389 WAT  20594 20596     3  5389  5032    
 5390 WAT  20597 20599     3  5390  5033    
 5391 WAT  20600 20602     3  5391  5034    
 5392 WAT  20603 20605     3  5392  5035    
 5393 WAT  20606 20608     3  5393  5036    
 5394 WAT  20609 20611     3  5394  5037    
 5395 WAT  20612 20614     3  5395  5038    
 5396 WAT  20615 20617     3  5396  5039    
 5397 WAT  20618 20620     3  5397  5040    
 5398 WAT  20621 20623     3  5398  5041    
 5399 WAT  20624 20626     3  5399  5042    
 5400 WAT  20627 20629     3  5400  5043    
 5401 WAT  20630 20632     3  5401  5044    
 5402 WAT  20633 20635     3  5402  5045    
 5403 WAT  20636 20638     3  5403  5046    
 5404 WAT  20639 20641     3  5404  5047    
 5405 WAT  20642 20644     3  5405  5048    
 5406 WAT  20645 20647     3  5406  5049    
 5407 WAT  20648 20650     3  5407  5050    
 5408 WAT  20651 20653     3  5408  5051    
 5409 WAT  20654 20656     3  5409  5052    
 5410 WAT  20657 20659     3  5410  5053    
 5411 WAT  20660 20662     3  5411  5054    
 5412 WAT  20663 20665     3  5412  5055    
 5413 WAT  20666 20668     3  5413  5056    
 5414 WAT  20669 20671     3  5414  5057    
 5415 WAT  20672 20674     3  5415  5058    
 5416 WAT  20675 20677     3  5416  5059    
 5417 WAT  20678 20680     3  5417  5060    
 5418 WAT  20681 20683     3  5418  5061    
 5419 WAT  20684 20686     3  5419  5062    
 5420 WAT  20687 20689     3  5420  5063    
 5421 WAT  20690 20692     3  5421  5064    
 5422 WAT  20693 20695     3  5422  5065    
 5423 WAT  20696 20698     3  5423  5066    
 5424 WAT  20699 20701     3  5424  5067    
 5425 WAT  20702 20704     3  5425  5068    
 5426 WAT  20705 20707     3  5426  5069    
 5427 WAT  20708 20710     3  5427  5070    
 5428 WAT  20711 20713     3  5428  5071    
 5429 WAT  20714 20716     3  5429  5072    
 5430 WAT  20717 20719     3  5430  5073    
 5431 WAT  20720 20722     3  5431  5074    
 5432 WAT  20723 20725     3  5432  5075    
 5433 WAT  20726 20728     3  5433  5076    
 5434 WAT  20729 20731     3  5434  5077    
 5435 WAT  20732 20734     3  5435  5078    
 5436 WAT  20735 20737     3  5436  5079    
 5437 WAT  20738 20740     3  5437  5080    
 5438 WAT  20741 20743     3  5438  5081    
 5439 WAT  20744 20746     3  5439  5082    
 5440 WAT  20747 20749     3  5440  5083    
 5441 WAT  20750 20752     3  5441  5084    
 5442 WAT  20753 20755     3  5442  5085    
 5443 WAT  20756 20758     3  5443  5086    
 5444 WAT  20759 20761     3  5444  5087    
 5445 WAT  20762 20764     3  5445  5088    
 5446 WAT  20765 20767     3  5446  5089    
 5447 WAT  20768 20770     3  5447  5090    
 5448 WAT  20771 20773     3  5448  5091    
 5449 WAT  20774 20776     3  5449  5092    
 5450 WAT  20777 20779     3  5450  5093    
 5451 WAT  20780 20782     3  5451  5094    
 5452 WAT  20783 20785     3  5452  5095    
 5453 WAT  20786 20788     3  5453  5096    
 5454 WAT  20789 20791     3  5454  5097    
 5455 WAT  20792 20794     3  5455  5098    
 5456 WAT  20795 20797     3  5456  5099    
 5457 WAT  20798 20800     3  5457  5100    
 5458 WAT  20801 20803     3  5458  5101    
 5459 WAT  20804 20806     3  5459  5102    
 5460 WAT  20807 20809     3  5460  5103    
 5461 WAT  20810 20812     3  5461  5104    
 5462 WAT  20813 20815     3  5462  5105    
 5463 WAT  20816 20818     3  5463  5106    
 5464 WAT  20819 20821     3  5464  5107    
 5465 WAT  20822 20824     3  5465  5108    
 5466 WAT  20825 20827     3  5466  5109    
 5467 WAT  20828 20830     3  5467  5110    
 5468 WAT  20831 20833     3  5468  5111    
 5469 WAT  20834 20836     3  5469  5112    
 5470 WAT  20837 20839     3  5470  5113    
 5471 WAT  20840 20842     3  5471  5114    
 5472 WAT  20843 20845     3  5472  5115    
 5473 WAT  20846 20848     3  5473  5116    
 5474 WAT  20849 20851     3  5474  5117    
 5475 WAT  20852 20854     3  5475  5118    
 5476 WAT  20855 20857     3  5476  5119    
 5477 WAT  20858 20860     3  5477  5120    
 5478 WAT  20861 20863     3  5478  5121    
 5479 WAT  20864 20866     3  5479  5122    
 5480 WAT  20867 20869     3  5480  5123    
 5481 WAT  20870 20872     3  5481  5124    
 5482 WAT  20873 20875     3  5482  5125    
 5483 WAT  20876 20878     3  5483  5126    
 5484 WAT  20879 20881     3  5484  5127    
 5485 WAT  20882 20884     3  5485  5128    
 5486 WAT  20885 20887     3  5486  5129    
 5487 WAT  20888 20890     3  5487  5130    
 5488 WAT  20891 20893     3  5488  5131    
 5489 WAT  20894 20896     3  5489  5132    
 5490 WAT  20897 20899     3  5490  5133    
 5491 WAT  20900 20902     3  5491  5134    
 5492 WAT  20903 20905     3  5492  5135    
 5493 WAT  20906 20908     3  5493  5136    
 5494 WAT  20909 20911     3  5494  5137    
 5495 WAT  20912 20914     3  5495  5138    
 5496 WAT  20915 20917     3  5496  5139    
 5497 WAT  20918 20920     3  5497  5140    
 5498 WAT  20921 20923     3  5498  5141    
 5499 WAT  20924 20926     3  5499  5142    
 5500 WAT  20927 20929     3  5500  5143    
 5501 WAT  20930 20932     3  5501  5144    
 5502 WAT  20933 20935     3  5502  5145    
 5503 WAT  20936 20938     3  5503  5146    
 5504 WAT  20939 20941     3  5504  5147    
 5505 WAT  20942 20944     3  5505  5148    
 5506 WAT  20945 20947     3  5506  5149    
 5507 WAT  20948 20950     3  5507  5150    
 5508 WAT  20951 20953     3  5508  5151    
 5509 WAT  20954 20956     3  5509  5152    
 5510 WAT  20957 20959     3  5510  5153    
 5511 WAT  20960 20962     3  5511  5154    
 5512 WAT  20963 20965     3  5512  5155    
 5513 WAT  20966 20968     3  5513  5156    
 5514 WAT  20969 20971     3  5514  5157    
 5515 WAT  20972 20974     3  5515  5158    
 5516 WAT  20975 20977     3  5516  5159    
 5517 WAT  20978 20980     3  5517  5160    
 5518 WAT  20981 20983     3  5518  5161    
 5519 WAT  20984 20986     3  5519  5162    
 5520 WAT  20987 20989     3  5520  5163    
 5521 WAT  20990 20992     3  5521  5164    
 5522 WAT  20993 20995     3  5522  5165    
 5523 WAT  20996 20998     3  5523  5166    
 5524 WAT  20999 21001     3  5524  5167    
 5525 WAT  21002 21004     3  5525  5168    
 5526 WAT  21005 21007     3  5526  5169    
 5527 WAT  21008 21010     3  5527  5170    
 5528 WAT  21011 21013     3  5528  5171    
 5529 WAT  21014 21016     3  5529  5172    
 5530 WAT  21017 21019     3  5530  5173    
 5531 WAT  21020 21022     3  5531  5174    
 5532 WAT  21023 21025     3  5532  5175    
 5533 WAT  21026 21028     3  5533  5176    
 5534 WAT  21029 21031     3  5534  5177    
 5535 WAT  21032 21034     3  5535  5178    
 5536 WAT  21035 21037     3  5536  5179    
 5537 WAT  21038 21040     3  5537  5180    
 5538 WAT  21041 21043     3  5538  5181    
 5539 WAT  21044 21046     3  5539  5182    
 5540 WAT  21047 21049     3  5540  5183    
 5541 WAT  21050 21052     3  5541  5184    
 5542 WAT  21053 21055     3  5542  5185    
 5543 WAT  21056 21058     3  5543  5186    
 5544 WAT  21059 21061     3  5544  5187    
 5545 WAT  21062 21064     3  5545  5188    
 5546 WAT  21065 21067     3  5546  5189    
 5547 WAT  21068 21070     3  5547  5190    
 5548 WAT  21071 21073     3  5548  5191    
 5549 WAT  21074 21076     3  5549  5192    
 5550 WAT  21077 21079     3  5550  5193    
 5551 WAT  21080 21082     3  5551  5194    
 5552 WAT  21083 21085     3  5552  5195    
 5553 WAT  21086 21088     3  5553  5196    
 5554 WAT  21089 21091     3  5554  5197    
 5555 WAT  21092 21094     3  5555  5198    
 5556 WAT  21095 21097     3  5556  5199    
 5557 WAT  21098 21100     3  5557  5200    
 5558 WAT  21101 21103     3  5558  5201    
 5559 WAT  21104 21106     3  5559  5202    
 5560 WAT  21107 21109     3  5560  5203    
 5561 WAT  21110 21112     3  5561  5204    
 5562 WAT  21113 21115     3  5562  5205    
 5563 WAT  21116 21118     3  5563  5206    
 5564 WAT  21119 21121     3  5564  5207    
 5565 WAT  21122 21124     3  5565  5208    
 5566 WAT  21125 21127     3  5566  5209    
 5567 WAT  21128 21130     3  5567  5210    
 5568 WAT  21131 21133     3  5568  5211    
 5569 WAT  21134 21136     3  5569  5212    
 5570 WAT  21137 21139     3  5570  5213    
 5571 WAT  21140 21142     3  5571  5214    
 5572 WAT  21143 21145     3  5572  5215    
 5573 WAT  21146 21148     3  5573  5216    
 5574 WAT  21149 21151     3  5574  5217    
 5575 WAT  21152 21154     3  5575  5218    
 5576 WAT  21155 21157     3  5576  5219    
 5577 WAT  21158 21160     3  5577  5220    
 5578 WAT  21161 21163     3  5578  5221    
 5579 WAT  21164 21166     3  5579  5222    
 5580 WAT  21167 21169     3  5580  5223    
 5581 WAT  21170 21172     3  5581  5224    
 5582 WAT  21173 21175     3  5582  5225    
 5583 WAT  21176 21178     3  5583  5226    
 5584 WAT  21179 21181     3  5584  5227    
 5585 WAT  21182 21184     3  5585  5228    
 5586 WAT  21185 21187     3  5586  5229    
 5587 WAT  21188 21190     3  5587  5230    
 5588 WAT  21191 21193     3  5588  5231    
 5589 WAT  21194 21196     3  5589  5232    
 5590 WAT  21197 21199     3  5590  5233    
 5591 WAT  21200 21202     3  5591  5234    
 5592 WAT  21203 21205     3  5592  5235    
 5593 WAT  21206 21208     3  5593  5236    
 5594 WAT  21209 21211     3  5594  5237    
 5595 WAT  21212 21214     3  5595  5238    
 5596 WAT  21215 21217     3  5596  5239    
 5597 WAT  21218 21220     3  5597  5240    
 5598 WAT  21221 21223     3  5598  5241    
 5599 WAT  21224 21226     3  5599  5242    
 5600 WAT  21227 21229     3  5600  5243    
 5601 WAT  21230 21232     3  5601  5244    
 5602 WAT  21233 21235     3  5602  5245    
 5603 WAT  21236 21238     3  5603  5246    
 5604 WAT  21239 21241     3  5604  5247    
 5605 WAT  21242 21244     3  5605  5248    
 5606 WAT  21245 21247     3  5606  5249    
 5607 WAT  21248 21250     3  5607  5250    
 5608 WAT  21251 21253     3  5608  5251    
 5609 WAT  21254 21256     3  5609  5252    
 5610 WAT  21257 21259     3  5610  5253    
 5611 WAT  21260 21262     3  5611  5254    
 5612 WAT  21263 21265     3  5612  5255    
 5613 WAT  21266 21268     3  5613  5256    
 5614 WAT  21269 21271     3  5614  5257    
 5615 WAT  21272 21274     3  5615  5258    
 5616 WAT  21275 21277     3  5616  5259    
 5617 WAT  21278 21280     3  5617  5260    
 5618 WAT  21281 21283     3  5618  5261    
 5619 WAT  21284 21286     3  5619  5262    
 5620 WAT  21287 21289     3  5620  5263    
 5621 WAT  21290 21292     3  5621  5264    
 5622 WAT  21293 21295     3  5622  5265    
 5623 WAT  21296 21298     3  5623  5266    
 5624 WAT  21299 21301     3  5624  5267    
 5625 WAT  21302 21304     3  5625  5268    
 5626 WAT  21305 21307     3  5626  5269    
 5627 WAT  21308 21310     3  5627  5270    
 5628 WAT  21311 21313     3  5628  5271    
 5629 WAT  21314 21316     3  5629  5272    
 5630 WAT  21317 21319     3  5630  5273    
 5631 WAT  21320 21322     3  5631  5274    
 5632 WAT  21323 21325     3  5632  5275    
 5633 WAT  21326 21328     3  5633  5276    
 5634 WAT  21329 21331     3  5634  5277    
 5635 WAT  21332 21334     3  5635  5278    
 5636 WAT  21335 21337     3  5636  5279    
 5637 WAT  21338 21340     3  5637  5280    
 5638 WAT  21341 21343     3  5638  5281    
 5639 WAT  21344 21346     3  5639  5282    
 5640 WAT  21347 21349     3  5640  5283    
 5641 WAT  21350 21352     3  5641  5284    
 5642 WAT  21353 21355     3  5642  5285    
 5643 WAT  21356 21358     3  5643  5286    
 5644 WAT  21359 21361     3  5644  5287    
 5645 WAT  21362 21364     3  5645  5288    
 5646 WAT  21365 21367     3  5646  5289    
 5647 WAT  21368 21370     3  5647  5290    
 5648 WAT  21371 21373     3  5648  5291    
 5649 WAT  21374 21376     3  5649  5292    
 5650 WAT  21377 21379     3  5650  5293    
 5651 WAT  21380 21382     3  5651  5294    
 5652 WAT  21383 21385     3  5652  5295    
 5653 WAT  21386 21388     3  5653  5296    
 5654 WAT  21389 21391     3  5654  5297    
 5655 WAT  21392 21394     3  5655  5298    
 5656 WAT  21395 21397     3  5656  5299    
 5657 WAT  21398 21400     3  5657  5300    
 5658 WAT  21401 21403     3  5658  5301    
 5659 WAT  21404 21406     3  5659  5302    
 5660 WAT  21407 21409     3  5660  5303    
 5661 WAT  21410 21412     3  5661  5304    
 5662 WAT  21413 21415     3  5662  5305    
 5663 WAT  21416 21418     3  5663  5306    
 5664 WAT  21419 21421     3  5664  5307    
 5665 WAT  21422 21424     3  5665  5308    
 5666 WAT  21425 21427     3  5666  5309    
 5667 WAT  21428 21430     3  5667  5310    
 5668 WAT  21431 21433     3  5668  5311    
 5669 WAT  21434 21436     3  5669  5312    
 5670 WAT  21437 21439     3  5670  5313    
 5671 WAT  21440 21442     3  5671  5314    
 5672 WAT  21443 21445     3  5672  5315    
 5673 WAT  21446 21448     3  5673  5316    
 5674 WAT  21449 21451     3  5674  5317    
 5675 WAT  21452 21454     3  5675  5318    
 5676 WAT  21455 21457     3  5676  5319    
 5677 WAT  21458 21460     3  5677  5320    
 5678 WAT  21461 21463     3  5678  5321    
 5679 WAT  21464 21466     3  5679  5322    
 5680 WAT  21467 21469     3  5680  5323    
 5681 WAT  21470 21472     3  5681  5324    
 5682 WAT  21473 21475     3  5682  5325    
 5683 WAT  21476 21478     3  5683  5326    
 5684 WAT  21479 21481     3  5684  5327    
 5685 WAT  21482 21484     3  5685  5328    
 5686 WAT  21485 21487     3  5686  5329    
 5687 WAT  21488 21490     3  5687  5330    
 5688 WAT  21491 21493     3  5688  5331    
 5689 WAT  21494 21496     3  5689  5332    
 5690 WAT  21497 21499     3  5690  5333    
 5691 WAT  21500 21502     3  5691  5334    
 5692 WAT  21503 21505     3  5692  5335    
 5693 WAT  21506 21508     3  5693  5336    
 5694 WAT  21509 21511     3  5694  5337    
 5695 WAT  21512 21514     3  5695  5338    
 5696 WAT  21515 21517     3  5696  5339    
 5697 WAT  21518 21520     3  5697  5340    
 5698 WAT  21521 21523     3  5698  5341    
 5699 WAT  21524 21526     3  5699  5342    
 5700 WAT  21527 21529     3  5700  5343    
 5701 WAT  21530 21532     3  5701  5344    
 5702 WAT  21533 21535     3  5702  5345    
 5703 WAT  21536 21538     3  5703  5346    
 5704 WAT  21539 21541     3  5704  5347    
 5705 WAT  21542 21544     3  5705  5348    
 5706 WAT  21545 21547     3  5706  5349    
 5707 WAT  21548 21550     3  5707  5350    
 5708 WAT  21551 21553     3  5708  5351    
 5709 WAT  21554 21556     3  5709  5352    
 5710 WAT  21557 21559     3  5710  5353    
 5711 WAT  21560 21562     3  5711  5354    
 5712 WAT  21563 21565     3  5712  5355    
 5713 WAT  21566 21568     3  5713  5356    
 5714 WAT  21569 21571     3  5714  5357    
 5715 WAT  21572 21574     3  5715  5358    
 5716 WAT  21575 21577     3  5716  5359    
 5717 WAT  21578 21580     3  5717  5360    
 5718 WAT  21581 21583     3  5718  5361    
 5719 WAT  21584 21586     3  5719  5362    
 5720 WAT  21587 21589     3  5720  5363    
 5721 WAT  21590 21592     3  5721  5364    
 5722 WAT  21593 21595     3  5722  5365    
 5723 WAT  21596 21598     3  5723  5366    
 5724 WAT  21599 21601     3  5724  5367    
 5725 WAT  21602 21604     3  5725  5368    
 5726 WAT  21605 21607     3  5726  5369    
 5727 WAT  21608 21610     3  5727  5370    
 5728 WAT  21611 21613     3  5728  5371    
 5729 WAT  21614 21616     3  5729  5372    
 5730 WAT  21617 21619     3  5730  5373    
 5731 WAT  21620 21622     3  5731  5374    
 5732 WAT  21623 21625     3  5732  5375    
 5733 WAT  21626 21628     3  5733  5376    
 5734 WAT  21629 21631     3  5734  5377    
 5735 WAT  21632 21634     3  5735  5378    
 5736 WAT  21635 21637     3  5736  5379    
 5737 WAT  21638 21640     3  5737  5380    
 5738 WAT  21641 21643     3  5738  5381    
 5739 WAT  21644 21646     3  5739  5382    
 5740 WAT  21647 21649     3  5740  5383    
 5741 WAT  21650 21652     3  5741  5384    
 5742 WAT  21653 21655     3  5742  5385    
 5743 WAT  21656 21658     3  5743  5386    
 5744 WAT  21659 21661     3  5744  5387    
 5745 WAT  21662 21664     3  5745  5388    
 5746 WAT  21665 21667     3  5746  5389    
 5747 WAT  21668 21670     3  5747  5390    
 5748 WAT  21671 21673     3  5748  5391    
 5749 WAT  21674 21676     3  5749  5392    
 5750 WAT  21677 21679     3  5750  5393    
 5751 WAT  21680 21682     3  5751  5394    
 5752 WAT  21683 21685     3  5752  5395    
 5753 WAT  21686 21688     3  5753  5396    
 5754 WAT  21689 21691     3  5754  5397    
 5755 WAT  21692 21694     3  5755  5398    
 5756 WAT  21695 21697     3  5756  5399    
 5757 WAT  21698 21700     3  5757  5400    
 5758 WAT  21701 21703     3  5758  5401    
 5759 WAT  21704 21706     3  5759  5402    
 5760 WAT  21707 21709     3  5760  5403    
 5761 WAT  21710 21712     3  5761  5404    
 5762 WAT  21713 21715     3  5762  5405    
 5763 WAT  21716 21718     3  5763  5406    
 5764 WAT  21719 21721     3  5764  5407    
 5765 WAT  21722 21724     3  5765  5408    
 5766 WAT  21725 21727     3  5766  5409    
 5767 WAT  21728 21730     3  5767  5410    
 5768 WAT  21731 21733     3  5768  5411    
 5769 WAT  21734 21736     3  5769  5412    
 5770 WAT  21737 21739     3  5770  5413    
 5771 WAT  21740 21742     3  5771  5414    
 5772 WAT  21743 21745     3  5772  5415    
 5773 WAT  21746 21748     3  5773  5416    
 5774 WAT  21749 21751     3  5774  5417    
 5775 WAT  21752 21754     3  5775  5418    
 5776 WAT  21755 21757     3  5776  5419    
 5777 WAT  21758 21760     3  5777  5420    
 5778 WAT  21761 21763     3  5778  5421    
 5779 WAT  21764 21766     3  5779  5422    
 5780 WAT  21767 21769     3  5780  5423    
 5781 WAT  21770 21772     3  5781  5424    
 5782 WAT  21773 21775     3  5782  5425    
 5783 WAT  21776 21778     3  5783  5426    
 5784 WAT  21779 21781     3  5784  5427    
 5785 WAT  21782 21784     3  5785  5428    
 5786 WAT  21785 21787     3  5786  5429    
 5787 WAT  21788 21790     3  5787  5430    
 5788 WAT  21791 21793     3  5788  5431    
 5789 WAT  21794 21796     3  5789  5432    
 5790 WAT  21797 21799     3  5790  5433    
 5791 WAT  21800 21802     3  5791  5434    
 5792 WAT  21803 21805     3  5792  5435    
 5793 WAT  21806 21808     3  5793  5436    
 5794 WAT  21809 21811     3  5794  5437    
 5795 WAT  21812 21814     3  5795  5438    
 5796 WAT  21815 21817     3  5796  5439    
 5797 WAT  21818 21820     3  5797  5440    
 5798 WAT  21821 21823     3  5798  5441    
 5799 WAT  21824 21826     3  5799  5442    
 5800 WAT  21827 21829     3  5800  5443    
 5801 WAT  21830 21832     3  5801  5444    
 5802 WAT  21833 21835     3  5802  5445    
 5803 WAT  21836 21838     3  5803  5446    
 5804 WAT  21839 21841     3  5804  5447    
 5805 WAT  21842 21844     3  5805  5448    
 5806 WAT  21845 21847     3  5806  5449    
 5807 WAT  21848 21850     3  5807  5450    
 5808 WAT  21851 21853     3  5808  5451    
 5809 WAT  21854 21856     3  5809  5452    
 5810 WAT  21857 21859     3  5810  5453    
 5811 WAT  21860 21862     3  5811  5454    
 5812 WAT  21863 21865     3  5812  5455    
 5813 WAT  21866 21868     3  5813  5456    
 5814 WAT  21869 21871     3  5814  5457    
 5815 WAT  21872 21874     3  5815  5458    
 5816 WAT  21875 21877     3  5816  5459    
 5817 WAT  21878 21880     3  5817  5460    
 5818 WAT  21881 21883     3  5818  5461    
 5819 WAT  21884 21886     3  5819  5462    
 5820 WAT  21887 21889     3  5820  5463    
 5821 WAT  21890 21892     3  5821  5464    
 5822 WAT  21893 21895     3  5822  5465    
 5823 WAT  21896 21898     3  5823  5466    
 5824 WAT  21899 21901     3  5824  5467    
 5825 WAT  21902 21904     3  5825  5468    
 5826 WAT  21905 21907     3  5826  5469    
 5827 WAT  21908 21910     3  5827  5470    
 5828 WAT  21911 21913     3  5828  5471    
 5829 WAT  21914 21916     3  5829  5472    
 5830 WAT  21917 21919     3  5830  5473    
 5831 WAT  21920 21922     3  5831  5474    
 5832 WAT  21923 21925     3  5832  5475    
 5833 WAT  21926 21928     3  5833  5476    
 5834 WAT  21929 21931     3  5834  5477    
 5835 WAT  21932 21934     3  5835  5478    
 5836 WAT  21935 21937     3  5836  5479    
 5837 WAT  21938 21940     3  5837  5480    
 5838 WAT  21941 21943     3  5838  5481    
 5839 WAT  21944 21946     3  5839  5482    
 5840 WAT  21947 21949     3  5840  5483    
 5841 WAT  21950 21952     3  5841  5484    
 5842 WAT  21953 21955     3  5842  5485    
 5843 WAT  21956 21958     3  5843  5486    
 5844 WAT  21959 21961     3  5844  5487    
 5845 WAT  21962 21964     3  5845  5488    
 5846 WAT  21965 21967     3  5846  5489    
 5847 WAT  21968 21970     3  5847  5490    
 5848 WAT  21971 21973     3  5848  5491    
 5849 WAT  21974 21976     3  5849  5492    
 5850 WAT  21977 21979     3  5850  5493    
 5851 WAT  21980 21982     3  5851  5494    
 5852 WAT  21983 21985     3  5852  5495    
 5853 WAT  21986 21988     3  5853  5496    
 5854 WAT  21989 21991     3  5854  5497    
 5855 WAT  21992 21994     3  5855  5498    
 5856 WAT  21995 21997     3  5856  5499    
 5857 WAT  21998 22000     3  5857  5500    
 5858 WAT  22001 22003     3  5858  5501    
 5859 WAT  22004 22006     3  5859  5502    
 5860 WAT  22007 22009     3  5860  5503    
 5861 WAT  22010 22012     3  5861  5504    
 5862 WAT  22013 22015     3  5862  5505    
 5863 WAT  22016 22018     3  5863  5506    
 5864 WAT  22019 22021     3  5864  5507    
 5865 WAT  22022 22024     3  5865  5508    
 5866 WAT  22025 22027     3  5866  5509    
 5867 WAT  22028 22030     3  5867  5510    
 5868 WAT  22031 22033     3  5868  5511    
 5869 WAT  22034 22036     3  5869  5512    
 5870 WAT  22037 22039     3  5870  5513    
 5871 WAT  22040 22042     3  5871  5514    
 5872 WAT  22043 22045     3  5872  5515    
 5873 WAT  22046 22048     3  5873  5516    
 5874 WAT  22049 22051     3  5874  5517    
 5875 WAT  22052 22054     3  5875  5518    
 5876 WAT  22055 22057     3  5876  5519    
 5877 WAT  22058 22060     3  5877  5520    
 5878 WAT  22061 22063     3  5878  5521    
 5879 WAT  22064 22066     3  5879  5522    
 5880 WAT  22067 22069     3  5880  5523    
 5881 WAT  22070 22072     3  5881  5524    
 5882 WAT  22073 22075     3  5882  5525    
 5883 WAT  22076 22078     3  5883  5526    
 5884 WAT  22079 22081     3  5884  5527    
 5885 WAT  22082 22084     3  5885  5528    
 5886 WAT  22085 22087     3  5886  5529    
 5887 WAT  22088 22090     3  5887  5530    
 5888 WAT  22091 22093     3  5888  5531    
 5889 WAT  22094 22096     3  5889  5532    
 5890 WAT  22097 22099     3  5890  5533    
 5891 WAT  22100 22102     3  5891  5534    
 5892 WAT  22103 22105     3  5892  5535    
 5893 WAT  22106 22108     3  5893  5536    
 5894 WAT  22109 22111     3  5894  5537    
 5895 WAT  22112 22114     3  5895  5538    
 5896 WAT  22115 22117     3  5896  5539    
 5897 WAT  22118 22120     3  5897  5540    
 5898 WAT  22121 22123     3  5898  5541    
 5899 WAT  22124 22126     3  5899  5542    
 5900 WAT  22127 22129     3  5900  5543    
 5901 WAT  22130 22132     3  5901  5544    
 5902 WAT  22133 22135     3  5902  5545    
 5903 WAT  22136 22138     3  5903  5546    
 5904 WAT  22139 22141     3  5904  5547    
 5905 WAT  22142 22144     3  5905  5548    
 5906 WAT  22145 22147     3  5906  5549    
 5907 WAT  22148 22150     3  5907  5550    
 5908 WAT  22151 22153     3  5908  5551    
 5909 WAT  22154 22156     3  5909  5552    
 5910 WAT  22157 22159     3  5910  5553    
 5911 WAT  22160 22162     3  5911  5554    
 5912 WAT  22163 22165     3  5912  5555    
 5913 WAT  22166 22168     3  5913  5556    
 5914 WAT  22169 22171     3  5914  5557    
 5915 WAT  22172 22174     3  5915  5558    
 5916 WAT  22175 22177     3  5916  5559    
 5917 WAT  22178 22180     3  5917  5560    
 5918 WAT  22181 22183     3  5918  5561    
 5919 WAT  22184 22186     3  5919  5562    
 5920 WAT  22187 22189     3  5920  5563    
 5921 WAT  22190 22192     3  5921  5564    
 5922 WAT  22193 22195     3  5922  5565    
 5923 WAT  22196 22198     3  5923  5566    
 5924 WAT  22199 22201     3  5924  5567    
 5925 WAT  22202 22204     3  5925  5568    
 5926 WAT  22205 22207     3  5926  5569    
 5927 WAT  22208 22210     3  5927  5570    
 5928 WAT  22211 22213     3  5928  5571    
 5929 WAT  22214 22216     3  5929  5572    
 5930 WAT  22217 22219     3  5930  5573    
 5931 WAT  22220 22222     3  5931  5574    
 5932 WAT  22223 22225     3  5932  5575    
 5933 WAT  22226 22228     3  5933  5576    
 5934 WAT  22229 22231     3  5934  5577    
 5935 WAT  22232 22234     3  5935  5578    
 5936 WAT  22235 22237     3  5936  5579    
 5937 WAT  22238 22240     3  5937  5580    
 5938 WAT  22241 22243     3  5938  5581    
 5939 WAT  22244 22246     3  5939  5582    
 5940 WAT  22247 22249     3  5940  5583    
 5941 WAT  22250 22252     3  5941  5584    
 5942 WAT  22253 22255     3  5942  5585    
 5943 WAT  22256 22258     3  5943  5586    
 5944 WAT  22259 22261     3  5944  5587    
 5945 WAT  22262 22264     3  5945  5588    
 5946 WAT  22265 22267     3  5946  5589    
 5947 WAT  22268 22270     3  5947  5590    
 5948 WAT  22271 22273     3  5948  5591    
 5949 WAT  22274 22276     3  5949  5592    
 5950 WAT  22277 22279     3  5950  5593    
 5951 WAT  22280 22282     3  5951  5594    
 5952 WAT  22283 22285     3  5952  5595    
 5953 WAT  22286 22288     3  5953  5596    
 5954 WAT  22289 22291     3  5954  5597    
 5955 WAT  22292 22294     3  5955  5598    
 5956 WAT  22295 22297     3  5956  5599    
 5957 WAT  22298 22300     3  5957  5600    
 5958 WAT  22301 22303     3  5958  5601    
 5959 WAT  22304 22306     3  5959  5602    
 5960 WAT  22307 22309     3  5960  5603    
 5961 WAT  22310 22312     3  5961  5604    
 5962 WAT  22313 22315     3  5962  5605    
 5963 WAT  22316 22318     3  5963  5606    
 5964 WAT  22319 22321     3  5964  5607    
 5965 WAT  22322 22324     3  5965  5608    
 5966 WAT  22325 22327     3  5966  5609    
 5967 WAT  22328 22330     3  5967  5610    
 5968 WAT  22331 22333     3  5968  5611    
 5969 WAT  22334 22336     3  5969  5612    
 5970 WAT  22337 22339     3  5970  5613    
 5971 WAT  22340 22342     3  5971  5614    
 5972 WAT  22343 22345     3  5972  5615    
 5973 WAT  22346 22348     3  5973  5616    
 5974 WAT  22349 22351     3  5974  5617    
 5975 WAT  22352 22354     3  5975  5618    
 5976 WAT  22355 22357     3  5976  5619    
 5977 WAT  22358 22360     3  5977  5620    
 5978 WAT  22361 22363     3  5978  5621    
 5979 WAT  22364 22366     3  5979  5622    
 5980 WAT  22367 22369     3  5980  5623    
 5981 WAT  22370 22372     3  5981  5624    
 5982 WAT  22373 22375     3  5982  5625    
 5983 WAT  22376 22378     3  5983  5626    
 5984 WAT  22379 22381     3  5984  5627    
 5985 WAT  22382 22384     3  5985  5628    
 5986 WAT  22385 22387     3  5986  5629    
 5987 WAT  22388 22390     3  5987  5630    
 5988 WAT  22391 22393     3  5988  5631    
 5989 WAT  22394 22396     3  5989  5632    
 5990 WAT  22397 22399     3  5990  5633    
 5991 WAT  22400 22402     3  5991  5634    
 5992 WAT  22403 22405     3  5992  5635    
 5993 WAT  22406 22408     3  5993  5636    
 5994 WAT  22409 22411     3  5994  5637    
 5995 WAT  22412 22414     3  5995  5638    
 5996 WAT  22415 22417     3  5996  5639    
 5997 WAT  22418 22420     3  5997  5640    
 5998 WAT  22421 22423     3  5998  5641    
 5999 WAT  22424 22426     3  5999  5642    
 6000 WAT  22427 22429     3  6000  5643    
 6001 WAT  22430 22432     3  6001  5644    
 6002 WAT  22433 22435     3  6002  5645    
 6003 WAT  22436 22438     3  6003  5646    
 6004 WAT  22439 22441     3  6004  5647    
 6005 WAT  22442 22444     3  6005  5648    
 6006 WAT  22445 22447     3  6006  5649    
 6007 WAT  22448 22450     3  6007  5650    
 6008 WAT  22451 22453     3  6008  5651    
 6009 WAT  22454 22456     3  6009  5652    
 6010 WAT  22457 22459     3  6010  5653    
 6011 WAT  22460 22462     3  6011  5654    
 6012 WAT  22463 22465     3  6012  5655    
 6013 WAT  22466 22468     3  6013  5656    
 6014 WAT  22469 22471     3  6014  5657    
 6015 WAT  22472 22474     3  6015  5658    
 6016 WAT  22475 22477     3  6016  5659    
 6017 WAT  22478 22480     3  6017  5660    
 6018 WAT  22481 22483     3  6018  5661    
 6019 WAT  22484 22486     3  6019  5662    
 6020 WAT  22487 22489     3  6020  5663    
 6021 WAT  22490 22492     3  6021  5664    
 6022 WAT  22493 22495     3  6022  5665    
 6023 WAT  22496 22498     3  6023  5666    
 6024 WAT  22499 22501     3  6024  5667    
 6025 WAT  22502 22504     3  6025  5668    
 6026 WAT  22505 22507     3  6026  5669    
 6027 WAT  22508 22510     3  6027  5670    
 6028 WAT  22511 22513     3  6028  5671    
 6029 WAT  22514 22516     3  6029  5672    
 6030 WAT  22517 22519     3  6030  5673    
 6031 WAT  22520 22522     3  6031  5674    
 6032 WAT  22523 22525     3  6032  5675    
 6033 WAT  22526 22528     3  6033  5676    
 6034 WAT  22529 22531     3  6034  5677    
 6035 WAT  22532 22534     3  6035  5678    
 6036 WAT  22535 22537     3  6036  5679    
 6037 WAT  22538 22540     3  6037  5680    
 6038 WAT  22541 22543     3  6038  5681    
 6039 WAT  22544 22546     3  6039  5682    
 6040 WAT  22547 22549     3  6040  5683    
 6041 WAT  22550 22552     3  6041  5684    
 6042 WAT  22553 22555     3  6042  5685    
 6043 WAT  22556 22558     3  6043  5686    
 6044 WAT  22559 22561     3  6044  5687    
 6045 WAT  22562 22564     3  6045  5688    
 6046 WAT  22565 22567     3  6046  5689    
 6047 WAT  22568 22570     3  6047  5690    
 6048 WAT  22571 22573     3  6048  5691    
 6049 WAT  22574 22576     3  6049  5692    
 6050 WAT  22577 22579     3  6050  5693    
 6051 WAT  22580 22582     3  6051  5694    
 6052 WAT  22583 22585     3  6052  5695    
 6053 WAT  22586 22588     3  6053  5696    
 6054 WAT  22589 22591     3  6054  5697    
 6055 WAT  22592 22594     3  6055  5698    
 6056 WAT  22595 22597     3  6056  5699    
 6057 WAT  22598 22600     3  6057  5700    
 6058 WAT  22601 22603     3  6058  5701    
 6059 WAT  22604 22606     3  6059  5702    
 6060 WAT  22607 22609     3  6060  5703    
 6061 WAT  22610 22612     3  6061  5704    
 6062 WAT  22613 22615     3  6062  5705    
 6063 WAT  22616 22618     3  6063  5706    
 6064 WAT  22619 22621     3  6064  5707    
 6065 WAT  22622 22624     3  6065  5708    
 6066 WAT  22625 22627     3  6066  5709    
 6067 WAT  22628 22630     3  6067  5710    
 6068 WAT  22631 22633     3  6068  5711    
 6069 WAT  22634 22636     3  6069  5712    
 6070 WAT  22637 22639     3  6070  5713    
 6071 WAT  22640 22642     3  6071  5714    
 6072 WAT  22643 22645     3  6072  5715    
 6073 WAT  22646 22648     3  6073  5716    
 6074 WAT  22649 22651     3  6074  5717    
 6075 WAT  22652 22654     3  6075  5718    
 6076 WAT  22655 22657     3  6076  5719    
 6077 WAT  22658 22660     3  6077  5720    
 6078 WAT  22661 22663     3  6078  5721    
 6079 WAT  22664 22666     3  6079  5722    
 6080 WAT  22667 22669     3  6080  5723    
 6081 WAT  22670 22672     3  6081  5724    
 6082 WAT  22673 22675     3  6082  5725    
 6083 WAT  22676 22678     3  6083  5726    
 6084 WAT  22679 22681     3  6084  5727    
 6085 WAT  22682 22684     3  6085  5728    
 6086 WAT  22685 22687     3  6086  5729    
 6087 WAT  22688 22690     3  6087  5730    
 6088 WAT  22691 22693     3  6088  5731    
 6089 WAT  22694 22696     3  6089  5732    
 6090 WAT  22697 22699     3  6090  5733    
 6091 WAT  22700 22702     3  6091  5734    
 6092 WAT  22703 22705     3  6092  5735    
 6093 WAT  22706 22708     3  6093  5736    
 6094 WAT  22709 22711     3  6094  5737    
 6095 WAT  22712 22714     3  6095  5738    
 6096 WAT  22715 22717     3  6096  5739    
 6097 WAT  22718 22720     3  6097  5740    
 6098 WAT  22721 22723     3  6098  5741    
 6099 WAT  22724 22726     3  6099  5742    
 6100 WAT  22727 22729     3  6100  5743    
 6101 WAT  22730 22732     3  6101  5744    
 6102 WAT  22733 22735     3  6102  5745    
 6103 WAT  22736 22738     3  6103  5746    
 6104 WAT  22739 22741     3  6104  5747    
 6105 WAT  22742 22744     3  6105  5748    
 6106 WAT  22745 22747     3  6106  5749    
 6107 WAT  22748 22750     3  6107  5750    
 6108 WAT  22751 22753     3  6108  5751    
 6109 WAT  22754 22756     3  6109  5752    
 6110 WAT  22757 22759     3  6110  5753    
 6111 WAT  22760 22762     3  6111  5754    
 6112 WAT  22763 22765     3  6112  5755    
 6113 WAT  22766 22768     3  6113  5756    
 6114 WAT  22769 22771     3  6114  5757    
 6115 WAT  22772 22774     3  6115  5758    
 6116 WAT  22775 22777     3  6116  5759    
 6117 WAT  22778 22780     3  6117  5760    
 6118 WAT  22781 22783     3  6118  5761    
 6119 WAT  22784 22786     3  6119  5762    
 6120 WAT  22787 22789     3  6120  5763    
 6121 WAT  22790 22792     3  6121  5764    
 6122 WAT  22793 22795     3  6122  5765    
 6123 WAT  22796 22798     3  6123  5766    
 6124 WAT  22799 22801     3  6124  5767    
 6125 WAT  22802 22804     3  6125  5768    
 6126 WAT  22805 22807     3  6126  5769    
 6127 WAT  22808 22810     3  6127  5770    
 6128 WAT  22811 22813     3  6128  5771    
 6129 WAT  22814 22816     3  6129  5772    
 6130 WAT  22817 22819     3  6130  5773    
 6131 WAT  22820 22822     3  6131  5774    
 6132 WAT  22823 22825     3  6132  5775    
 6133 WAT  22826 22828     3  6133  5776    
 6134 WAT  22829 22831     3  6134  5777    
 6135 WAT  22832 22834     3  6135  5778    
 6136 WAT  22835 22837     3  6136  5779    
 6137 WAT  22838 22840     3  6137  5780    
 6138 WAT  22841 22843     3  6138  5781    
 6139 WAT  22844 22846     3  6139  5782    
 6140 WAT  22847 22849     3  6140  5783    
 6141 WAT  22850 22852     3  6141  5784    
 6142 WAT  22853 22855     3  6142  5785    
 6143 WAT  22856 22858     3  6143  5786    
 6144 WAT  22859 22861     3  6144  5787    
 6145 WAT  22862 22864     3  6145  5788    
 6146 WAT  22865 22867     3  6146  5789    
 6147 WAT  22868 22870     3  6147  5790    
 6148 WAT  22871 22873     3  6148  5791    
 6149 WAT  22874 22876     3  6149  5792    
 6150 WAT  22877 22879     3  6150  5793    
 6151 WAT  22880 22882     3  6151  5794    
 6152 WAT  22883 22885     3  6152  5795    
 6153 WAT  22886 22888     3  6153  5796    
 6154 WAT  22889 22891     3  6154  5797    
 6155 WAT  22892 22894     3  6155  5798    
 6156 WAT  22895 22897     3  6156  5799    
 6157 WAT  22898 22900     3  6157  5800    
 6158 WAT  22901 22903     3  6158  5801    
 6159 WAT  22904 22906     3  6159  5802    
 6160 WAT  22907 22909     3  6160  5803    
 6161 WAT  22910 22912     3  6161  5804    
 6162 WAT  22913 22915     3  6162  5805    
 6163 WAT  22916 22918     3  6163  5806    
 6164 WAT  22919 22921     3  6164  5807    
 6165 WAT  22922 22924     3  6165  5808    
 6166 WAT  22925 22927     3  6166  5809    
 6167 WAT  22928 22930     3  6167  5810    
 6168 WAT  22931 22933     3  6168  5811    
 6169 WAT  22934 22936     3  6169  5812    
 6170 WAT  22937 22939     3  6170  5813    
 6171 WAT  22940 22942     3  6171  5814    
 6172 WAT  22943 22945     3  6172  5815    
 6173 WAT  22946 22948     3  6173  5816    
 6174 WAT  22949 22951     3  6174  5817    
 6175 WAT  22952 22954     3  6175  5818    
 6176 WAT  22955 22957     3  6176  5819    
 6177 WAT  22958 22960     3  6177  5820    
 6178 WAT  22961 22963     3  6178  5821    
 6179 WAT  22964 22966     3  6179  5822    
 6180 WAT  22967 22969     3  6180  5823    
 6181 WAT  22970 22972     3  6181  5824    
 6182 WAT  22973 22975     3  6182  5825    
 6183 WAT  22976 22978     3  6183  5826    
 6184 WAT  22979 22981     3  6184  5827    
 6185 WAT  22982 22984     3  6185  5828    
 6186 WAT  22985 22987     3  6186  5829    
 6187 WAT  22988 22990     3  6187  5830    
 6188 WAT  22991 22993     3  6188  5831    
 6189 WAT  22994 22996     3  6189  5832    
 6190 WAT  22997 22999     3  6190  5833    
 6191 WAT  23000 23002     3  6191  5834    
 6192 WAT  23003 23005     3  6192  5835    
 6193 WAT  23006 23008     3  6193  5836    
 6194 WAT  23009 23011     3  6194  5837    
 6195 WAT  23012 23014     3  6195  5838    
 6196 WAT  23015 23017     3  6196  5839    
 6197 WAT  23018 23020     3  6197  5840    
 6198 WAT  23021 23023     3  6198  5841    
 6199 WAT  23024 23026     3  6199  5842    
 6200 WAT  23027 23029     3  6200  5843    
 6201 WAT  23030 23032     3  6201  5844    
 6202 WAT  23033 23035     3  6202  5845    
 6203 WAT  23036 23038     3  6203  5846    
 6204 WAT  23039 23041     3  6204  5847    
 6205 WAT  23042 23044     3  6205  5848    
 6206 WAT  23045 23047     3  6206  5849    
 6207 WAT  23048 23050     3  6207  5850    
 6208 WAT  23051 23053     3  6208  5851    
 6209 WAT  23054 23056     3  6209  5852    
 6210 WAT  23057 23059     3  6210  5853    
 6211 WAT  23060 23062     3  6211  5854    
 6212 WAT  23063 23065     3  6212  5855    
 6213 WAT  23066 23068     3  6213  5856    
 6214 WAT  23069 23071     3  6214  5857    
 6215 WAT  23072 23074     3  6215  5858    
 6216 WAT  23075 23077     3  6216  5859    
 6217 WAT  23078 23080     3  6217  5860    
 6218 WAT  23081 23083     3  6218  5861    
 6219 WAT  23084 23086     3  6219  5862    
 6220 WAT  23087 23089     3  6220  5863    
 6221 WAT  23090 23092     3  6221  5864    
 6222 WAT  23093 23095     3  6222  5865    
 6223 WAT  23096 23098     3  6223  5866    
 6224 WAT  23099 23101     3  6224  5867    
 6225 WAT  23102 23104     3  6225  5868    
 6226 WAT  23105 23107     3  6226  5869    
 6227 WAT  23108 23110     3  6227  5870    
 6228 WAT  23111 23113     3  6228  5871    
 6229 WAT  23114 23116     3  6229  5872    
 6230 WAT  23117 23119     3  6230  5873    
 6231 WAT  23120 23122     3  6231  5874    
 6232 WAT  23123 23125     3  6232  5875    
 6233 WAT  23126 23128     3  6233  5876    
 6234 WAT  23129 23131     3  6234  5877    
 6235 WAT  23132 23134     3  6235  5878    
 6236 WAT  23135 23137     3  6236  5879    
 6237 WAT  23138 23140     3  6237  5880    
 6238 WAT  23141 23143     3  6238  5881    
 6239 WAT  23144 23146     3  6239  5882    
 6240 WAT  23147 23149     3  6240  5883    
 6241 WAT  23150 23152     3  6241  5884    
 6242 WAT  23153 23155     3  6242  5885    
 6243 WAT  23156 23158     3  6243  5886    
 6244 WAT  23159 23161     3  6244  5887    
 6245 WAT  23162 23164     3  6245  5888    
 6246 WAT  23165 23167     3  6246  5889    
 6247 WAT  23168 23170     3  6247  5890    
 6248 WAT  23171 23173     3  6248  5891    
 6249 WAT  23174 23176     3  6249  5892    
 6250 WAT  23177 23179     3  6250  5893    
 6251 WAT  23180 23182     3  6251  5894    
 6252 WAT  23183 23185     3  6252  5895    
 6253 WAT  23186 23188     3  6253  5896    
 6254 WAT  23189 23191     3  6254  5897    
 6255 WAT  23192 23194     3  6255  5898    
 6256 WAT  23195 23197     3  6256  5899    
 6257 WAT  23198 23200     3  6257  5900    
 6258 WAT  23201 23203     3  6258  5901    
 6259 WAT  23204 23206     3  6259  5902    
 6260 WAT  23207 23209     3  6260  5903    
 6261 WAT  23210 23212     3  6261  5904    
 6262 WAT  23213 23215     3  6262  5905    
 6263 WAT  23216 23218     3  6263  5906    
 6264 WAT  23219 23221     3  6264  5907    
 6265 WAT  23222 23224     3  6265  5908    
 6266 WAT  23225 23227     3  6266  5909    
 6267 WAT  23228 23230     3  6267  5910    
 6268 WAT  23231 23233     3  6268  5911    
 6269 WAT  23234 23236     3  6269  5912    
 6270 WAT  23237 23239     3  6270  5913    
 6271 WAT  23240 23242     3  6271  5914    
 6272 WAT  23243 23245     3  6272  5915    
 6273 WAT  23246 23248     3  6273  5916    
 6274 WAT  23249 23251     3  6274  5917    
 6275 WAT  23252 23254     3  6275  5918    
 6276 WAT  23255 23257     3  6276  5919    
 6277 WAT  23258 23260     3  6277  5920    
 6278 WAT  23261 23263     3  6278  5921    
 6279 WAT  23264 23266     3  6279  5922    
 6280 WAT  23267 23269     3  6280  5923    
 6281 WAT  23270 23272     3  6281  5924    
 6282 WAT  23273 23275     3  6282  5925    
 6283 WAT  23276 23278     3  6283  5926    
 6284 WAT  23279 23281     3  6284  5927    
 6285 WAT  23282 23284     3  6285  5928    
 6286 WAT  23285 23287     3  6286  5929    
 6287 WAT  23288 23290     3  6287  5930    
 6288 WAT  23291 23293     3  6288  5931    
 6289 WAT  23294 23296     3  6289  5932    
 6290 WAT  23297 23299     3  6290  5933    
 6291 WAT  23300 23302     3  6291  5934    
 6292 WAT  23303 23305     3  6292  5935    
 6293 WAT  23306 23308     3  6293  5936    
 6294 WAT  23309 23311     3  6294  5937    
 6295 WAT  23312 23314     3  6295  5938    
 6296 WAT  23315 23317     3  6296  5939    
 6297 WAT  23318 23320     3  6297  5940    
 6298 WAT  23321 23323     3  6298  5941    
 6299 WAT  23324 23326     3  6299  5942    
 6300 WAT  23327 23329     3  6300  5943    
 6301 WAT  23330 23332     3  6301  5944    
 6302 WAT  23333 23335     3  6302  5945    
 6303 WAT  23336 23338     3  6303  5946    
 6304 WAT  23339 23341     3  6304  5947    
 6305 WAT  23342 23344     3  6305  5948    
 6306 WAT  23345 23347     3  6306  5949    
 6307 WAT  23348 23350     3  6307  5950    
 6308 WAT  23351 23353     3  6308  5951    
 6309 WAT  23354 23356     3  6309  5952    
 6310 WAT  23357 23359     3  6310  5953    
 6311 WAT  23360 23362     3  6311  5954    
 6312 WAT  23363 23365     3  6312  5955    
 6313 WAT  23366 23368     3  6313  5956    
 6314 WAT  23369 23371     3  6314  5957    
 6315 WAT  23372 23374     3  6315  5958    
 6316 WAT  23375 23377     3  6316  5959    
 6317 WAT  23378 23380     3  6317  5960    
 6318 WAT  23381 23383     3  6318  5961    
 6319 WAT  23384 23386     3  6319  5962    
 6320 WAT  23387 23389     3  6320  5963    
 6321 WAT  23390 23392     3  6321  5964    
 6322 WAT  23393 23395     3  6322  5965    
 6323 WAT  23396 23398     3  6323  5966    
 6324 WAT  23399 23401     3  6324  5967    
 6325 WAT  23402 23404     3  6325  5968    
 6326 WAT  23405 23407     3  6326  5969    
 6327 WAT  23408 23410     3  6327  5970    
 6328 WAT  23411 23413     3  6328  5971    
 6329 WAT  23414 23416     3  6329  5972    
 6330 WAT  23417 23419     3  6330  5973    
 6331 WAT  23420 23422     3  6331  5974    
 6332 WAT  23423 23425     3  6332  5975    
 6333 WAT  23426 23428     3  6333  5976    
 6334 WAT  23429 23431     3  6334  5977    
 6335 WAT  23432 23434     3  6335  5978    
 6336 WAT  23435 23437     3  6336  5979    
 6337 WAT  23438 23440     3  6337  5980    
 6338 WAT  23441 23443     3  6338  5981    
 6339 WAT  23444 23446     3  6339  5982    
 6340 WAT  23447 23449     3  6340  5983    
 6341 WAT  23450 23452     3  6341  5984    
 6342 WAT  23453 23455     3  6342  5985    
 6343 WAT  23456 23458     3  6343  5986    
 6344 WAT  23459 23461     3  6344  5987    
 6345 WAT  23462 23464     3  6345  5988    
 6346 WAT  23465 23467     3  6346  5989    
 6347 WAT  23468 23470     3  6347  5990    
 6348 WAT  23471 23473     3  6348  5991    
 6349 WAT  23474 23476     3  6349  5992    
 6350 WAT  23477 23479     3  6350  5993    
 6351 WAT  23480 23482     3  6351  5994    
 6352 WAT  23483 23485     3  6352  5995    
 6353 WAT  23486 23488     3  6353  5996    
 6354 WAT  23489 23491     3  6354  5997    
 6355 WAT  23492 23494     3  6355  5998    
 6356 WAT  23495 23497     3  6356  5999    
 6357 WAT  23498 23500     3  6357  6000    
 6358 WAT  23501 23503     3  6358  6001    
 6359 WAT  23504 23506     3  6359  6002    
 6360 WAT  23507 23509     3  6360  6003    
 6361 WAT  23510 23512     3  6361  6004    
 6362 WAT  23513 23515     3  6362  6005    
 6363 WAT  23516 23518     3  6363  6006    
 6364 WAT  23519 23521     3  6364  6007    
 6365 WAT  23522 23524     3  6365  6008    
 6366 WAT  23525 23527     3  6366  6009    
 6367 WAT  23528 23530     3  6367  6010    
 6368 WAT  23531 23533     3  6368  6011    
 6369 WAT  23534 23536     3  6369  6012    
 6370 WAT  23537 23539     3  6370  6013    
 6371 WAT  23540 23542     3  6371  6014    
 6372 WAT  23543 23545     3  6372  6015    
 6373 WAT  23546 23548     3  6373  6016    
 6374 WAT  23549 23551     3  6374  6017    
 6375 WAT  23552 23554     3  6375  6018    
 6376 WAT  23555 23557     3  6376  6019    
 6377 WAT  23558 23560     3  6377  6020    
 6378 WAT  23561 23563     3  6378  6021    
 6379 WAT  23564 23566     3  6379  6022    
 6380 WAT  23567 23569     3  6380  6023    
 6381 WAT  23570 23572     3  6381  6024    
 6382 WAT  23573 23575     3  6382  6025    
 6383 WAT  23576 23578     3  6383  6026    
 6384 WAT  23579 23581     3  6384  6027    
 6385 WAT  23582 23584     3  6385  6028    
 6386 WAT  23585 23587     3  6386  6029    
 6387 WAT  23588 23590     3  6387  6030    
 6388 WAT  23591 23593     3  6388  6031    
 6389 WAT  23594 23596     3  6389  6032    
 6390 WAT  23597 23599     3  6390  6033    
 6391 WAT  23600 23602     3  6391  6034    
 6392 WAT  23603 23605     3  6392  6035    
 6393 WAT  23606 23608     3  6393  6036    
 6394 WAT  23609 23611     3  6394  6037    
 6395 WAT  23612 23614     3  6395  6038    
 6396 WAT  23615 23617     3  6396  6039    
 6397 WAT  23618 23620     3  6397  6040    
 6398 WAT  23621 23623     3  6398  6041    
 6399 WAT  23624 23626     3  6399  6042    
 6400 WAT  23627 23629     3  6400  6043    
 6401 WAT  23630 23632     3  6401  6044    
 6402 WAT  23633 23635     3  6402  6045    
 6403 WAT  23636 23638     3  6403  6046    
 6404 WAT  23639 23641     3  6404  6047    
 6405 WAT  23642 23644     3  6405  6048    
 6406 WAT  23645 23647     3  6406  6049    
 6407 WAT  23648 23650     3  6407  6050    
 6408 WAT  23651 23653     3  6408  6051    
 6409 WAT  23654 23656     3  6409  6052    
 6410 WAT  23657 23659     3  6410  6053    
 6411 WAT  23660 23662     3  6411  6054    
 6412 WAT  23663 23665     3  6412  6055    
 6413 WAT  23666 23668     3  6413  6056    
 6414 WAT  23669 23671     3  6414  6057    
 6415 WAT  23672 23674     3  6415  6058    
 6416 WAT  23675 23677     3  6416  6059    
 6417 WAT  23678 23680     3  6417  6060    
 6418 WAT  23681 23683     3  6418  6061    
 6419 WAT  23684 23686     3  6419  6062    
 6420 WAT  23687 23689     3  6420  6063    
 6421 WAT  23690 23692     3  6421  6064    
 6422 WAT  23693 23695     3  6422  6065    
 6423 WAT  23696 23698     3  6423  6066    
 6424 WAT  23699 23701     3  6424  6067    
 6425 WAT  23702 23704     3  6425  6068    
 6426 WAT  23705 23707     3  6426  6069    
 6427 WAT  23708 23710     3  6427  6070    
 6428 WAT  23711 23713     3  6428  6071    
 6429 WAT  23714 23716     3  6429  6072    
 6430 WAT  23717 23719     3  6430  6073    
 6431 WAT  23720 23722     3  6431  6074    
 6432 WAT  23723 23725     3  6432  6075    
 6433 WAT  23726 23728     3  6433  6076    
 6434 WAT  23729 23731     3  6434  6077    
 6435 WAT  23732 23734     3  6435  6078    
 6436 WAT  23735 23737     3  6436  6079    
 6437 WAT  23738 23740     3  6437  6080    
 6438 WAT  23741 23743     3  6438  6081    
 6439 WAT  23744 23746     3  6439  6082    
 6440 WAT  23747 23749     3  6440  6083    
 6441 WAT  23750 23752     3  6441  6084    
 6442 WAT  23753 23755     3  6442  6085    
 6443 WAT  23756 23758     3  6443  6086    
 6444 WAT  23759 23761     3  6444  6087    
 6445 WAT  23762 23764     3  6445  6088    
 6446 WAT  23765 23767     3  6446  6089    
 6447 WAT  23768 23770     3  6447  6090    
 6448 WAT  23771 23773     3  6448  6091    
 6449 WAT  23774 23776     3  6449  6092    
 6450 WAT  23777 23779     3  6450  6093    
 6451 WAT  23780 23782     3  6451  6094    
 6452 WAT  23783 23785     3  6452  6095    
 6453 WAT  23786 23788     3  6453  6096    
 6454 WAT  23789 23791     3  6454  6097    
 6455 WAT  23792 23794     3  6455  6098    
 6456 WAT  23795 23797     3  6456  6099    
 6457 WAT  23798 23800     3  6457  6100    
 6458 WAT  23801 23803     3  6458  6101    
 6459 WAT  23804 23806     3  6459  6102    
 6460 WAT  23807 23809     3  6460  6103    
 6461 WAT  23810 23812     3  6461  6104    
 6462 WAT  23813 23815     3  6462  6105    
 6463 WAT  23816 23818     3  6463  6106    
 6464 WAT  23819 23821     3  6464  6107    
 6465 WAT  23822 23824     3  6465  6108    
 6466 WAT  23825 23827     3  6466  6109    
 6467 WAT  23828 23830     3  6467  6110    
 6468 WAT  23831 23833     3  6468  6111    
 6469 WAT  23834 23836     3  6469  6112    
 6470 WAT  23837 23839     3  6470  6113    
 6471 WAT  23840 23842     3  6471  6114    
 6472 WAT  23843 23845     3  6472  6115    
 6473 WAT  23846 23848     3  6473  6116    
 6474 WAT  23849 23851     3  6474  6117    
 6475 WAT  23852 23854     3  6475  6118    
 6476 WAT  23855 23857     3  6476  6119    
 6477 WAT  23858 23860     3  6477  6120    
 6478 WAT  23861 23863     3  6478  6121    
 6479 WAT  23864 23866     3  6479  6122    
 6480 WAT  23867 23869     3  6480  6123    
 6481 WAT  23870 23872     3  6481  6124    
 6482 WAT  23873 23875     3  6482  6125    
 6483 WAT  23876 23878     3  6483  6126    
 6484 WAT  23879 23881     3  6484  6127    
 6485 WAT  23882 23884     3  6485  6128    
 6486 WAT  23885 23887     3  6486  6129    
 6487 WAT  23888 23890     3  6487  6130    
 6488 WAT  23891 23893     3  6488  6131    
 6489 WAT  23894 23896     3  6489  6132    
 6490 WAT  23897 23899     3  6490  6133    
 6491 WAT  23900 23902     3  6491  6134    
 6492 WAT  23903 23905     3  6492  6135    
 6493 WAT  23906 23908     3  6493  6136    
 6494 WAT  23909 23911     3  6494  6137    
 6495 WAT  23912 23914     3  6495  6138    
 6496 WAT  23915 23917     3  6496  6139    
 6497 WAT  23918 23920     3  6497  6140    
 6498 WAT  23921 23923     3  6498  6141    
 6499 WAT  23924 23926     3  6499  6142    
 6500 WAT  23927 23929     3  6500  6143    
 6501 WAT  23930 23932     3  6501  6144    
 6502 WAT  23933 23935     3  6502  6145    
 6503 WAT  23936 23938     3  6503  6146    
 6504 WAT  23939 23941     3  6504  6147    
 6505 WAT  23942 23944     3  6505  6148    
 6506 WAT  23945 23947     3  6506  6149    
 6507 WAT  23948 23950     3  6507  6150    
 6508 WAT  23951 23953     3  6508  6151    
 6509 WAT  23954 23956     3  6509  6152    
 6510 WAT  23957 23959     3  6510  6153    
 6511 WAT  23960 23962     3  6511  6154    
 6512 WAT  23963 23965     3  6512  6155    
 6513 WAT  23966 23968     3  6513  6156    
 6514 WAT  23969 23971     3  6514  6157    
 6515 WAT  23972 23974     3  6515  6158    
 6516 WAT  23975 23977     3  6516  6159    
 6517 WAT  23978 23980     3  6517  6160    
 6518 WAT  23981 23983     3  6518  6161    
 6519 WAT  23984 23986     3  6519  6162    
 6520 WAT  23987 23989     3  6520  6163    
 6521 WAT  23990 23992     3  6521  6164    
 6522 WAT  23993 23995     3  6522  6165    
 6523 WAT  23996 23998     3  6523  6166    
 6524 WAT  23999 24001     3  6524  6167    
 6525 WAT  24002 24004     3  6525  6168    
 6526 WAT  24005 24007     3  6526  6169    
 6527 WAT  24008 24010     3  6527  6170    
 6528 WAT  24011 24013     3  6528  6171    
 6529 WAT  24014 24016     3  6529  6172    
 6530 WAT  24017 24019     3  6530  6173    
 6531 WAT  24020 24022     3  6531  6174    
 6532 WAT  24023 24025     3  6532  6175    
 6533 WAT  24026 24028     3  6533  6176    
 6534 WAT  24029 24031     3  6534  6177    
 6535 WAT  24032 24034     3  6535  6178    
 6536 WAT  24035 24037     3  6536  6179    
 6537 WAT  24038 24040     3  6537  6180    
 6538 WAT  24041 24043     3  6538  6181    
 6539 WAT  24044 24046     3  6539  6182    
 6540 WAT  24047 24049     3  6540  6183    
 6541 WAT  24050 24052     3  6541  6184    
 6542 WAT  24053 24055     3  6542  6185    
 6543 WAT  24056 24058     3  6543  6186    
 6544 WAT  24059 24061     3  6544  6187    
 6545 WAT  24062 24064     3  6545  6188    
 6546 WAT  24065 24067     3  6546  6189    
 6547 WAT  24068 24070     3  6547  6190    
 6548 WAT  24071 24073     3  6548  6191    
 6549 WAT  24074 24076     3  6549  6192    
 6550 WAT  24077 24079     3  6550  6193    
 6551 WAT  24080 24082     3  6551  6194    
 6552 WAT  24083 24085     3  6552  6195    
 6553 WAT  24086 24088     3  6553  6196    
 6554 WAT  24089 24091     3  6554  6197    
 6555 WAT  24092 24094     3  6555  6198    
 6556 WAT  24095 24097     3  6556  6199    
 6557 WAT  24098 24100     3  6557  6200    
 6558 WAT  24101 24103     3  6558  6201    
 6559 WAT  24104 24106     3  6559  6202    
 6560 WAT  24107 24109     3  6560  6203    
 6561 WAT  24110 24112     3  6561  6204    
 6562 WAT  24113 24115     3  6562  6205    
 6563 WAT  24116 24118     3  6563  6206    
 6564 WAT  24119 24121     3  6564  6207    
 6565 WAT  24122 24124     3  6565  6208    
 6566 WAT  24125 24127     3  6566  6209    
 6567 WAT  24128 24130     3  6567  6210    
 6568 WAT  24131 24133     3  6568  6211    
 6569 WAT  24134 24136     3  6569  6212    
 6570 WAT  24137 24139     3  6570  6213    
 6571 WAT  24140 24142     3  6571  6214    
 6572 WAT  24143 24145     3  6572  6215    
 6573 WAT  24146 24148     3  6573  6216    
 6574 WAT  24149 24151     3  6574  6217    
 6575 WAT  24152 24154     3  6575  6218    
 6576 WAT  24155 24157     3  6576  6219    
 6577 WAT  24158 24160     3  6577  6220    
 6578 WAT  24161 24163     3  6578  6221    
 6579 WAT  24164 24166     3  6579  6222    
 6580 WAT  24167 24169     3  6580  6223    
 6581 WAT  24170 24172     3  6581  6224    
 6582 WAT  24173 24175     3  6582  6225    
 6583 WAT  24176 24178     3  6583  6226    
 6584 WAT  24179 24181     3  6584  6227    
 6585 WAT  24182 24184     3  6585  6228    
 6586 WAT  24185 24187     3  6586  6229    
 6587 WAT  24188 24190     3  6587  6230    
 6588 WAT  24191 24193     3  6588  6231    
 6589 WAT  24194 24196     3  6589  6232    
 6590 WAT  24197 24199     3  6590  6233    
 6591 WAT  24200 24202     3  6591  6234    
 6592 WAT  24203 24205     3  6592  6235    
 6593 WAT  24206 24208     3  6593  6236    
 6594 WAT  24209 24211     3  6594  6237    
 6595 WAT  24212 24214     3  6595  6238    
 6596 WAT  24215 24217     3  6596  6239    
 6597 WAT  24218 24220     3  6597  6240    
 6598 WAT  24221 24223     3  6598  6241    
 6599 WAT  24224 24226     3  6599  6242    
 6600 WAT  24227 24229     3  6600  6243    
 6601 WAT  24230 24232     3  6601  6244    
 6602 WAT  24233 24235     3  6602  6245    
 6603 WAT  24236 24238     3  6603  6246    
 6604 WAT  24239 24241     3  6604  6247    
 6605 WAT  24242 24244     3  6605  6248    
 6606 WAT  24245 24247     3  6606  6249    
 6607 WAT  24248 24250     3  6607  6250    
 6608 WAT  24251 24253     3  6608  6251    
 6609 WAT  24254 24256     3  6609  6252    
 6610 WAT  24257 24259     3  6610  6253    
 6611 WAT  24260 24262     3  6611  6254    
 6612 WAT  24263 24265     3  6612  6255    
 6613 WAT  24266 24268     3  6613  6256    
 6614 WAT  24269 24271     3  6614  6257    
 6615 WAT  24272 24274     3  6615  6258    
 6616 WAT  24275 24277     3  6616  6259    
 6617 WAT  24278 24280     3  6617  6260    
 6618 WAT  24281 24283     3  6618  6261    
 6619 WAT  24284 24286     3  6619  6262    
 6620 WAT  24287 24289     3  6620  6263    
 6621 WAT  24290 24292     3  6621  6264    
 6622 WAT  24293 24295     3  6622  6265    
 6623 WAT  24296 24298     3  6623  6266    
 6624 WAT  24299 24301     3  6624  6267    
 6625 WAT  24302 24304     3  6625  6268    
 6626 WAT  24305 24307     3  6626  6269    
 6627 WAT  24308 24310     3  6627  6270    
 6628 WAT  24311 24313     3  6628  6271    
 6629 WAT  24314 24316     3  6629  6272    
 6630 WAT  24317 24319     3  6630  6273    
 6631 WAT  24320 24322     3  6631  6274    
 6632 WAT  24323 24325     3  6632  6275    
 6633 WAT  24326 24328     3  6633  6276    
 6634 WAT  24329 24331     3  6634  6277    
 6635 WAT  24332 24334     3  6635  6278    
 6636 WAT  24335 24337     3  6636  6279    
 6637 WAT  24338 24340     3  6637  6280    
 6638 WAT  24341 24343     3  6638  6281    
 6639 WAT  24344 24346     3  6639  6282    
 6640 WAT  24347 24349     3  6640  6283    
 6641 WAT  24350 24352     3  6641  6284    
 6642 WAT  24353 24355     3  6642  6285    
 6643 WAT  24356 24358     3  6643  6286    
 6644 WAT  24359 24361     3  6644  6287    
 6645 WAT  24362 24364     3  6645  6288    
 6646 WAT  24365 24367     3  6646  6289    
 6647 WAT  24368 24370     3  6647  6290    
 6648 WAT  24371 24373     3  6648  6291    
 6649 WAT  24374 24376     3  6649  6292    
 6650 WAT  24377 24379     3  6650  6293    
 6651 WAT  24380 24382     3  6651  6294    
 6652 WAT  24383 24385     3  6652  6295    
 6653 WAT  24386 24388     3  6653  6296    
 6654 WAT  24389 24391     3  6654  6297    
 6655 WAT  24392 24394     3  6655  6298    
 6656 WAT  24395 24397     3  6656  6299    
 6657 WAT  24398 24400     3  6657  6300    
 6658 WAT  24401 24403     3  6658  6301    
 6659 WAT  24404 24406     3  6659  6302    
 6660 WAT  24407 24409     3  6660  6303    
 6661 WAT  24410 24412     3  6661  6304    
 6662 WAT  24413 24415     3  6662  6305    
 6663 WAT  24416 24418     3  6663  6306    
 6664 WAT  24419 24421     3  6664  6307    
 6665 WAT  24422 24424     3  6665  6308    
 6666 WAT  24425 24427     3  6666  6309    
 6667 WAT  24428 24430     3  6667  6310    
 6668 WAT  24431 24433     3  6668  6311    
 6669 WAT  24434 24436     3  6669  6312    
 6670 WAT  24437 24439     3  6670  6313    
 6671 WAT  24440 24442     3  6671  6314    
 6672 WAT  24443 24445     3  6672  6315    
 6673 WAT  24446 24448     3  6673  6316    
 6674 WAT  24449 24451     3  6674  6317    
 6675 WAT  24452 24454     3  6675  6318    
 6676 WAT  24455 24457     3  6676  6319    
 6677 WAT  24458 24460     3  6677  6320    
 6678 WAT  24461 24463     3  6678  6321    
 6679 WAT  24464 24466     3  6679  6322    
 6680 WAT  24467 24469     3  6680  6323    
 6681 WAT  24470 24472     3  6681  6324    
 6682 WAT  24473 24475     3  6682  6325    
 6683 WAT  24476 24478     3  6683  6326    
 6684 WAT  24479 24481     3  6684  6327    
 6685 WAT  24482 24484     3  6685  6328    
 6686 WAT  24485 24487     3  6686  6329    
 6687 WAT  24488 24490     3  6687  6330    
 6688 WAT  24491 24493     3  6688  6331    
 6689 WAT  24494 24496     3  6689  6332    
 6690 WAT  24497 24499     3  6690  6333    
 6691 WAT  24500 24502     3  6691  6334    
 6692 WAT  24503 24505     3  6692  6335    
 6693 WAT  24506 24508     3  6693  6336    
 6694 WAT  24509 24511     3  6694  6337    
 6695 WAT  24512 24514     3  6695  6338    
 6696 WAT  24515 24517     3  6696  6339    
 6697 WAT  24518 24520     3  6697  6340    
 6698 WAT  24521 24523     3  6698  6341    
 6699 WAT  24524 24526     3  6699  6342    
 6700 WAT  24527 24529     3  6700  6343    
 6701 WAT  24530 24532     3  6701  6344    
 6702 WAT  24533 24535     3  6702  6345    
 6703 WAT  24536 24538     3  6703  6346    
 6704 WAT  24539 24541     3  6704  6347    
 6705 WAT  24542 24544     3  6705  6348    
 6706 WAT  24545 24547     3  6706  6349    
 6707 WAT  24548 24550     3  6707  6350    
 6708 WAT  24551 24553     3  6708  6351    
 6709 WAT  24554 24556     3  6709  6352    
 6710 WAT  24557 24559     3  6710  6353    
 6711 WAT  24560 24562     3  6711  6354    
 6712 WAT  24563 24565     3  6712  6355    
 6713 WAT  24566 24568     3  6713  6356    
 6714 WAT  24569 24571     3  6714  6357    
 6715 WAT  24572 24574     3  6715  6358    
 6716 WAT  24575 24577     3  6716  6359    
 6717 WAT  24578 24580     3  6717  6360    
 6718 WAT  24581 24583     3  6718  6361    
 6719 WAT  24584 24586     3  6719  6362    
 6720 WAT  24587 24589     3  6720  6363    
 6721 WAT  24590 24592     3  6721  6364    
 6722 WAT  24593 24595     3  6722  6365    
 6723 WAT  24596 24598     3  6723  6366    
 6724 WAT  24599 24601     3  6724  6367    
 6725 WAT  24602 24604     3  6725  6368    
 6726 WAT  24605 24607     3  6726  6369    
 6727 WAT  24608 24610     3  6727  6370    
 6728 WAT  24611 24613     3  6728  6371    
 6729 WAT  24614 24616     3  6729  6372    
 6730 WAT  24617 24619     3  6730  6373    
 6731 WAT  24620 24622     3  6731  6374    
 6732 WAT  24623 24625     3  6732  6375    
 6733 WAT  24626 24628     3  6733  6376    
 6734 WAT  24629 24631     3  6734  6377    
 6735 WAT  24632 24634     3  6735  6378    
 6736 WAT  24635 24637     3  6736  6379    
 6737 WAT  24638 24640     3  6737  6380    
 6738 WAT  24641 24643     3  6738  6381    
 6739 WAT  24644 24646     3  6739  6382    
 6740 WAT  24647 24649     3  6740  6383    
 6741 WAT  24650 24652     3  6741  6384    
 6742 WAT  24653 24655     3  6742  6385    
 6743 WAT  24656 24658     3  6743  6386    
 6744 WAT  24659 24661     3  6744  6387    
 6745 WAT  24662 24664     3  6745  6388    
 6746 WAT  24665 24667     3  6746  6389    
 6747 WAT  24668 24670     3  6747  6390    
 6748 WAT  24671 24673     3  6748  6391    
 6749 WAT  24674 24676     3  6749  6392    
 6750 WAT  24677 24679     3  6750  6393    
 6751 WAT  24680 24682     3  6751  6394    
 6752 WAT  24683 24685     3  6752  6395    
 6753 WAT  24686 24688     3  6753  6396    
 6754 WAT  24689 24691     3  6754  6397    
 6755 WAT  24692 24694     3  6755  6398    
 6756 WAT  24695 24697     3  6756  6399    
 6757 WAT  24698 24700     3  6757  6400    
 6758 WAT  24701 24703     3  6758  6401    
 6759 WAT  24704 24706     3  6759  6402    
 6760 WAT  24707 24709     3  6760  6403    
 6761 WAT  24710 24712     3  6761  6404    
 6762 WAT  24713 24715     3  6762  6405    
 6763 WAT  24716 24718     3  6763  6406    
 6764 WAT  24719 24721     3  6764  6407    
 6765 WAT  24722 24724     3  6765  6408    
 6766 WAT  24725 24727     3  6766  6409    
 6767 WAT  24728 24730     3  6767  6410    
 6768 WAT  24731 24733     3  6768  6411    
 6769 WAT  24734 24736     3  6769  6412    
 6770 WAT  24737 24739     3  6770  6413    
 6771 WAT  24740 24742     3  6771  6414    
 6772 WAT  24743 24745     3  6772  6415    
 6773 WAT  24746 24748     3  6773  6416    
 6774 WAT  24749 24751     3  6774  6417    
 6775 WAT  24752 24754     3  6775  6418    
 6776 WAT  24755 24757     3  6776  6419    
 6777 WAT  24758 24760     3  6777  6420    
 6778 WAT  24761 24763     3  6778  6421    
 6779 WAT  24764 24766     3  6779  6422    
 6780 WAT  24767 24769     3  6780  6423    
 6781 WAT  24770 24772     3  6781  6424    
 6782 WAT  24773 24775     3  6782  6425    
 6783 WAT  24776 24778     3  6783  6426    
 6784 WAT  24779 24781     3  6784  6427    
 6785 WAT  24782 24784     3  6785  6428    
 6786 WAT  24785 24787     3  6786  6429    
 6787 WAT  24788 24790     3  6787  6430    
 6788 WAT  24791 24793     3  6788  6431    
 6789 WAT  24794 24796     3  6789  6432    
 6790 WAT  24797 24799     3  6790  6433    
 6791 WAT  24800 24802     3  6791  6434    
 6792 WAT  24803 24805     3  6792  6435    
 6793 WAT  24806 24808     3  6793  6436    
 6794 WAT  24809 24811     3  6794  6437    
 6795 WAT  24812 24814     3  6795  6438    
 6796 WAT  24815 24817     3  6796  6439    
 6797 WAT  24818 24820     3  6797  6440    
 6798 WAT  24821 24823     3  6798  6441    
 6799 WAT  24824 24826     3  6799  6442    
 6800 WAT  24827 24829     3  6800  6443    
 6801 WAT  24830 24832     3  6801  6444    
 6802 WAT  24833 24835     3  6802  6445    
 6803 WAT  24836 24838     3  6803  6446    
 6804 WAT  24839 24841     3  6804  6447    
 6805 WAT  24842 24844     3  6805  6448    
 6806 WAT  24845 24847     3  6806  6449    
 6807 WAT  24848 24850     3  6807  6450    
 6808 WAT  24851 24853     3  6808  6451    
 6809 WAT  24854 24856     3  6809  6452    
 6810 WAT  24857 24859     3  6810  6453    
 6811 WAT  24860 24862     3  6811  6454    
 6812 WAT  24863 24865     3  6812  6455    
 6813 WAT  24866 24868     3  6813  6456    
 6814 WAT  24869 24871     3  6814  6457    
 6815 WAT  24872 24874     3  6815  6458    
 6816 WAT  24875 24877     3  6816  6459    
 6817 WAT  24878 24880     3  6817  6460    
 6818 WAT  24881 24883     3  6818  6461    
 6819 WAT  24884 24886     3  6819  6462    
 6820 WAT  24887 24889     3  6820  6463    
 6821 WAT  24890 24892     3  6821  6464    
 6822 WAT  24893 24895     3  6822  6465    
 6823 WAT  24896 24898     3  6823  6466    
 6824 WAT  24899 24901     3  6824  6467    
 6825 WAT  24902 24904     3  6825  6468    
 6826 WAT  24905 24907     3  6826  6469    
 6827 WAT  24908 24910     3  6827  6470    
 6828 WAT  24911 24913     3  6828  6471    
 6829 WAT  24914 24916     3  6829  6472    
 6830 WAT  24917 24919     3  6830  6473    
 6831 WAT  24920 24922     3  6831  6474    
 6832 WAT  24923 24925     3  6832  6475    
 6833 WAT  24926 24928     3  6833  6476    
 6834 WAT  24929 24931     3  6834  6477    
 6835 WAT  24932 24934     3  6835  6478    
 6836 WAT  24935 24937     3  6836  6479    
 6837 WAT  24938 24940     3  6837  6480    
 6838 WAT  24941 24943     3  6838  6481    
 6839 WAT  24944 24946     3  6839  6482    
 6840 WAT  24947 24949     3  6840  6483    
 6841 WAT  24950 24952     3  6841  6484    
 6842 WAT  24953 24955     3  6842  6485    
 6843 WAT  24956 24958     3  6843  6486    
 6844 WAT  24959 24961     3  6844  6487    
 6845 WAT  24962 24964     3  6845  6488    
 6846 WAT  24965 24967     3  6846  6489    
 6847 WAT  24968 24970     3  6847  6490    
 6848 WAT  24971 24973     3  6848  6491    
 6849 WAT  24974 24976     3  6849  6492    
 6850 WAT  24977 24979     3  6850  6493    
 6851 WAT  24980 24982     3  6851  6494    
 6852 WAT  24983 24985     3  6852  6495    
 6853 WAT  24986 24988     3  6853  6496    
 6854 WAT  24989 24991     3  6854  6497    
 6855 WAT  24992 24994     3  6855  6498    
 6856 WAT  24995 24997     3  6856  6499    
 6857 WAT  24998 25000     3  6857  6500    
 6858 WAT  25001 25003     3  6858  6501    
 6859 WAT  25004 25006     3  6859  6502    
 6860 WAT  25007 25009     3  6860  6503    
 6861 WAT  25010 25012     3  6861  6504    
 6862 WAT  25013 25015     3  6862  6505    
 6863 WAT  25016 25018     3  6863  6506    
 6864 WAT  25019 25021     3  6864  6507    
 6865 WAT  25022 25024     3  6865  6508    
 6866 WAT  25025 25027     3  6866  6509    
 6867 WAT  25028 25030     3  6867  6510    
 6868 WAT  25031 25033     3  6868  6511    
 6869 WAT  25034 25036     3  6869  6512    
 6870 WAT  25037 25039     3  6870  6513    
 6871 WAT  25040 25042     3  6871  6514    
 6872 WAT  25043 25045     3  6872  6515    
 6873 WAT  25046 25048     3  6873  6516    
 6874 WAT  25049 25051     3  6874  6517    
 6875 WAT  25052 25054     3  6875  6518    
 6876 WAT  25055 25057     3  6876  6519    
 6877 WAT  25058 25060     3  6877  6520    
 6878 WAT  25061 25063     3  6878  6521    
 6879 WAT  25064 25066     3  6879  6522    
 6880 WAT  25067 25069     3  6880  6523    
 6881 WAT  25070 25072     3  6881  6524    
 6882 WAT  25073 25075     3  6882  6525    
 6883 WAT  25076 25078     3  6883  6526    
 6884 WAT  25079 25081     3  6884  6527    
 6885 WAT  25082 25084     3  6885  6528    
 6886 WAT  25085 25087     3  6886  6529    
 6887 WAT  25088 25090     3  6887  6530    
 6888 WAT  25091 25093     3  6888  6531    
 6889 WAT  25094 25096     3  6889  6532    
 6890 WAT  25097 25099     3  6890  6533    
 6891 WAT  25100 25102     3  6891  6534    
 6892 WAT  25103 25105     3  6892  6535    
 6893 WAT  25106 25108     3  6893  6536    
 6894 WAT  25109 25111     3  6894  6537    
 6895 WAT  25112 25114     3  6895  6538    
 6896 WAT  25115 25117     3  6896  6539    
 6897 WAT  25118 25120     3  6897  6540    
 6898 WAT  25121 25123     3  6898  6541    
 6899 WAT  25124 25126     3  6899  6542    
 6900 WAT  25127 25129     3  6900  6543    
 6901 WAT  25130 25132     3  6901  6544    
 6902 WAT  25133 25135     3  6902  6545    
 6903 WAT  25136 25138     3  6903  6546    
 6904 WAT  25139 25141     3  6904  6547    
 6905 WAT  25142 25144     3  6905  6548    
 6906 WAT  25145 25147     3  6906  6549    
 6907 WAT  25148 25150     3  6907  6550    
 6908 WAT  25151 25153     3  6908  6551    
 6909 WAT  25154 25156     3  6909  6552    
 6910 WAT  25157 25159     3  6910  6553    
 6911 WAT  25160 25162     3  6911  6554    
 6912 WAT  25163 25165     3  6912  6555    
 6913 WAT  25166 25168     3  6913  6556    
 6914 WAT  25169 25171     3  6914  6557    
 6915 WAT  25172 25174     3  6915  6558    
 6916 WAT  25175 25177     3  6916  6559    
 6917 WAT  25178 25180     3  6917  6560    
 6918 WAT  25181 25183     3  6918  6561    
 6919 WAT  25184 25186     3  6919  6562    
 6920 WAT  25187 25189     3  6920  6563    
 6921 WAT  25190 25192     3  6921  6564    
 6922 WAT  25193 25195     3  6922  6565    
 6923 WAT  25196 25198     3  6923  6566    
 6924 WAT  25199 25201     3  6924  6567    
 6925 WAT  25202 25204     3  6925  6568    
 6926 WAT  25205 25207     3  6926  6569    
 6927 WAT  25208 25210     3  6927  6570    
 6928 WAT  25211 25213     3  6928  6571    
 6929 WAT  25214 25216     3  6929  6572    
 6930 WAT  25217 25219     3  6930  6573    
 6931 WAT  25220 25222     3  6931  6574    
 6932 WAT  25223 25225     3  6932  6575    
 6933 WAT  25226 25228     3  6933  6576    
 6934 WAT  25229 25231     3  6934  6577    
 6935 WAT  25232 25234     3  6935  6578    
 6936 WAT  25235 25237     3  6936  6579    
 6937 WAT  25238 25240     3  6937  6580    
 6938 WAT  25241 25243     3  6938  6581    
 6939 WAT  25244 25246     3  6939  6582    
 6940 WAT  25247 25249     3  6940  6583    
 6941 WAT  25250 25252     3  6941  6584    
 6942 WAT  25253 25255     3  6942  6585    
 6943 WAT  25256 25258     3  6943  6586    
 6944 WAT  25259 25261     3  6944  6587    
 6945 WAT  25262 25264     3  6945  6588    
 6946 WAT  25265 25267     3  6946  6589    
 6947 WAT  25268 25270     3  6947  6590    
 6948 WAT  25271 25273     3  6948  6591    
 6949 WAT  25274 25276     3  6949  6592    
 6950 WAT  25277 25279     3  6950  6593    
 6951 WAT  25280 25282     3  6951  6594    
 6952 WAT  25283 25285     3  6952  6595    
 6953 WAT  25286 25288     3  6953  6596    
 6954 WAT  25289 25291     3  6954  6597    
 6955 WAT  25292 25294     3  6955  6598    
 6956 WAT  25295 25297     3  6956  6599    
 6957 WAT  25298 25300     3  6957  6600    
 6958 WAT  25301 25303     3  6958  6601    
 6959 WAT  25304 25306     3  6959  6602    
 6960 WAT  25307 25309     3  6960  6603    
 6961 WAT  25310 25312     3  6961  6604    
 6962 WAT  25313 25315     3  6962  6605    
 6963 WAT  25316 25318     3  6963  6606    
 6964 WAT  25319 25321     3  6964  6607    
 6965 WAT  25322 25324     3  6965  6608    
 6966 WAT  25325 25327     3  6966  6609    
 6967 WAT  25328 25330     3  6967  6610    
 6968 WAT  25331 25333     3  6968  6611    
 6969 WAT  25334 25336     3  6969  6612    
 6970 WAT  25337 25339     3  6970  6613    
 6971 WAT  25340 25342     3  6971  6614    
 6972 WAT  25343 25345     3  6972  6615    
 6973 WAT  25346 25348     3  6973  6616    
 6974 WAT  25349 25351     3  6974  6617    
 6975 WAT  25352 25354     3  6975  6618    
 6976 WAT  25355 25357     3  6976  6619    
 6977 WAT  25358 25360     3  6977  6620    
 6978 WAT  25361 25363     3  6978  6621    
 6979 WAT  25364 25366     3  6979  6622    
 6980 WAT  25367 25369     3  6980  6623    
 6981 WAT  25370 25372     3  6981  6624    
 6982 WAT  25373 25375     3  6982  6625    
 6983 WAT  25376 25378     3  6983  6626    
 6984 WAT  25379 25381     3  6984  6627    
 6985 WAT  25382 25384     3  6985  6628    
 6986 WAT  25385 25387     3  6986  6629    
 6987 WAT  25388 25390     3  6987  6630    
 6988 WAT  25391 25393     3  6988  6631    
 6989 WAT  25394 25396     3  6989  6632    
 6990 WAT  25397 25399     3  6990  6633    
 6991 WAT  25400 25402     3  6991  6634    
 6992 WAT  25403 25405     3  6992  6635    
 6993 WAT  25406 25408     3  6993  6636    
 6994 WAT  25409 25411     3  6994  6637    
 6995 WAT  25412 25414     3  6995  6638    
 6996 WAT  25415 25417     3  6996  6639    
 6997 WAT  25418 25420     3  6997  6640    
 6998 WAT  25421 25423     3  6998  6641    
 6999 WAT  25424 25426     3  6999  6642    
 7000 WAT  25427 25429     3  7000  6643    
 7001 WAT  25430 25432     3  7001  6644    
 7002 WAT  25433 25435     3  7002  6645    
 7003 WAT  25436 25438     3  7003  6646    
 7004 WAT  25439 25441     3  7004  6647    
 7005 WAT  25442 25444     3  7005  6648    
 7006 WAT  25445 25447     3  7006  6649    
 7007 WAT  25448 25450     3  7007  6650    
 7008 WAT  25451 25453     3  7008  6651    
 7009 WAT  25454 25456     3  7009  6652    
 7010 WAT  25457 25459     3  7010  6653    
 7011 WAT  25460 25462     3  7011  6654    
 7012 WAT  25463 25465     3  7012  6655    
 7013 WAT  25466 25468     3  7013  6656    
 7014 WAT  25469 25471     3  7014  6657    
 7015 WAT  25472 25474     3  7015  6658    
 7016 WAT  25475 25477     3  7016  6659    
 7017 WAT  25478 25480     3  7017  6660    
 7018 WAT  25481 25483     3  7018  6661    
 7019 WAT  25484 25486     3  7019  6662    
 7020 WAT  25487 25489     3  7020  6663    
 7021 WAT  25490 25492     3  7021  6664    
 7022 WAT  25493 25495     3  7022  6665    
 7023 WAT  25496 25498     3  7023  6666    
 7024 WAT  25499 25501     3  7024  6667    
 7025 WAT  25502 25504     3  7025  6668    
 7026 WAT  25505 25507     3  7026  6669    
 7027 WAT  25508 25510     3  7027  6670    
 7028 WAT  25511 25513     3  7028  6671    
 7029 WAT  25514 25516     3  7029  6672    
 7030 WAT  25517 25519     3  7030  6673    
 7031 WAT  25520 25522     3  7031  6674    
 7032 WAT  25523 25525     3  7032  6675    
 7033 WAT  25526 25528     3  7033  6676    
 7034 WAT  25529 25531     3  7034  6677    
 7035 WAT  25532 25534     3  7035  6678    
 7036 WAT  25535 25537     3  7036  6679    
 7037 WAT  25538 25540     3  7037  6680    
 7038 WAT  25541 25543     3  7038  6681    
 7039 WAT  25544 25546     3  7039  6682    
 7040 WAT  25547 25549     3  7040  6683    
 7041 WAT  25550 25552     3  7041  6684    
 7042 WAT  25553 25555     3  7042  6685    
 7043 WAT  25556 25558     3  7043  6686    
 7044 WAT  25559 25561     3  7044  6687    
 7045 WAT  25562 25564     3  7045  6688    
 7046 WAT  25565 25567     3  7046  6689    
 7047 WAT  25568 25570     3  7047  6690    
 7048 WAT  25571 25573     3  7048  6691    
 7049 WAT  25574 25576     3  7049  6692    
 7050 WAT  25577 25579     3  7050  6693    
 7051 WAT  25580 25582     3  7051  6694    
 7052 WAT  25583 25585     3  7052  6695    
 7053 WAT  25586 25588     3  7053  6696    
 7054 WAT  25589 25591     3  7054  6697    
 7055 WAT  25592 25594     3  7055  6698    
 7056 WAT  25595 25597     3  7056  6699    
 7057 WAT  25598 25600     3  7057  6700    
 7058 WAT  25601 25603     3  7058  6701    
 7059 WAT  25604 25606     3  7059  6702    
 7060 WAT  25607 25609     3  7060  6703    
 7061 WAT  25610 25612     3  7061  6704    
 7062 WAT  25613 25615     3  7062  6705    
 7063 WAT  25616 25618     3  7063  6706    
 7064 WAT  25619 25621     3  7064  6707    
 7065 WAT  25622 25624     3  7065  6708    
 7066 WAT  25625 25627     3  7066  6709    
 7067 WAT  25628 25630     3  7067  6710    
 7068 WAT  25631 25633     3  7068  6711    
 7069 WAT  25634 25636     3  7069  6712    
 7070 WAT  25637 25639     3  7070  6713    
 7071 WAT  25640 25642     3  7071  6714    
 7072 WAT  25643 25645     3  7072  6715    
 7073 WAT  25646 25648     3  7073  6716    
 7074 WAT  25649 25651     3  7074  6717    
 7075 WAT  25652 25654     3  7075  6718    
 7076 WAT  25655 25657     3  7076  6719    
 7077 WAT  25658 25660     3  7077  6720    
 7078 WAT  25661 25663     3  7078  6721    
 7079 WAT  25664 25666     3  7079  6722    
 7080 WAT  25667 25669     3  7080  6723    
 7081 WAT  25670 25672     3  7081  6724    
 7082 WAT  25673 25675     3  7082  6725    
 7083 WAT  25676 25678     3  7083  6726    
 7084 WAT  25679 25681     3  7084  6727    
 7085 WAT  25682 25684     3  7085  6728    
 7086 WAT  25685 25687     3  7086  6729    
 7087 WAT  25688 25690     3  7087  6730    
 7088 WAT  25691 25693     3  7088  6731    
 7089 WAT  25694 25696     3  7089  6732    
 7090 WAT  25697 25699     3  7090  6733    
 7091 WAT  25700 25702     3  7091  6734    
 7092 WAT  25703 25705     3  7092  6735    
 7093 WAT  25706 25708     3  7093  6736    
 7094 WAT  25709 25711     3  7094  6737    
 7095 WAT  25712 25714     3  7095  6738    
 7096 WAT  25715 25717     3  7096  6739    
 7097 WAT  25718 25720     3  7097  6740    
 7098 WAT  25721 25723     3  7098  6741    
 7099 WAT  25724 25726     3  7099  6742    
 7100 WAT  25727 25729     3  7100  6743    
 7101 WAT  25730 25732     3  7101  6744    
 7102 WAT  25733 25735     3  7102  6745    
 7103 WAT  25736 25738     3  7103  6746    
 7104 WAT  25739 25741     3  7104  6747    
 7105 WAT  25742 25744     3  7105  6748    
 7106 WAT  25745 25747     3  7106  6749    
 7107 WAT  25748 25750     3  7107  6750    
 7108 WAT  25751 25753     3  7108  6751    
 7109 WAT  25754 25756     3  7109  6752    
 7110 WAT  25757 25759     3  7110  6753    
 7111 WAT  25760 25762     3  7111  6754    
 7112 WAT  25763 25765     3  7112  6755    
 7113 WAT  25766 25768     3  7113  6756    
 7114 WAT  25769 25771     3  7114  6757    
 7115 WAT  25772 25774     3  7115  6758    
 7116 WAT  25775 25777     3  7116  6759    
 7117 WAT  25778 25780     3  7117  6760    
 7118 WAT  25781 25783     3  7118  6761    
 7119 WAT  25784 25786     3  7119  6762    
 7120 WAT  25787 25789     3  7120  6763    
 7121 WAT  25790 25792     3  7121  6764    
 7122 WAT  25793 25795     3  7122  6765    
 7123 WAT  25796 25798     3  7123  6766    
 7124 WAT  25799 25801     3  7124  6767    
 7125 WAT  25802 25804     3  7125  6768    
 7126 WAT  25805 25807     3  7126  6769    
 7127 WAT  25808 25810     3  7127  6770    
 7128 WAT  25811 25813     3  7128  6771    
 7129 WAT  25814 25816     3  7129  6772    
 7130 WAT  25817 25819     3  7130  6773    
 7131 WAT  25820 25822     3  7131  6774    
 7132 WAT  25823 25825     3  7132  6775    
 7133 WAT  25826 25828     3  7133  6776    
 7134 WAT  25829 25831     3  7134  6777    
 7135 WAT  25832 25834     3  7135  6778    
 7136 WAT  25835 25837     3  7136  6779    
 7137 WAT  25838 25840     3  7137  6780    
 7138 WAT  25841 25843     3  7138  6781    
 7139 WAT  25844 25846     3  7139  6782    
 7140 WAT  25847 25849     3  7140  6783    
 7141 WAT  25850 25852     3  7141  6784    
 7142 WAT  25853 25855     3  7142  6785    
 7143 WAT  25856 25858     3  7143  6786    
 7144 WAT  25859 25861     3  7144  6787    
 7145 WAT  25862 25864     3  7145  6788    
 7146 WAT  25865 25867     3  7146  6789    
 7147 WAT  25868 25870     3  7147  6790    
 7148 WAT  25871 25873     3  7148  6791    
 7149 WAT  25874 25876     3  7149  6792    
 7150 WAT  25877 25879     3  7150  6793    
 7151 WAT  25880 25882     3  7151  6794    
 7152 WAT  25883 25885     3  7152  6795    
 7153 WAT  25886 25888     3  7153  6796    
 7154 WAT  25889 25891     3  7154  6797    
 7155 WAT  25892 25894     3  7155  6798    
 7156 WAT  25895 25897     3  7156  6799    
 7157 WAT  25898 25900     3  7157  6800    
 7158 WAT  25901 25903     3  7158  6801    
 7159 WAT  25904 25906     3  7159  6802    
 7160 WAT  25907 25909     3  7160  6803    
 7161 WAT  25910 25912     3  7161  6804    
 7162 WAT  25913 25915     3  7162  6805    
 7163 WAT  25916 25918     3  7163  6806    
 7164 WAT  25919 25921     3  7164  6807    
 7165 WAT  25922 25924     3  7165  6808    
 7166 WAT  25925 25927     3  7166  6809    
 7167 WAT  25928 25930     3  7167  6810    
 7168 WAT  25931 25933     3  7168  6811    
 7169 WAT  25934 25936     3  7169  6812    
 7170 WAT  25937 25939     3  7170  6813    
 7171 WAT  25940 25942     3  7171  6814    
 7172 WAT  25943 25945     3  7172  6815    
 7173 WAT  25946 25948     3  7173  6816    
 7174 WAT  25949 25951     3  7174  6817    
 7175 WAT  25952 25954     3  7175  6818    
 7176 WAT  25955 25957     3  7176  6819    
 7177 WAT  25958 25960     3  7177  6820    
 7178 WAT  25961 25963     3  7178  6821    
 7179 WAT  25964 25966     3  7179  6822    
 7180 WAT  25967 25969     3  7180  6823    
 7181 WAT  25970 25972     3  7181  6824    
 7182 WAT  25973 25975     3  7182  6825    
 7183 WAT  25976 25978     3  7183  6826    
 7184 WAT  25979 25981     3  7184  6827    
 7185 WAT  25982 25984     3  7185  6828    
 7186 WAT  25985 25987     3  7186  6829    
 7187 WAT  25988 25990     3  7187  6830    
 7188 WAT  25991 25993     3  7188  6831    
 7189 WAT  25994 25996     3  7189  6832    
 7190 WAT  25997 25999     3  7190  6833    
 7191 WAT  26000 26002     3  7191  6834    
 7192 WAT  26003 26005     3  7192  6835    
 7193 WAT  26006 26008     3  7193  6836    
 7194 WAT  26009 26011     3  7194  6837    
 7195 WAT  26012 26014     3  7195  6838    
 7196 WAT  26015 26017     3  7196  6839    
 7197 WAT  26018 26020     3  7197  6840    
 7198 WAT  26021 26023     3  7198  6841    
 7199 WAT  26024 26026     3  7199  6842    
 7200 WAT  26027 26029     3  7200  6843    
 7201 WAT  26030 26032     3  7201  6844    
 7202 WAT  26033 26035     3  7202  6845    
 7203 WAT  26036 26038     3  7203  6846    
 7204 WAT  26039 26041     3  7204  6847    
 7205 WAT  26042 26044     3  7205  6848    
 7206 WAT  26045 26047     3  7206  6849    
 7207 WAT  26048 26050     3  7207  6850    
 7208 WAT  26051 26053     3  7208  6851    
 7209 WAT  26054 26056     3  7209  6852    
 7210 WAT  26057 26059     3  7210  6853    
 7211 WAT  26060 26062     3  7211  6854    
 7212 WAT  26063 26065     3  7212  6855    
 7213 WAT  26066 26068     3  7213  6856    
 7214 WAT  26069 26071     3  7214  6857    
 7215 WAT  26072 26074     3  7215  6858    
 7216 WAT  26075 26077     3  7216  6859    
 7217 WAT  26078 26080     3  7217  6860    
 7218 WAT  26081 26083     3  7218  6861    
 7219 WAT  26084 26086     3  7219  6862    
 7220 WAT  26087 26089     3  7220  6863    
 7221 WAT  26090 26092     3  7221  6864    
 7222 WAT  26093 26095     3  7222  6865    
 7223 WAT  26096 26098     3  7223  6866    
 7224 WAT  26099 26101     3  7224  6867    
 7225 WAT  26102 26104     3  7225  6868    
 7226 WAT  26105 26107     3  7226  6869    
 7227 WAT  26108 26110     3  7227  6870    
 7228 WAT  26111 26113     3  7228  6871    
 7229 WAT  26114 26116     3  7229  6872    
 7230 WAT  26117 26119     3  7230  6873    
 7231 WAT  26120 26122     3  7231  6874    
 7232 WAT  26123 26125     3  7232  6875    
 7233 WAT  26126 26128     3  7233  6876    
 7234 WAT  26129 26131     3  7234  6877    
 7235 WAT  26132 26134     3  7235  6878    
 7236 WAT  26135 26137     3  7236  6879    
 7237 WAT  26138 26140     3  7237  6880    
 7238 WAT  26141 26143     3  7238  6881    
 7239 WAT  26144 26146     3  7239  6882    
 7240 WAT  26147 26149     3  7240  6883    
 7241 WAT  26150 26152     3  7241  6884    
 7242 WAT  26153 26155     3  7242  6885    
 7243 WAT  26156 26158     3  7243  6886    
 7244 WAT  26159 26161     3  7244  6887    
 7245 WAT  26162 26164     3  7245  6888    
 7246 WAT  26165 26167     3  7246  6889    
 7247 WAT  26168 26170     3  7247  6890    
 7248 WAT  26171 26173     3  7248  6891    
 7249 WAT  26174 26176     3  7249  6892    
 7250 WAT  26177 26179     3  7250  6893    
 7251 WAT  26180 26182     3  7251  6894    
 7252 WAT  26183 26185     3  7252  6895    
 7253 WAT  26186 26188     3  7253  6896    
 7254 WAT  26189 26191     3  7254  6897    
 7255 WAT  26192 26194     3  7255  6898    
 7256 WAT  26195 26197     3  7256  6899    
 7257 WAT  26198 26200     3  7257  6900    
 7258 WAT  26201 26203     3  7258  6901    
 7259 WAT  26204 26206     3  7259  6902    
 7260 WAT  26207 26209     3  7260  6903    
 7261 WAT  26210 26212     3  7261  6904    
 7262 WAT  26213 26215     3  7262  6905    
 7263 WAT  26216 26218     3  7263  6906    
 7264 WAT  26219 26221     3  7264  6907    
 7265 WAT  26222 26224     3  7265  6908    
 7266 WAT  26225 26227     3  7266  6909    
 7267 WAT  26228 26230     3  7267  6910    
 7268 WAT  26231 26233     3  7268  6911    
 7269 WAT  26234 26236     3  7269  6912    
 7270 WAT  26237 26239     3  7270  6913    
 7271 WAT  26240 26242     3  7271  6914    
 7272 WAT  26243 26245     3  7272  6915    
 7273 WAT  26246 26248     3  7273  6916    
 7274 WAT  26249 26251     3  7274  6917    
 7275 WAT  26252 26254     3  7275  6918    
 7276 WAT  26255 26257     3  7276  6919    
 7277 WAT  26258 26260     3  7277  6920    
 7278 WAT  26261 26263     3  7278  6921    
 7279 WAT  26264 26266     3  7279  6922    
 7280 WAT  26267 26269     3  7280  6923    
 7281 WAT  26270 26272     3  7281  6924    
 7282 WAT  26273 26275     3  7282  6925    
 7283 WAT  26276 26278     3  7283  6926    
 7284 WAT  26279 26281     3  7284  6927    
 7285 WAT  26282 26284     3  7285  6928    
 7286 WAT  26285 26287     3  7286  6929    
 7287 WAT  26288 26290     3  7287  6930    
 7288 WAT  26291 26293     3  7288  6931    
 7289 WAT  26294 26296     3  7289  6932    
 7290 WAT  26297 26299     3  7290  6933    
 7291 WAT  26300 26302     3  7291  6934    
 7292 WAT  26303 26305     3  7292  6935    
 7293 WAT  26306 26308     3  7293  6936    
 7294 WAT  26309 26311     3  7294  6937    
 7295 WAT  26312 26314     3  7295  6938    
 7296 WAT  26315 26317     3  7296  6939    
 7297 WAT  26318 26320     3  7297  6940    
 7298 WAT  26321 26323     3  7298  6941    
 7299 WAT  26324 26326     3  7299  6942    
 7300 WAT  26327 26329     3  7300  6943    
 7301 WAT  26330 26332     3  7301  6944    
 7302 WAT  26333 26335     3  7302  6945    
 7303 WAT  26336 26338     3  7303  6946    
 7304 WAT  26339 26341     3  7304  6947    
 7305 WAT  26342 26344     3  7305  6948    
 7306 WAT  26345 26347     3  7306  6949    
 7307 WAT  26348 26350     3  7307  6950    
 7308 WAT  26351 26353     3  7308  6951    
 7309 WAT  26354 26356     3  7309  6952    
 7310 WAT  26357 26359     3  7310  6953    
 7311 WAT  26360 26362     3  7311  6954    
 7312 WAT  26363 26365     3  7312  6955    
 7313 WAT  26366 26368     3  7313  6956    
 7314 WAT  26369 26371     3  7314  6957    
 7315 WAT  26372 26374     3  7315  6958    
 7316 WAT  26375 26377     3  7316  6959    
 7317 WAT  26378 26380     3  7317  6960    
 7318 WAT  26381 26383     3  7318  6961    
 7319 WAT  26384 26386     3  7319  6962    
 7320 WAT  26387 26389     3  7320  6963    
 7321 WAT  26390 26392     3  7321  6964    
 7322 WAT  26393 26395     3  7322  6965    
 7323 WAT  26396 26398     3  7323  6966    
 7324 WAT  26399 26401     3  7324  6967    
 7325 WAT  26402 26404     3  7325  6968    
 7326 WAT  26405 26407     3  7326  6969    
 7327 WAT  26408 26410     3  7327  6970    
 7328 WAT  26411 26413     3  7328  6971    
 7329 WAT  26414 26416     3  7329  6972    
 7330 WAT  26417 26419     3  7330  6973    
 7331 WAT  26420 26422     3  7331  6974    
 7332 WAT  26423 26425     3  7332  6975    
 7333 WAT  26426 26428     3  7333  6976    
 7334 WAT  26429 26431     3  7334  6977    
 7335 WAT  26432 26434     3  7335  6978    
 7336 WAT  26435 26437     3  7336  6979    
 7337 WAT  26438 26440     3  7337  6980    
 7338 WAT  26441 26443     3  7338  6981    
 7339 WAT  26444 26446     3  7339  6982    
 7340 WAT  26447 26449     3  7340  6983    
 7341 WAT  26450 26452     3  7341  6984    
 7342 WAT  26453 26455     3  7342  6985    
 7343 WAT  26456 26458     3  7343  6986    
 7344 WAT  26459 26461     3  7344  6987    
 7345 WAT  26462 26464     3  7345  6988    
 7346 WAT  26465 26467     3  7346  6989    
 7347 WAT  26468 26470     3  7347  6990    
 7348 WAT  26471 26473     3  7348  6991    
 7349 WAT  26474 26476     3  7349  6992    
 7350 WAT  26477 26479     3  7350  6993    
 7351 WAT  26480 26482     3  7351  6994    
 7352 WAT  26483 26485     3  7352  6995    
 7353 WAT  26486 26488     3  7353  6996    
 7354 WAT  26489 26491     3  7354  6997    
 7355 WAT  26492 26494     3  7355  6998    
 7356 WAT  26495 26497     3  7356  6999    
 7357 WAT  26498 26500     3  7357  7000    
 7358 WAT  26501 26503     3  7358  7001    
 7359 WAT  26504 26506     3  7359  7002    
 7360 WAT  26507 26509     3  7360  7003    
 7361 WAT  26510 26512     3  7361  7004    
 7362 WAT  26513 26515     3  7362  7005    
 7363 WAT  26516 26518     3  7363  7006    
 7364 WAT  26519 26521     3  7364  7007    
 7365 WAT  26522 26524     3  7365  7008    
 7366 WAT  26525 26527     3  7366  7009    
 7367 WAT  26528 26530     3  7367  7010    
 7368 WAT  26531 26533     3  7368  7011    
 7369 WAT  26534 26536     3  7369  7012    
 7370 WAT  26537 26539     3  7370  7013    
 7371 WAT  26540 26542     3  7371  7014    
 7372 WAT  26543 26545     3  7372  7015    
 7373 WAT  26546 26548     3  7373  7016    
 7374 WAT  26549 26551     3  7374  7017    
 7375 WAT  26552 26554     3  7375  7018    
 7376 WAT  26555 26557     3  7376  7019    
 7377 WAT  26558 26560     3  7377  7020    
 7378 WAT  26561 26563     3  7378  7021    
 7379 WAT  26564 26566     3  7379  7022    
 7380 WAT  26567 26569     3  7380  7023    
 7381 WAT  26570 26572     3  7381  7024    
 7382 WAT  26573 26575     3  7382  7025    
 7383 WAT  26576 26578     3  7383  7026    
 7384 WAT  26579 26581     3  7384  7027    
 7385 WAT  26582 26584     3  7385  7028    
 7386 WAT  26585 26587     3  7386  7029    
 7387 WAT  26588 26590     3  7387  7030    
 7388 WAT  26591 26593     3  7388  7031    
 7389 WAT  26594 26596     3  7389  7032    
 7390 WAT  26597 26599     3  7390  7033    
 7391 WAT  26600 26602     3  7391  7034    
 7392 WAT  26603 26605     3  7392  7035    
 7393 WAT  26606 26608     3  7393  7036    
 7394 WAT  26609 26611     3  7394  7037    
 7395 WAT  26612 26614     3  7395  7038    
 7396 WAT  26615 26617     3  7396  7039    
 7397 WAT  26618 26620     3  7397  7040    
 7398 WAT  26621 26623     3  7398  7041    
 7399 WAT  26624 26626     3  7399  7042    
 7400 WAT  26627 26629     3  7400  7043    
 7401 WAT  26630 26632     3  7401  7044    
 7402 WAT  26633 26635     3  7402  7045    
 7403 WAT  26636 26638     3  7403  7046    
 7404 WAT  26639 26641     3  7404  7047    
 7405 WAT  26642 26644     3  7405  7048    
 7406 WAT  26645 26647     3  7406  7049    
 7407 WAT  26648 26650     3  7407  7050    
 7408 WAT  26651 26653     3  7408  7051    
 7409 WAT  26654 26656     3  7409  7052    
 7410 WAT  26657 26659     3  7410  7053    
 7411 WAT  26660 26662     3  7411  7054    
 7412 WAT  26663 26665     3  7412  7055    
 7413 WAT  26666 26668     3  7413  7056    
 7414 WAT  26669 26671     3  7414  7057    
 7415 WAT  26672 26674     3  7415  7058    
 7416 WAT  26675 26677     3  7416  7059    
 7417 WAT  26678 26680     3  7417  7060    
 7418 WAT  26681 26683     3  7418  7061    
 7419 WAT  26684 26686     3  7419  7062    
 7420 WAT  26687 26689     3  7420  7063    
 7421 WAT  26690 26692     3  7421  7064    
 7422 WAT  26693 26695     3  7422  7065    
 7423 WAT  26696 26698     3  7423  7066    
 7424 WAT  26699 26701     3  7424  7067    
 7425 WAT  26702 26704     3  7425  7068    
 7426 WAT  26705 26707     3  7426  7069    
 7427 WAT  26708 26710     3  7427  7070    
 7428 WAT  26711 26713     3  7428  7071    
 7429 WAT  26714 26716     3  7429  7072    
 7430 WAT  26717 26719     3  7430  7073    
 7431 WAT  26720 26722     3  7431  7074    
 7432 WAT  26723 26725     3  7432  7075    
 7433 WAT  26726 26728     3  7433  7076    
 7434 WAT  26729 26731     3  7434  7077    
 7435 WAT  26732 26734     3  7435  7078    
 7436 WAT  26735 26737     3  7436  7079    
 7437 WAT  26738 26740     3  7437  7080    
 7438 WAT  26741 26743     3  7438  7081    
 7439 WAT  26744 26746     3  7439  7082    
 7440 WAT  26747 26749     3  7440  7083    
 7441 WAT  26750 26752     3  7441  7084    
 7442 WAT  26753 26755     3  7442  7085    
 7443 WAT  26756 26758     3  7443  7086    
 7444 WAT  26759 26761     3  7444  7087    
 7445 WAT  26762 26764     3  7445  7088    
 7446 WAT  26765 26767     3  7446  7089    
 7447 WAT  26768 26770     3  7447  7090    
 7448 WAT  26771 26773     3  7448  7091    
 7449 WAT  26774 26776     3  7449  7092    
 7450 WAT  26777 26779     3  7450  7093    
 7451 WAT  26780 26782     3  7451  7094    
 7452 WAT  26783 26785     3  7452  7095    
 7453 WAT  26786 26788     3  7453  7096    
 7454 WAT  26789 26791     3  7454  7097    
 7455 WAT  26792 26794     3  7455  7098    
 7456 WAT  26795 26797     3  7456  7099    
 7457 WAT  26798 26800     3  7457  7100    
 7458 WAT  26801 26803     3  7458  7101    
 7459 WAT  26804 26806     3  7459  7102    
 7460 WAT  26807 26809     3  7460  7103    
 7461 WAT  26810 26812     3  7461  7104    
 7462 WAT  26813 26815     3  7462  7105    
 7463 WAT  26816 26818     3  7463  7106    
 7464 WAT  26819 26821     3  7464  7107    
 7465 WAT  26822 26824     3  7465  7108    
 7466 WAT  26825 26827     3  7466  7109    
 7467 WAT  26828 26830     3  7467  7110    
 7468 WAT  26831 26833     3  7468  7111    
 7469 WAT  26834 26836     3  7469  7112    
 7470 WAT  26837 26839     3  7470  7113    
 7471 WAT  26840 26842     3  7471  7114    
 7472 WAT  26843 26845     3  7472  7115    
 7473 WAT  26846 26848     3  7473  7116    
 7474 WAT  26849 26851     3  7474  7117    
 7475 WAT  26852 26854     3  7475  7118    
 7476 WAT  26855 26857     3  7476  7119    
 7477 WAT  26858 26860     3  7477  7120    
 7478 WAT  26861 26863     3  7478  7121    
 7479 WAT  26864 26866     3  7479  7122    
 7480 WAT  26867 26869     3  7480  7123    
 7481 WAT  26870 26872     3  7481  7124    
 7482 WAT  26873 26875     3  7482  7125    
 7483 WAT  26876 26878     3  7483  7126    
 7484 WAT  26879 26881     3  7484  7127    
 7485 WAT  26882 26884     3  7485  7128    
 7486 WAT  26885 26887     3  7486  7129    
 7487 WAT  26888 26890     3  7487  7130    
 7488 WAT  26891 26893     3  7488  7131    
 7489 WAT  26894 26896     3  7489  7132    
 7490 WAT  26897 26899     3  7490  7133    
 7491 WAT  26900 26902     3  7491  7134    
 7492 WAT  26903 26905     3  7492  7135    
 7493 WAT  26906 26908     3  7493  7136    
 7494 WAT  26909 26911     3  7494  7137    
 7495 WAT  26912 26914     3  7495  7138    
 7496 WAT  26915 26917     3  7496  7139    
 7497 WAT  26918 26920     3  7497  7140    
 7498 WAT  26921 26923     3  7498  7141    
 7499 WAT  26924 26926     3  7499  7142    
 7500 WAT  26927 26929     3  7500  7143    
 7501 WAT  26930 26932     3  7501  7144    
 7502 WAT  26933 26935     3  7502  7145    
 7503 WAT  26936 26938     3  7503  7146    
 7504 WAT  26939 26941     3  7504  7147    
 7505 WAT  26942 26944     3  7505  7148    
 7506 WAT  26945 26947     3  7506  7149    
 7507 WAT  26948 26950     3  7507  7150    
 7508 WAT  26951 26953     3  7508  7151    
 7509 WAT  26954 26956     3  7509  7152    
 7510 WAT  26957 26959     3  7510  7153    
 7511 WAT  26960 26962     3  7511  7154    
 7512 WAT  26963 26965     3  7512  7155    
 7513 WAT  26966 26968     3  7513  7156    
 7514 WAT  26969 26971     3  7514  7157    
 7515 WAT  26972 26974     3  7515  7158    
 7516 WAT  26975 26977     3  7516  7159    
 7517 WAT  26978 26980     3  7517  7160    
 7518 WAT  26981 26983     3  7518  7161    
 7519 WAT  26984 26986     3  7519  7162    
 7520 WAT  26987 26989     3  7520  7163    
 7521 WAT  26990 26992     3  7521  7164    
 7522 WAT  26993 26995     3  7522  7165    
 7523 WAT  26996 26998     3  7523  7166    
 7524 WAT  26999 27001     3  7524  7167    
 7525 WAT  27002 27004     3  7525  7168    
 7526 WAT  27005 27007     3  7526  7169    
 7527 WAT  27008 27010     3  7527  7170    
 7528 WAT  27011 27013     3  7528  7171    
 7529 WAT  27014 27016     3  7529  7172    
 7530 WAT  27017 27019     3  7530  7173    
 7531 WAT  27020 27022     3  7531  7174    
 7532 WAT  27023 27025     3  7532  7175    
 7533 WAT  27026 27028     3  7533  7176    
 7534 WAT  27029 27031     3  7534  7177    
 7535 WAT  27032 27034     3  7535  7178    
 7536 WAT  27035 27037     3  7536  7179    
 7537 WAT  27038 27040     3  7537  7180    
 7538 WAT  27041 27043     3  7538  7181    
 7539 WAT  27044 27046     3  7539  7182    
 7540 WAT  27047 27049     3  7540  7183    
 7541 WAT  27050 27052     3  7541  7184    
 7542 WAT  27053 27055     3  7542  7185    
 7543 WAT  27056 27058     3  7543  7186    
 7544 WAT  27059 27061     3  7544  7187    
 7545 WAT  27062 27064     3  7545  7188    
 7546 WAT  27065 27067     3  7546  7189    
 7547 WAT  27068 27070     3  7547  7190    
 7548 WAT  27071 27073     3  7548  7191    
 7549 WAT  27074 27076     3  7549  7192    
 7550 WAT  27077 27079     3  7550  7193    
 7551 WAT  27080 27082     3  7551  7194    
 7552 WAT  27083 27085     3  7552  7195    
 7553 WAT  27086 27088     3  7553  7196    
 7554 WAT  27089 27091     3  7554  7197    
 7555 WAT  27092 27094     3  7555  7198    
 7556 WAT  27095 27097     3  7556  7199    
 7557 WAT  27098 27100     3  7557  7200    
 7558 WAT  27101 27103     3  7558  7201    
 7559 WAT  27104 27106     3  7559  7202    
 7560 WAT  27107 27109     3  7560  7203    
 7561 WAT  27110 27112     3  7561  7204    
 7562 WAT  27113 27115     3  7562  7205    
 7563 WAT  27116 27118     3  7563  7206    
 7564 WAT  27119 27121     3  7564  7207    
 7565 WAT  27122 27124     3  7565  7208    
 7566 WAT  27125 27127     3  7566  7209    
 7567 WAT  27128 27130     3  7567  7210    
 7568 WAT  27131 27133     3  7568  7211    
 7569 WAT  27134 27136     3  7569  7212    
 7570 WAT  27137 27139     3  7570  7213    
 7571 WAT  27140 27142     3  7571  7214    
 7572 WAT  27143 27145     3  7572  7215    
 7573 WAT  27146 27148     3  7573  7216    
 7574 WAT  27149 27151     3  7574  7217    
 7575 WAT  27152 27154     3  7575  7218    
 7576 WAT  27155 27157     3  7576  7219    
 7577 WAT  27158 27160     3  7577  7220    
 7578 WAT  27161 27163     3  7578  7221    
 7579 WAT  27164 27166     3  7579  7222    
 7580 WAT  27167 27169     3  7580  7223    
 7581 WAT  27170 27172     3  7581  7224    
 7582 WAT  27173 27175     3  7582  7225    
 7583 WAT  27176 27178     3  7583  7226    
 7584 WAT  27179 27181     3  7584  7227    
 7585 WAT  27182 27184     3  7585  7228    
 7586 WAT  27185 27187     3  7586  7229    
 7587 WAT  27188 27190     3  7587  7230    
 7588 WAT  27191 27193     3  7588  7231    
 7589 WAT  27194 27196     3  7589  7232    
 7590 WAT  27197 27199     3  7590  7233    
 7591 WAT  27200 27202     3  7591  7234    
 7592 WAT  27203 27205     3  7592  7235    
 7593 WAT  27206 27208     3  7593  7236    
 7594 WAT  27209 27211     3  7594  7237    
 7595 WAT  27212 27214     3  7595  7238    
 7596 WAT  27215 27217     3  7596  7239    
 7597 WAT  27218 27220     3  7597  7240    
 7598 WAT  27221 27223     3  7598  7241    
 7599 WAT  27224 27226     3  7599  7242    
 7600 WAT  27227 27229     3  7600  7243    
 7601 WAT  27230 27232     3  7601  7244    
 7602 WAT  27233 27235     3  7602  7245    
 7603 WAT  27236 27238     3  7603  7246    
 7604 WAT  27239 27241     3  7604  7247    
 7605 WAT  27242 27244     3  7605  7248    
 7606 WAT  27245 27247     3  7606  7249    
 7607 WAT  27248 27250     3  7607  7250    
 7608 WAT  27251 27253     3  7608  7251    
 7609 WAT  27254 27256     3  7609  7252    
 7610 WAT  27257 27259     3  7610  7253    
 7611 WAT  27260 27262     3  7611  7254    
 7612 WAT  27263 27265     3  7612  7255    
 7613 WAT  27266 27268     3  7613  7256    
 7614 WAT  27269 27271     3  7614  7257    
 7615 WAT  27272 27274     3  7615  7258    
 7616 WAT  27275 27277     3  7616  7259    
 7617 WAT  27278 27280     3  7617  7260    
 7618 WAT  27281 27283     3  7618  7261    
 7619 WAT  27284 27286     3  7619  7262    
 7620 WAT  27287 27289     3  7620  7263    
 7621 WAT  27290 27292     3  7621  7264    
 7622 WAT  27293 27295     3  7622  7265    
 7623 WAT  27296 27298     3  7623  7266    
 7624 WAT  27299 27301     3  7624  7267    
 7625 WAT  27302 27304     3  7625  7268    
 7626 WAT  27305 27307     3  7626  7269    
 7627 WAT  27308 27310     3  7627  7270    
 7628 WAT  27311 27313     3  7628  7271    
 7629 WAT  27314 27316     3  7629  7272    
 7630 WAT  27317 27319     3  7630  7273    
 7631 WAT  27320 27322     3  7631  7274    
 7632 WAT  27323 27325     3  7632  7275    
 7633 WAT  27326 27328     3  7633  7276    
 7634 WAT  27329 27331     3  7634  7277    
 7635 WAT  27332 27334     3  7635  7278    
 7636 WAT  27335 27337     3  7636  7279    
 7637 WAT  27338 27340     3  7637  7280    
 7638 WAT  27341 27343     3  7638  7281    
 7639 WAT  27344 27346     3  7639  7282    
 7640 WAT  27347 27349     3  7640  7283    
 7641 WAT  27350 27352     3  7641  7284    
 7642 WAT  27353 27355     3  7642  7285    
 7643 WAT  27356 27358     3  7643  7286    
 7644 WAT  27359 27361     3  7644  7287    
 7645 WAT  27362 27364     3  7645  7288    
 7646 WAT  27365 27367     3  7646  7289    
 7647 WAT  27368 27370     3  7647  7290    
 7648 WAT  27371 27373     3  7648  7291    
 7649 WAT  27374 27376     3  7649  7292    
 7650 WAT  27377 27379     3  7650  7293    
 7651 WAT  27380 27382     3  7651  7294    
 7652 WAT  27383 27385     3  7652  7295    
 7653 WAT  27386 27388     3  7653  7296    
 7654 WAT  27389 27391     3  7654  7297    
 7655 WAT  27392 27394     3  7655  7298    
 7656 WAT  27395 27397     3  7656  7299    
 7657 WAT  27398 27400     3  7657  7300    
 7658 WAT  27401 27403     3  7658  7301    
 7659 WAT  27404 27406     3  7659  7302    
 7660 WAT  27407 27409     3  7660  7303    
 7661 WAT  27410 27412     3  7661  7304    
 7662 WAT  27413 27415     3  7662  7305    
 7663 WAT  27416 27418     3  7663  7306    
 7664 WAT  27419 27421     3  7664  7307    
 7665 WAT  27422 27424     3  7665  7308    
 7666 WAT  27425 27427     3  7666  7309    
 7667 WAT  27428 27430     3  7667  7310    
 7668 WAT  27431 27433     3  7668  7311    
 7669 WAT  27434 27436     3  7669  7312    
 7670 WAT  27437 27439     3  7670  7313    
 7671 WAT  27440 27442     3  7671  7314    
 7672 WAT  27443 27445     3  7672  7315    
 7673 WAT  27446 27448     3  7673  7316    
 7674 WAT  27449 27451     3  7674  7317    
 7675 WAT  27452 27454     3  7675  7318    
 7676 WAT  27455 27457     3  7676  7319    
 7677 WAT  27458 27460     3  7677  7320    
 7678 WAT  27461 27463     3  7678  7321    
 7679 WAT  27464 27466     3  7679  7322    
 7680 WAT  27467 27469     3  7680  7323    
 7681 WAT  27470 27472     3  7681  7324    
 7682 WAT  27473 27475     3  7682  7325    
 7683 WAT  27476 27478     3  7683  7326    
 7684 WAT  27479 27481     3  7684  7327    
 7685 WAT  27482 27484     3  7685  7328    
 7686 WAT  27485 27487     3  7686  7329    
 7687 WAT  27488 27490     3  7687  7330    
 7688 WAT  27491 27493     3  7688  7331    
 7689 WAT  27494 27496     3  7689  7332    
 7690 WAT  27497 27499     3  7690  7333    
 7691 WAT  27500 27502     3  7691  7334    
 7692 WAT  27503 27505     3  7692  7335    
 7693 WAT  27506 27508     3  7693  7336    
 7694 WAT  27509 27511     3  7694  7337    
 7695 WAT  27512 27514     3  7695  7338    
 7696 WAT  27515 27517     3  7696  7339    
 7697 WAT  27518 27520     3  7697  7340    
 7698 WAT  27521 27523     3  7698  7341    
 7699 WAT  27524 27526     3  7699  7342    
 7700 WAT  27527 27529     3  7700  7343    
 7701 WAT  27530 27532     3  7701  7344    
 7702 WAT  27533 27535     3  7702  7345    
 7703 WAT  27536 27538     3  7703  7346    
 7704 WAT  27539 27541     3  7704  7347    
 7705 WAT  27542 27544     3  7705  7348    
 7706 WAT  27545 27547     3  7706  7349    
 7707 WAT  27548 27550     3  7707  7350    
 7708 WAT  27551 27553     3  7708  7351    
 7709 WAT  27554 27556     3  7709  7352    
 7710 WAT  27557 27559     3  7710  7353    
 7711 WAT  27560 27562     3  7711  7354    
 7712 WAT  27563 27565     3  7712  7355    
 7713 WAT  27566 27568     3  7713  7356    
 7714 WAT  27569 27571     3  7714  7357    
 7715 WAT  27572 27574     3  7715  7358    
 7716 WAT  27575 27577     3  7716  7359    
 7717 WAT  27578 27580     3  7717  7360    
 7718 WAT  27581 27583     3  7718  7361    
 7719 WAT  27584 27586     3  7719  7362    
 7720 WAT  27587 27589     3  7720  7363    
 7721 WAT  27590 27592     3  7721  7364    
 7722 WAT  27593 27595     3  7722  7365    
 7723 WAT  27596 27598     3  7723  7366    
 7724 WAT  27599 27601     3  7724  7367    
 7725 WAT  27602 27604     3  7725  7368    
 7726 WAT  27605 27607     3  7726  7369    
 7727 WAT  27608 27610     3  7727  7370    
 7728 WAT  27611 27613     3  7728  7371    
 7729 WAT  27614 27616     3  7729  7372    
 7730 WAT  27617 27619     3  7730  7373    
 7731 WAT  27620 27622     3  7731  7374    
 7732 WAT  27623 27625     3  7732  7375    
 7733 WAT  27626 27628     3  7733  7376    
 7734 WAT  27629 27631     3  7734  7377    
 7735 WAT  27632 27634     3  7735  7378    
 7736 WAT  27635 27637     3  7736  7379    
 7737 WAT  27638 27640     3  7737  7380    
 7738 WAT  27641 27643     3  7738  7381    
 7739 WAT  27644 27646     3  7739  7382    
 7740 WAT  27647 27649     3  7740  7383    
 7741 WAT  27650 27652     3  7741  7384    
 7742 WAT  27653 27655     3  7742  7385    
 7743 WAT  27656 27658     3  7743  7386    
 7744 WAT  27659 27661     3  7744  7387    
 7745 WAT  27662 27664     3  7745  7388    
 7746 WAT  27665 27667     3  7746  7389    
 7747 WAT  27668 27670     3  7747  7390    
 7748 WAT  27671 27673     3  7748  7391    
 7749 WAT  27674 27676     3  7749  7392    
 7750 WAT  27677 27679     3  7750  7393    
 7751 WAT  27680 27682     3  7751  7394    
 7752 WAT  27683 27685     3  7752  7395    
 7753 WAT  27686 27688     3  7753  7396    
 7754 WAT  27689 27691     3  7754  7397    
 7755 WAT  27692 27694     3  7755  7398    
 7756 WAT  27695 27697     3  7756  7399    
 7757 WAT  27698 27700     3  7757  7400    
 7758 WAT  27701 27703     3  7758  7401    
 7759 WAT  27704 27706     3  7759  7402    
 7760 WAT  27707 27709     3  7760  7403    
 7761 WAT  27710 27712     3  7761  7404    
 7762 WAT  27713 27715     3  7762  7405    
 7763 WAT  27716 27718     3  7763  7406    
 7764 WAT  27719 27721     3  7764  7407    
 7765 WAT  27722 27724     3  7765  7408    
 7766 WAT  27725 27727     3  7766  7409    
 7767 WAT  27728 27730     3  7767  7410    
 7768 WAT  27731 27733     3  7768  7411    
 7769 WAT  27734 27736     3  7769  7412    
 7770 WAT  27737 27739     3  7770  7413    
 7771 WAT  27740 27742     3  7771  7414    
 7772 WAT  27743 27745     3  7772  7415    
 7773 WAT  27746 27748     3  7773  7416    
 7774 WAT  27749 27751     3  7774  7417    
 7775 WAT  27752 27754     3  7775  7418    
 7776 WAT  27755 27757     3  7776  7419    
 7777 WAT  27758 27760     3  7777  7420    
 7778 WAT  27761 27763     3  7778  7421    
 7779 WAT  27764 27766     3  7779  7422    
 7780 WAT  27767 27769     3  7780  7423    
 7781 WAT  27770 27772     3  7781  7424    
 7782 WAT  27773 27775     3  7782  7425    
 7783 WAT  27776 27778     3  7783  7426    
 7784 WAT  27779 27781     3  7784  7427    
 7785 WAT  27782 27784     3  7785  7428    
 7786 WAT  27785 27787     3  7786  7429    
 7787 WAT  27788 27790     3  7787  7430    
 7788 WAT  27791 27793     3  7788  7431    
 7789 WAT  27794 27796     3  7789  7432    
 7790 WAT  27797 27799     3  7790  7433    
 7791 WAT  27800 27802     3  7791  7434    
 7792 WAT  27803 27805     3  7792  7435    
 7793 WAT  27806 27808     3  7793  7436    
 7794 WAT  27809 27811     3  7794  7437    
 7795 WAT  27812 27814     3  7795  7438    
 7796 WAT  27815 27817     3  7796  7439    
 7797 WAT  27818 27820     3  7797  7440    
 7798 WAT  27821 27823     3  7798  7441    
 7799 WAT  27824 27826     3  7799  7442    
 7800 WAT  27827 27829     3  7800  7443    
 7801 WAT  27830 27832     3  7801  7444    
 7802 WAT  27833 27835     3  7802  7445    
 7803 WAT  27836 27838     3  7803  7446    
 7804 WAT  27839 27841     3  7804  7447    
 7805 WAT  27842 27844     3  7805  7448    
 7806 WAT  27845 27847     3  7806  7449    
 7807 WAT  27848 27850     3  7807  7450    
 7808 WAT  27851 27853     3  7808  7451    
 7809 WAT  27854 27856     3  7809  7452    
 7810 WAT  27857 27859     3  7810  7453    
 7811 WAT  27860 27862     3  7811  7454    
 7812 WAT  27863 27865     3  7812  7455    
 7813 WAT  27866 27868     3  7813  7456    
 7814 WAT  27869 27871     3  7814  7457    
 7815 WAT  27872 27874     3  7815  7458    
 7816 WAT  27875 27877     3  7816  7459    
 7817 WAT  27878 27880     3  7817  7460    
 7818 WAT  27881 27883     3  7818  7461    
 7819 WAT  27884 27886     3  7819  7462    
 7820 WAT  27887 27889     3  7820  7463    
 7821 WAT  27890 27892     3  7821  7464    
 7822 WAT  27893 27895     3  7822  7465    
 7823 WAT  27896 27898     3  7823  7466    
 7824 WAT  27899 27901     3  7824  7467    
 7825 WAT  27902 27904     3  7825  7468    
 7826 WAT  27905 27907     3  7826  7469    
 7827 WAT  27908 27910     3  7827  7470    
 7828 WAT  27911 27913     3  7828  7471    
 7829 WAT  27914 27916     3  7829  7472    
 7830 WAT  27917 27919     3  7830  7473    
 7831 WAT  27920 27922     3  7831  7474    
 7832 WAT  27923 27925     3  7832  7475    
 7833 WAT  27926 27928     3  7833  7476    
 7834 WAT  27929 27931     3  7834  7477    
 7835 WAT  27932 27934     3  7835  7478    
 7836 WAT  27935 27937     3  7836  7479    
 7837 WAT  27938 27940     3  7837  7480    
 7838 WAT  27941 27943     3  7838  7481    
 7839 WAT  27944 27946     3  7839  7482    
 7840 WAT  27947 27949     3  7840  7483    
 7841 WAT  27950 27952     3  7841  7484    
 7842 WAT  27953 27955     3  7842  7485    
 7843 WAT  27956 27958     3  7843  7486    
 7844 WAT  27959 27961     3  7844  7487    
 7845 WAT  27962 27964     3  7845  7488    
 7846 WAT  27965 27967     3  7846  7489    
 7847 WAT  27968 27970     3  7847  7490    
 7848 WAT  27971 27973     3  7848  7491    
 7849 WAT  27974 27976     3  7849  7492    
 7850 WAT  27977 27979     3  7850  7493    
 7851 WAT  27980 27982     3  7851  7494    
 7852 WAT  27983 27985     3  7852  7495    
 7853 WAT  27986 27988     3  7853  7496    
 7854 WAT  27989 27991     3  7854  7497    
 7855 WAT  27992 27994     3  7855  7498    
 7856 WAT  27995 27997     3  7856  7499    
 7857 WAT  27998 28000     3  7857  7500    
 7858 WAT  28001 28003     3  7858  7501    
 7859 WAT  28004 28006     3  7859  7502    
 7860 WAT  28007 28009     3  7860  7503    
 7861 WAT  28010 28012     3  7861  7504    
 7862 WAT  28013 28015     3  7862  7505    
 7863 WAT  28016 28018     3  7863  7506    
 7864 WAT  28019 28021     3  7864  7507    
 7865 WAT  28022 28024     3  7865  7508    
 7866 WAT  28025 28027     3  7866  7509    
 7867 WAT  28028 28030     3  7867  7510    
 7868 WAT  28031 28033     3  7868  7511    
 7869 WAT  28034 28036     3  7869  7512    
 7870 WAT  28037 28039     3  7870  7513    
 7871 WAT  28040 28042     3  7871  7514    
 7872 WAT  28043 28045     3  7872  7515    
 7873 WAT  28046 28048     3  7873  7516    
 7874 WAT  28049 28051     3  7874  7517    
 7875 WAT  28052 28054     3  7875  7518    
 7876 WAT  28055 28057     3  7876  7519    
 7877 WAT  28058 28060     3  7877  7520    
 7878 WAT  28061 28063     3  7878  7521    
 7879 WAT  28064 28066     3  7879  7522    
 7880 WAT  28067 28069     3  7880  7523    
 7881 WAT  28070 28072     3  7881  7524    
 7882 WAT  28073 28075     3  7882  7525    
 7883 WAT  28076 28078     3  7883  7526    
 7884 WAT  28079 28081     3  7884  7527    
 7885 WAT  28082 28084     3  7885  7528    
 7886 WAT  28085 28087     3  7886  7529    
 7887 WAT  28088 28090     3  7887  7530    
 7888 WAT  28091 28093     3  7888  7531    
 7889 WAT  28094 28096     3  7889  7532    
 7890 WAT  28097 28099     3  7890  7533    
 7891 WAT  28100 28102     3  7891  7534    
 7892 WAT  28103 28105     3  7892  7535    
 7893 WAT  28106 28108     3  7893  7536    
 7894 WAT  28109 28111     3  7894  7537    
 7895 WAT  28112 28114     3  7895  7538    
 7896 WAT  28115 28117     3  7896  7539    
 7897 WAT  28118 28120     3  7897  7540    
 7898 WAT  28121 28123     3  7898  7541    
 7899 WAT  28124 28126     3  7899  7542    
 7900 WAT  28127 28129     3  7900  7543    
 7901 WAT  28130 28132     3  7901  7544    
 7902 WAT  28133 28135     3  7902  7545    
 7903 WAT  28136 28138     3  7903  7546    
 7904 WAT  28139 28141     3  7904  7547    
 7905 WAT  28142 28144     3  7905  7548    
 7906 WAT  28145 28147     3  7906  7549    
 7907 WAT  28148 28150     3  7907  7550    
 7908 WAT  28151 28153     3  7908  7551    
 7909 WAT  28154 28156     3  7909  7552    
 7910 WAT  28157 28159     3  7910  7553    
 7911 WAT  28160 28162     3  7911  7554    
 7912 WAT  28163 28165     3  7912  7555    
 7913 WAT  28166 28168     3  7913  7556    
 7914 WAT  28169 28171     3  7914  7557    
 7915 WAT  28172 28174     3  7915  7558    
 7916 WAT  28175 28177     3  7916  7559    
 7917 WAT  28178 28180     3  7917  7560    
 7918 WAT  28181 28183     3  7918  7561    
 7919 WAT  28184 28186     3  7919  7562    
 7920 WAT  28187 28189     3  7920  7563    
 7921 WAT  28190 28192     3  7921  7564    
 7922 WAT  28193 28195     3  7922  7565    
 7923 WAT  28196 28198     3  7923  7566    
 7924 WAT  28199 28201     3  7924  7567    
 7925 WAT  28202 28204     3  7925  7568    
 7926 WAT  28205 28207     3  7926  7569    
 7927 WAT  28208 28210     3  7927  7570    
 7928 WAT  28211 28213     3  7928  7571    
 7929 WAT  28214 28216     3  7929  7572    
 7930 WAT  28217 28219     3  7930  7573    
 7931 WAT  28220 28222     3  7931  7574    
 7932 WAT  28223 28225     3  7932  7575    
 7933 WAT  28226 28228     3  7933  7576    
 7934 WAT  28229 28231     3  7934  7577    
 7935 WAT  28232 28234     3  7935  7578    
 7936 WAT  28235 28237     3  7936  7579    
 7937 WAT  28238 28240     3  7937  7580    
 7938 WAT  28241 28243     3  7938  7581    
 7939 WAT  28244 28246     3  7939  7582    
 7940 WAT  28247 28249     3  7940  7583    
 7941 WAT  28250 28252     3  7941  7584    
 7942 WAT  28253 28255     3  7942  7585    
 7943 WAT  28256 28258     3  7943  7586    
 7944 WAT  28259 28261     3  7944  7587    
 7945 WAT  28262 28264     3  7945  7588    
 7946 WAT  28265 28267     3  7946  7589    
 7947 WAT  28268 28270     3  7947  7590    
 7948 WAT  28271 28273     3  7948  7591    
 7949 WAT  28274 28276     3  7949  7592    
 7950 WAT  28277 28279     3  7950  7593    
 7951 WAT  28280 28282     3  7951  7594    
 7952 WAT  28283 28285     3  7952  7595    
 7953 WAT  28286 28288     3  7953  7596    
 7954 WAT  28289 28291     3  7954  7597    
 7955 WAT  28292 28294     3  7955  7598    
 7956 WAT  28295 28297     3  7956  7599    
 7957 WAT  28298 28300     3  7957  7600    
 7958 WAT  28301 28303     3  7958  7601    
 7959 WAT  28304 28306     3  7959  7602    
 7960 WAT  28307 28309     3  7960  7603    
 7961 WAT  28310 28312     3  7961  7604    
 7962 WAT  28313 28315     3  7962  7605    
 7963 WAT  28316 28318     3  7963  7606    
 7964 WAT  28319 28321     3  7964  7607    
 7965 WAT  28322 28324     3  7965  7608    
 7966 WAT  28325 28327     3  7966  7609    
 7967 WAT  28328 28330     3  7967  7610    
 7968 WAT  28331 28333     3  7968  7611    
 7969 WAT  28334 28336     3  7969  7612    
 7970 WAT  28337 28339     3  7970  7613    
 7971 WAT  28340 28342     3  7971  7614    
 7972 WAT  28343 28345     3  7972  7615    
 7973 WAT  28346 28348     3  7973  7616    
 7974 WAT  28349 28351     3  7974  7617    
 7975 WAT  28352 28354     3  7975  7618    
 7976 WAT  28355 28357     3  7976  7619    
 7977 WAT  28358 28360     3  7977  7620    
 7978 WAT  28361 28363     3  7978  7621    
 7979 WAT  28364 28366     3  7979  7622    
 7980 WAT  28367 28369     3  7980  7623    
 7981 WAT  28370 28372     3  7981  7624    
 7982 WAT  28373 28375     3  7982  7625    
 7983 WAT  28376 28378     3  7983  7626    
 7984 WAT  28379 28381     3  7984  7627    
 7985 WAT  28382 28384     3  7985  7628    
 7986 WAT  28385 28387     3  7986  7629    
 7987 WAT  28388 28390     3  7987  7630    
 7988 WAT  28391 28393     3  7988  7631    
 7989 WAT  28394 28396     3  7989  7632    
 7990 WAT  28397 28399     3  7990  7633    
 7991 WAT  28400 28402     3  7991  7634    
 7992 WAT  28403 28405     3  7992  7635    
 7993 WAT  28406 28408     3  7993  7636    
 7994 WAT  28409 28411     3  7994  7637    
 7995 WAT  28412 28414     3  7995  7638    
 7996 WAT  28415 28417     3  7996  7639    
 7997 WAT  28418 28420     3  7997  7640    
 7998 WAT  28421 28423     3  7998  7641    
 7999 WAT  28424 28426     3  7999  7642    
 8000 WAT  28427 28429     3  8000  7643    
 8001 WAT  28430 28432     3  8001  7644    
 8002 WAT  28433 28435     3  8002  7645    
 8003 WAT  28436 28438     3  8003  7646    
 8004 WAT  28439 28441     3  8004  7647    
 8005 WAT  28442 28444     3  8005  7648    
 8006 WAT  28445 28447     3  8006  7649    
 8007 WAT  28448 28450     3  8007  7650    
 8008 WAT  28451 28453     3  8008  7651    
 8009 WAT  28454 28456     3  8009  7652    
 8010 WAT  28457 28459     3  8010  7653    
 8011 WAT  28460 28462     3  8011  7654    
 8012 WAT  28463 28465     3  8012  7655    
 8013 WAT  28466 28468     3  8013  7656    
 8014 WAT  28469 28471     3  8014  7657    
 8015 WAT  28472 28474     3  8015  7658    
 8016 WAT  28475 28477     3  8016  7659    
 8017 WAT  28478 28480     3  8017  7660    
 8018 WAT  28481 28483     3  8018  7661    
 8019 WAT  28484 28486     3  8019  7662    
 8020 WAT  28487 28489     3  8020  7663    
 8021 WAT  28490 28492     3  8021  7664    
 8022 WAT  28493 28495     3  8022  7665    
 8023 WAT  28496 28498     3  8023  7666    
 8024 WAT  28499 28501     3  8024  7667    
 8025 WAT  28502 28504     3  8025  7668    
 8026 WAT  28505 28507     3  8026  7669    
 8027 WAT  28508 28510     3  8027  7670    
 8028 WAT  28511 28513     3  8028  7671    
 8029 WAT  28514 28516     3  8029  7672    
 8030 WAT  28517 28519     3  8030  7673    
 8031 WAT  28520 28522     3  8031  7674    
 8032 WAT  28523 28525     3  8032  7675    
 8033 WAT  28526 28528     3  8033  7676    
 8034 WAT  28529 28531     3  8034  7677    
 8035 WAT  28532 28534     3  8035  7678    
 8036 WAT  28535 28537     3  8036  7679    
 8037 WAT  28538 28540     3  8037  7680    
 8038 WAT  28541 28543     3  8038  7681    
 8039 WAT  28544 28546     3  8039  7682    
 8040 WAT  28547 28549     3  8040  7683    
 8041 WAT  28550 28552     3  8041  7684    
 8042 WAT  28553 28555     3  8042  7685    
 8043 WAT  28556 28558     3  8043  7686    
 8044 WAT  28559 28561     3  8044  7687    
 8045 WAT  28562 28564     3  8045  7688    
 8046 WAT  28565 28567     3  8046  7689    
 8047 WAT  28568 28570     3  8047  7690    
 8048 WAT  28571 28573     3  8048  7691    
 8049 WAT  28574 28576     3  8049  7692    
 8050 WAT  28577 28579     3  8050  7693    
 8051 WAT  28580 28582     3  8051  7694    
 8052 WAT  28583 28585     3  8052  7695    
 8053 WAT  28586 28588     3  8053  7696    
 8054 WAT  28589 28591     3  8054  7697    
 8055 WAT  28592 28594     3  8055  7698    
 8056 WAT  28595 28597     3  8056  7699    
 8057 WAT  28598 28600     3  8057  7700    
 8058 WAT  28601 28603     3  8058  7701    
 8059 WAT  28604 28606     3  8059  7702    
 8060 WAT  28607 28609     3  8060  7703    
 8061 WAT  28610 28612     3  8061  7704    
 8062 WAT  28613 28615     3  8062  7705    
 8063 WAT  28616 28618     3  8063  7706    
 8064 WAT  28619 28621     3  8064  7707    
 8065 WAT  28622 28624     3  8065  7708    
 8066 WAT  28625 28627     3  8066  7709    
 8067 WAT  28628 28630     3  8067  7710    
 8068 WAT  28631 28633     3  8068  7711    
 8069 WAT  28634 28636     3  8069  7712    
 8070 WAT  28637 28639     3  8070  7713    
 8071 WAT  28640 28642     3  8071  7714    
 8072 WAT  28643 28645     3  8072  7715    
 8073 WAT  28646 28648     3  8073  7716    
 8074 WAT  28649 28651     3  8074  7717    
 8075 WAT  28652 28654     3  8075  7718    
 8076 WAT  28655 28657     3  8076  7719    
 8077 WAT  28658 28660     3  8077  7720    
 8078 WAT  28661 28663     3  8078  7721    
 8079 WAT  28664 28666     3  8079  7722    
 8080 WAT  28667 28669     3  8080  7723    
 8081 WAT  28670 28672     3  8081  7724    
 8082 WAT  28673 28675     3  8082  7725    
 8083 WAT  28676 28678     3  8083  7726    
 8084 WAT  28679 28681     3  8084  7727    
 8085 WAT  28682 28684     3  8085  7728    
 8086 WAT  28685 28687     3  8086  7729    
 8087 WAT  28688 28690     3  8087  7730    
 8088 WAT  28691 28693     3  8088  7731    
 8089 WAT  28694 28696     3  8089  7732    
 8090 WAT  28697 28699     3  8090  7733    
 8091 WAT  28700 28702     3  8091  7734    
 8092 WAT  28703 28705     3  8092  7735    
 8093 WAT  28706 28708     3  8093  7736    
 8094 WAT  28709 28711     3  8094  7737    
 8095 WAT  28712 28714     3  8095  7738    
 8096 WAT  28715 28717     3  8096  7739    
 8097 WAT  28718 28720     3  8097  7740    
 8098 WAT  28721 28723     3  8098  7741    
 8099 WAT  28724 28726     3  8099  7742    
 8100 WAT  28727 28729     3  8100  7743    
 8101 WAT  28730 28732     3  8101  7744    
 8102 WAT  28733 28735     3  8102  7745    
 8103 WAT  28736 28738     3  8103  7746    
 8104 WAT  28739 28741     3  8104  7747    
 8105 WAT  28742 28744     3  8105  7748    
 8106 WAT  28745 28747     3  8106  7749    
 8107 WAT  28748 28750     3  8107  7750    
 8108 WAT  28751 28753     3  8108  7751    
 8109 WAT  28754 28756     3  8109  7752    
 8110 WAT  28757 28759     3  8110  7753    
 8111 WAT  28760 28762     3  8111  7754    
 8112 WAT  28763 28765     3  8112  7755    
 8113 WAT  28766 28768     3  8113  7756    
 8114 WAT  28769 28771     3  8114  7757    
 8115 WAT  28772 28774     3  8115  7758    
 8116 WAT  28775 28777     3  8116  7759    
 8117 WAT  28778 28780     3  8117  7760    
 8118 WAT  28781 28783     3  8118  7761    
 8119 WAT  28784 28786     3  8119  7762    
 8120 WAT  28787 28789     3  8120  7763    
 8121 WAT  28790 28792     3  8121  7764    
 8122 WAT  28793 28795     3  8122  7765    
 8123 WAT  28796 28798     3  8123  7766    
 8124 WAT  28799 28801     3  8124  7767    
 8125 WAT  28802 28804     3  8125  7768    
 8126 WAT  28805 28807     3  8126  7769    
 8127 WAT  28808 28810     3  8127  7770    
 8128 WAT  28811 28813     3  8128  7771    
 8129 WAT  28814 28816     3  8129  7772    
 8130 WAT  28817 28819     3  8130  7773    
 8131 WAT  28820 28822     3  8131  7774    
 8132 WAT  28823 28825     3  8132  7775    
 8133 WAT  28826 28828     3  8133  7776    
 8134 WAT  28829 28831     3  8134  7777    
 8135 WAT  28832 28834     3  8135  7778    
 8136 WAT  28835 28837     3  8136  7779    
 8137 WAT  28838 28840     3  8137  7780    
 8138 WAT  28841 28843     3  8138  7781    
 8139 WAT  28844 28846     3  8139  7782    
 8140 WAT  28847 28849     3  8140  7783    
 8141 WAT  28850 28852     3  8141  7784    
 8142 WAT  28853 28855     3  8142  7785    
 8143 WAT  28856 28858     3  8143  7786    
 8144 WAT  28859 28861     3  8144  7787    
 8145 WAT  28862 28864     3  8145  7788    
 8146 WAT  28865 28867     3  8146  7789    
 8147 WAT  28868 28870     3  8147  7790    
 8148 WAT  28871 28873     3  8148  7791    
 8149 WAT  28874 28876     3  8149  7792    
 8150 WAT  28877 28879     3  8150  7793    
 8151 WAT  28880 28882     3  8151  7794    
 8152 WAT  28883 28885     3  8152  7795    
 8153 WAT  28886 28888     3  8153  7796    
 8154 WAT  28889 28891     3  8154  7797    
 8155 WAT  28892 28894     3  8155  7798    
 8156 WAT  28895 28897     3  8156  7799    
 8157 WAT  28898 28900     3  8157  7800    
 8158 WAT  28901 28903     3  8158  7801    
 8159 WAT  28904 28906     3  8159  7802    
 8160 WAT  28907 28909     3  8160  7803    
 8161 WAT  28910 28912     3  8161  7804    
 8162 WAT  28913 28915     3  8162  7805    
 8163 WAT  28916 28918     3  8163  7806    
 8164 WAT  28919 28921     3  8164  7807    
 8165 WAT  28922 28924     3  8165  7808    
 8166 WAT  28925 28927     3  8166  7809    
 8167 WAT  28928 28930     3  8167  7810    
 8168 WAT  28931 28933     3  8168  7811    
 8169 WAT  28934 28936     3  8169  7812    
 8170 WAT  28937 28939     3  8170  7813    
 8171 WAT  28940 28942     3  8171  7814    
 8172 WAT  28943 28945     3  8172  7815    
 8173 WAT  28946 28948     3  8173  7816    
 8174 WAT  28949 28951     3  8174  7817    
 8175 WAT  28952 28954     3  8175  7818    
 8176 WAT  28955 28957     3  8176  7819    
 8177 WAT  28958 28960     3  8177  7820    
 8178 WAT  28961 28963     3  8178  7821    
 8179 WAT  28964 28966     3  8179  7822    
 8180 WAT  28967 28969     3  8180  7823    
 8181 WAT  28970 28972     3  8181  7824    
 8182 WAT  28973 28975     3  8182  7825    
 8183 WAT  28976 28978     3  8183  7826    
 8184 WAT  28979 28981     3  8184  7827    
 8185 WAT  28982 28984     3  8185  7828    
 8186 WAT  28985 28987     3  8186  7829    
 8187 WAT  28988 28990     3  8187  7830    
 8188 WAT  28991 28993     3  8188  7831    
 8189 WAT  28994 28996     3  8189  7832    
 8190 WAT  28997 28999     3  8190  7833    
 8191 WAT  29000 29002     3  8191  7834    
 8192 WAT  29003 29005     3  8192  7835    
 8193 WAT  29006 29008     3  8193  7836    
 8194 WAT  29009 29011     3  8194  7837    
 8195 WAT  29012 29014     3  8195  7838    
 8196 WAT  29015 29017     3  8196  7839    
 8197 WAT  29018 29020     3  8197  7840    
 8198 WAT  29021 29023     3  8198  7841    
 8199 WAT  29024 29026     3  8199  7842    
 8200 WAT  29027 29029     3  8200  7843    
 8201 WAT  29030 29032     3  8201  7844    
 8202 WAT  29033 29035     3  8202  7845    
 8203 WAT  29036 29038     3  8203  7846    
 8204 WAT  29039 29041     3  8204  7847    
 8205 WAT  29042 29044     3  8205  7848    
 8206 WAT  29045 29047     3  8206  7849    
 8207 WAT  29048 29050     3  8207  7850    
 8208 WAT  29051 29053     3  8208  7851    
 8209 WAT  29054 29056     3  8209  7852    
 8210 WAT  29057 29059     3  8210  7853    
 8211 WAT  29060 29062     3  8211  7854    
 8212 WAT  29063 29065     3  8212  7855    
 8213 WAT  29066 29068     3  8213  7856    
 8214 WAT  29069 29071     3  8214  7857    
 8215 WAT  29072 29074     3  8215  7858    
 8216 WAT  29075 29077     3  8216  7859    
 8217 WAT  29078 29080     3  8217  7860    
 8218 WAT  29081 29083     3  8218  7861    
 8219 WAT  29084 29086     3  8219  7862    
 8220 WAT  29087 29089     3  8220  7863    
 8221 WAT  29090 29092     3  8221  7864    
 8222 WAT  29093 29095     3  8222  7865    
 8223 WAT  29096 29098     3  8223  7866    
 8224 WAT  29099 29101     3  8224  7867    
 8225 WAT  29102 29104     3  8225  7868    
 8226 WAT  29105 29107     3  8226  7869    
 8227 WAT  29108 29110     3  8227  7870    
 8228 WAT  29111 29113     3  8228  7871    
 8229 WAT  29114 29116     3  8229  7872    
 8230 WAT  29117 29119     3  8230  7873    
 8231 WAT  29120 29122     3  8231  7874    
 8232 WAT  29123 29125     3  8232  7875    
 8233 WAT  29126 29128     3  8233  7876    
 8234 WAT  29129 29131     3  8234  7877    
 8235 WAT  29132 29134     3  8235  7878    
 8236 WAT  29135 29137     3  8236  7879    
 8237 WAT  29138 29140     3  8237  7880    
 8238 WAT  29141 29143     3  8238  7881    
 8239 WAT  29144 29146     3  8239  7882    
 8240 WAT  29147 29149     3  8240  7883    
 8241 WAT  29150 29152     3  8241  7884    
 8242 WAT  29153 29155     3  8242  7885    
 8243 WAT  29156 29158     3  8243  7886    
 8244 WAT  29159 29161     3  8244  7887    
 8245 WAT  29162 29164     3  8245  7888    
 8246 WAT  29165 29167     3  8246  7889    
 8247 WAT  29168 29170     3  8247  7890    
 8248 WAT  29171 29173     3  8248  7891    
 8249 WAT  29174 29176     3  8249  7892    
 8250 WAT  29177 29179     3  8250  7893    
 8251 WAT  29180 29182     3  8251  7894    
 8252 WAT  29183 29185     3  8252  7895    
 8253 WAT  29186 29188     3  8253  7896    
 8254 WAT  29189 29191     3  8254  7897    
 8255 WAT  29192 29194     3  8255  7898    
 8256 WAT  29195 29197     3  8256  7899    
 8257 WAT  29198 29200     3  8257  7900    
 8258 WAT  29201 29203     3  8258  7901    
 8259 WAT  29204 29206     3  8259  7902    
 8260 WAT  29207 29209     3  8260  7903    
 8261 WAT  29210 29212     3  8261  7904    
 8262 WAT  29213 29215     3  8262  7905    
 8263 WAT  29216 29218     3  8263  7906    
 8264 WAT  29219 29221     3  8264  7907    
 8265 WAT  29222 29224     3  8265  7908    
 8266 WAT  29225 29227     3  8266  7909    
 8267 WAT  29228 29230     3  8267  7910    
 8268 WAT  29231 29233     3  8268  7911    
 8269 WAT  29234 29236     3  8269  7912    
 8270 WAT  29237 29239     3  8270  7913    
 8271 WAT  29240 29242     3  8271  7914    
 8272 WAT  29243 29245     3  8272  7915    
 8273 WAT  29246 29248     3  8273  7916    
 8274 WAT  29249 29251     3  8274  7917    
 8275 WAT  29252 29254     3  8275  7918    
 8276 WAT  29255 29257     3  8276  7919    
 8277 WAT  29258 29260     3  8277  7920    
 8278 WAT  29261 29263     3  8278  7921    
 8279 WAT  29264 29266     3  8279  7922    
 8280 WAT  29267 29269     3  8280  7923    
 8281 WAT  29270 29272     3  8281  7924    
 8282 WAT  29273 29275     3  8282  7925    
 8283 WAT  29276 29278     3  8283  7926    
 8284 WAT  29279 29281     3  8284  7927    
 8285 WAT  29282 29284     3  8285  7928    
 8286 WAT  29285 29287     3  8286  7929    
 8287 WAT  29288 29290     3  8287  7930    
 8288 WAT  29291 29293     3  8288  7931    
 8289 WAT  29294 29296     3  8289  7932    
 8290 WAT  29297 29299     3  8290  7933    
 8291 WAT  29300 29302     3  8291  7934    
 8292 WAT  29303 29305     3  8292  7935    
 8293 WAT  29306 29308     3  8293  7936    
 8294 WAT  29309 29311     3  8294  7937    
 8295 WAT  29312 29314     3  8295  7938    
 8296 WAT  29315 29317     3  8296  7939    
 8297 WAT  29318 29320     3  8297  7940    
 8298 WAT  29321 29323     3  8298  7941    
 8299 WAT  29324 29326     3  8299  7942    
 8300 WAT  29327 29329     3  8300  7943    
 8301 WAT  29330 29332     3  8301  7944    
 8302 WAT  29333 29335     3  8302  7945    
 8303 WAT  29336 29338     3  8303  7946    
 8304 WAT  29339 29341     3  8304  7947    
 8305 WAT  29342 29344     3  8305  7948    
 8306 WAT  29345 29347     3  8306  7949    
 8307 WAT  29348 29350     3  8307  7950    
 8308 WAT  29351 29353     3  8308  7951    
 8309 WAT  29354 29356     3  8309  7952    
 8310 WAT  29357 29359     3  8310  7953    
 8311 WAT  29360 29362     3  8311  7954    
 8312 WAT  29363 29365     3  8312  7955    
 8313 WAT  29366 29368     3  8313  7956    
 8314 WAT  29369 29371     3  8314  7957    
 8315 WAT  29372 29374     3  8315  7958    
 8316 WAT  29375 29377     3  8316  7959    
 8317 WAT  29378 29380     3  8317  7960    
 8318 WAT  29381 29383     3  8318  7961    
 8319 WAT  29384 29386     3  8319  7962    
 8320 WAT  29387 29389     3  8320  7963    
 8321 WAT  29390 29392     3  8321  7964    
 8322 WAT  29393 29395     3  8322  7965    
 8323 WAT  29396 29398     3  8323  7966    
 8324 WAT  29399 29401     3  8324  7967    
 8325 WAT  29402 29404     3  8325  7968    
 8326 WAT  29405 29407     3  8326  7969    
 8327 WAT  29408 29410     3  8327  7970    
 8328 WAT  29411 29413     3  8328  7971    
 8329 WAT  29414 29416     3  8329  7972    
 8330 WAT  29417 29419     3  8330  7973    
 8331 WAT  29420 29422     3  8331  7974    
 8332 WAT  29423 29425     3  8332  7975    
 8333 WAT  29426 29428     3  8333  7976    
 8334 WAT  29429 29431     3  8334  7977    
 8335 WAT  29432 29434     3  8335  7978    
 8336 WAT  29435 29437     3  8336  7979    
 8337 WAT  29438 29440     3  8337  7980    
 8338 WAT  29441 29443     3  8338  7981    
 8339 WAT  29444 29446     3  8339  7982    
 8340 WAT  29447 29449     3  8340  7983    
 8341 WAT  29450 29452     3  8341  7984    
 8342 WAT  29453 29455     3  8342  7985    
 8343 WAT  29456 29458     3  8343  7986    
 8344 WAT  29459 29461     3  8344  7987    
 8345 WAT  29462 29464     3  8345  7988    
 8346 WAT  29465 29467     3  8346  7989    
 8347 WAT  29468 29470     3  8347  7990    
 8348 WAT  29471 29473     3  8348  7991    
 8349 WAT  29474 29476     3  8349  7992    
 8350 WAT  29477 29479     3  8350  7993    
 8351 WAT  29480 29482     3  8351  7994    
 8352 WAT  29483 29485     3  8352  7995    
 8353 WAT  29486 29488     3  8353  7996    
 8354 WAT  29489 29491     3  8354  7997    
 8355 WAT  29492 29494     3  8355  7998    
 8356 WAT  29495 29497     3  8356  7999    
 8357 WAT  29498 29500     3  8357  8000    
 8358 WAT  29501 29503     3  8358  8001    
 8359 WAT  29504 29506     3  8359  8002    
 8360 WAT  29507 29509     3  8360  8003    
 8361 WAT  29510 29512     3  8361  8004    
 8362 WAT  29513 29515     3  8362  8005    
 8363 WAT  29516 29518     3  8363  8006    
 8364 WAT  29519 29521     3  8364  8007    
 8365 WAT  29522 29524     3  8365  8008    
 8366 WAT  29525 29527     3  8366  8009    
 8367 WAT  29528 29530     3  8367  8010    
 8368 WAT  29531 29533     3  8368  8011    
 8369 WAT  29534 29536     3  8369  8012    
 8370 WAT  29537 29539     3  8370  8013    
 8371 WAT  29540 29542     3  8371  8014    
 8372 WAT  29543 29545     3  8372  8015    
 8373 WAT  29546 29548     3  8373  8016    
 8374 WAT  29549 29551     3  8374  8017    
 8375 WAT  29552 29554     3  8375  8018    
 8376 WAT  29555 29557     3  8376  8019    
 8377 WAT  29558 29560     3  8377  8020    
 8378 WAT  29561 29563     3  8378  8021    
 8379 WAT  29564 29566     3  8379  8022    
 8380 WAT  29567 29569     3  8380  8023    
 8381 WAT  29570 29572     3  8381  8024    
 8382 WAT  29573 29575     3  8382  8025    
 8383 WAT  29576 29578     3  8383  8026    
 8384 WAT  29579 29581     3  8384  8027    
 8385 WAT  29582 29584     3  8385  8028    
 8386 WAT  29585 29587     3  8386  8029    
 8387 WAT  29588 29590     3  8387  8030    
 8388 WAT  29591 29593     3  8388  8031    
 8389 WAT  29594 29596     3  8389  8032    
 8390 WAT  29597 29599     3  8390  8033    
 8391 WAT  29600 29602     3  8391  8034    
 8392 WAT  29603 29605     3  8392  8035    
 8393 WAT  29606 29608     3  8393  8036    
 8394 WAT  29609 29611     3  8394  8037    
 8395 WAT  29612 29614     3  8395  8038    
 8396 WAT  29615 29617     3  8396  8039    
 8397 WAT  29618 29620     3  8397  8040    
 8398 WAT  29621 29623     3  8398  8041    
 8399 WAT  29624 29626     3  8399  8042    
 8400 WAT  29627 29629     3  8400  8043    
 8401 WAT  29630 29632     3  8401  8044    
 8402 WAT  29633 29635     3  8402  8045    
 8403 WAT  29636 29638     3  8403  8046    
 8404 WAT  29639 29641     3  8404  8047    
 8405 WAT  29642 29644     3  8405  8048    
 8406 WAT  29645 29647     3  8406  8049    
 8407 WAT  29648 29650     3  8407  8050    
 8408 WAT  29651 29653     3  8408  8051    
 8409 WAT  29654 29656     3  8409  8052    
 8410 WAT  29657 29659     3  8410  8053    
 8411 WAT  29660 29662     3  8411  8054    
 8412 WAT  29663 29665     3  8412  8055    
 8413 WAT  29666 29668     3  8413  8056    
 8414 WAT  29669 29671     3  8414  8057    
 8415 WAT  29672 29674     3  8415  8058    
 8416 WAT  29675 29677     3  8416  8059    
 8417 WAT  29678 29680     3  8417  8060    
 8418 WAT  29681 29683     3  8418  8061    
 8419 WAT  29684 29686     3  8419  8062    
 8420 WAT  29687 29689     3  8420  8063    
 8421 WAT  29690 29692     3  8421  8064    
 8422 WAT  29693 29695     3  8422  8065    
 8423 WAT  29696 29698     3  8423  8066    
 8424 WAT  29699 29701     3  8424  8067    
 8425 WAT  29702 29704     3  8425  8068    
 8426 WAT  29705 29707     3  8426  8069    
 8427 WAT  29708 29710     3  8427  8070    
 8428 WAT  29711 29713     3  8428  8071    
 8429 WAT  29714 29716     3  8429  8072    
 8430 WAT  29717 29719     3  8430  8073    
 8431 WAT  29720 29722     3  8431  8074    
 8432 WAT  29723 29725     3  8432  8075    
 8433 WAT  29726 29728     3  8433  8076    
 8434 WAT  29729 29731     3  8434  8077    
 8435 WAT  29732 29734     3  8435  8078    
 8436 WAT  29735 29737     3  8436  8079    
 8437 WAT  29738 29740     3  8437  8080    
 8438 WAT  29741 29743     3  8438  8081    
 8439 WAT  29744 29746     3  8439  8082    
 8440 WAT  29747 29749     3  8440  8083    
 8441 WAT  29750 29752     3  8441  8084    
 8442 WAT  29753 29755     3  8442  8085    
 8443 WAT  29756 29758     3  8443  8086    
 8444 WAT  29759 29761     3  8444  8087    
 8445 WAT  29762 29764     3  8445  8088    
 8446 WAT  29765 29767     3  8446  8089    
 8447 WAT  29768 29770     3  8447  8090    
 8448 WAT  29771 29773     3  8448  8091    
 8449 WAT  29774 29776     3  8449  8092    
 8450 WAT  29777 29779     3  8450  8093    
 8451 WAT  29780 29782     3  8451  8094    
 8452 WAT  29783 29785     3  8452  8095    
 8453 WAT  29786 29788     3  8453  8096    
 8454 WAT  29789 29791     3  8454  8097    
 8455 WAT  29792 29794     3  8455  8098    
 8456 WAT  29795 29797     3  8456  8099    
 8457 WAT  29798 29800     3  8457  8100    
 8458 WAT  29801 29803     3  8458  8101    
 8459 WAT  29804 29806     3  8459  8102    
 8460 WAT  29807 29809     3  8460  8103    
 8461 WAT  29810 29812     3  8461  8104    
 8462 WAT  29813 29815     3  8462  8105    
 8463 WAT  29816 29818     3  8463  8106    
 8464 WAT  29819 29821     3  8464  8107    
 8465 WAT  29822 29824     3  8465  8108    
 8466 WAT  29825 29827     3  8466  8109    
 8467 WAT  29828 29830     3  8467  8110    
 8468 WAT  29831 29833     3  8468  8111    
 8469 WAT  29834 29836     3  8469  8112    
 8470 WAT  29837 29839     3  8470  8113    
 8471 WAT  29840 29842     3  8471  8114    
 8472 WAT  29843 29845     3  8472  8115    
 8473 WAT  29846 29848     3  8473  8116    
 8474 WAT  29849 29851     3  8474  8117    
 8475 WAT  29852 29854     3  8475  8118    
 8476 WAT  29855 29857     3  8476  8119    
 8477 WAT  29858 29860     3  8477  8120    
 8478 WAT  29861 29863     3  8478  8121    
 8479 WAT  29864 29866     3  8479  8122    
 8480 WAT  29867 29869     3  8480  8123    
 8481 WAT  29870 29872     3  8481  8124    
 8482 WAT  29873 29875     3  8482  8125    
 8483 WAT  29876 29878     3  8483  8126    
 8484 WAT  29879 29881     3  8484  8127    
 8485 WAT  29882 29884     3  8485  8128    
 8486 WAT  29885 29887     3  8486  8129    
 8487 WAT  29888 29890     3  8487  8130    
 8488 WAT  29891 29893     3  8488  8131    
 8489 WAT  29894 29896     3  8489  8132    
 8490 WAT  29897 29899     3  8490  8133    
 8491 WAT  29900 29902     3  8491  8134    
 8492 WAT  29903 29905     3  8492  8135    
 8493 WAT  29906 29908     3  8493  8136    
 8494 WAT  29909 29911     3  8494  8137    
 8495 WAT  29912 29914     3  8495  8138    
 8496 WAT  29915 29917     3  8496  8139    
 8497 WAT  29918 29920     3  8497  8140    
 8498 WAT  29921 29923     3  8498  8141    
 8499 WAT  29924 29926     3  8499  8142    
 8500 WAT  29927 29929     3  8500  8143    
 8501 WAT  29930 29932     3  8501  8144    
 8502 WAT  29933 29935     3  8502  8145    
 8503 WAT  29936 29938     3  8503  8146    
 8504 WAT  29939 29941     3  8504  8147    
 8505 WAT  29942 29944     3  8505  8148    
 8506 WAT  29945 29947     3  8506  8149    
 8507 WAT  29948 29950     3  8507  8150    
 8508 WAT  29951 29953     3  8508  8151    
 8509 WAT  29954 29956     3  8509  8152    
 8510 WAT  29957 29959     3  8510  8153    
 8511 WAT  29960 29962     3  8511  8154    
 8512 WAT  29963 29965     3  8512  8155    
 8513 WAT  29966 29968     3  8513  8156    
 8514 WAT  29969 29971     3  8514  8157    
 8515 WAT  29972 29974     3  8515  8158    
 8516 WAT  29975 29977     3  8516  8159    
 8517 WAT  29978 29980     3  8517  8160    
 8518 WAT  29981 29983     3  8518  8161    
 8519 WAT  29984 29986     3  8519  8162    
 8520 WAT  29987 29989     3  8520  8163    
 8521 WAT  29990 29992     3  8521  8164    
 8522 WAT  29993 29995     3  8522  8165    
 8523 WAT  29996 29998     3  8523  8166    
 8524 WAT  29999 30001     3  8524  8167    
 8525 WAT  30002 30004     3  8525  8168    
 8526 WAT  30005 30007     3  8526  8169    
 8527 WAT  30008 30010     3  8527  8170    
 8528 WAT  30011 30013     3  8528  8171    
 8529 WAT  30014 30016     3  8529  8172    
 8530 WAT  30017 30019     3  8530  8173    
 8531 WAT  30020 30022     3  8531  8174    
 8532 WAT  30023 30025     3  8532  8175    
 8533 WAT  30026 30028     3  8533  8176    
 8534 WAT  30029 30031     3  8534  8177    
 8535 WAT  30032 30034     3  8535  8178    
 8536 WAT  30035 30037     3  8536  8179    
 8537 WAT  30038 30040     3  8537  8180    
 8538 WAT  30041 30043     3  8538  8181    
 8539 WAT  30044 30046     3  8539  8182    
 8540 WAT  30047 30049     3  8540  8183    
 8541 WAT  30050 30052     3  8541  8184    
 8542 WAT  30053 30055     3  8542  8185    
 8543 WAT  30056 30058     3  8543  8186    
 8544 WAT  30059 30061     3  8544  8187    
 8545 WAT  30062 30064     3  8545  8188    
 8546 WAT  30065 30067     3  8546  8189    
 8547 WAT  30068 30070     3  8547  8190    
 8548 WAT  30071 30073     3  8548  8191    
 8549 WAT  30074 30076     3  8549  8192    
 8550 WAT  30077 30079     3  8550  8193    
 8551 WAT  30080 30082     3  8551  8194    
 8552 WAT  30083 30085     3  8552  8195    
 8553 WAT  30086 30088     3  8553  8196    
 8554 WAT  30089 30091     3  8554  8197    
 8555 WAT  30092 30094     3  8555  8198    
 8556 WAT  30095 30097     3  8556  8199    
 8557 WAT  30098 30100     3  8557  8200    
 8558 WAT  30101 30103     3  8558  8201    
 8559 WAT  30104 30106     3  8559  8202    
 8560 WAT  30107 30109     3  8560  8203    
 8561 WAT  30110 30112     3  8561  8204    
 8562 WAT  30113 30115     3  8562  8205    
 8563 WAT  30116 30118     3  8563  8206    
 8564 WAT  30119 30121     3  8564  8207    
 8565 WAT  30122 30124     3  8565  8208    
 8566 WAT  30125 30127     3  8566  8209    
 8567 WAT  30128 30130     3  8567  8210    
 8568 WAT  30131 30133     3  8568  8211    
 8569 WAT  30134 30136     3  8569  8212    
 8570 WAT  30137 30139     3  8570  8213    
 8571 WAT  30140 30142     3  8571  8214    
 8572 WAT  30143 30145     3  8572  8215    
 8573 WAT  30146 30148     3  8573  8216    
 8574 WAT  30149 30151     3  8574  8217    
 8575 WAT  30152 30154     3  8575  8218    
 8576 WAT  30155 30157     3  8576  8219    
 8577 WAT  30158 30160     3  8577  8220    
 8578 WAT  30161 30163     3  8578  8221    
 8579 WAT  30164 30166     3  8579  8222    
 8580 WAT  30167 30169     3  8580  8223    
 8581 WAT  30170 30172     3  8581  8224    
 8582 WAT  30173 30175     3  8582  8225    
 8583 WAT  30176 30178     3  8583  8226    
 8584 WAT  30179 30181     3  8584  8227    
 8585 WAT  30182 30184     3  8585  8228    
 8586 WAT  30185 30187     3  8586  8229    
 8587 WAT  30188 30190     3  8587  8230    
 8588 WAT  30191 30193     3  8588  8231    
 8589 WAT  30194 30196     3  8589  8232    
 8590 WAT  30197 30199     3  8590  8233    
 8591 WAT  30200 30202     3  8591  8234    
 8592 WAT  30203 30205     3  8592  8235    
 8593 WAT  30206 30208     3  8593  8236    
 8594 WAT  30209 30211     3  8594  8237    
 8595 WAT  30212 30214     3  8595  8238    
 8596 WAT  30215 30217     3  8596  8239    
 8597 WAT  30218 30220     3  8597  8240    
 8598 WAT  30221 30223     3  8598  8241    
 8599 WAT  30224 30226     3  8599  8242    
 8600 WAT  30227 30229     3  8600  8243    
 8601 WAT  30230 30232     3  8601  8244    
 8602 WAT  30233 30235     3  8602  8245    
 8603 WAT  30236 30238     3  8603  8246    
 8604 WAT  30239 30241     3  8604  8247    
 8605 WAT  30242 30244     3  8605  8248    
 8606 WAT  30245 30247     3  8606  8249    
 8607 WAT  30248 30250     3  8607  8250    
 8608 WAT  30251 30253     3  8608  8251    
 8609 WAT  30254 30256     3  8609  8252    
 8610 WAT  30257 30259     3  8610  8253    
 8611 WAT  30260 30262     3  8611  8254    
 8612 WAT  30263 30265     3  8612  8255    
 8613 WAT  30266 30268     3  8613  8256    
 8614 WAT  30269 30271     3  8614  8257    
 8615 WAT  30272 30274     3  8615  8258    
 8616 WAT  30275 30277     3  8616  8259    
 8617 WAT  30278 30280     3  8617  8260    
 8618 WAT  30281 30283     3  8618  8261    
 8619 WAT  30284 30286     3  8619  8262    
 8620 WAT  30287 30289     3  8620  8263    
 8621 WAT  30290 30292     3  8621  8264    
 8622 WAT  30293 30295     3  8622  8265    
 8623 WAT  30296 30298     3  8623  8266    
 8624 WAT  30299 30301     3  8624  8267    
 8625 WAT  30302 30304     3  8625  8268    
 8626 WAT  30305 30307     3  8626  8269    
 8627 WAT  30308 30310     3  8627  8270    
 8628 WAT  30311 30313     3  8628  8271    
 8629 WAT  30314 30316     3  8629  8272    
 8630 WAT  30317 30319     3  8630  8273    
 8631 WAT  30320 30322     3  8631  8274    
 8632 WAT  30323 30325     3  8632  8275    
 8633 WAT  30326 30328     3  8633  8276    
 8634 WAT  30329 30331     3  8634  8277    
 8635 WAT  30332 30334     3  8635  8278    
 8636 WAT  30335 30337     3  8636  8279    
 8637 WAT  30338 30340     3  8637  8280    
 8638 WAT  30341 30343     3  8638  8281    
 8639 WAT  30344 30346     3  8639  8282    
 8640 WAT  30347 30349     3  8640  8283    
 8641 WAT  30350 30352     3  8641  8284    
 8642 WAT  30353 30355     3  8642  8285    
 8643 WAT  30356 30358     3  8643  8286    
 8644 WAT  30359 30361     3  8644  8287    
 8645 WAT  30362 30364     3  8645  8288    
 8646 WAT  30365 30367     3  8646  8289    
 8647 WAT  30368 30370     3  8647  8290    
 8648 WAT  30371 30373     3  8648  8291    
 8649 WAT  30374 30376     3  8649  8292    
 8650 WAT  30377 30379     3  8650  8293    
 8651 WAT  30380 30382     3  8651  8294    
 8652 WAT  30383 30385     3  8652  8295    
 8653 WAT  30386 30388     3  8653  8296    
 8654 WAT  30389 30391     3  8654  8297    
 8655 WAT  30392 30394     3  8655  8298    
 8656 WAT  30395 30397     3  8656  8299    
 8657 WAT  30398 30400     3  8657  8300    
 8658 WAT  30401 30403     3  8658  8301    
 8659 WAT  30404 30406     3  8659  8302    
 8660 WAT  30407 30409     3  8660  8303    
 8661 WAT  30410 30412     3  8661  8304    
 8662 WAT  30413 30415     3  8662  8305    
 8663 WAT  30416 30418     3  8663  8306    
 8664 WAT  30419 30421     3  8664  8307    
 8665 WAT  30422 30424     3  8665  8308    
 8666 WAT  30425 30427     3  8666  8309    
 8667 WAT  30428 30430     3  8667  8310    
 8668 WAT  30431 30433     3  8668  8311    
 8669 WAT  30434 30436     3  8669  8312    
 8670 WAT  30437 30439     3  8670  8313    
 8671 WAT  30440 30442     3  8671  8314    
 8672 WAT  30443 30445     3  8672  8315    
 8673 WAT  30446 30448     3  8673  8316    
 8674 WAT  30449 30451     3  8674  8317    
 8675 WAT  30452 30454     3  8675  8318    
 8676 WAT  30455 30457     3  8676  8319    
 8677 WAT  30458 30460     3  8677  8320    
 8678 WAT  30461 30463     3  8678  8321    
 8679 WAT  30464 30466     3  8679  8322    
 8680 WAT  30467 30469     3  8680  8323    
 8681 WAT  30470 30472     3  8681  8324    
 8682 WAT  30473 30475     3  8682  8325    
 8683 WAT  30476 30478     3  8683  8326    
 8684 WAT  30479 30481     3  8684  8327    
 8685 WAT  30482 30484     3  8685  8328    
 8686 WAT  30485 30487     3  8686  8329    
 8687 WAT  30488 30490     3  8687  8330    
 8688 WAT  30491 30493     3  8688  8331    
 8689 WAT  30494 30496     3  8689  8332    
 8690 WAT  30497 30499     3  8690  8333    
 8691 WAT  30500 30502     3  8691  8334    
 8692 WAT  30503 30505     3  8692  8335    
 8693 WAT  30506 30508     3  8693  8336    
 8694 WAT  30509 30511     3  8694  8337    
 8695 WAT  30512 30514     3  8695  8338    
 8696 WAT  30515 30517     3  8696  8339    
 8697 WAT  30518 30520     3  8697  8340    
 8698 WAT  30521 30523     3  8698  8341    
 8699 WAT  30524 30526     3  8699  8342    
 8700 WAT  30527 30529     3  8700  8343    
 8701 WAT  30530 30532     3  8701  8344    
 8702 WAT  30533 30535     3  8702  8345    
 8703 WAT  30536 30538     3  8703  8346    
 8704 WAT  30539 30541     3  8704  8347    
 8705 WAT  30542 30544     3  8705  8348    
 8706 WAT  30545 30547     3  8706  8349    
 8707 WAT  30548 30550     3  8707  8350    
 8708 WAT  30551 30553     3  8708  8351    
 8709 WAT  30554 30556     3  8709  8352    
 8710 WAT  30557 30559     3  8710  8353    
 8711 WAT  30560 30562     3  8711  8354    
 8712 WAT  30563 30565     3  8712  8355    
 8713 WAT  30566 30568     3  8713  8356    
 8714 WAT  30569 30571     3  8714  8357    
 8715 WAT  30572 30574     3  8715  8358    
 8716 WAT  30575 30577     3  8716  8359    
 8717 WAT  30578 30580     3  8717  8360    
 8718 WAT  30581 30583     3  8718  8361    
 8719 WAT  30584 30586     3  8719  8362    
 8720 WAT  30587 30589     3  8720  8363    
 8721 WAT  30590 30592     3  8721  8364    
 8722 WAT  30593 30595     3  8722  8365    
 8723 WAT  30596 30598     3  8723  8366    
 8724 WAT  30599 30601     3  8724  8367    
 8725 WAT  30602 30604     3  8725  8368    
 8726 WAT  30605 30607     3  8726  8369    
 8727 WAT  30608 30610     3  8727  8370    
 8728 WAT  30611 30613     3  8728  8371    
 8729 WAT  30614 30616     3  8729  8372    
 8730 WAT  30617 30619     3  8730  8373    
 8731 WAT  30620 30622     3  8731  8374    
 8732 WAT  30623 30625     3  8732  8375    
 8733 WAT  30626 30628     3  8733  8376    
 8734 WAT  30629 30631     3  8734  8377    
 8735 WAT  30632 30634     3  8735  8378    
 8736 WAT  30635 30637     3  8736  8379    
 8737 WAT  30638 30640     3  8737  8380    
 8738 WAT  30641 30643     3  8738  8381    
 8739 WAT  30644 30646     3  8739  8382    
 8740 WAT  30647 30649     3  8740  8383    
 8741 WAT  30650 30652     3  8741  8384    
 8742 WAT  30653 30655     3  8742  8385    
 8743 WAT  30656 30658     3  8743  8386    
 8744 WAT  30659 30661     3  8744  8387    
 8745 WAT  30662 30664     3  8745  8388    
 8746 WAT  30665 30667     3  8746  8389    
 8747 WAT  30668 30670     3  8747  8390    
 8748 WAT  30671 30673     3  8748  8391    
 8749 WAT  30674 30676     3  8749  8392    
 8750 WAT  30677 30679     3  8750  8393    
 8751 WAT  30680 30682     3  8751  8394    
 8752 WAT  30683 30685     3  8752  8395    
 8753 WAT  30686 30688     3  8753  8396    
 8754 WAT  30689 30691     3  8754  8397    
 8755 WAT  30692 30694     3  8755  8398    
 8756 WAT  30695 30697     3  8756  8399    
 8757 WAT  30698 30700     3  8757  8400    
 8758 WAT  30701 30703     3  8758  8401    
 8759 WAT  30704 30706     3  8759  8402    
 8760 WAT  30707 30709     3  8760  8403    
 8761 WAT  30710 30712     3  8761  8404    
 8762 WAT  30713 30715     3  8762  8405    
 8763 WAT  30716 30718     3  8763  8406    
 8764 WAT  30719 30721     3  8764  8407    
 8765 WAT  30722 30724     3  8765  8408    
 8766 WAT  30725 30727     3  8766  8409    
 8767 WAT  30728 30730     3  8767  8410    
 8768 WAT  30731 30733     3  8768  8411    
 8769 WAT  30734 30736     3  8769  8412    
 8770 WAT  30737 30739     3  8770  8413    
 8771 WAT  30740 30742     3  8771  8414    
 8772 WAT  30743 30745     3  8772  8415    
 8773 WAT  30746 30748     3  8773  8416    
 8774 WAT  30749 30751     3  8774  8417    
 8775 WAT  30752 30754     3  8775  8418    
 8776 WAT  30755 30757     3  8776  8419    
 8777 WAT  30758 30760     3  8777  8420    
 8778 WAT  30761 30763     3  8778  8421    
 8779 WAT  30764 30766     3  8779  8422    
 8780 WAT  30767 30769     3  8780  8423    
 8781 WAT  30770 30772     3  8781  8424    
 8782 WAT  30773 30775     3  8782  8425    
 8783 WAT  30776 30778     3  8783  8426    
 8784 WAT  30779 30781     3  8784  8427    
 8785 WAT  30782 30784     3  8785  8428    
 8786 WAT  30785 30787     3  8786  8429    
 8787 WAT  30788 30790     3  8787  8430    
 8788 WAT  30791 30793     3  8788  8431    
 8789 WAT  30794 30796     3  8789  8432    
 8790 WAT  30797 30799     3  8790  8433    
 8791 WAT  30800 30802     3  8791  8434    
 8792 WAT  30803 30805     3  8792  8435    
 8793 WAT  30806 30808     3  8793  8436    
 8794 WAT  30809 30811     3  8794  8437    
 8795 WAT  30812 30814     3  8795  8438    
 8796 WAT  30815 30817     3  8796  8439    
 8797 WAT  30818 30820     3  8797  8440    
 8798 WAT  30821 30823     3  8798  8441    
 8799 WAT  30824 30826     3  8799  8442    
 8800 WAT  30827 30829     3  8800  8443    
 8801 WAT  30830 30832     3  8801  8444    
 8802 WAT  30833 30835     3  8802  8445    
 8803 WAT  30836 30838     3  8803  8446    
 8804 WAT  30839 30841     3  8804  8447    
 8805 WAT  30842 30844     3  8805  8448    
 8806 WAT  30845 30847     3  8806  8449    
 8807 WAT  30848 30850     3  8807  8450    
 8808 WAT  30851 30853     3  8808  8451    
 8809 WAT  30854 30856     3  8809  8452    
 8810 WAT  30857 30859     3  8810  8453    
 8811 WAT  30860 30862     3  8811  8454    
 8812 WAT  30863 30865     3  8812  8455    
 8813 WAT  30866 30868     3  8813  8456    
 8814 WAT  30869 30871     3  8814  8457    
 8815 WAT  30872 30874     3  8815  8458    
 8816 WAT  30875 30877     3  8816  8459    
 8817 WAT  30878 30880     3  8817  8460    
 8818 WAT  30881 30883     3  8818  8461    
 8819 WAT  30884 30886     3  8819  8462    
 8820 WAT  30887 30889     3  8820  8463    
 8821 WAT  30890 30892     3  8821  8464    
 8822 WAT  30893 30895     3  8822  8465    
 8823 WAT  30896 30898     3  8823  8466    
 8824 WAT  30899 30901     3  8824  8467    
 8825 WAT  30902 30904     3  8825  8468    
 8826 WAT  30905 30907     3  8826  8469    
 8827 WAT  30908 30910     3  8827  8470    
 8828 WAT  30911 30913     3  8828  8471    
 8829 WAT  30914 30916     3  8829  8472    
 8830 WAT  30917 30919     3  8830  8473    
 8831 WAT  30920 30922     3  8831  8474    
 8832 WAT  30923 30925     3  8832  8475    
 8833 WAT  30926 30928     3  8833  8476    
 8834 WAT  30929 30931     3  8834  8477    
 8835 WAT  30932 30934     3  8835  8478    
 8836 WAT  30935 30937     3  8836  8479    
 8837 WAT  30938 30940     3  8837  8480    
 8838 WAT  30941 30943     3  8838  8481    
 8839 WAT  30944 30946     3  8839  8482    
 8840 WAT  30947 30949     3  8840  8483    
 8841 WAT  30950 30952     3  8841  8484    
 8842 WAT  30953 30955     3  8842  8485    
 8843 WAT  30956 30958     3  8843  8486    
 8844 WAT  30959 30961     3  8844  8487    
 8845 WAT  30962 30964     3  8845  8488    
 8846 WAT  30965 30967     3  8846  8489    
 8847 WAT  30968 30970     3  8847  8490    
 8848 WAT  30971 30973     3  8848  8491    
 8849 WAT  30974 30976     3  8849  8492    
 8850 WAT  30977 30979     3  8850  8493    
 8851 WAT  30980 30982     3  8851  8494    
 8852 WAT  30983 30985     3  8852  8495    
 8853 WAT  30986 30988     3  8853  8496    
 8854 WAT  30989 30991     3  8854  8497    
 8855 WAT  30992 30994     3  8855  8498    
 8856 WAT  30995 30997     3  8856  8499    
 8857 WAT  30998 31000     3  8857  8500    
 8858 WAT  31001 31003     3  8858  8501    
 8859 WAT  31004 31006     3  8859  8502    
 8860 WAT  31007 31009     3  8860  8503    
 8861 WAT  31010 31012     3  8861  8504    
 8862 WAT  31013 31015     3  8862  8505    
 8863 WAT  31016 31018     3  8863  8506    
 8864 WAT  31019 31021     3  8864  8507    
 8865 WAT  31022 31024     3  8865  8508    
 8866 WAT  31025 31027     3  8866  8509    
 8867 WAT  31028 31030     3  8867  8510    
 8868 WAT  31031 31033     3  8868  8511    
 8869 WAT  31034 31036     3  8869  8512    
 8870 WAT  31037 31039     3  8870  8513    
 8871 WAT  31040 31042     3  8871  8514    
 8872 WAT  31043 31045     3  8872  8515    
 8873 WAT  31046 31048     3  8873  8516    
 8874 WAT  31049 31051     3  8874  8517    
 8875 WAT  31052 31054     3  8875  8518    
 8876 WAT  31055 31057     3  8876  8519    
 8877 WAT  31058 31060     3  8877  8520    
 8878 WAT  31061 31063     3  8878  8521    
 8879 WAT  31064 31066     3  8879  8522    
 8880 WAT  31067 31069     3  8880  8523    
 8881 WAT  31070 31072     3  8881  8524    
 8882 WAT  31073 31075     3  8882  8525    
 8883 WAT  31076 31078     3  8883  8526    
 8884 WAT  31079 31081     3  8884  8527    
 8885 WAT  31082 31084     3  8885  8528    
 8886 WAT  31085 31087     3  8886  8529    
 8887 WAT  31088 31090     3  8887  8530    
 8888 WAT  31091 31093     3  8888  8531    
 8889 WAT  31094 31096     3  8889  8532    
 8890 WAT  31097 31099     3  8890  8533    
 8891 WAT  31100 31102     3  8891  8534    
 8892 WAT  31103 31105     3  8892  8535    
 8893 WAT  31106 31108     3  8893  8536    
 8894 WAT  31109 31111     3  8894  8537    
 8895 WAT  31112 31114     3  8895  8538    
 8896 WAT  31115 31117     3  8896  8539    
 8897 WAT  31118 31120     3  8897  8540    
 8898 WAT  31121 31123     3  8898  8541    
 8899 WAT  31124 31126     3  8899  8542    
 8900 WAT  31127 31129     3  8900  8543    
 8901 WAT  31130 31132     3  8901  8544    
 8902 WAT  31133 31135     3  8902  8545    
 8903 WAT  31136 31138     3  8903  8546    
 8904 WAT  31139 31141     3  8904  8547    
 8905 WAT  31142 31144     3  8905  8548    
 8906 WAT  31145 31147     3  8906  8549    
 8907 WAT  31148 31150     3  8907  8550    
 8908 WAT  31151 31153     3  8908  8551    
 8909 WAT  31154 31156     3  8909  8552    
 8910 WAT  31157 31159     3  8910  8553    
 8911 WAT  31160 31162     3  8911  8554    
 8912 WAT  31163 31165     3  8912  8555    
 8913 WAT  31166 31168     3  8913  8556    
 8914 WAT  31169 31171     3  8914  8557    
 8915 WAT  31172 31174     3  8915  8558    
 8916 WAT  31175 31177     3  8916  8559    
 8917 WAT  31178 31180     3  8917  8560    
 8918 WAT  31181 31183     3  8918  8561    
 8919 WAT  31184 31186     3  8919  8562    
 8920 WAT  31187 31189     3  8920  8563    
 8921 WAT  31190 31192     3  8921  8564    
 8922 WAT  31193 31195     3  8922  8565    
 8923 WAT  31196 31198     3  8923  8566    
 8924 WAT  31199 31201     3  8924  8567    
 8925 WAT  31202 31204     3  8925  8568    
 8926 WAT  31205 31207     3  8926  8569    
 8927 WAT  31208 31210     3  8927  8570    
 8928 WAT  31211 31213     3  8928  8571    
 8929 WAT  31214 31216     3  8929  8572    
 8930 WAT  31217 31219     3  8930  8573    
 8931 WAT  31220 31222     3  8931  8574    
 8932 WAT  31223 31225     3  8932  8575    
 8933 WAT  31226 31228     3  8933  8576    
 8934 WAT  31229 31231     3  8934  8577    
 8935 WAT  31232 31234     3  8935  8578    
 8936 WAT  31235 31237     3  8936  8579    
 8937 WAT  31238 31240     3  8937  8580    
 8938 WAT  31241 31243     3  8938  8581    
 8939 WAT  31244 31246     3  8939  8582    
 8940 WAT  31247 31249     3  8940  8583    
 8941 WAT  31250 31252     3  8941  8584    
 8942 WAT  31253 31255     3  8942  8585    
 8943 WAT  31256 31258     3  8943  8586    
 8944 WAT  31259 31261     3  8944  8587    
 8945 WAT  31262 31264     3  8945  8588    
 8946 WAT  31265 31267     3  8946  8589    
 8947 WAT  31268 31270     3  8947  8590    
 8948 WAT  31271 31273     3  8948  8591    
 8949 WAT  31274 31276     3  8949  8592    
 8950 WAT  31277 31279     3  8950  8593    
 8951 WAT  31280 31282     3  8951  8594    
 8952 WAT  31283 31285     3  8952  8595    
 8953 WAT  31286 31288     3  8953  8596    
 8954 WAT  31289 31291     3  8954  8597    
 8955 WAT  31292 31294     3  8955  8598    
 8956 WAT  31295 31297     3  8956  8599    
 8957 WAT  31298 31300     3  8957  8600    
 8958 WAT  31301 31303     3  8958  8601    
 8959 WAT  31304 31306     3  8959  8602    
 8960 WAT  31307 31309     3  8960  8603    
 8961 WAT  31310 31312     3  8961  8604    
 8962 WAT  31313 31315     3  8962  8605    
 8963 WAT  31316 31318     3  8963  8606    
 8964 WAT  31319 31321     3  8964  8607    
 8965 WAT  31322 31324     3  8965  8608    
 8966 WAT  31325 31327     3  8966  8609    
 8967 WAT  31328 31330     3  8967  8610    
 8968 WAT  31331 31333     3  8968  8611    
 8969 WAT  31334 31336     3  8969  8612    
 8970 WAT  31337 31339     3  8970  8613    
 8971 WAT  31340 31342     3  8971  8614    
 8972 WAT  31343 31345     3  8972  8615    
 8973 WAT  31346 31348     3  8973  8616    
 8974 WAT  31349 31351     3  8974  8617    
 8975 WAT  31352 31354     3  8975  8618    
 8976 WAT  31355 31357     3  8976  8619    
 8977 WAT  31358 31360     3  8977  8620    
 8978 WAT  31361 31363     3  8978  8621    
 8979 WAT  31364 31366     3  8979  8622    
 8980 WAT  31367 31369     3  8980  8623    
 8981 WAT  31370 31372     3  8981  8624    
 8982 WAT  31373 31375     3  8982  8625    
 8983 WAT  31376 31378     3  8983  8626    
 8984 WAT  31379 31381     3  8984  8627    
 8985 WAT  31382 31384     3  8985  8628    
 8986 WAT  31385 31387     3  8986  8629    
 8987 WAT  31388 31390     3  8987  8630    
 8988 WAT  31391 31393     3  8988  8631    
 8989 WAT  31394 31396     3  8989  8632    
 8990 WAT  31397 31399     3  8990  8633    
 8991 WAT  31400 31402     3  8991  8634    
 8992 WAT  31403 31405     3  8992  8635    
 8993 WAT  31406 31408     3  8993  8636    
 8994 WAT  31409 31411     3  8994  8637    
 8995 WAT  31412 31414     3  8995  8638    
 8996 WAT  31415 31417     3  8996  8639    
 8997 WAT  31418 31420     3  8997  8640    
 8998 WAT  31421 31423     3  8998  8641    
 8999 WAT  31424 31426     3  8999  8642    
 9000 WAT  31427 31429     3  9000  8643    
 9001 WAT  31430 31432     3  9001  8644    
 9002 WAT  31433 31435     3  9002  8645    
 9003 WAT  31436 31438     3  9003  8646    
 9004 WAT  31439 31441     3  9004  8647    
 9005 WAT  31442 31444     3  9005  8648    
 9006 WAT  31445 31447     3  9006  8649    
 9007 WAT  31448 31450     3  9007  8650    
 9008 WAT  31451 31453     3  9008  8651    
 9009 WAT  31454 31456     3  9009  8652    
 9010 WAT  31457 31459     3  9010  8653    
 9011 WAT  31460 31462     3  9011  8654    
 9012 WAT  31463 31465     3  9012  8655    
 9013 WAT  31466 31468     3  9013  8656    
 9014 WAT  31469 31471     3  9014  8657    
 9015 WAT  31472 31474     3  9015  8658    
 9016 WAT  31475 31477     3  9016  8659    
 9017 WAT  31478 31480     3  9017  8660    
 9018 WAT  31481 31483     3  9018  8661    
 9019 WAT  31484 31486     3  9019  8662    
 9020 WAT  31487 31489     3  9020  8663    
 9021 WAT  31490 31492     3  9021  8664    
 9022 WAT  31493 31495     3  9022  8665    
 9023 WAT  31496 31498     3  9023  8666    
 9024 WAT  31499 31501     3  9024  8667    
 9025 WAT  31502 31504     3  9025  8668    
 9026 WAT  31505 31507     3  9026  8669    
 9027 WAT  31508 31510     3  9027  8670    
 9028 WAT  31511 31513     3  9028  8671    
 9029 WAT  31514 31516     3  9029  8672    
 9030 WAT  31517 31519     3  9030  8673    
 9031 WAT  31520 31522     3  9031  8674    
 9032 WAT  31523 31525     3  9032  8675    
 9033 WAT  31526 31528     3  9033  8676    
 9034 WAT  31529 31531     3  9034  8677    
 9035 WAT  31532 31534     3  9035  8678    
 9036 WAT  31535 31537     3  9036  8679    
 9037 WAT  31538 31540     3  9037  8680    
 9038 WAT  31541 31543     3  9038  8681    
 9039 WAT  31544 31546     3  9039  8682    
 9040 WAT  31547 31549     3  9040  8683    
 9041 WAT  31550 31552     3  9041  8684    
 9042 WAT  31553 31555     3  9042  8685    
 9043 WAT  31556 31558     3  9043  8686    
 9044 WAT  31559 31561     3  9044  8687    
 9045 WAT  31562 31564     3  9045  8688    
 9046 WAT  31565 31567     3  9046  8689    
 9047 WAT  31568 31570     3  9047  8690    
 9048 WAT  31571 31573     3  9048  8691    
 9049 WAT  31574 31576     3  9049  8692    
 9050 WAT  31577 31579     3  9050  8693    
 9051 WAT  31580 31582     3  9051  8694    
 9052 WAT  31583 31585     3  9052  8695    
 9053 WAT  31586 31588     3  9053  8696    
 9054 WAT  31589 31591     3  9054  8697    
 9055 WAT  31592 31594     3  9055  8698    
 9056 WAT  31595 31597     3  9056  8699    
 9057 WAT  31598 31600     3  9057  8700    
 9058 WAT  31601 31603     3  9058  8701    
 9059 WAT  31604 31606     3  9059  8702    
 9060 WAT  31607 31609     3  9060  8703    
 9061 WAT  31610 31612     3  9061  8704    
 9062 WAT  31613 31615     3  9062  8705    
 9063 WAT  31616 31618     3  9063  8706    
 9064 WAT  31619 31621     3  9064  8707    
 9065 WAT  31622 31624     3  9065  8708    
 9066 WAT  31625 31627     3  9066  8709    
 9067 WAT  31628 31630     3  9067  8710    
 9068 WAT  31631 31633     3  9068  8711    
 9069 WAT  31634 31636     3  9069  8712    
 9070 WAT  31637 31639     3  9070  8713    
 9071 WAT  31640 31642     3  9071  8714    
 9072 WAT  31643 31645     3  9072  8715    
 9073 WAT  31646 31648     3  9073  8716    
 9074 WAT  31649 31651     3  9074  8717    
 9075 WAT  31652 31654     3  9075  8718    
 9076 WAT  31655 31657     3  9076  8719    
 9077 WAT  31658 31660     3  9077  8720    
 9078 WAT  31661 31663     3  9078  8721    
 9079 WAT  31664 31666     3  9079  8722    
 9080 WAT  31667 31669     3  9080  8723    
 9081 WAT  31670 31672     3  9081  8724    
 9082 WAT  31673 31675     3  9082  8725    
 9083 WAT  31676 31678     3  9083  8726    
 9084 WAT  31679 31681     3  9084  8727    
 9085 WAT  31682 31684     3  9085  8728    
 9086 WAT  31685 31687     3  9086  8729    
 9087 WAT  31688 31690     3  9087  8730    
 9088 WAT  31691 31693     3  9088  8731    
 9089 WAT  31694 31696     3  9089  8732    
 9090 WAT  31697 31699     3  9090  8733    
 9091 WAT  31700 31702     3  9091  8734    
 9092 WAT  31703 31705     3  9092  8735    
 9093 WAT  31706 31708     3  9093  8736    
 9094 WAT  31709 31711     3  9094  8737    
 9095 WAT  31712 31714     3  9095  8738    
 9096 WAT  31715 31717     3  9096  8739    
 9097 WAT  31718 31720     3  9097  8740    
 9098 WAT  31721 31723     3  9098  8741    
 9099 WAT  31724 31726     3  9099  8742    
 9100 WAT  31727 31729     3  9100  8743    
 9101 WAT  31730 31732     3  9101  8744    
 9102 WAT  31733 31735     3  9102  8745    
 9103 WAT  31736 31738     3  9103  8746    
 9104 WAT  31739 31741     3  9104  8747    
 9105 WAT  31742 31744     3  9105  8748    
 9106 WAT  31745 31747     3  9106  8749    
 9107 WAT  31748 31750     3  9107  8750    
 9108 WAT  31751 31753     3  9108  8751    
 9109 WAT  31754 31756     3  9109  8752    
 9110 WAT  31757 31759     3  9110  8753    
 9111 WAT  31760 31762     3  9111  8754    
 9112 WAT  31763 31765     3  9112  8755    
 9113 WAT  31766 31768     3  9113  8756    
 9114 WAT  31769 31771     3  9114  8757    
 9115 WAT  31772 31774     3  9115  8758    
 9116 WAT  31775 31777     3  9116  8759    
 9117 WAT  31778 31780     3  9117  8760    
 9118 WAT  31781 31783     3  9118  8761    
 9119 WAT  31784 31786     3  9119  8762    
 9120 WAT  31787 31789     3  9120  8763    
 9121 WAT  31790 31792     3  9121  8764    
 9122 WAT  31793 31795     3  9122  8765    
 9123 WAT  31796 31798     3  9123  8766    
 9124 WAT  31799 31801     3  9124  8767    
 9125 WAT  31802 31804     3  9125  8768    
 9126 WAT  31805 31807     3  9126  8769    
 9127 WAT  31808 31810     3  9127  8770    
 9128 WAT  31811 31813     3  9128  8771    
 9129 WAT  31814 31816     3  9129  8772    
 9130 WAT  31817 31819     3  9130  8773    
 9131 WAT  31820 31822     3  9131  8774    
 9132 WAT  31823 31825     3  9132  8775    
 9133 WAT  31826 31828     3  9133  8776    
 9134 WAT  31829 31831     3  9134  8777    
 9135 WAT  31832 31834     3  9135  8778    
 9136 WAT  31835 31837     3  9136  8779    
 9137 WAT  31838 31840     3  9137  8780    
 9138 WAT  31841 31843     3  9138  8781    
 9139 WAT  31844 31846     3  9139  8782    
 9140 WAT  31847 31849     3  9140  8783    
 9141 WAT  31850 31852     3  9141  8784    
 9142 WAT  31853 31855     3  9142  8785    
 9143 WAT  31856 31858     3  9143  8786    
 9144 WAT  31859 31861     3  9144  8787    
 9145 WAT  31862 31864     3  9145  8788    
 9146 WAT  31865 31867     3  9146  8789    
 9147 WAT  31868 31870     3  9147  8790    
 9148 WAT  31871 31873     3  9148  8791    
 9149 WAT  31874 31876     3  9149  8792    
 9150 WAT  31877 31879     3  9150  8793    
 9151 WAT  31880 31882     3  9151  8794    
 9152 WAT  31883 31885     3  9152  8795    
 9153 WAT  31886 31888     3  9153  8796    
 9154 WAT  31889 31891     3  9154  8797    
 9155 WAT  31892 31894     3  9155  8798    
 9156 WAT  31895 31897     3  9156  8799    
 9157 WAT  31898 31900     3  9157  8800    
 9158 WAT  31901 31903     3  9158  8801    
 9159 WAT  31904 31906     3  9159  8802    
 9160 WAT  31907 31909     3  9160  8803    
 9161 WAT  31910 31912     3  9161  8804    
 9162 WAT  31913 31915     3  9162  8805    
 9163 WAT  31916 31918     3  9163  8806    
 9164 WAT  31919 31921     3  9164  8807    
 9165 WAT  31922 31924     3  9165  8808    
 9166 WAT  31925 31927     3  9166  8809    
 9167 WAT  31928 31930     3  9167  8810    
 9168 WAT  31931 31933     3  9168  8811    
 9169 WAT  31934 31936     3  9169  8812    
 9170 WAT  31937 31939     3  9170  8813    
 9171 WAT  31940 31942     3  9171  8814    
 9172 WAT  31943 31945     3  9172  8815    
 9173 WAT  31946 31948     3  9173  8816    
 9174 WAT  31949 31951     3  9174  8817    
 9175 WAT  31952 31954     3  9175  8818    
 9176 WAT  31955 31957     3  9176  8819    
 9177 WAT  31958 31960     3  9177  8820    
 9178 WAT  31961 31963     3  9178  8821    
 9179 WAT  31964 31966     3  9179  8822    
 9180 WAT  31967 31969     3  9180  8823    
 9181 WAT  31970 31972     3  9181  8824    
 9182 WAT  31973 31975     3  9182  8825    
 9183 WAT  31976 31978     3  9183  8826    
 9184 WAT  31979 31981     3  9184  8827    
 9185 WAT  31982 31984     3  9185  8828    
 9186 WAT  31985 31987     3  9186  8829    
 9187 WAT  31988 31990     3  9187  8830    
 9188 WAT  31991 31993     3  9188  8831    
 9189 WAT  31994 31996     3  9189  8832    
 9190 WAT  31997 31999     3  9190  8833    
 9191 WAT  32000 32002     3  9191  8834    
 9192 WAT  32003 32005     3  9192  8835    
 9193 WAT  32006 32008     3  9193  8836    
 9194 WAT  32009 32011     3  9194  8837    
 9195 WAT  32012 32014     3  9195  8838    
 9196 WAT  32015 32017     3  9196  8839    
 9197 WAT  32018 32020     3  9197  8840    
 9198 WAT  32021 32023     3  9198  8841    
 9199 WAT  32024 32026     3  9199  8842    
 9200 WAT  32027 32029     3  9200  8843    
 9201 WAT  32030 32032     3  9201  8844    
 9202 WAT  32033 32035     3  9202  8845    
 9203 WAT  32036 32038     3  9203  8846    
 9204 WAT  32039 32041     3  9204  8847    
 9205 WAT  32042 32044     3  9205  8848    
 9206 WAT  32045 32047     3  9206  8849    
 9207 WAT  32048 32050     3  9207  8850    
 9208 WAT  32051 32053     3  9208  8851    
 9209 WAT  32054 32056     3  9209  8852    
 9210 WAT  32057 32059     3  9210  8853    
 9211 WAT  32060 32062     3  9211  8854    
 9212 WAT  32063 32065     3  9212  8855    
 9213 WAT  32066 32068     3  9213  8856    
 9214 WAT  32069 32071     3  9214  8857    
 9215 WAT  32072 32074     3  9215  8858    
 9216 WAT  32075 32077     3  9216  8859    
 9217 WAT  32078 32080     3  9217  8860    
 9218 WAT  32081 32083     3  9218  8861    
 9219 WAT  32084 32086     3  9219  8862    
 9220 WAT  32087 32089     3  9220  8863    
 9221 WAT  32090 32092     3  9221  8864    
 9222 WAT  32093 32095     3  9222  8865    
 9223 WAT  32096 32098     3  9223  8866    
 9224 WAT  32099 32101     3  9224  8867    
 9225 WAT  32102 32104     3  9225  8868    
 9226 WAT  32105 32107     3  9226  8869    
 9227 WAT  32108 32110     3  9227  8870    
 9228 WAT  32111 32113     3  9228  8871    
 9229 WAT  32114 32116     3  9229  8872    
 9230 WAT  32117 32119     3  9230  8873    
 9231 WAT  32120 32122     3  9231  8874    
 9232 WAT  32123 32125     3  9232  8875    
 9233 WAT  32126 32128     3  9233  8876    
 9234 WAT  32129 32131     3  9234  8877    
 9235 WAT  32132 32134     3  9235  8878    
 9236 WAT  32135 32137     3  9236  8879    
 9237 WAT  32138 32140     3  9237  8880    
 9238 WAT  32141 32143     3  9238  8881    
 9239 WAT  32144 32146     3  9239  8882    
 9240 WAT  32147 32149     3  9240  8883    
 9241 WAT  32150 32152     3  9241  8884    
 9242 WAT  32153 32155     3  9242  8885    
 9243 WAT  32156 32158     3  9243  8886    
 9244 WAT  32159 32161     3  9244  8887    
 9245 WAT  32162 32164     3  9245  8888    
 9246 WAT  32165 32167     3  9246  8889    
 9247 WAT  32168 32170     3  9247  8890    
 9248 WAT  32171 32173     3  9248  8891    
 9249 WAT  32174 32176     3  9249  8892    
 9250 WAT  32177 32179     3  9250  8893    
 9251 WAT  32180 32182     3  9251  8894    
 9252 WAT  32183 32185     3  9252  8895    
 9253 WAT  32186 32188     3  9253  8896    
 9254 WAT  32189 32191     3  9254  8897    
 9255 WAT  32192 32194     3  9255  8898    
 9256 WAT  32195 32197     3  9256  8899    
 9257 WAT  32198 32200     3  9257  8900    
 9258 WAT  32201 32203     3  9258  8901    
 9259 WAT  32204 32206     3  9259  8902    
 9260 WAT  32207 32209     3  9260  8903    
 9261 WAT  32210 32212     3  9261  8904    
 9262 WAT  32213 32215     3  9262  8905    
 9263 WAT  32216 32218     3  9263  8906    
 9264 WAT  32219 32221     3  9264  8907    
 9265 WAT  32222 32224     3  9265  8908    
 9266 WAT  32225 32227     3  9266  8909    
 9267 WAT  32228 32230     3  9267  8910    
 9268 WAT  32231 32233     3  9268  8911    
 9269 WAT  32234 32236     3  9269  8912    
 9270 WAT  32237 32239     3  9270  8913    
 9271 WAT  32240 32242     3  9271  8914    
 9272 WAT  32243 32245     3  9272  8915    
 9273 WAT  32246 32248     3  9273  8916    
 9274 WAT  32249 32251     3  9274  8917    
 9275 WAT  32252 32254     3  9275  8918    
 9276 WAT  32255 32257     3  9276  8919    
 9277 WAT  32258 32260     3  9277  8920    
 9278 WAT  32261 32263     3  9278  8921    
 9279 WAT  32264 32266     3  9279  8922    
 9280 WAT  32267 32269     3  9280  8923    
 9281 WAT  32270 32272     3  9281  8924    
 9282 WAT  32273 32275     3  9282  8925    
 9283 WAT  32276 32278     3  9283  8926    
 9284 WAT  32279 32281     3  9284  8927    
 9285 WAT  32282 32284     3  9285  8928    
 9286 WAT  32285 32287     3  9286  8929    
 9287 WAT  32288 32290     3  9287  8930    
 9288 WAT  32291 32293     3  9288  8931    
 9289 WAT  32294 32296     3  9289  8932    
 9290 WAT  32297 32299     3  9290  8933    
 9291 WAT  32300 32302     3  9291  8934    
 9292 WAT  32303 32305     3  9292  8935    
 9293 WAT  32306 32308     3  9293  8936    
 9294 WAT  32309 32311     3  9294  8937    
 9295 WAT  32312 32314     3  9295  8938    
 9296 WAT  32315 32317     3  9296  8939    
 9297 WAT  32318 32320     3  9297  8940    
 9298 WAT  32321 32323     3  9298  8941    
 9299 WAT  32324 32326     3  9299  8942    
 9300 WAT  32327 32329     3  9300  8943    
 9301 WAT  32330 32332     3  9301  8944    
 9302 WAT  32333 32335     3  9302  8945    
 9303 WAT  32336 32338     3  9303  8946    
 9304 WAT  32339 32341     3  9304  8947    
 9305 WAT  32342 32344     3  9305  8948    
 9306 WAT  32345 32347     3  9306  8949    
 9307 WAT  32348 32350     3  9307  8950    
 9308 WAT  32351 32353     3  9308  8951    
 9309 WAT  32354 32356     3  9309  8952    
 9310 WAT  32357 32359     3  9310  8953    
 9311 WAT  32360 32362     3  9311  8954    
 9312 WAT  32363 32365     3  9312  8955    
 9313 WAT  32366 32368     3  9313  8956    
 9314 WAT  32369 32371     3  9314  8957    
 9315 WAT  32372 32374     3  9315  8958    
 9316 WAT  32375 32377     3  9316  8959    
 9317 WAT  32378 32380     3  9317  8960    
 9318 WAT  32381 32383     3  9318  8961    
 9319 WAT  32384 32386     3  9319  8962    
 9320 WAT  32387 32389     3  9320  8963    
 9321 WAT  32390 32392     3  9321  8964    
 9322 WAT  32393 32395     3  9322  8965    
 9323 WAT  32396 32398     3  9323  8966    
 9324 WAT  32399 32401     3  9324  8967    
 9325 WAT  32402 32404     3  9325  8968    
 9326 WAT  32405 32407     3  9326  8969    
 9327 WAT  32408 32410     3  9327  8970    
 9328 WAT  32411 32413     3  9328  8971    
 9329 WAT  32414 32416     3  9329  8972    
 9330 WAT  32417 32419     3  9330  8973    
 9331 WAT  32420 32422     3  9331  8974    
 9332 WAT  32423 32425     3  9332  8975    
 9333 WAT  32426 32428     3  9333  8976    
 9334 WAT  32429 32431     3  9334  8977    
 9335 WAT  32432 32434     3  9335  8978    
 9336 WAT  32435 32437     3  9336  8979    
 9337 WAT  32438 32440     3  9337  8980    
 9338 WAT  32441 32443     3  9338  8981    
 9339 WAT  32444 32446     3  9339  8982    
 9340 WAT  32447 32449     3  9340  8983    
 9341 WAT  32450 32452     3  9341  8984    
 9342 WAT  32453 32455     3  9342  8985    
 9343 WAT  32456 32458     3  9343  8986    
 9344 WAT  32459 32461     3  9344  8987    
 9345 WAT  32462 32464     3  9345  8988    
 9346 WAT  32465 32467     3  9346  8989    
 9347 WAT  32468 32470     3  9347  8990    
 9348 WAT  32471 32473     3  9348  8991    
 9349 WAT  32474 32476     3  9349  8992    
 9350 WAT  32477 32479     3  9350  8993    
 9351 WAT  32480 32482     3  9351  8994    
 9352 WAT  32483 32485     3  9352  8995    
 9353 WAT  32486 32488     3  9353  8996    
 9354 WAT  32489 32491     3  9354  8997    
 9355 WAT  32492 32494     3  9355  8998    
 9356 WAT  32495 32497     3  9356  8999    
 9357 WAT  32498 32500     3  9357  9000    
 9358 WAT  32501 32503     3  9358  9001    
 9359 WAT  32504 32506     3  9359  9002    
 9360 WAT  32507 32509     3  9360  9003    
 9361 WAT  32510 32512     3  9361  9004    
 9362 WAT  32513 32515     3  9362  9005    
 9363 WAT  32516 32518     3  9363  9006    
 9364 WAT  32519 32521     3  9364  9007    
 9365 WAT  32522 32524     3  9365  9008    
 9366 WAT  32525 32527     3  9366  9009    
 9367 WAT  32528 32530     3  9367  9010    
 9368 WAT  32531 32533     3  9368  9011    
 9369 WAT  32534 32536     3  9369  9012    
 9370 WAT  32537 32539     3  9370  9013    
 9371 WAT  32540 32542     3  9371  9014    
 9372 WAT  32543 32545     3  9372  9015    
 9373 WAT  32546 32548     3  9373  9016    
 9374 WAT  32549 32551     3  9374  9017    
 9375 WAT  32552 32554     3  9375  9018    
 9376 WAT  32555 32557     3  9376  9019    
 9377 WAT  32558 32560     3  9377  9020    
 9378 WAT  32561 32563     3  9378  9021    
 9379 WAT  32564 32566     3  9379  9022    
 9380 WAT  32567 32569     3  9380  9023    
 9381 WAT  32570 32572     3  9381  9024    
 9382 WAT  32573 32575     3  9382  9025    
 9383 WAT  32576 32578     3  9383  9026    
 9384 WAT  32579 32581     3  9384  9027    
 9385 WAT  32582 32584     3  9385  9028    
 9386 WAT  32585 32587     3  9386  9029    
 9387 WAT  32588 32590     3  9387  9030    
 9388 WAT  32591 32593     3  9388  9031    
 9389 WAT  32594 32596     3  9389  9032    
 9390 WAT  32597 32599     3  9390  9033    
 9391 WAT  32600 32602     3  9391  9034    
 9392 WAT  32603 32605     3  9392  9035    
 9393 WAT  32606 32608     3  9393  9036    
 9394 WAT  32609 32611     3  9394  9037    
 9395 WAT  32612 32614     3  9395  9038    
 9396 WAT  32615 32617     3  9396  9039    
 9397 WAT  32618 32620     3  9397  9040    
 9398 WAT  32621 32623     3  9398  9041    
 9399 WAT  32624 32626     3  9399  9042    
 9400 WAT  32627 32629     3  9400  9043    
 9401 WAT  32630 32632     3  9401  9044    
 9402 WAT  32633 32635     3  9402  9045    
 9403 WAT  32636 32638     3  9403  9046    
 9404 WAT  32639 32641     3  9404  9047    
 9405 WAT  32642 32644     3  9405  9048    
 9406 WAT  32645 32647     3  9406  9049    
 9407 WAT  32648 32650     3  9407  9050    
 9408 WAT  32651 32653     3  9408  9051    
 9409 WAT  32654 32656     3  9409  9052    
 9410 WAT  32657 32659     3  9410  9053    
 9411 WAT  32660 32662     3  9411  9054    
 9412 WAT  32663 32665     3  9412  9055    
 9413 WAT  32666 32668     3  9413  9056    
 9414 WAT  32669 32671     3  9414  9057    
 9415 WAT  32672 32674     3  9415  9058    
 9416 WAT  32675 32677     3  9416  9059    
 9417 WAT  32678 32680     3  9417  9060    
 9418 WAT  32681 32683     3  9418  9061    
 9419 WAT  32684 32686     3  9419  9062    
 9420 WAT  32687 32689     3  9420  9063    
 9421 WAT  32690 32692     3  9421  9064    
 9422 WAT  32693 32695     3  9422  9065    
 9423 WAT  32696 32698     3  9423  9066    
 9424 WAT  32699 32701     3  9424  9067    
 9425 WAT  32702 32704     3  9425  9068    
 9426 WAT  32705 32707     3  9426  9069    
 9427 WAT  32708 32710     3  9427  9070    
 9428 WAT  32711 32713     3  9428  9071    
 9429 WAT  32714 32716     3  9429  9072    
 9430 WAT  32717 32719     3  9430  9073    
 9431 WAT  32720 32722     3  9431  9074    
 9432 WAT  32723 32725     3  9432  9075    
 9433 WAT  32726 32728     3  9433  9076    
 9434 WAT  32729 32731     3  9434  9077    
 9435 WAT  32732 32734     3  9435  9078    
 9436 WAT  32735 32737     3  9436  9079    
 9437 WAT  32738 32740     3  9437  9080    
 9438 WAT  32741 32743     3  9438  9081    
 9439 WAT  32744 32746     3  9439  9082    
 9440 WAT  32747 32749     3  9440  9083    
 9441 WAT  32750 32752     3  9441  9084    
 9442 WAT  32753 32755     3  9442  9085    
 9443 WAT  32756 32758     3  9443  9086    
 9444 WAT  32759 32761     3  9444  9087    
 9445 WAT  32762 32764     3  9445  9088    
 9446 WAT  32765 32767     3  9446  9089    
 9447 WAT  32768 32770     3  9447  9090    
 9448 WAT  32771 32773     3  9448  9091    
 9449 WAT  32774 32776     3  9449  9092    
 9450 WAT  32777 32779     3  9450  9093    
 9451 WAT  32780 32782     3  9451  9094    
 9452 WAT  32783 32785     3  9452  9095    
 9453 WAT  32786 32788     3  9453  9096    
 9454 WAT  32789 32791     3  9454  9097    
 9455 WAT  32792 32794     3  9455  9098    
 9456 WAT  32795 32797     3  9456  9099    
 9457 WAT  32798 32800     3  9457  9100    
 9458 WAT  32801 32803     3  9458  9101    
 9459 WAT  32804 32806     3  9459  9102    
 9460 WAT  32807 32809     3  9460  9103    
 9461 WAT  32810 32812     3  9461  9104    
 9462 WAT  32813 32815     3  9462  9105    
 9463 WAT  32816 32818     3  9463  9106    
 9464 WAT  32819 32821     3  9464  9107    
 9465 WAT  32822 32824     3  9465  9108    
 9466 WAT  32825 32827     3  9466  9109    
 9467 WAT  32828 32830     3  9467  9110    
 9468 WAT  32831 32833     3  9468  9111    
 9469 WAT  32834 32836     3  9469  9112    
 9470 WAT  32837 32839     3  9470  9113    
 9471 WAT  32840 32842     3  9471  9114    
 9472 WAT  32843 32845     3  9472  9115    
 9473 WAT  32846 32848     3  9473  9116    
 9474 WAT  32849 32851     3  9474  9117    
 9475 WAT  32852 32854     3  9475  9118    
 9476 WAT  32855 32857     3  9476  9119    
 9477 WAT  32858 32860     3  9477  9120    
 9478 WAT  32861 32863     3  9478  9121    
 9479 WAT  32864 32866     3  9479  9122    
 9480 WAT  32867 32869     3  9480  9123    
 9481 WAT  32870 32872     3  9481  9124    
 9482 WAT  32873 32875     3  9482  9125    
 9483 WAT  32876 32878     3  9483  9126    
 9484 WAT  32879 32881     3  9484  9127    
 9485 WAT  32882 32884     3  9485  9128    
 9486 WAT  32885 32887     3  9486  9129    
 9487 WAT  32888 32890     3  9487  9130    
 9488 WAT  32891 32893     3  9488  9131    
 9489 WAT  32894 32896     3  9489  9132    
 9490 WAT  32897 32899     3  9490  9133    
 9491 WAT  32900 32902     3  9491  9134    
 9492 WAT  32903 32905     3  9492  9135    
 9493 WAT  32906 32908     3  9493  9136    
 9494 WAT  32909 32911     3  9494  9137    
 9495 WAT  32912 32914     3  9495  9138    
 9496 WAT  32915 32917     3  9496  9139    
 9497 WAT  32918 32920     3  9497  9140    
 9498 WAT  32921 32923     3  9498  9141    
 9499 WAT  32924 32926     3  9499  9142    
 9500 WAT  32927 32929     3  9500  9143    
 9501 WAT  32930 32932     3  9501  9144    
 9502 WAT  32933 32935     3  9502  9145    
 9503 WAT  32936 32938     3  9503  9146    
 9504 WAT  32939 32941     3  9504  9147    
 9505 WAT  32942 32944     3  9505  9148    
 9506 WAT  32945 32947     3  9506  9149    
 9507 WAT  32948 32950     3  9507  9150    
 9508 WAT  32951 32953     3  9508  9151    
 9509 WAT  32954 32956     3  9509  9152    
 9510 WAT  32957 32959     3  9510  9153    
 9511 WAT  32960 32962     3  9511  9154    
 9512 WAT  32963 32965     3  9512  9155    
 9513 WAT  32966 32968     3  9513  9156    
 9514 WAT  32969 32971     3  9514  9157    
 9515 WAT  32972 32974     3  9515  9158    
 9516 WAT  32975 32977     3  9516  9159    
 9517 WAT  32978 32980     3  9517  9160    
 9518 WAT  32981 32983     3  9518  9161    
 9519 WAT  32984 32986     3  9519  9162    
 9520 WAT  32987 32989     3  9520  9163    
 9521 WAT  32990 32992     3  9521  9164    
 9522 WAT  32993 32995     3  9522  9165    
 9523 WAT  32996 32998     3  9523  9166    
 9524 WAT  32999 33001     3  9524  9167    
 9525 WAT  33002 33004     3  9525  9168    
 9526 WAT  33005 33007     3  9526  9169    
 9527 WAT  33008 33010     3  9527  9170    
 9528 WAT  33011 33013     3  9528  9171    
 9529 WAT  33014 33016     3  9529  9172    
 9530 WAT  33017 33019     3  9530  9173    
 9531 WAT  33020 33022     3  9531  9174    
 9532 WAT  33023 33025     3  9532  9175    
 9533 WAT  33026 33028     3  9533  9176    
 9534 WAT  33029 33031     3  9534  9177    
 9535 WAT  33032 33034     3  9535  9178    
 9536 WAT  33035 33037     3  9536  9179    
 9537 WAT  33038 33040     3  9537  9180    
 9538 WAT  33041 33043     3  9538  9181    
 9539 WAT  33044 33046     3  9539  9182    
 9540 WAT  33047 33049     3  9540  9183    
 9541 WAT  33050 33052     3  9541  9184    
 9542 WAT  33053 33055     3  9542  9185    
 9543 WAT  33056 33058     3  9543  9186    
 9544 WAT  33059 33061     3  9544  9187    
 9545 WAT  33062 33064     3  9545  9188    
 9546 WAT  33065 33067     3  9546  9189    
 9547 WAT  33068 33070     3  9547  9190    
 9548 WAT  33071 33073     3  9548  9191    
 9549 WAT  33074 33076     3  9549  9192    
 9550 WAT  33077 33079     3  9550  9193    
 9551 WAT  33080 33082     3  9551  9194    
 9552 WAT  33083 33085     3  9552  9195    
 9553 WAT  33086 33088     3  9553  9196    
 9554 WAT  33089 33091     3  9554  9197    
 9555 WAT  33092 33094     3  9555  9198    
 9556 WAT  33095 33097     3  9556  9199    
 9557 WAT  33098 33100     3  9557  9200    
 9558 WAT  33101 33103     3  9558  9201    
 9559 WAT  33104 33106     3  9559  9202    
 9560 WAT  33107 33109     3  9560  9203    
 9561 WAT  33110 33112     3  9561  9204    
 9562 WAT  33113 33115     3  9562  9205    
 9563 WAT  33116 33118     3  9563  9206    
 9564 WAT  33119 33121     3  9564  9207    
 9565 WAT  33122 33124     3  9565  9208    
 9566 WAT  33125 33127     3  9566  9209    
 9567 WAT  33128 33130     3  9567  9210    
 9568 WAT  33131 33133     3  9568  9211    
 9569 WAT  33134 33136     3  9569  9212    
 9570 WAT  33137 33139     3  9570  9213    
 9571 WAT  33140 33142     3  9571  9214    
 9572 WAT  33143 33145     3  9572  9215    
 9573 WAT  33146 33148     3  9573  9216    
 9574 WAT  33149 33151     3  9574  9217    
 9575 WAT  33152 33154     3  9575  9218    
 9576 WAT  33155 33157     3  9576  9219    
 9577 WAT  33158 33160     3  9577  9220    
 9578 WAT  33161 33163     3  9578  9221    
 9579 WAT  33164 33166     3  9579  9222    
 9580 WAT  33167 33169     3  9580  9223    
 9581 WAT  33170 33172     3  9581  9224    
 9582 WAT  33173 33175     3  9582  9225    
 9583 WAT  33176 33178     3  9583  9226    
 9584 WAT  33179 33181     3  9584  9227    
 9585 WAT  33182 33184     3  9585  9228    
 9586 WAT  33185 33187     3  9586  9229    
 9587 WAT  33188 33190     3  9587  9230    
 9588 WAT  33191 33193     3  9588  9231    
 9589 WAT  33194 33196     3  9589  9232    
 9590 WAT  33197 33199     3  9590  9233    
 9591 WAT  33200 33202     3  9591  9234    
 9592 WAT  33203 33205     3  9592  9235    
 9593 WAT  33206 33208     3  9593  9236    
 9594 WAT  33209 33211     3  9594  9237    
 9595 WAT  33212 33214     3  9595  9238    
 9596 WAT  33215 33217     3  9596  9239    
 9597 WAT  33218 33220     3  9597  9240    
 9598 WAT  33221 33223     3  9598  9241    
 9599 WAT  33224 33226     3  9599  9242    
 9600 WAT  33227 33229     3  9600  9243    
 9601 WAT  33230 33232     3  9601  9244    
 9602 WAT  33233 33235     3  9602  9245    
 9603 WAT  33236 33238     3  9603  9246    
 9604 WAT  33239 33241     3  9604  9247    
 9605 WAT  33242 33244     3  9605  9248    
 9606 WAT  33245 33247     3  9606  9249    
 9607 WAT  33248 33250     3  9607  9250    
 9608 WAT  33251 33253     3  9608  9251    
 9609 WAT  33254 33256     3  9609  9252    
 9610 WAT  33257 33259     3  9610  9253    
 9611 WAT  33260 33262     3  9611  9254    
 9612 WAT  33263 33265     3  9612  9255    
 9613 WAT  33266 33268     3  9613  9256    
 9614 WAT  33269 33271     3  9614  9257    
 9615 WAT  33272 33274     3  9615  9258    
 9616 WAT  33275 33277     3  9616  9259    
 9617 WAT  33278 33280     3  9617  9260    
 9618 WAT  33281 33283     3  9618  9261    
 9619 WAT  33284 33286     3  9619  9262    
 9620 WAT  33287 33289     3  9620  9263    
 9621 WAT  33290 33292     3  9621  9264    
 9622 WAT  33293 33295     3  9622  9265    
 9623 WAT  33296 33298     3  9623  9266    
 9624 WAT  33299 33301     3  9624  9267    
 9625 WAT  33302 33304     3  9625  9268    
 9626 WAT  33305 33307     3  9626  9269    
 9627 WAT  33308 33310     3  9627  9270    
 9628 WAT  33311 33313     3  9628  9271    
 9629 WAT  33314 33316     3  9629  9272    
 9630 WAT  33317 33319     3  9630  9273    
 9631 WAT  33320 33322     3  9631  9274    
 9632 WAT  33323 33325     3  9632  9275    
 9633 WAT  33326 33328     3  9633  9276    
 9634 WAT  33329 33331     3  9634  9277    
 9635 WAT  33332 33334     3  9635  9278    
 9636 WAT  33335 33337     3  9636  9279    
 9637 WAT  33338 33340     3  9637  9280    
 9638 WAT  33341 33343     3  9638  9281    
 9639 WAT  33344 33346     3  9639  9282    
 9640 WAT  33347 33349     3  9640  9283    
 9641 WAT  33350 33352     3  9641  9284    
 9642 WAT  33353 33355     3  9642  9285    
 9643 WAT  33356 33358     3  9643  9286    
 9644 WAT  33359 33361     3  9644  9287    
 9645 WAT  33362 33364     3  9645  9288    
 9646 WAT  33365 33367     3  9646  9289    
 9647 WAT  33368 33370     3  9647  9290    
 9648 WAT  33371 33373     3  9648  9291    
 9649 WAT  33374 33376     3  9649  9292    
 9650 WAT  33377 33379     3  9650  9293    
 9651 WAT  33380 33382     3  9651  9294    
 9652 WAT  33383 33385     3  9652  9295    
 9653 WAT  33386 33388     3  9653  9296    
 9654 WAT  33389 33391     3  9654  9297    
 9655 WAT  33392 33394     3  9655  9298    
 9656 WAT  33395 33397     3  9656  9299    
 9657 WAT  33398 33400     3  9657  9300    
 9658 WAT  33401 33403     3  9658  9301    
 9659 WAT  33404 33406     3  9659  9302    
 9660 WAT  33407 33409     3  9660  9303    
 9661 WAT  33410 33412     3  9661  9304    
 9662 WAT  33413 33415     3  9662  9305    
 9663 WAT  33416 33418     3  9663  9306    
 9664 WAT  33419 33421     3  9664  9307    
 9665 WAT  33422 33424     3  9665  9308    
 9666 WAT  33425 33427     3  9666  9309    
 9667 WAT  33428 33430     3  9667  9310    
 9668 WAT  33431 33433     3  9668  9311    
 9669 WAT  33434 33436     3  9669  9312    
 9670 WAT  33437 33439     3  9670  9313    
 9671 WAT  33440 33442     3  9671  9314    
 9672 WAT  33443 33445     3  9672  9315    
 9673 WAT  33446 33448     3  9673  9316    
 9674 WAT  33449 33451     3  9674  9317    
 9675 WAT  33452 33454     3  9675  9318    
 9676 WAT  33455 33457     3  9676  9319    
 9677 WAT  33458 33460     3  9677  9320    
 9678 WAT  33461 33463     3  9678  9321    
 9679 WAT  33464 33466     3  9679  9322    
 9680 WAT  33467 33469     3  9680  9323    
 9681 WAT  33470 33472     3  9681  9324    
 9682 WAT  33473 33475     3  9682  9325    
 9683 WAT  33476 33478     3  9683  9326    
 9684 WAT  33479 33481     3  9684  9327    
 9685 WAT  33482 33484     3  9685  9328    
 9686 WAT  33485 33487     3  9686  9329    
 9687 WAT  33488 33490     3  9687  9330    
 9688 WAT  33491 33493     3  9688  9331    
 9689 WAT  33494 33496     3  9689  9332    
 9690 WAT  33497 33499     3  9690  9333    
 9691 WAT  33500 33502     3  9691  9334    
 9692 WAT  33503 33505     3  9692  9335    
 9693 WAT  33506 33508     3  9693  9336    
 9694 WAT  33509 33511     3  9694  9337    
 9695 WAT  33512 33514     3  9695  9338    
 9696 WAT  33515 33517     3  9696  9339    
 9697 WAT  33518 33520     3  9697  9340    
 9698 WAT  33521 33523     3  9698  9341    
 9699 WAT  33524 33526     3  9699  9342    
 9700 WAT  33527 33529     3  9700  9343    
 9701 WAT  33530 33532     3  9701  9344    
 9702 WAT  33533 33535     3  9702  9345    
 9703 WAT  33536 33538     3  9703  9346    
 9704 WAT  33539 33541     3  9704  9347    
 9705 WAT  33542 33544     3  9705  9348    
 9706 WAT  33545 33547     3  9706  9349    
 9707 WAT  33548 33550     3  9707  9350    
 9708 WAT  33551 33553     3  9708  9351    
 9709 WAT  33554 33556     3  9709  9352    
 9710 WAT  33557 33559     3  9710  9353    
 9711 WAT  33560 33562     3  9711  9354    
 9712 WAT  33563 33565     3  9712  9355    
 9713 WAT  33566 33568     3  9713  9356    
 9714 WAT  33569 33571     3  9714  9357    
 9715 WAT  33572 33574     3  9715  9358    
 9716 WAT  33575 33577     3  9716  9359    
 9717 WAT  33578 33580     3  9717  9360    
 9718 WAT  33581 33583     3  9718  9361    
 9719 WAT  33584 33586     3  9719  9362    
 9720 WAT  33587 33589     3  9720  9363    
 9721 WAT  33590 33592     3  9721  9364    
 9722 WAT  33593 33595     3  9722  9365    
 9723 WAT  33596 33598     3  9723  9366    
 9724 WAT  33599 33601     3  9724  9367    
 9725 WAT  33602 33604     3  9725  9368    
 9726 WAT  33605 33607     3  9726  9369    
 9727 WAT  33608 33610     3  9727  9370    
 9728 WAT  33611 33613     3  9728  9371    
 9729 WAT  33614 33616     3  9729  9372    
 9730 WAT  33617 33619     3  9730  9373    
 9731 WAT  33620 33622     3  9731  9374    
 9732 WAT  33623 33625     3  9732  9375    
 9733 WAT  33626 33628     3  9733  9376    
 9734 WAT  33629 33631     3  9734  9377    
 9735 WAT  33632 33634     3  9735  9378    
 9736 WAT  33635 33637     3  9736  9379    
 9737 WAT  33638 33640     3  9737  9380    
 9738 WAT  33641 33643     3  9738  9381    
 9739 WAT  33644 33646     3  9739  9382    
 9740 WAT  33647 33649     3  9740  9383    
 9741 WAT  33650 33652     3  9741  9384    
 9742 WAT  33653 33655     3  9742  9385    
 9743 WAT  33656 33658     3  9743  9386    
 9744 WAT  33659 33661     3  9744  9387    
 9745 WAT  33662 33664     3  9745  9388    
 9746 WAT  33665 33667     3  9746  9389    
 9747 WAT  33668 33670     3  9747  9390    
 9748 WAT  33671 33673     3  9748  9391    
 9749 WAT  33674 33676     3  9749  9392    
 9750 WAT  33677 33679     3  9750  9393    
 9751 WAT  33680 33682     3  9751  9394    
 9752 WAT  33683 33685     3  9752  9395    
 9753 WAT  33686 33688     3  9753  9396    
 9754 WAT  33689 33691     3  9754  9397    
 9755 WAT  33692 33694     3  9755  9398    
 9756 WAT  33695 33697     3  9756  9399    
 9757 WAT  33698 33700     3  9757  9400    
 9758 WAT  33701 33703     3  9758  9401    
 9759 WAT  33704 33706     3  9759  9402    
 9760 WAT  33707 33709     3  9760  9403    
 9761 WAT  33710 33712     3  9761  9404    
 9762 WAT  33713 33715     3  9762  9405    
 9763 WAT  33716 33718     3  9763  9406    
 9764 WAT  33719 33721     3  9764  9407    
 9765 WAT  33722 33724     3  9765  9408    
 9766 WAT  33725 33727     3  9766  9409    
 9767 WAT  33728 33730     3  9767  9410    
 9768 WAT  33731 33733     3  9768  9411    
 9769 WAT  33734 33736     3  9769  9412    
 9770 WAT  33737 33739     3  9770  9413    
 9771 WAT  33740 33742     3  9771  9414    
 9772 WAT  33743 33745     3  9772  9415    
 9773 WAT  33746 33748     3  9773  9416    
 9774 WAT  33749 33751     3  9774  9417    
 9775 WAT  33752 33754     3  9775  9418    
 9776 WAT  33755 33757     3  9776  9419    
 9777 WAT  33758 33760     3  9777  9420    
 9778 WAT  33761 33763     3  9778  9421    
 9779 WAT  33764 33766     3  9779  9422    
 9780 WAT  33767 33769     3  9780  9423    
 9781 WAT  33770 33772     3  9781  9424    
 9782 WAT  33773 33775     3  9782  9425    
 9783 WAT  33776 33778     3  9783  9426    
 9784 WAT  33779 33781     3  9784  9427    
 9785 WAT  33782 33784     3  9785  9428    
 9786 WAT  33785 33787     3  9786  9429    
 9787 WAT  33788 33790     3  9787  9430    
 9788 WAT  33791 33793     3  9788  9431    
 9789 WAT  33794 33796     3  9789  9432    
 9790 WAT  33797 33799     3  9790  9433    
 9791 WAT  33800 33802     3  9791  9434    
 9792 WAT  33803 33805     3  9792  9435    
 9793 WAT  33806 33808     3  9793  9436    
 9794 WAT  33809 33811     3  9794  9437    
 9795 WAT  33812 33814     3  9795  9438    
 9796 WAT  33815 33817     3  9796  9439    
 9797 WAT  33818 33820     3  9797  9440    
 9798 WAT  33821 33823     3  9798  9441    
 9799 WAT  33824 33826     3  9799  9442    
 9800 WAT  33827 33829     3  9800  9443    
 9801 WAT  33830 33832     3  9801  9444    
 9802 WAT  33833 33835     3  9802  9445    
 9803 WAT  33836 33838     3  9803  9446    
 9804 WAT  33839 33841     3  9804  9447    
 9805 WAT  33842 33844     3  9805  9448    
 9806 WAT  33845 33847     3  9806  9449    
 9807 WAT  33848 33850     3  9807  9450    
 9808 WAT  33851 33853     3  9808  9451    
 9809 WAT  33854 33856     3  9809  9452    
 9810 WAT  33857 33859     3  9810  9453    
 9811 WAT  33860 33862     3  9811  9454    
 9812 WAT  33863 33865     3  9812  9455    
 9813 WAT  33866 33868     3  9813  9456    
 9814 WAT  33869 33871     3  9814  9457    
 9815 WAT  33872 33874     3  9815  9458    
 9816 WAT  33875 33877     3  9816  9459    
 9817 WAT  33878 33880     3  9817  9460    
 9818 WAT  33881 33883     3  9818  9461    
 9819 WAT  33884 33886     3  9819  9462    
 9820 WAT  33887 33889     3  9820  9463    
 9821 WAT  33890 33892     3  9821  9464    
 9822 WAT  33893 33895     3  9822  9465    
 9823 WAT  33896 33898     3  9823  9466    
 9824 WAT  33899 33901     3  9824  9467    
 9825 WAT  33902 33904     3  9825  9468    
 9826 WAT  33905 33907     3  9826  9469    
 9827 WAT  33908 33910     3  9827  9470    
 9828 WAT  33911 33913     3  9828  9471    
 9829 WAT  33914 33916     3  9829  9472    
 9830 WAT  33917 33919     3  9830  9473    
 9831 WAT  33920 33922     3  9831  9474    
 9832 WAT  33923 33925     3  9832  9475    
 9833 WAT  33926 33928     3  9833  9476    
 9834 WAT  33929 33931     3  9834  9477    
 9835 WAT  33932 33934     3  9835  9478    
 9836 WAT  33935 33937     3  9836  9479    
 9837 WAT  33938 33940     3  9837  9480    
 9838 WAT  33941 33943     3  9838  9481    
 9839 WAT  33944 33946     3  9839  9482    
 9840 WAT  33947 33949     3  9840  9483    
 9841 WAT  33950 33952     3  9841  9484    
 9842 WAT  33953 33955     3  9842  9485    
 9843 WAT  33956 33958     3  9843  9486    
 9844 WAT  33959 33961     3  9844  9487    
 9845 WAT  33962 33964     3  9845  9488    
 9846 WAT  33965 33967     3  9846  9489    
 9847 WAT  33968 33970     3  9847  9490    
 9848 WAT  33971 33973     3  9848  9491    
 9849 WAT  33974 33976     3  9849  9492    
 9850 WAT  33977 33979     3  9850  9493    
 9851 WAT  33980 33982     3  9851  9494    
 9852 WAT  33983 33985     3  9852  9495    
 9853 WAT  33986 33988     3  9853  9496    
 9854 WAT  33989 33991     3  9854  9497    
 9855 WAT  33992 33994     3  9855  9498    
 9856 WAT  33995 33997     3  9856  9499    
 9857 WAT  33998 34000     3  9857  9500    
 9858 WAT  34001 34003     3  9858  9501    
 9859 WAT  34004 34006     3  9859  9502    
 9860 WAT  34007 34009     3  9860  9503    
 9861 WAT  34010 34012     3  9861  9504    
 9862 WAT  34013 34015     3  9862  9505    
 9863 WAT  34016 34018     3  9863  9506    
 9864 WAT  34019 34021     3  9864  9507    
 9865 WAT  34022 34024     3  9865  9508    
 9866 WAT  34025 34027     3  9866  9509    
 9867 WAT  34028 34030     3  9867  9510    
 9868 WAT  34031 34033     3  9868  9511    
 9869 WAT  34034 34036     3  9869  9512    
 9870 WAT  34037 34039     3  9870  9513    
 9871 WAT  34040 34042     3  9871  9514    
 9872 WAT  34043 34045     3  9872  9515    
 9873 WAT  34046 34048     3  9873  9516    
 9874 WAT  34049 34051     3  9874  9517    
 9875 WAT  34052 34054     3  9875  9518    
 9876 WAT  34055 34057     3  9876  9519    
 9877 WAT  34058 34060     3  9877  9520    
 9878 WAT  34061 34063     3  9878  9521    
 9879 WAT  34064 34066     3  9879  9522    
 9880 WAT  34067 34069     3  9880  9523    
 9881 WAT  34070 34072     3  9881  9524    
 9882 WAT  34073 34075     3  9882  9525    
 9883 WAT  34076 34078     3  9883  9526    
 9884 WAT  34079 34081     3  9884  9527    
 9885 WAT  34082 34084     3  9885  9528    
 9886 WAT  34085 34087     3  9886  9529    
 9887 WAT  34088 34090     3  9887  9530    
 9888 WAT  34091 34093     3  9888  9531    
 9889 WAT  34094 34096     3  9889  9532    
 9890 WAT  34097 34099     3  9890  9533    
 9891 WAT  34100 34102     3  9891  9534    
 9892 WAT  34103 34105     3  9892  9535    
 9893 WAT  34106 34108     3  9893  9536    
 9894 WAT  34109 34111     3  9894  9537    
 9895 WAT  34112 34114     3  9895  9538    
 9896 WAT  34115 34117     3  9896  9539    
 9897 WAT  34118 34120     3  9897  9540    
 9898 WAT  34121 34123     3  9898  9541    
 9899 WAT  34124 34126     3  9899  9542    
 9900 WAT  34127 34129     3  9900  9543    
 9901 WAT  34130 34132     3  9901  9544    
 9902 WAT  34133 34135     3  9902  9545    
 9903 WAT  34136 34138     3  9903  9546    
 9904 WAT  34139 34141     3  9904  9547    
 9905 WAT  34142 34144     3  9905  9548    
 9906 WAT  34145 34147     3  9906  9549    
 9907 WAT  34148 34150     3  9907  9550    
 9908 WAT  34151 34153     3  9908  9551    
 9909 WAT  34154 34156     3  9909  9552    
 9910 WAT  34157 34159     3  9910  9553    
 9911 WAT  34160 34162     3  9911  9554    
 9912 WAT  34163 34165     3  9912  9555    
 9913 WAT  34166 34168     3  9913  9556    
 9914 WAT  34169 34171     3  9914  9557    
 9915 WAT  34172 34174     3  9915  9558    
 9916 WAT  34175 34177     3  9916  9559    
 9917 WAT  34178 34180     3  9917  9560    
 9918 WAT  34181 34183     3  9918  9561    
 9919 WAT  34184 34186     3  9919  9562    
 9920 WAT  34187 34189     3  9920  9563    
 9921 WAT  34190 34192     3  9921  9564    
 9922 WAT  34193 34195     3  9922  9565    
 9923 WAT  34196 34198     3  9923  9566    
 9924 WAT  34199 34201     3  9924  9567    
 9925 WAT  34202 34204     3  9925  9568    
 9926 WAT  34205 34207     3  9926  9569    
 9927 WAT  34208 34210     3  9927  9570    
 9928 WAT  34211 34213     3  9928  9571    
 9929 WAT  34214 34216     3  9929  9572    
 9930 WAT  34217 34219     3  9930  9573    
 9931 WAT  34220 34222     3  9931  9574    
 9932 WAT  34223 34225     3  9932  9575    
 9933 WAT  34226 34228     3  9933  9576    
 9934 WAT  34229 34231     3  9934  9577    
 9935 WAT  34232 34234     3  9935  9578    
 9936 WAT  34235 34237     3  9936  9579    
 9937 WAT  34238 34240     3  9937  9580    
 9938 WAT  34241 34243     3  9938  9581    
 9939 WAT  34244 34246     3  9939  9582    
 9940 WAT  34247 34249     3  9940  9583    
 9941 WAT  34250 34252     3  9941  9584    
 9942 WAT  34253 34255     3  9942  9585    
 9943 WAT  34256 34258     3  9943  9586    
 9944 WAT  34259 34261     3  9944  9587    
 9945 WAT  34262 34264     3  9945  9588    
 9946 WAT  34265 34267     3  9946  9589    
 9947 WAT  34268 34270     3  9947  9590    
 9948 WAT  34271 34273     3  9948  9591    
 9949 WAT  34274 34276     3  9949  9592    
 9950 WAT  34277 34279     3  9950  9593    
 9951 WAT  34280 34282     3  9951  9594    
 9952 WAT  34283 34285     3  9952  9595    
 9953 WAT  34286 34288     3  9953  9596    
 9954 WAT  34289 34291     3  9954  9597    
 9955 WAT  34292 34294     3  9955  9598    
 9956 WAT  34295 34297     3  9956  9599    
 9957 WAT  34298 34300     3  9957  9600    
 9958 WAT  34301 34303     3  9958  9601    
 9959 WAT  34304 34306     3  9959  9602    
 9960 WAT  34307 34309     3  9960  9603    
 9961 WAT  34310 34312     3  9961  9604    
 9962 WAT  34313 34315     3  9962  9605    
 9963 WAT  34316 34318     3  9963  9606    
 9964 WAT  34319 34321     3  9964  9607    
 9965 WAT  34322 34324     3  9965  9608    
 9966 WAT  34325 34327     3  9966  9609    
 9967 WAT  34328 34330     3  9967  9610    
 9968 WAT  34331 34333     3  9968  9611    
 9969 WAT  34334 34336     3  9969  9612    
 9970 WAT  34337 34339     3  9970  9613    
 9971 WAT  34340 34342     3  9971  9614    
 9972 WAT  34343 34345     3  9972  9615    
 9973 WAT  34346 34348     3  9973  9616    
 9974 WAT  34349 34351     3  9974  9617    
 9975 WAT  34352 34354     3  9975  9618    
 9976 WAT  34355 34357     3  9976  9619    
 9977 WAT  34358 34360     3  9977  9620    
 9978 WAT  34361 34363     3  9978  9621    
 9979 WAT  34364 34366     3  9979  9622    
 9980 WAT  34367 34369     3  9980  9623    
 9981 WAT  34370 34372     3  9981  9624    
 9982 WAT  34373 34375     3  9982  9625    
 9983 WAT  34376 34378     3  9983  9626    
 9984 WAT  34379 34381     3  9984  9627    
 9985 WAT  34382 34384     3  9985  9628    
 9986 WAT  34385 34387     3  9986  9629    
 9987 WAT  34388 34390     3  9987  9630    
 9988 WAT  34391 34393     3  9988  9631    
 9989 WAT  34394 34396     3  9989  9632    
 9990 WAT  34397 34399     3  9990  9633    
 9991 WAT  34400 34402     3  9991  9634    
 9992 WAT  34403 34405     3  9992  9635    
 9993 WAT  34406 34408     3  9993  9636    
 9994 WAT  34409 34411     3  9994  9637    
 9995 WAT  34412 34414     3  9995  9638    
 9996 WAT  34415 34417     3  9996  9639    
 9997 WAT  34418 34420     3  9997  9640    
 9998 WAT  34421 34423     3  9998  9641    
 9999 WAT  34424 34426     3  9999  9642    
10000 WAT  34427 34429     3     0  9643    
10001 WAT  34430 34432     3     1  9644    
10002 WAT  34433 34435     3     2  9645    
10003 WAT  34436 34438     3     3  9646    
10004 WAT  34439 34441     3     4  9647    
10005 WAT  34442 34444     3     5  9648    
10006 WAT  34445 34447     3     6  9649    
10007 WAT  34448 34450     3     7  9650    
10008 WAT  34451 34453     3     8  9651    
10009 WAT  34454 34456     3     9  9652    
10010 WAT  34457 34459     3    10  9653    
10011 WAT  34460 34462     3    11  9654    
10012 WAT  34463 34465     3    12  9655    
10013 WAT  34466 34468     3    13  9656    
10014 WAT  34469 34471     3    14  9657    
10015 WAT  34472 34474     3    15  9658    
10016 WAT  34475 34477     3    16  9659    
10017 WAT  34478 34480     3    17  9660    
10018 WAT  34481 34483     3    18  9661    
10019 WAT  34484 34486     3    19  9662    
10020 WAT  34487 34489     3    20  9663    
10021 WAT  34490 34492     3    21  9664    
10022 WAT  34493 34495     3    22  9665    
10023 WAT  34496 34498     3    23  9666    
10024 WAT  34499 34501     3    24  9667    
10025 WAT  34502 34504     3    25  9668    
10026 WAT  34505 34507     3    26  9669    
10027 WAT  34508 34510     3    27  9670    
10028 WAT  34511 34513     3    28  9671    
10029 WAT  34514 34516     3    29  9672    
10030 WAT  34517 34519     3    30  9673    
10031 WAT  34520 34522     3    31  9674    
10032 WAT  34523 34525     3    32  9675    
10033 WAT  34526 34528     3    33  9676    
10034 WAT  34529 34531     3    34  9677    
10035 WAT  34532 34534     3    35  9678    
10036 WAT  34535 34537     3    36  9679    
10037 WAT  34538 34540     3    37  9680    
10038 WAT  34541 34543     3    38  9681    
10039 WAT  34544 34546     3    39  9682    
10040 WAT  34547 34549     3    40  9683    
10041 WAT  34550 34552     3    41  9684    
10042 WAT  34553 34555     3    42  9685    
10043 WAT  34556 34558     3    43  9686    
10044 WAT  34559 34561     3    44  9687    
10045 WAT  34562 34564     3    45  9688    
10046 WAT  34565 34567     3    46  9689    
10047 WAT  34568 34570     3    47  9690    
10048 WAT  34571 34573     3    48  9691    
10049 WAT  34574 34576     3    49  9692    
10050 WAT  34577 34579     3    50  9693    
10051 WAT  34580 34582     3    51  9694    
10052 WAT  34583 34585     3    52  9695    
10053 WAT  34586 34588     3    53  9696    
10054 WAT  34589 34591     3    54  9697    
10055 WAT  34592 34594     3    55  9698    
10056 WAT  34595 34597     3    56  9699    
10057 WAT  34598 34600     3    57  9700    
10058 WAT  34601 34603     3    58  9701    
10059 WAT  34604 34606     3    59  9702    
10060 WAT  34607 34609     3    60  9703    
10061 WAT  34610 34612     3    61  9704    
10062 WAT  34613 34615     3    62  9705    
10063 WAT  34616 34618     3    63  9706    
10064 WAT  34619 34621     3    64  9707    
10065 WAT  34622 34624     3    65  9708    
10066 WAT  34625 34627     3    66  9709    
10067 WAT  34628 34630     3    67  9710    
10068 WAT  34631 34633     3    68  9711    
10069 WAT  34634 34636     3    69  9712    
10070 WAT  34637 34639     3    70  9713    
10071 WAT  34640 34642     3    71  9714    
10072 WAT  34643 34645     3    72  9715    
10073 WAT  34646 34648     3    73  9716    
10074 WAT  34649 34651     3    74  9717    
10075 WAT  34652 34654     3    75  9718    
10076 WAT  34655 34657     3    76  9719    
10077 WAT  34658 34660     3    77  9720    
10078 WAT  34661 34663     3    78  9721    
10079 WAT  34664 34666     3    79  9722    
10080 WAT  34667 34669     3    80  9723    
10081 WAT  34670 34672     3    81  9724    
10082 WAT  34673 34675     3    82  9725    
10083 WAT  34676 34678     3    83  9726    
10084 WAT  34679 34681     3    84  9727    
10085 WAT  34682 34684     3    85  9728    
10086 WAT  34685 34687     3    86  9729    
10087 WAT  34688 34690     3    87  9730    
10088 WAT  34691 34693     3    88  9731    
10089 WAT  34694 34696     3    89  9732    
10090 WAT  34697 34699     3    90  9733    
10091 WAT  34700 34702     3    91  9734    
10092 WAT  34703 34705     3    92  9735    
10093 WAT  34706 34708     3    93  9736    
10094 WAT  34709 34711     3    94  9737    
10095 WAT  34712 34714     3    95  9738    
10096 WAT  34715 34717     3    96  9739    
10097 WAT  34718 34720     3    97  9740    
10098 WAT  34721 34723     3    98  9741    
10099 WAT  34724 34726     3    99  9742    
10100 WAT  34727 34729     3   100  9743    
10101 WAT  34730 34732     3   101  9744    
10102 WAT  34733 34735     3   102  9745    
10103 WAT  34736 34738     3   103  9746    
10104 WAT  34739 34741     3   104  9747    
10105 WAT  34742 34744     3   105  9748    
10106 WAT  34745 34747     3   106  9749    
10107 WAT  34748 34750     3   107  9750    
10108 WAT  34751 34753     3   108  9751    
10109 WAT  34754 34756     3   109  9752    
10110 WAT  34757 34759     3   110  9753    
10111 WAT  34760 34762     3   111  9754    
10112 WAT  34763 34765     3   112  9755    
10113 WAT  34766 34768     3   113  9756    
10114 WAT  34769 34771     3   114  9757    
10115 WAT  34772 34774     3   115  9758    
10116 WAT  34775 34777     3   116  9759    
10117 WAT  34778 34780     3   117  9760    
10118 WAT  34781 34783     3   118  9761    
10119 WAT  34784 34786     3   119  9762    
10120 WAT  34787 34789     3   120  9763    
10121 WAT  34790 34792     3   121  9764    
10122 WAT  34793 34795     3   122  9765    
10123 WAT  34796 34798     3   123  9766    
10124 WAT  34799 34801     3   124  9767    
10125 WAT  34802 34804     3   125  9768    
10126 WAT  34805 34807     3   126  9769    
10127 WAT  34808 34810     3   127  9770    
10128 WAT  34811 34813     3   128  9771    
10129 WAT  34814 34816     3   129  9772    
10130 WAT  34817 34819     3   130  9773    
10131 WAT  34820 34822     3   131  9774    
10132 WAT  34823 34825     3   132  9775    
10133 WAT  34826 34828     3   133  9776    
10134 WAT  34829 34831     3   134  9777    
10135 WAT  34832 34834     3   135  9778    
10136 WAT  34835 34837     3   136  9779    
10137 WAT  34838 34840     3   137  9780    
10138 WAT  34841 34843     3   138  9781    
10139 WAT  34844 34846     3   139  9782    
10140 WAT  34847 34849     3   140  9783    
10141 WAT  34850 34852     3   141  9784    
10142 WAT  34853 34855     3   142  9785    
10143 WAT  34856 34858     3   143  9786    
10144 WAT  34859 34861     3   144  9787    
10145 WAT  34862 34864     3   145  9788    
10146 WAT  34865 34867     3   146  9789    
10147 WAT  34868 34870     3   147  9790    
10148 WAT  34871 34873     3   148  9791    
10149 WAT  34874 34876     3   149  9792    
10150 WAT  34877 34879     3   150  9793    
10151 WAT  34880 34882     3   151  9794    
10152 WAT  34883 34885     3   152  9795    
10153 WAT  34886 34888     3   153  9796    
10154 WAT  34889 34891     3   154  9797    
10155 WAT  34892 34894     3   155  9798    
10156 WAT  34895 34897     3   156  9799    
10157 WAT  34898 34900     3   157  9800    
10158 WAT  34901 34903     3   158  9801    
10159 WAT  34904 34906     3   159  9802    
10160 WAT  34907 34909     3   160  9803    
10161 WAT  34910 34912     3   161  9804    
10162 WAT  34913 34915     3   162  9805    
10163 WAT  34916 34918     3   163  9806    
10164 WAT  34919 34921     3   164  9807    
10165 WAT  34922 34924     3   165  9808    
10166 WAT  34925 34927     3   166  9809    
10167 WAT  34928 34930     3   167  9810    
10168 WAT  34931 34933     3   168  9811    
10169 WAT  34934 34936     3   169  9812    
10170 WAT  34937 34939     3   170  9813    
10171 WAT  34940 34942     3   171  9814    
10172 WAT  34943 34945     3   172  9815    
10173 WAT  34946 34948     3   173  9816    
10174 WAT  34949 34951     3   174  9817    
10175 WAT  34952 34954     3   175  9818    
10176 WAT  34955 34957     3   176  9819    
10177 WAT  34958 34960     3   177  9820    
10178 WAT  34961 34963     3   178  9821    
10179 WAT  34964 34966     3   179  9822    
10180 WAT  34967 34969     3   180  9823    
10181 WAT  34970 34972     3   181  9824    
10182 WAT  34973 34975     3   182  9825    
10183 WAT  34976 34978     3   183  9826    
10184 WAT  34979 34981     3   184  9827    
10185 WAT  34982 34984     3   185  9828    
10186 WAT  34985 34987     3   186  9829    
10187 WAT  34988 34990     3   187  9830    
10188 WAT  34991 34993     3   188  9831    
10189 WAT  34994 34996     3   189  9832    
10190 WAT  34997 34999     3   190  9833    
10191 WAT  35000 35002     3   191  9834    
10192 WAT  35003 35005     3   192  9835    
10193 WAT  35006 35008     3   193  9836    
10194 WAT  35009 35011     3   194  9837    
10195 WAT  35012 35014     3   195  9838    
10196 WAT  35015 35017     3   196  9839    
10197 WAT  35018 35020     3   197  9840    
10198 WAT  35021 35023     3   198  9841    
10199 WAT  35024 35026     3   199  9842    
10200 WAT  35027 35029     3   200  9843    
10201 WAT  35030 35032     3   201  9844    
10202 WAT  35033 35035     3   202  9845    
10203 WAT  35036 35038     3   203  9846    
10204 WAT  35039 35041     3   204  9847    
10205 WAT  35042 35044     3   205  9848    
10206 WAT  35045 35047     3   206  9849    
10207 WAT  35048 35050     3   207  9850    
10208 WAT  35051 35053     3   208  9851    
10209 WAT  35054 35056     3   209  9852    
10210 WAT  35057 35059     3   210  9853    
10211 WAT  35060 35062     3   211  9854    
10212 WAT  35063 35065     3   212  9855    
10213 WAT  35066 35068     3   213  9856    
10214 WAT  35069 35071     3   214  9857    
10215 WAT  35072 35074     3   215  9858    
10216 WAT  35075 35077     3   216  9859    
10217 WAT  35078 35080     3   217  9860    
10218 WAT  35081 35083     3   218  9861    
10219 WAT  35084 35086     3   219  9862    
10220 WAT  35087 35089     3   220  9863    
10221 WAT  35090 35092     3   221  9864    
10222 WAT  35093 35095     3   222  9865    
10223 WAT  35096 35098     3   223  9866    
10224 WAT  35099 35101     3   224  9867    
10225 WAT  35102 35104     3   225  9868    
10226 WAT  35105 35107     3   226  9869    
10227 WAT  35108 35110     3   227  9870    
10228 WAT  35111 35113     3   228  9871    
10229 WAT  35114 35116     3   229  9872    
10230 WAT  35117 35119     3   230  9873    
10231 WAT  35120 35122     3   231  9874    
10232 WAT  35123 35125     3   232  9875    
10233 WAT  35126 35128     3   233  9876    
10234 WAT  35129 35131     3   234  9877    
10235 WAT  35132 35134     3   235  9878    
10236 WAT  35135 35137     3   236  9879    
10237 WAT  35138 35140     3   237  9880    
10238 WAT  35141 35143     3   238  9881    
10239 WAT  35144 35146     3   239  9882    
10240 WAT  35147 35149     3   240  9883    
10241 WAT  35150 35152     3   241  9884    
10242 WAT  35153 35155     3   242  9885    
10243 WAT  35156 35158     3   243  9886    
10244 WAT  35159 35161     3   244  9887    
10245 WAT  35162 35164     3   245  9888    
10246 WAT  35165 35167     3   246  9889    
10247 WAT  35168 35170     3   247  9890    
10248 WAT  35171 35173     3   248  9891    
10249 WAT  35174 35176     3   249  9892    
10250 WAT  35177 35179     3   250  9893    
10251 WAT  35180 35182     3   251  9894    
10252 WAT  35183 35185     3   252  9895    
10253 WAT  35186 35188     3   253  9896    
10254 WAT  35189 35191     3   254  9897    
10255 WAT  35192 35194     3   255  9898    
10256 WAT  35195 35197     3   256  9899    
10257 WAT  35198 35200     3   257  9900    
10258 WAT  35201 35203     3   258  9901    
10259 WAT  35204 35206     3   259  9902    
10260 WAT  35207 35209     3   260  9903    
10261 WAT  35210 35212     3   261  9904    
10262 WAT  35213 35215     3   262  9905    
10263 WAT  35216 35218     3   263  9906    
10264 WAT  35219 35221     3   264  9907    
10265 WAT  35222 35224     3   265  9908    
10266 WAT  35225 35227     3   266  9909    
10267 WAT  35228 35230     3   267  9910    
10268 WAT  35231 35233     3   268  9911    
10269 WAT  35234 35236     3   269  9912    
10270 WAT  35237 35239     3   270  9913    
10271 WAT  35240 35242     3   271  9914    
10272 WAT  35243 35245     3   272  9915    
10273 WAT  35246 35248     3   273  9916    
10274 WAT  35249 35251     3   274  9917    
10275 WAT  35252 35254     3   275  9918    
10276 WAT  35255 35257     3   276  9919    
10277 WAT  35258 35260     3   277  9920    
10278 WAT  35261 35263     3   278  9921    
10279 WAT  35264 35266     3   279  9922    
10280 WAT  35267 35269     3   280  9923    
10281 WAT  35270 35272     3   281  9924    
10282 WAT  35273 35275     3   282  9925    
10283 WAT  35276 35278     3   283  9926    
10284 WAT  35279 35281     3   284  9927    
10285 WAT  35282 35284     3   285  9928    
10286 WAT  35285 35287     3   286  9929    
10287 WAT  35288 35290     3   287  9930    
10288 WAT  35291 35293     3   288  9931    
10289 WAT  35294 35296     3   289  9932    
10290 WAT  35297 35299     3   290  9933    
10291 WAT  35300 35302     3   291  9934    
10292 WAT  35303 35305     3   292  9935    
10293 WAT  35306 35308     3   293  9936    
10294 WAT  35309 35311     3   294  9937    
10295 WAT  35312 35314     3   295  9938    
10296 WAT  35315 35317     3   296  9939    
10297 WAT  35318 35320     3   297  9940    
10298 WAT  35321 35323     3   298  9941    
10299 WAT  35324 35326     3   299  9942    
10300 WAT  35327 35329     3   300  9943    
10301 WAT  35330 35332     3   301  9944    
10302 WAT  35333 35335     3   302  9945    
10303 WAT  35336 35338     3   303  9946    
10304 WAT  35339 35341     3   304  9947    
10305 WAT  35342 35344     3   305  9948    
10306 WAT  35345 35347     3   306  9949    
10307 WAT  35348 35350     3   307  9950    
10308 WAT  35351 35353     3   308  9951    
10309 WAT  35354 35356     3   309  9952    
10310 WAT  35357 35359     3   310  9953    
10311 WAT  35360 35362     3   311  9954    
10312 WAT  35363 35365     3   312  9955    
10313 WAT  35366 35368     3   313  9956    
10314 WAT  35369 35371     3   314  9957    
10315 WAT  35372 35374     3   315  9958    
10316 WAT  35375 35377     3   316  9959    
10317 WAT  35378 35380     3   317  9960    
10318 WAT  35381 35383     3   318  9961    
10319 WAT  35384 35386     3   319  9962    
10320 WAT  35387 35389     3   320  9963    
10321 WAT  35390 35392     3   321  9964    
10322 WAT  35393 35395     3   322  9965    
10323 WAT  35396 35398     3   323  9966    
10324 WAT  35399 35401     3   324  9967    
10325 WAT  35402 35404     3   325  9968    
10326 WAT  35405 35407     3   326  9969    
10327 WAT  35408 35410     3   327  9970    
10328 WAT  35411 35413     3   328  9971    
10329 WAT  35414 35416     3   329  9972    
10330 WAT  35417 35419     3   330  9973    
10331 WAT  35420 35422     3   331  9974    
10332 WAT  35423 35425     3   332  9975    
10333 WAT  35426 35428     3   333  9976    
10334 WAT  35429 35431     3   334  9977    
10335 WAT  35432 35434     3   335  9978    
10336 WAT  35435 35437     3   336  9979    
10337 WAT  35438 35440     3   337  9980    
10338 WAT  35441 35443     3   338  9981    
10339 WAT  35444 35446     3   339  9982    
10340 WAT  35447 35449     3   340  9983    
10341 WAT  35450 35452     3   341  9984    
10342 WAT  35453 35455     3   342  9985    
10343 WAT  35456 35458     3   343  9986    
10344 WAT  35459 35461     3   344  9987    
10345 WAT  35462 35464     3   345  9988    
10346 WAT  35465 35467     3   346  9989    
10347 WAT  35468 35470     3   347  9990    
10348 WAT  35471 35473     3   348  9991    
10349 WAT  35474 35476     3   349  9992    
10350 WAT  35477 35479     3   350  9993    
10351 WAT  35480 35482     3   351  9994    
10352 WAT  35483 35485     3   352  9995    
10353 WAT  35486 35488     3   353  9996    
10354 WAT  35489 35491     3   354  9997    
10355 WAT  35492 35494     3   355  9998    
10356 WAT  35495 35497     3   356  9999    
10357 WAT  35498 35500     3   357 10000    
10358 WAT  35501 35503     3   358 10001    
10359 WAT  35504 35506     3   359 10002    
10360 WAT  35507 35509     3   360 10003    
10361 WAT  35510 35512     3   361 10004    
10362 WAT  35513 35515     3   362 10005    
10363 WAT  35516 35518     3   363 10006    
10364 WAT  35519 35521     3   364 10007    
10365 WAT  35522 35524     3   365 10008    
10366 WAT  35525 35527     3   366 10009    
10367 WAT  35528 35530     3   367 10010    
10368 WAT  35531 35533     3   368 10011    
10369 WAT  35534 35536     3   369 10012    
10370 WAT  35537 35539     3   370 10013    
10371 WAT  35540 35542     3   371 10014    
10372 WAT  35543 35545     3   372 10015    
10373 WAT  35546 35548     3   373 10016    
10374 WAT  35549 35551     3   374 10017    
10375 WAT  35552 35554     3   375 10018    
10376 WAT  35555 35557     3   376 10019    
10377 WAT  35558 35560     3   377 10020    
10378 WAT  35561 35563     3   378 10021    
10379 WAT  35564 35566     3   379 10022    
10380 WAT  35567 35569     3   380 10023    
10381 WAT  35570 35572     3   381 10024    
10382 WAT  35573 35575     3   382 10025    
10383 WAT  35576 35578     3   383 10026    
10384 WAT  35579 35581     3   384 10027    
10385 WAT  35582 35584     3   385 10028    
10386 WAT  35585 35587     3   386 10029    
10387 WAT  35588 35590     3   387 10030    
10388 WAT  35591 35593     3   388 10031    
10389 WAT  35594 35596     3   389 10032    
10390 WAT  35597 35599     3   390 10033    
10391 WAT  35600 35602     3   391 10034    
10392 WAT  35603 35605     3   392 10035    
10393 WAT  35606 35608     3   393 10036    
10394 WAT  35609 35611     3   394 10037    
10395 WAT  35612 35614     3   395 10038    
10396 WAT  35615 35617     3   396 10039    
10397 WAT  35618 35620     3   397 10040    
10398 WAT  35621 35623     3   398 10041    
10399 WAT  35624 35626     3   399 10042    
10400 WAT  35627 35629     3   400 10043    
10401 WAT  35630 35632     3   401 10044    
10402 WAT  35633 35635     3   402 10045    
10403 WAT  35636 35638     3   403 10046    
10404 WAT  35639 35641     3   404 10047    
10405 WAT  35642 35644     3   405 10048    
10406 WAT  35645 35647     3   406 10049    
10407 WAT  35648 35650     3   407 10050    
10408 WAT  35651 35653     3   408 10051    
10409 WAT  35654 35656     3   409 10052    
10410 WAT  35657 35659     3   410 10053    
10411 WAT  35660 35662     3   411 10054    
10412 WAT  35663 35665     3   412 10055    
10413 WAT  35666 35668     3   413 10056    
10414 WAT  35669 35671     3   414 10057    
10415 WAT  35672 35674     3   415 10058    
10416 WAT  35675 35677     3   416 10059    
10417 WAT  35678 35680     3   417 10060    
10418 WAT  35681 35683     3   418 10061    
10419 WAT  35684 35686     3   419 10062    
10420 WAT  35687 35689     3   420 10063    
10421 WAT  35690 35692     3   421 10064    
10422 WAT  35693 35695     3   422 10065    
10423 WAT  35696 35698     3   423 10066    
10424 WAT  35699 35701     3   424 10067    
10425 WAT  35702 35704     3   425 10068    
10426 WAT  35705 35707     3   426 10069    
10427 WAT  35708 35710     3   427 10070    
10428 WAT  35711 35713     3   428 10071    
10429 WAT  35714 35716     3   429 10072    
10430 WAT  35717 35719     3   430 10073    
10431 WAT  35720 35722     3   431 10074    
10432 WAT  35723 35725     3   432 10075    
10433 WAT  35726 35728     3   433 10076    
10434 WAT  35729 35731     3   434 10077    
10435 WAT  35732 35734     3   435 10078    
10436 WAT  35735 35737     3   436 10079    
10437 WAT  35738 35740     3   437 10080    
10438 WAT  35741 35743     3   438 10081    
10439 WAT  35744 35746     3   439 10082    
10440 WAT  35747 35749     3   440 10083    
10441 WAT  35750 35752     3   441 10084    
10442 WAT  35753 35755     3   442 10085    
10443 WAT  35756 35758     3   443 10086    
10444 WAT  35759 35761     3   444 10087    
10445 WAT  35762 35764     3   445 10088    
10446 WAT  35765 35767     3   446 10089    
10447 WAT  35768 35770     3   447 10090    
10448 WAT  35771 35773     3   448 10091    
10449 WAT  35774 35776     3   449 10092    
10450 WAT  35777 35779     3   450 10093    
10451 WAT  35780 35782     3   451 10094    
10452 WAT  35783 35785     3   452 10095    
10453 WAT  35786 35788     3   453 10096    
10454 WAT  35789 35791     3   454 10097    
10455 WAT  35792 35794     3   455 10098    
10456 WAT  35795 35797     3   456 10099    
10457 WAT  35798 35800     3   457 10100    
10458 WAT  35801 35803     3   458 10101    
10459 WAT  35804 35806     3   459 10102    
10460 WAT  35807 35809     3   460 10103    
10461 WAT  35810 35812     3   461 10104    
10462 WAT  35813 35815     3   462 10105    
10463 WAT  35816 35818     3   463 10106    
10464 WAT  35819 35821     3   464 10107    
10465 WAT  35822 35824     3   465 10108    
10466 WAT  35825 35827     3   466 10109    
10467 WAT  35828 35830     3   467 10110    
10468 WAT  35831 35833     3   468 10111    
10469 WAT  35834 35836     3   469 10112    
10470 WAT  35837 35839     3   470 10113    
10471 WAT  35840 35842     3   471 10114    
10472 WAT  35843 35845     3   472 10115    
10473 WAT  35846 35848     3   473 10116    
10474 WAT  35849 35851     3   474 10117    
10475 WAT  35852 35854     3   475 10118    
10476 WAT  35855 35857     3   476 10119    
10477 WAT  35858 35860     3   477 10120    
10478 WAT  35861 35863     3   478 10121    
10479 WAT  35864 35866     3   479 10122    
10480 WAT  35867 35869     3   480 10123    
10481 WAT  35870 35872     3   481 10124    
10482 WAT  35873 35875     3   482 10125    
10483 WAT  35876 35878     3   483 10126    
10484 WAT  35879 35881     3   484 10127    
10485 WAT  35882 35884     3   485 10128    
10486 WAT  35885 35887     3   486 10129    
10487 WAT  35888 35890     3   487 10130    
10488 WAT  35891 35893     3   488 10131    
10489 WAT  35894 35896     3   489 10132    
10490 WAT  35897 35899     3   490 10133    
10491 WAT  35900 35902     3   491 10134    
10492 WAT  35903 35905     3   492 10135    
10493 WAT  35906 35908     3   493 10136    
10494 WAT  35909 35911     3   494 10137    
10495 WAT  35912 35914     3   495 10138    
10496 WAT  35915 35917     3   496 10139    
10497 WAT  35918 35920     3   497 10140    
10498 WAT  35921 35923     3   498 10141    
10499 WAT  35924 35926     3   499 10142    
10500 WAT  35927 35929     3   500 10143    
10501 WAT  35930 35932     3   501 10144    
10502 WAT  35933 35935     3   502 10145    
10503 WAT  35936 35938     3   503 10146    
10504 WAT  35939 35941     3   504 10147    
10505 WAT  35942 35944     3   505 10148    
10506 WAT  35945 35947     3   506 10149    
10507 WAT  35948 35950     3   507 10150    
10508 WAT  35951 35953     3   508 10151    
10509 WAT  35954 35956     3   509 10152    
10510 WAT  35957 35959     3   510 10153    
10511 WAT  35960 35962     3   511 10154    
10512 WAT  35963 35965     3   512 10155    
10513 WAT  35966 35968     3   513 10156    
10514 WAT  35969 35971     3   514 10157    
10515 WAT  35972 35974     3   515 10158    
10516 WAT  35975 35977     3   516 10159    
10517 WAT  35978 35980     3   517 10160    
10518 WAT  35981 35983     3   518 10161    
10519 WAT  35984 35986     3   519 10162    
10520 WAT  35987 35989     3   520 10163    
10521 WAT  35990 35992     3   521 10164    
10522 WAT  35993 35995     3   522 10165    
10523 WAT  35996 35998     3   523 10166    
10524 WAT  35999 36001     3   524 10167    
10525 WAT  36002 36004     3   525 10168    
10526 WAT  36005 36007     3   526 10169    
10527 WAT  36008 36010     3   527 10170    
10528 WAT  36011 36013     3   528 10171    
10529 WAT  36014 36016     3   529 10172    
10530 WAT  36017 36019     3   530 10173    
10531 WAT  36020 36022     3   531 10174    
10532 WAT  36023 36025     3   532 10175    
10533 WAT  36026 36028     3   533 10176    
10534 WAT  36029 36031     3   534 10177    
10535 WAT  36032 36034     3   535 10178    
10536 WAT  36035 36037     3   536 10179    
10537 WAT  36038 36040     3   537 10180    
10538 WAT  36041 36043     3   538 10181    
10539 WAT  36044 36046     3   539 10182    
10540 WAT  36047 36049     3   540 10183    
10541 WAT  36050 36052     3   541 10184    
10542 WAT  36053 36055     3   542 10185    
10543 WAT  36056 36058     3   543 10186    
10544 WAT  36059 36061     3   544 10187    
10545 WAT  36062 36064     3   545 10188    
10546 WAT  36065 36067     3   546 10189    
10547 WAT  36068 36070     3   547 10190    
10548 WAT  36071 36073     3   548 10191    
10549 WAT  36074 36076     3   549 10192    
10550 WAT  36077 36079     3   550 10193    
10551 WAT  36080 36082     3   551 10194    
10552 WAT  36083 36085     3   552 10195    
10553 WAT  36086 36088     3   553 10196    
10554 WAT  36089 36091     3   554 10197    
10555 WAT  36092 36094     3   555 10198    
10556 WAT  36095 36097     3   556 10199    
10557 WAT  36098 36100     3   557 10200    
10558 WAT  36101 36103     3   558 10201    
10559 WAT  36104 36106     3   559 10202    
10560 WAT  36107 36109     3   560 10203    
10561 WAT  36110 36112     3   561 10204    
10562 WAT  36113 36115     3   562 10205    
10563 WAT  36116 36118     3   563 10206    
10564 WAT  36119 36121     3   564 10207    
10565 WAT  36122 36124     3   565 10208    
10566 WAT  36125 36127     3   566 10209    
10567 WAT  36128 36130     3   567 10210    
10568 WAT  36131 36133     3   568 10211    
10569 WAT  36134 36136     3   569 10212    
10570 WAT  36137 36139     3   570 10213    
10571 WAT  36140 36142     3   571 10214    
10572 WAT  36143 36145     3   572 10215    
10573 WAT  36146 36148     3   573 10216    
10574 WAT  36149 36151     3   574 10217    
10575 WAT  36152 36154     3   575 10218    
10576 WAT  36155 36157     3   576 10219    
10577 WAT  36158 36160     3   577 10220    
10578 WAT  36161 36163     3   578 10221    
10579 WAT  36164 36166     3   579 10222    
10580 WAT  36167 36169     3   580 10223    
10581 WAT  36170 36172     3   581 10224    
10582 WAT  36173 36175     3   582 10225    
10583 WAT  36176 36178     3   583 10226    
10584 WAT  36179 36181     3   584 10227    
10585 WAT  36182 36184     3   585 10228    
10586 WAT  36185 36187     3   586 10229    
10587 WAT  36188 36190     3   587 10230    
10588 WAT  36191 36193     3   588 10231    
10589 WAT  36194 36196     3   589 10232    
10590 WAT  36197 36199     3   590 10233    
10591 WAT  36200 36202     3   591 10234    
10592 WAT  36203 36205     3   592 10235    
10593 WAT  36206 36208     3   593 10236    
10594 WAT  36209 36211     3   594 10237    
10595 WAT  36212 36214     3   595 10238    
10596 WAT  36215 36217     3   596 10239    
10597 WAT  36218 36220     3   597 10240    
10598 WAT  36221 36223     3   598 10241    
10599 WAT  36224 36226     3   599 10242    
10600 WAT  36227 36229     3   600 10243    
10601 WAT  36230 36232     3   601 10244    
10602 WAT  36233 36235     3   602 10245    
10603 WAT  36236 36238     3   603 10246    
10604 WAT  36239 36241     3   604 10247    
10605 WAT  36242 36244     3   605 10248    
10606 WAT  36245 36247     3   606 10249    
10607 WAT  36248 36250     3   607 10250    
10608 WAT  36251 36253     3   608 10251    
10609 WAT  36254 36256     3   609 10252    
10610 WAT  36257 36259     3   610 10253    
10611 WAT  36260 36262     3   611 10254    
10612 WAT  36263 36265     3   612 10255    
10613 WAT  36266 36268     3   613 10256    
10614 WAT  36269 36271     3   614 10257    
10615 WAT  36272 36274     3   615 10258    
10616 WAT  36275 36277     3   616 10259    
10617 WAT  36278 36280     3   617 10260    
10618 WAT  36281 36283     3   618 10261    
10619 WAT  36284 36286     3   619 10262    
10620 WAT  36287 36289     3   620 10263    
10621 WAT  36290 36292     3   621 10264    
10622 WAT  36293 36295     3   622 10265    
10623 WAT  36296 36298     3   623 10266    
10624 WAT  36299 36301     3   624 10267    
10625 WAT  36302 36304     3   625 10268    
10626 WAT  36305 36307     3   626 10269    
10627 WAT  36308 36310     3   627 10270    
10628 WAT  36311 36313     3   628 10271    
10629 WAT  36314 36316     3   629 10272    
10630 WAT  36317 36319     3   630 10273    
10631 WAT  36320 36322     3   631 10274    
10632 WAT  36323 36325     3   632 10275    
10633 WAT  36326 36328     3   633 10276    
10634 WAT  36329 36331     3   634 10277    
10635 WAT  36332 36334     3   635 10278    
10636 WAT  36335 36337     3   636 10279    
10637 WAT  36338 36340     3   637 10280    
10638 WAT  36341 36343     3   638 10281    
10639 WAT  36344 36346     3   639 10282    
10640 WAT  36347 36349     3   640 10283    
10641 WAT  36350 36352     3   641 10284    
10642 WAT  36353 36355     3   642 10285    
10643 WAT  36356 36358     3   643 10286    
10644 WAT  36359 36361     3   644 10287    
10645 WAT  36362 36364     3   645 10288    
10646 WAT  36365 36367     3   646 10289    
10647 WAT  36368 36370     3   647 10290    
10648 WAT  36371 36373     3   648 10291    
10649 WAT  36374 36376     3   649 10292    
10650 WAT  36377 36379     3   650 10293    
10651 WAT  36380 36382     3   651 10294    
10652 WAT  36383 36385     3   652 10295    
10653 WAT  36386 36388     3   653 10296    
10654 WAT  36389 36391     3   654 10297    
10655 WAT  36392 36394     3   655 10298    
10656 WAT  36395 36397     3   656 10299    
10657 WAT  36398 36400     3   657 10300    
10658 WAT  36401 36403     3   658 10301    
10659 WAT  36404 36406     3   659 10302    
10660 WAT  36407 36409     3   660 10303    
10661 WAT  36410 36412     3   661 10304    
10662 WAT  36413 36415     3   662 10305    
10663 WAT  36416 36418     3   663 10306    
10664 WAT  36419 36421     3   664 10307    
10665 WAT  36422 36424     3   665 10308    
10666 WAT  36425 36427     3   666 10309    
10667 WAT  36428 36430     3   667 10310    
10668 WAT  36431 36433     3   668 10311    
10669 WAT  36434 36436     3   669 10312    
10670 WAT  36437 36439     3   670 10313    
10671 WAT  36440 36442     3   671 10314    
10672 WAT  36443 36445     3   672 10315    
10673 WAT  36446 36448     3   673 10316    
10674 WAT  36449 36451     3   674 10317    
10675 WAT  36452 36454     3   675 10318    
10676 WAT  36455 36457     3   676 10319    
10677 WAT  36458 36460     3   677 10320    
10678 WAT  36461 36463     3   678 10321    
10679 WAT  36464 36466     3   679 10322    
10680 WAT  36467 36469     3   680 10323    
10681 WAT  36470 36472     3   681 10324    
10682 WAT  36473 36475     3   682 10325    
10683 WAT  36476 36478     3   683 10326    
10684 WAT  36479 36481     3   684 10327    
10685 WAT  36482 36484     3   685 10328    
10686 WAT  36485 36487     3   686 10329    
10687 WAT  36488 36490     3   687 10330    
10688 WAT  36491 36493     3   688 10331    
10689 WAT  36494 36496     3   689 10332    
10690 WAT  36497 36499     3   690 10333    
10691 WAT  36500 36502     3   691 10334    
10692 WAT  36503 36505     3   692 10335    
10693 WAT  36506 36508     3   693 10336    
10694 WAT  36509 36511     3   694 10337    
10695 WAT  36512 36514     3   695 10338    
10696 WAT  36515 36517     3   696 10339    
10697 WAT  36518 36520     3   697 10340    
10698 WAT  36521 36523     3   698 10341    
10699 WAT  36524 36526     3   699 10342    
10700 WAT  36527 36529     3   700 10343    
10701 WAT  36530 36532     3   701 10344    
10702 WAT  36533 36535     3   702 10345    
10703 WAT  36536 36538     3   703 10346    
10704 WAT  36539 36541     3   704 10347    
10705 WAT  36542 36544     3   705 10348    
10706 WAT  36545 36547     3   706 10349    
10707 WAT  36548 36550     3   707 10350    
10708 WAT  36551 36553     3   708 10351    
10709 WAT  36554 36556     3   709 10352    
10710 WAT  36557 36559     3   710 10353    
10711 WAT  36560 36562     3   711 10354    
10712 WAT  36563 36565     3   712 10355    
10713 WAT  36566 36568     3   713 10356    
10714 WAT  36569 36571     3   714 10357    
10715 WAT  36572 36574     3   715 10358    
10716 WAT  36575 36577     3   716 10359    
10717 WAT  36578 36580     3   717 10360    
10718 WAT  36581 36583     3   718 10361    
10719 WAT  36584 36586     3   719 10362    
10720 WAT  36587 36589     3   720 10363    
10721 WAT  36590 36592     3   721 10364    
10722 WAT  36593 36595     3   722 10365    
10723 WAT  36596 36598     3   723 10366    
10724 WAT  36599 36601     3   724 10367    
10725 WAT  36602 36604     3   725 10368    
10726 WAT  36605 36607     3   726 10369    
10727 WAT  36608 36610     3   727 10370    
10728 WAT  36611 36613     3   728 10371    
10729 WAT  36614 36616     3   729 10372    
10730 WAT  36617 36619     3   730 10373    
10731 WAT  36620 36622     3   731 10374    
10732 WAT  36623 36625     3   732 10375    
10733 WAT  36626 36628     3   733 10376    
10734 WAT  36629 36631     3   734 10377    
10735 WAT  36632 36634     3   735 10378    
10736 WAT  36635 36637     3   736 10379    
10737 WAT  36638 36640     3   737 10380    
10738 WAT  36641 36643     3   738 10381    
10739 WAT  36644 36646     3   739 10382    
10740 WAT  36647 36649     3   740 10383    
10741 WAT  36650 36652     3   741 10384    
10742 WAT  36653 36655     3   742 10385    
10743 WAT  36656 36658     3   743 10386    
10744 WAT  36659 36661     3   744 10387    
10745 WAT  36662 36664     3   745 10388    
10746 WAT  36665 36667     3   746 10389    
10747 WAT  36668 36670     3   747 10390    
10748 WAT  36671 36673     3   748 10391    
10749 WAT  36674 36676     3   749 10392    
10750 WAT  36677 36679     3   750 10393    
10751 WAT  36680 36682     3   751 10394    
10752 WAT  36683 36685     3   752 10395    
10753 WAT  36686 36688     3   753 10396    
10754 WAT  36689 36691     3   754 10397    
10755 WAT  36692 36694     3   755 10398    
10756 WAT  36695 36697     3   756 10399    
10757 WAT  36698 36700     3   757 10400    
10758 WAT  36701 36703     3   758 10401    
10759 WAT  36704 36706     3   759 10402    
10760 WAT  36707 36709     3   760 10403    
10761 WAT  36710 36712     3   761 10404    
10762 WAT  36713 36715     3   762 10405    
10763 WAT  36716 36718     3   763 10406    
10764 WAT  36719 36721     3   764 10407    
10765 WAT  36722 36724     3   765 10408    
10766 WAT  36725 36727     3   766 10409    
10767 WAT  36728 36730     3   767 10410    
10768 WAT  36731 36733     3   768 10411    
10769 WAT  36734 36736     3   769 10412    
10770 WAT  36737 36739     3   770 10413    
10771 WAT  36740 36742     3   771 10414    
10772 WAT  36743 36745     3   772 10415    
10773 WAT  36746 36748     3   773 10416    
10774 WAT  36749 36751     3   774 10417    
10775 WAT  36752 36754     3   775 10418    
10776 WAT  36755 36757     3   776 10419    
10777 WAT  36758 36760     3   777 10420    
10778 WAT  36761 36763     3   778 10421    
10779 WAT  36764 36766     3   779 10422    
10780 WAT  36767 36769     3   780 10423    
10781 WAT  36770 36772     3   781 10424    
10782 WAT  36773 36775     3   782 10425    
10783 WAT  36776 36778     3   783 10426    
10784 WAT  36779 36781     3   784 10427    
10785 WAT  36782 36784     3   785 10428    
10786 WAT  36785 36787     3   786 10429    
10787 WAT  36788 36790     3   787 10430    
10788 WAT  36791 36793     3   788 10431    
10789 WAT  36794 36796     3   789 10432    
10790 WAT  36797 36799     3   790 10433    
10791 WAT  36800 36802     3   791 10434    
10792 WAT  36803 36805     3   792 10435    
10793 WAT  36806 36808     3   793 10436    
10794 WAT  36809 36811     3   794 10437    
10795 WAT  36812 36814     3   795 10438    
10796 WAT  36815 36817     3   796 10439    
10797 WAT  36818 36820     3   797 10440    
10798 WAT  36821 36823     3   798 10441    
10799 WAT  36824 36826     3   799 10442    
10800 WAT  36827 36829     3   800 10443    
10801 WAT  36830 36832     3   801 10444    
10802 WAT  36833 36835     3   802 10445    
10803 WAT  36836 36838     3   803 10446    
10804 WAT  36839 36841     3   804 10447    
10805 WAT  36842 36844     3   805 10448    
10806 WAT  36845 36847     3   806 10449    
10807 WAT  36848 36850     3   807 10450    
10808 WAT  36851 36853     3   808 10451    
10809 WAT  36854 36856     3   809 10452    
10810 WAT  36857 36859     3   810 10453    
10811 WAT  36860 36862     3   811 10454    
10812 WAT  36863 36865     3   812 10455    
10813 WAT  36866 36868     3   813 10456    
10814 WAT  36869 36871     3   814 10457    
10815 WAT  36872 36874     3   815 10458    
10816 WAT  36875 36877     3   816 10459    
10817 WAT  36878 36880     3   817 10460    
10818 WAT  36881 36883     3   818 10461    
10819 WAT  36884 36886     3   819 10462    
10820 WAT  36887 36889     3   820 10463    
10821 WAT  36890 36892     3   821 10464    
10822 WAT  36893 36895     3   822 10465    
10823 WAT  36896 36898     3   823 10466    
10824 WAT  36899 36901     3   824 10467    
10825 WAT  36902 36904     3   825 10468    
10826 WAT  36905 36907     3   826 10469    
10827 WAT  36908 36910     3   827 10470    
10828 WAT  36911 36913     3   828 10471    
10829 WAT  36914 36916     3   829 10472    
10830 WAT  36917 36919     3   830 10473    
10831 WAT  36920 36922     3   831 10474    
10832 WAT  36923 36925     3   832 10475    
10833 WAT  36926 36928     3   833 10476    
10834 WAT  36929 36931     3   834 10477    
10835 WAT  36932 36934     3   835 10478    
10836 WAT  36935 36937     3   836 10479    
10837 WAT  36938 36940     3   837 10480    
10838 WAT  36941 36943     3   838 10481    
10839 WAT  36944 36946     3   839 10482    
10840 WAT  36947 36949     3   840 10483    
10841 WAT  36950 36952     3   841 10484    
10842 WAT  36953 36955     3   842 10485    
10843 WAT  36956 36958     3   843 10486    
10844 WAT  36959 36961     3   844 10487    
10845 WAT  36962 36964     3   845 10488    
10846 WAT  36965 36967     3   846 10489    
10847 WAT  36968 36970     3   847 10490    
10848 WAT  36971 36973     3   848 10491    
10849 WAT  36974 36976     3   849 10492    
10850 WAT  36977 36979     3   850 10493    
10851 WAT  36980 36982     3   851 10494    
10852 WAT  36983 36985     3   852 10495    
10853 WAT  36986 36988     3   853 10496    
10854 WAT  36989 36991     3   854 10497    
10855 WAT  36992 36994     3   855 10498    
10856 WAT  36995 36997     3   856 10499    
10857 WAT  36998 37000     3   857 10500    
10858 WAT  37001 37003     3   858 10501    
10859 WAT  37004 37006     3   859 10502    
10860 WAT  37007 37009     3   860 10503    
10861 WAT  37010 37012     3   861 10504    
10862 WAT  37013 37015     3   862 10505    
10863 WAT  37016 37018     3   863 10506    
10864 WAT  37019 37021     3   864 10507    
10865 WAT  37022 37024     3   865 10508    
10866 WAT  37025 37027     3   866 10509    
10867 WAT  37028 37030     3   867 10510    
10868 WAT  37031 37033     3   868 10511    
10869 WAT  37034 37036     3   869 10512    
10870 WAT  37037 37039     3   870 10513    
10871 WAT  37040 37042     3   871 10514    
10872 WAT  37043 37045     3   872 10515    
10873 WAT  37046 37048     3   873 10516    
10874 WAT  37049 37051     3   874 10517    
10875 WAT  37052 37054     3   875 10518    
10876 WAT  37055 37057     3   876 10519    
10877 WAT  37058 37060     3   877 10520    
10878 WAT  37061 37063     3   878 10521    
10879 WAT  37064 37066     3   879 10522    
10880 WAT  37067 37069     3   880 10523    
10881 WAT  37070 37072     3   881 10524    
10882 WAT  37073 37075     3   882 10525    
10883 WAT  37076 37078     3   883 10526    
10884 WAT  37079 37081     3   884 10527    
10885 WAT  37082 37084     3   885 10528    
10886 WAT  37085 37087     3   886 10529    
10887 WAT  37088 37090     3   887 10530    
10888 WAT  37091 37093     3   888 10531    
10889 WAT  37094 37096     3   889 10532    
10890 WAT  37097 37099     3   890 10533    
10891 WAT  37100 37102     3   891 10534    
10892 WAT  37103 37105     3   892 10535    
10893 WAT  37106 37108     3   893 10536    
10894 WAT  37109 37111     3   894 10537    
10895 WAT  37112 37114     3   895 10538    
10896 WAT  37115 37117     3   896 10539    
10897 WAT  37118 37120     3   897 10540    
10898 WAT  37121 37123     3   898 10541    
10899 WAT  37124 37126     3   899 10542    
10900 WAT  37127 37129     3   900 10543    
10901 WAT  37130 37132     3   901 10544    
10902 WAT  37133 37135     3   902 10545    
10903 WAT  37136 37138     3   903 10546    
10904 WAT  37139 37141     3   904 10547    
10905 WAT  37142 37144     3   905 10548    
10906 WAT  37145 37147     3   906 10549    
10907 WAT  37148 37150     3   907 10550    
10908 WAT  37151 37153     3   908 10551    
10909 WAT  37154 37156     3   909 10552    
10910 WAT  37157 37159     3   910 10553    
10911 WAT  37160 37162     3   911 10554    
10912 WAT  37163 37165     3   912 10555    
10913 WAT  37166 37168     3   913 10556    
10914 WAT  37169 37171     3   914 10557    
10915 WAT  37172 37174     3   915 10558    
10916 WAT  37175 37177     3   916 10559    
10917 WAT  37178 37180     3   917 10560    
10918 WAT  37181 37183     3   918 10561    
10919 WAT  37184 37186     3   919 10562    
10920 WAT  37187 37189     3   920 10563    
10921 WAT  37190 37192     3   921 10564    
10922 WAT  37193 37195     3   922 10565    
10923 WAT  37196 37198     3   923 10566    
10924 WAT  37199 37201     3   924 10567    
10925 WAT  37202 37204     3   925 10568    
10926 WAT  37205 37207     3   926 10569    
10927 WAT  37208 37210     3   927 10570    
10928 WAT  37211 37213     3   928 10571    
10929 WAT  37214 37216     3   929 10572    
10930 WAT  37217 37219     3   930 10573    
10931 WAT  37220 37222     3   931 10574    
10932 WAT  37223 37225     3   932 10575    
10933 WAT  37226 37228     3   933 10576    
10934 WAT  37229 37231     3   934 10577    
10935 WAT  37232 37234     3   935 10578    
10936 WAT  37235 37237     3   936 10579    
10937 WAT  37238 37240     3   937 10580    
10938 WAT  37241 37243     3   938 10581    
10939 WAT  37244 37246     3   939 10582    
10940 WAT  37247 37249     3   940 10583    
10941 WAT  37250 37252     3   941 10584    
10942 WAT  37253 37255     3   942 10585    
10943 WAT  37256 37258     3   943 10586    
10944 WAT  37259 37261     3   944 10587    
10945 WAT  37262 37264     3   945 10588    
10946 WAT  37265 37267     3   946 10589    
10947 WAT  37268 37270     3   947 10590    
10948 WAT  37271 37273     3   948 10591    
10949 WAT  37274 37276     3   949 10592    
10950 WAT  37277 37279     3   950 10593    
10951 WAT  37280 37282     3   951 10594    
10952 WAT  37283 37285     3   952 10595    
10953 WAT  37286 37288     3   953 10596    
10954 WAT  37289 37291     3   954 10597    
10955 WAT  37292 37294     3   955 10598    
10956 WAT  37295 37297     3   956 10599    
10957 WAT  37298 37300     3   957 10600    
10958 WAT  37301 37303     3   958 10601    
10959 WAT  37304 37306     3   959 10602    
10960 WAT  37307 37309     3   960 10603    
10961 WAT  37310 37312     3   961 10604    
10962 WAT  37313 37315     3   962 10605    
10963 WAT  37316 37318     3   963 10606    
10964 WAT  37319 37321     3   964 10607    
10965 WAT  37322 37324     3   965 10608    
10966 WAT  37325 37327     3   966 10609    
10967 WAT  37328 37330     3   967 10610    
10968 WAT  37331 37333     3   968 10611    
10969 WAT  37334 37336     3   969 10612    
10970 WAT  37337 37339     3   970 10613    
10971 WAT  37340 37342     3   971 10614    
10972 WAT  37343 37345     3   972 10615    
10973 WAT  37346 37348     3   973 10616    
10974 WAT  37349 37351     3   974 10617    
10975 WAT  37352 37354     3   975 10618    
10976 WAT  37355 37357     3   976 10619    
10977 WAT  37358 37360     3   977 10620    
10978 WAT  37361 37363     3   978 10621    
10979 WAT  37364 37366     3   979 10622    
10980 WAT  37367 37369     3   980 10623    
10981 WAT  37370 37372     3   981 10624    
10982 WAT  37373 37375     3   982 10625    
10983 WAT  37376 37378     3   983 10626    
10984 WAT  37379 37381     3   984 10627    
10985 WAT  37382 37384     3   985 10628    
10986 WAT  37385 37387     3   986 10629    
10987 WAT  37388 37390     3   987 10630    
10988 WAT  37391 37393     3   988 10631    
10989 WAT  37394 37396     3   989 10632    
10990 WAT  37397 37399     3   990 10633    
10991 WAT  37400 37402     3   991 10634    
10992 WAT  37403 37405     3   992 10635    
10993 WAT  37406 37408     3   993 10636    
10994 WAT  37409 37411     3   994 10637    
10995 WAT  37412 37414     3   995 10638    
10996 WAT  37415 37417     3   996 10639    
10997 WAT  37418 37420     3   997 10640    
10998 WAT  37421 37423     3   998 10641    
10999 WAT  37424 37426     3   999 10642    
11000 WAT  37427 37429     3  1000 10643    
11001 WAT  37430 37432     3  1001 10644    
11002 WAT  37433 37435     3  1002 10645    
11003 WAT  37436 37438     3  1003 10646    
11004 WAT  37439 37441     3  1004 10647    
11005 WAT  37442 37444     3  1005 10648    
11006 WAT  37445 37447     3  1006 10649    
11007 WAT  37448 37450     3  1007 10650    
11008 WAT  37451 37453     3  1008 10651    
11009 WAT  37454 37456     3  1009 10652    
11010 WAT  37457 37459     3  1010 10653    
11011 WAT  37460 37462     3  1011 10654    
11012 WAT  37463 37465     3  1012 10655    
11013 WAT  37466 37468     3  1013 10656    
11014 WAT  37469 37471     3  1014 10657    
11015 WAT  37472 37474     3  1015 10658    
11016 WAT  37475 37477     3  1016 10659    
11017 WAT  37478 37480     3  1017 10660    
11018 WAT  37481 37483     3  1018 10661    
11019 WAT  37484 37486     3  1019 10662    
11020 WAT  37487 37489     3  1020 10663    
11021 WAT  37490 37492     3  1021 10664    
11022 WAT  37493 37495     3  1022 10665    
11023 WAT  37496 37498     3  1023 10666    
11024 WAT  37499 37501     3  1024 10667    
11025 WAT  37502 37504     3  1025 10668    
11026 WAT  37505 37507     3  1026 10669    
11027 WAT  37508 37510     3  1027 10670    
11028 WAT  37511 37513     3  1028 10671    
11029 WAT  37514 37516     3  1029 10672    
11030 WAT  37517 37519     3  1030 10673    
11031 WAT  37520 37522     3  1031 10674    
11032 WAT  37523 37525     3  1032 10675    
11033 WAT  37526 37528     3  1033 10676    
11034 WAT  37529 37531     3  1034 10677    
11035 WAT  37532 37534     3  1035 10678    
11036 WAT  37535 37537     3  1036 10679    
11037 WAT  37538 37540     3  1037 10680    
11038 WAT  37541 37543     3  1038 10681    
11039 WAT  37544 37546     3  1039 10682    
11040 WAT  37547 37549     3  1040 10683    
11041 WAT  37550 37552     3  1041 10684    
11042 WAT  37553 37555     3  1042 10685    
11043 WAT  37556 37558     3  1043 10686    
11044 WAT  37559 37561     3  1044 10687    
11045 WAT  37562 37564     3  1045 10688    
11046 WAT  37565 37567     3  1046 10689    
11047 WAT  37568 37570     3  1047 10690    
11048 WAT  37571 37573     3  1048 10691    
11049 WAT  37574 37576     3  1049 10692    
11050 WAT  37577 37579     3  1050 10693    
11051 WAT  37580 37582     3  1051 10694    
11052 WAT  37583 37585     3  1052 10695    
11053 WAT  37586 37588     3  1053 10696    
11054 WAT  37589 37591     3  1054 10697    
11055 WAT  37592 37594     3  1055 10698    
11056 WAT  37595 37597     3  1056 10699    
11057 WAT  37598 37600     3  1057 10700    
11058 WAT  37601 37603     3  1058 10701    
11059 WAT  37604 37606     3  1059 10702    
11060 WAT  37607 37609     3  1060 10703    
11061 WAT  37610 37612     3  1061 10704    
11062 WAT  37613 37615     3  1062 10705    
11063 WAT  37616 37618     3  1063 10706    
11064 WAT  37619 37621     3  1064 10707    
11065 WAT  37622 37624     3  1065 10708    
11066 WAT  37625 37627     3  1066 10709    
11067 WAT  37628 37630     3  1067 10710    
11068 WAT  37631 37633     3  1068 10711    
11069 WAT  37634 37636     3  1069 10712    
11070 WAT  37637 37639     3  1070 10713    
11071 WAT  37640 37642     3  1071 10714    
11072 WAT  37643 37645     3  1072 10715    
11073 WAT  37646 37648     3  1073 10716    
11074 WAT  37649 37651     3  1074 10717    
11075 WAT  37652 37654     3  1075 10718    
11076 WAT  37655 37657     3  1076 10719    
11077 WAT  37658 37660     3  1077 10720    
11078 WAT  37661 37663     3  1078 10721    
11079 WAT  37664 37666     3  1079 10722    
11080 WAT  37667 37669     3  1080 10723    
11081 WAT  37670 37672     3  1081 10724    
11082 WAT  37673 37675     3  1082 10725    
11083 WAT  37676 37678     3  1083 10726    
11084 WAT  37679 37681     3  1084 10727    
11085 WAT  37682 37684     3  1085 10728    
11086 WAT  37685 37687     3  1086 10729    
11087 WAT  37688 37690     3  1087 10730    
11088 WAT  37691 37693     3  1088 10731    
11089 WAT  37694 37696     3  1089 10732    
11090 WAT  37697 37699     3  1090 10733    
11091 WAT  37700 37702     3  1091 10734    
11092 WAT  37703 37705     3  1092 10735    
11093 WAT  37706 37708     3  1093 10736    
11094 WAT  37709 37711     3  1094 10737    
11095 WAT  37712 37714     3  1095 10738    
11096 WAT  37715 37717     3  1096 10739    
11097 WAT  37718 37720     3  1097 10740    
11098 WAT  37721 37723     3  1098 10741    
11099 WAT  37724 37726     3  1099 10742    
11100 WAT  37727 37729     3  1100 10743    
11101 WAT  37730 37732     3  1101 10744    
11102 WAT  37733 37735     3  1102 10745    
11103 WAT  37736 37738     3  1103 10746    
11104 WAT  37739 37741     3  1104 10747    
11105 WAT  37742 37744     3  1105 10748    
11106 WAT  37745 37747     3  1106 10749    
11107 WAT  37748 37750     3  1107 10750    
11108 WAT  37751 37753     3  1108 10751    
11109 WAT  37754 37756     3  1109 10752    
11110 WAT  37757 37759     3  1110 10753    
11111 WAT  37760 37762     3  1111 10754    
11112 WAT  37763 37765     3  1112 10755    
11113 WAT  37766 37768     3  1113 10756    
11114 WAT  37769 37771     3  1114 10757    
11115 WAT  37772 37774     3  1115 10758    
11116 WAT  37775 37777     3  1116 10759    
11117 WAT  37778 37780     3  1117 10760    
11118 WAT  37781 37783     3  1118 10761    
11119 WAT  37784 37786     3  1119 10762    
11120 WAT  37787 37789     3  1120 10763    
11121 WAT  37790 37792     3  1121 10764    
11122 WAT  37793 37795     3  1122 10765    
11123 WAT  37796 37798     3  1123 10766    
11124 WAT  37799 37801     3  1124 10767    
11125 WAT  37802 37804     3  1125 10768    
11126 WAT  37805 37807     3  1126 10769    
11127 WAT  37808 37810     3  1127 10770    
11128 WAT  37811 37813     3  1128 10771    
11129 WAT  37814 37816     3  1129 10772    
11130 WAT  37817 37819     3  1130 10773    
11131 WAT  37820 37822     3  1131 10774    
11132 WAT  37823 37825     3  1132 10775    
11133 WAT  37826 37828     3  1133 10776    
11134 WAT  37829 37831     3  1134 10777    
11135 WAT  37832 37834     3  1135 10778    
11136 WAT  37835 37837     3  1136 10779    
11137 WAT  37838 37840     3  1137 10780    
11138 WAT  37841 37843     3  1138 10781    
11139 WAT  37844 37846     3  1139 10782    
11140 WAT  37847 37849     3  1140 10783    
11141 WAT  37850 37852     3  1141 10784    
11142 WAT  37853 37855     3  1142 10785    
11143 WAT  37856 37858     3  1143 10786    
11144 WAT  37859 37861     3  1144 10787    
11145 WAT  37862 37864     3  1145 10788    
11146 WAT  37865 37867     3  1146 10789    
11147 WAT  37868 37870     3  1147 10790    
11148 WAT  37871 37873     3  1148 10791    
11149 WAT  37874 37876     3  1149 10792    
11150 WAT  37877 37879     3  1150 10793    
11151 WAT  37880 37882     3  1151 10794    
11152 WAT  37883 37885     3  1152 10795    
11153 WAT  37886 37888     3  1153 10796    
11154 WAT  37889 37891     3  1154 10797    
11155 WAT  37892 37894     3  1155 10798    
11156 WAT  37895 37897     3  1156 10799    
11157 WAT  37898 37900     3  1157 10800    
11158 WAT  37901 37903     3  1158 10801    
11159 WAT  37904 37906     3  1159 10802    
11160 WAT  37907 37909     3  1160 10803    
11161 WAT  37910 37912     3  1161 10804    
11162 WAT  37913 37915     3  1162 10805    
11163 WAT  37916 37918     3  1163 10806    
11164 WAT  37919 37921     3  1164 10807    
11165 WAT  37922 37924     3  1165 10808    
11166 WAT  37925 37927     3  1166 10809    
11167 WAT  37928 37930     3  1167 10810    
11168 WAT  37931 37933     3  1168 10811    
11169 WAT  37934 37936     3  1169 10812    
11170 WAT  37937 37939     3  1170 10813    
11171 WAT  37940 37942     3  1171 10814    
11172 WAT  37943 37945     3  1172 10815    
11173 WAT  37946 37948     3  1173 10816    
11174 WAT  37949 37951     3  1174 10817    
11175 WAT  37952 37954     3  1175 10818    
11176 WAT  37955 37957     3  1176 10819    
11177 WAT  37958 37960     3  1177 10820    
11178 WAT  37961 37963     3  1178 10821    
11179 WAT  37964 37966     3  1179 10822    
11180 WAT  37967 37969     3  1180 10823    
11181 WAT  37970 37972     3  1181 10824    
11182 WAT  37973 37975     3  1182 10825    
11183 WAT  37976 37978     3  1183 10826    
11184 WAT  37979 37981     3  1184 10827    
11185 WAT  37982 37984     3  1185 10828    
11186 WAT  37985 37987     3  1186 10829    
11187 WAT  37988 37990     3  1187 10830    
11188 WAT  37991 37993     3  1188 10831    
11189 WAT  37994 37996     3  1189 10832    
11190 WAT  37997 37999     3  1190 10833    
11191 WAT  38000 38002     3  1191 10834    
11192 WAT  38003 38005     3  1192 10835    
11193 WAT  38006 38008     3  1193 10836    
11194 WAT  38009 38011     3  1194 10837    
11195 WAT  38012 38014     3  1195 10838    
11196 WAT  38015 38017     3  1196 10839    
11197 WAT  38018 38020     3  1197 10840    
11198 WAT  38021 38023     3  1198 10841    
11199 WAT  38024 38026     3  1199 10842    
11200 WAT  38027 38029     3  1200 10843    
11201 WAT  38030 38032     3  1201 10844    
11202 WAT  38033 38035     3  1202 10845    
11203 WAT  38036 38038     3  1203 10846    
11204 WAT  38039 38041     3  1204 10847    
11205 WAT  38042 38044     3  1205 10848    
11206 WAT  38045 38047     3  1206 10849    
11207 WAT  38048 38050     3  1207 10850    
11208 WAT  38051 38053     3  1208 10851    
11209 WAT  38054 38056     3  1209 10852    
11210 WAT  38057 38059     3  1210 10853    
11211 WAT  38060 38062     3  1211 10854    
11212 WAT  38063 38065     3  1212 10855    
11213 WAT  38066 38068     3  1213 10856    
11214 WAT  38069 38071     3  1214 10857    
11215 WAT  38072 38074     3  1215 10858    
11216 WAT  38075 38077     3  1216 10859    
11217 WAT  38078 38080     3  1217 10860    
11218 WAT  38081 38083     3  1218 10861    
11219 WAT  38084 38086     3  1219 10862    
11220 WAT  38087 38089     3  1220 10863    
11221 WAT  38090 38092     3  1221 10864    
11222 WAT  38093 38095     3  1222 10865    
11223 WAT  38096 38098     3  1223 10866    
11224 WAT  38099 38101     3  1224 10867    
11225 WAT  38102 38104     3  1225 10868    
11226 WAT  38105 38107     3  1226 10869    
11227 WAT  38108 38110     3  1227 10870    
11228 WAT  38111 38113     3  1228 10871    
11229 WAT  38114 38116     3  1229 10872    
11230 WAT  38117 38119     3  1230 10873    
11231 WAT  38120 38122     3  1231 10874    
11232 WAT  38123 38125     3  1232 10875    
11233 WAT  38126 38128     3  1233 10876    
11234 WAT  38129 38131     3  1234 10877    
11235 WAT  38132 38134     3  1235 10878    
11236 WAT  38135 38137     3  1236 10879    
11237 WAT  38138 38140     3  1237 10880    
11238 WAT  38141 38143     3  1238 10881    
11239 WAT  38144 38146     3  1239 10882    
11240 WAT  38147 38149     3  1240 10883    
11241 WAT  38150 38152     3  1241 10884    
11242 WAT  38153 38155     3  1242 10885    
11243 WAT  38156 38158     3  1243 10886    
11244 WAT  38159 38161     3  1244 10887    
11245 WAT  38162 38164     3  1245 10888    
11246 WAT  38165 38167     3  1246 10889    
11247 WAT  38168 38170     3  1247 10890    
11248 WAT  38171 38173     3  1248 10891    
11249 WAT  38174 38176     3  1249 10892    
11250 WAT  38177 38179     3  1250 10893    
11251 WAT  38180 38182     3  1251 10894    
11252 WAT  38183 38185     3  1252 10895    
11253 WAT  38186 38188     3  1253 10896    
11254 WAT  38189 38191     3  1254 10897    
11255 WAT  38192 38194     3  1255 10898    
11256 WAT  38195 38197     3  1256 10899    
11257 WAT  38198 38200     3  1257 10900    
11258 WAT  38201 38203     3  1258 10901    
11259 WAT  38204 38206     3  1259 10902    
11260 WAT  38207 38209     3  1260 10903    
11261 WAT  38210 38212     3  1261 10904    
11262 WAT  38213 38215     3  1262 10905    
11263 WAT  38216 38218     3  1263 10906    
11264 WAT  38219 38221     3  1264 10907    
11265 WAT  38222 38224     3  1265 10908    
11266 WAT  38225 38227     3  1266 10909    
11267 WAT  38228 38230     3  1267 10910    
11268 WAT  38231 38233     3  1268 10911    
11269 WAT  38234 38236     3  1269 10912    
11270 WAT  38237 38239     3  1270 10913    
11271 WAT  38240 38242     3  1271 10914    
11272 WAT  38243 38245     3  1272 10915    
11273 WAT  38246 38248     3  1273 10916    
11274 WAT  38249 38251     3  1274 10917    
11275 WAT  38252 38254     3  1275 10918    
11276 WAT  38255 38257     3  1276 10919    
11277 WAT  38258 38260     3  1277 10920    
11278 WAT  38261 38263     3  1278 10921    
11279 WAT  38264 38266     3  1279 10922    
11280 WAT  38267 38269     3  1280 10923    
11281 WAT  38270 38272     3  1281 10924    
11282 WAT  38273 38275     3  1282 10925    
11283 WAT  38276 38278     3  1283 10926    
11284 WAT  38279 38281     3  1284 10927    
11285 WAT  38282 38284     3  1285 10928    
11286 WAT  38285 38287     3  1286 10929    
11287 WAT  38288 38290     3  1287 10930    
11288 WAT  38291 38293     3  1288 10931    
11289 WAT  38294 38296     3  1289 10932    
11290 WAT  38297 38299     3  1290 10933    
11291 WAT  38300 38302     3  1291 10934    
11292 WAT  38303 38305     3  1292 10935    
11293 WAT  38306 38308     3  1293 10936    
11294 WAT  38309 38311     3  1294 10937    
11295 WAT  38312 38314     3  1295 10938    
11296 WAT  38315 38317     3  1296 10939    
11297 WAT  38318 38320     3  1297 10940    
11298 WAT  38321 38323     3  1298 10941    
11299 WAT  38324 38326     3  1299 10942    
11300 WAT  38327 38329     3  1300 10943    
11301 WAT  38330 38332     3  1301 10944    
11302 WAT  38333 38335     3  1302 10945    
11303 WAT  38336 38338     3  1303 10946    
11304 WAT  38339 38341     3  1304 10947    
11305 WAT  38342 38344     3  1305 10948    
11306 WAT  38345 38347     3  1306 10949    
11307 WAT  38348 38350     3  1307 10950    
11308 WAT  38351 38353     3  1308 10951    
11309 WAT  38354 38356     3  1309 10952    
11310 WAT  38357 38359     3  1310 10953    
11311 WAT  38360 38362     3  1311 10954    
11312 WAT  38363 38365     3  1312 10955    
11313 WAT  38366 38368     3  1313 10956    
11314 WAT  38369 38371     3  1314 10957    
11315 WAT  38372 38374     3  1315 10958    
11316 WAT  38375 38377     3  1316 10959    
11317 WAT  38378 38380     3  1317 10960    
11318 WAT  38381 38383     3  1318 10961    
11319 WAT  38384 38386     3  1319 10962    
11320 WAT  38387 38389     3  1320 10963    
11321 WAT  38390 38392     3  1321 10964    
11322 WAT  38393 38395     3  1322 10965    
11323 WAT  38396 38398     3  1323 10966    
11324 WAT  38399 38401     3  1324 10967    
11325 WAT  38402 38404     3  1325 10968    
11326 WAT  38405 38407     3  1326 10969    
11327 WAT  38408 38410     3  1327 10970    
11328 WAT  38411 38413     3  1328 10971    
11329 WAT  38414 38416     3  1329 10972    
11330 WAT  38417 38419     3  1330 10973    
11331 WAT  38420 38422     3  1331 10974    
11332 WAT  38423 38425     3  1332 10975    
11333 WAT  38426 38428     3  1333 10976    
11334 WAT  38429 38431     3  1334 10977    
11335 WAT  38432 38434     3  1335 10978    
11336 WAT  38435 38437     3  1336 10979    
11337 WAT  38438 38440     3  1337 10980    
11338 WAT  38441 38443     3  1338 10981    
11339 WAT  38444 38446     3  1339 10982    
11340 WAT  38447 38449     3  1340 10983    
11341 WAT  38450 38452     3  1341 10984    
11342 WAT  38453 38455     3  1342 10985    
11343 WAT  38456 38458     3  1343 10986    
11344 WAT  38459 38461     3  1344 10987    
11345 WAT  38462 38464     3  1345 10988    
11346 WAT  38465 38467     3  1346 10989    
11347 WAT  38468 38470     3  1347 10990    
11348 WAT  38471 38473     3  1348 10991    
11349 WAT  38474 38476     3  1349 10992    
11350 WAT  38477 38479     3  1350 10993    
11351 WAT  38480 38482     3  1351 10994    
11352 WAT  38483 38485     3  1352 10995    
11353 WAT  38486 38488     3  1353 10996    
11354 WAT  38489 38491     3  1354 10997    
11355 WAT  38492 38494     3  1355 10998    
11356 WAT  38495 38497     3  1356 10999    
11357 WAT  38498 38500     3  1357 11000    
11358 WAT  38501 38503     3  1358 11001    
11359 WAT  38504 38506     3  1359 11002    
11360 WAT  38507 38509     3  1360 11003    
11361 WAT  38510 38512     3  1361 11004    
11362 WAT  38513 38515     3  1362 11005    
11363 WAT  38516 38518     3  1363 11006    
11364 WAT  38519 38521     3  1364 11007    
11365 WAT  38522 38524     3  1365 11008    
11366 WAT  38525 38527     3  1366 11009    
11367 WAT  38528 38530     3  1367 11010    
11368 WAT  38531 38533     3  1368 11011    
11369 WAT  38534 38536     3  1369 11012    
11370 WAT  38537 38539     3  1370 11013    
11371 WAT  38540 38542     3  1371 11014    
11372 WAT  38543 38545     3  1372 11015    
11373 WAT  38546 38548     3  1373 11016    
11374 WAT  38549 38551     3  1374 11017    
11375 WAT  38552 38554     3  1375 11018    
11376 WAT  38555 38557     3  1376 11019    
11377 WAT  38558 38560     3  1377 11020    
11378 WAT  38561 38563     3  1378 11021    
11379 WAT  38564 38566     3  1379 11022    
11380 WAT  38567 38569     3  1380 11023    
11381 WAT  38570 38572     3  1381 11024    
11382 WAT  38573 38575     3  1382 11025    
11383 WAT  38576 38578     3  1383 11026    
11384 WAT  38579 38581     3  1384 11027    
11385 WAT  38582 38584     3  1385 11028    
11386 WAT  38585 38587     3  1386 11029    
11387 WAT  38588 38590     3  1387 11030    
11388 WAT  38591 38593     3  1388 11031    
11389 WAT  38594 38596     3  1389 11032    
11390 WAT  38597 38599     3  1390 11033    
11391 WAT  38600 38602     3  1391 11034    
11392 WAT  38603 38605     3  1392 11035    
11393 WAT  38606 38608     3  1393 11036    
11394 WAT  38609 38611     3  1394 11037    
11395 WAT  38612 38614     3  1395 11038    
11396 WAT  38615 38617     3  1396 11039    
11397 WAT  38618 38620     3  1397 11040    
11398 WAT  38621 38623     3  1398 11041    
11399 WAT  38624 38626     3  1399 11042    
11400 WAT  38627 38629     3  1400 11043    
11401 WAT  38630 38632     3  1401 11044    
11402 WAT  38633 38635     3  1402 11045    
11403 WAT  38636 38638     3  1403 11046    
11404 WAT  38639 38641     3  1404 11047    
11405 WAT  38642 38644     3  1405 11048    
11406 WAT  38645 38647     3  1406 11049    
11407 WAT  38648 38650     3  1407 11050    
11408 WAT  38651 38653     3  1408 11051    
11409 WAT  38654 38656     3  1409 11052    
11410 WAT  38657 38659     3  1410 11053    
11411 WAT  38660 38662     3  1411 11054    
11412 WAT  38663 38665     3  1412 11055    
11413 WAT  38666 38668     3  1413 11056    
11414 WAT  38669 38671     3  1414 11057    
11415 WAT  38672 38674     3  1415 11058    
11416 WAT  38675 38677     3  1416 11059    
11417 WAT  38678 38680     3  1417 11060    
11418 WAT  38681 38683     3  1418 11061    
11419 WAT  38684 38686     3  1419 11062    
11420 WAT  38687 38689     3  1420 11063    
11421 WAT  38690 38692     3  1421 11064    
11422 WAT  38693 38695     3  1422 11065    
11423 WAT  38696 38698     3  1423 11066    
11424 WAT  38699 38701     3  1424 11067    
11425 WAT  38702 38704     3  1425 11068    
11426 WAT  38705 38707     3  1426 11069    
11427 WAT  38708 38710     3  1427 11070    
11428 WAT  38711 38713     3  1428 11071    
11429 WAT  38714 38716     3  1429 11072    
11430 WAT  38717 38719     3  1430 11073    
11431 WAT  38720 38722     3  1431 11074    
11432 WAT  38723 38725     3  1432 11075    
11433 WAT  38726 38728     3  1433 11076    
11434 WAT  38729 38731     3  1434 11077    
11435 WAT  38732 38734     3  1435 11078    
11436 WAT  38735 38737     3  1436 11079    
11437 WAT  38738 38740     3  1437 11080    
11438 WAT  38741 38743     3  1438 11081    
11439 WAT  38744 38746     3  1439 11082    
11440 WAT  38747 38749     3  1440 11083    
11441 WAT  38750 38752     3  1441 11084    
11442 WAT  38753 38755     3  1442 11085    
11443 WAT  38756 38758     3  1443 11086    
11444 WAT  38759 38761     3  1444 11087    
11445 WAT  38762 38764     3  1445 11088    
11446 WAT  38765 38767     3  1446 11089    
11447 WAT  38768 38770     3  1447 11090    
11448 WAT  38771 38773     3  1448 11091    
11449 WAT  38774 38776     3  1449 11092    
11450 WAT  38777 38779     3  1450 11093    
11451 WAT  38780 38782     3  1451 11094    
11452 WAT  38783 38785     3  1452 11095    
11453 WAT  38786 38788     3  1453 11096    
11454 WAT  38789 38791     3  1454 11097    
11455 WAT  38792 38794     3  1455 11098    
11456 WAT  38795 38797     3  1456 11099    
11457 WAT  38798 38800     3  1457 11100    
11458 WAT  38801 38803     3  1458 11101    
11459 WAT  38804 38806     3  1459 11102    
11460 WAT  38807 38809     3  1460 11103    
11461 WAT  38810 38812     3  1461 11104    
11462 WAT  38813 38815     3  1462 11105    
11463 WAT  38816 38818     3  1463 11106    
11464 WAT  38819 38821     3  1464 11107    
11465 WAT  38822 38824     3  1465 11108    
11466 WAT  38825 38827     3  1466 11109    
11467 WAT  38828 38830     3  1467 11110    
11468 WAT  38831 38833     3  1468 11111    
11469 WAT  38834 38836     3  1469 11112    
11470 WAT  38837 38839     3  1470 11113    
11471 WAT  38840 38842     3  1471 11114    
11472 WAT  38843 38845     3  1472 11115    
11473 WAT  38846 38848     3  1473 11116    
11474 WAT  38849 38851     3  1474 11117    
11475 WAT  38852 38854     3  1475 11118    
11476 WAT  38855 38857     3  1476 11119    
11477 WAT  38858 38860     3  1477 11120    
11478 WAT  38861 38863     3  1478 11121    
11479 WAT  38864 38866     3  1479 11122    
11480 WAT  38867 38869     3  1480 11123    
11481 WAT  38870 38872     3  1481 11124    
11482 WAT  38873 38875     3  1482 11125    
11483 WAT  38876 38878     3  1483 11126    
11484 WAT  38879 38881     3  1484 11127    
11485 WAT  38882 38884     3  1485 11128    
11486 WAT  38885 38887     3  1486 11129    
11487 WAT  38888 38890     3  1487 11130    
11488 WAT  38891 38893     3  1488 11131    
11489 WAT  38894 38896     3  1489 11132    
11490 WAT  38897 38899     3  1490 11133    
11491 WAT  38900 38902     3  1491 11134    
11492 WAT  38903 38905     3  1492 11135    
11493 WAT  38906 38908     3  1493 11136    
11494 WAT  38909 38911     3  1494 11137    
11495 WAT  38912 38914     3  1495 11138    
11496 WAT  38915 38917     3  1496 11139    
11497 WAT  38918 38920     3  1497 11140    
11498 WAT  38921 38923     3  1498 11141    
11499 WAT  38924 38926     3  1499 11142    
11500 WAT  38927 38929     3  1500 11143    
11501 WAT  38930 38932     3  1501 11144    
11502 WAT  38933 38935     3  1502 11145    
11503 WAT  38936 38938     3  1503 11146    
11504 WAT  38939 38941     3  1504 11147    
11505 WAT  38942 38944     3  1505 11148    
11506 WAT  38945 38947     3  1506 11149    
11507 WAT  38948 38950     3  1507 11150    
11508 WAT  38951 38953     3  1508 11151    
11509 WAT  38954 38956     3  1509 11152    
11510 WAT  38957 38959     3  1510 11153    
11511 WAT  38960 38962     3  1511 11154    
11512 WAT  38963 38965     3  1512 11155    
11513 WAT  38966 38968     3  1513 11156    
11514 WAT  38969 38971     3  1514 11157    
11515 WAT  38972 38974     3  1515 11158    
11516 WAT  38975 38977     3  1516 11159    
11517 WAT  38978 38980     3  1517 11160    
11518 WAT  38981 38983     3  1518 11161    
11519 WAT  38984 38986     3  1519 11162    
11520 WAT  38987 38989     3  1520 11163    
11521 WAT  38990 38992     3  1521 11164    
11522 WAT  38993 38995     3  1522 11165    
11523 WAT  38996 38998     3  1523 11166    
11524 WAT  38999 39001     3  1524 11167    
11525 WAT  39002 39004     3  1525 11168    
11526 WAT  39005 39007     3  1526 11169    
11527 WAT  39008 39010     3  1527 11170    
11528 WAT  39011 39013     3  1528 11171    
11529 WAT  39014 39016     3  1529 11172    
11530 WAT  39017 39019     3  1530 11173    
11531 WAT  39020 39022     3  1531 11174    
11532 WAT  39023 39025     3  1532 11175    
11533 WAT  39026 39028     3  1533 11176    
11534 WAT  39029 39031     3  1534 11177    
11535 WAT  39032 39034     3  1535 11178    
11536 WAT  39035 39037     3  1536 11179    
11537 WAT  39038 39040     3  1537 11180    
11538 WAT  39041 39043     3  1538 11181    
11539 WAT  39044 39046     3  1539 11182    
11540 WAT  39047 39049     3  1540 11183    
11541 WAT  39050 39052     3  1541 11184    
11542 WAT  39053 39055     3  1542 11185    
11543 WAT  39056 39058     3  1543 11186    
11544 WAT  39059 39061     3  1544 11187    
11545 WAT  39062 39064     3  1545 11188    
11546 WAT  39065 39067     3  1546 11189    
11547 WAT  39068 39070     3  1547 11190    
11548 WAT  39071 39073     3  1548 11191    
11549 WAT  39074 39076     3  1549 11192    
11550 WAT  39077 39079     3  1550 11193    
11551 WAT  39080 39082     3  1551 11194    
11552 WAT  39083 39085     3  1552 11195    
11553 WAT  39086 39088     3  1553 11196    
11554 WAT  39089 39091     3  1554 11197    
11555 WAT  39092 39094     3  1555 11198    
11556 WAT  39095 39097     3  1556 11199    
11557 WAT  39098 39100     3  1557 11200    
11558 WAT  39101 39103     3  1558 11201    
11559 WAT  39104 39106     3  1559 11202    
11560 WAT  39107 39109     3  1560 11203    
11561 WAT  39110 39112     3  1561 11204    
11562 WAT  39113 39115     3  1562 11205    
11563 WAT  39116 39118     3  1563 11206    
11564 WAT  39119 39121     3  1564 11207    
11565 WAT  39122 39124     3  1565 11208    
11566 WAT  39125 39127     3  1566 11209    
11567 WAT  39128 39130     3  1567 11210    
11568 WAT  39131 39133     3  1568 11211    
11569 WAT  39134 39136     3  1569 11212    
11570 WAT  39137 39139     3  1570 11213    
11571 WAT  39140 39142     3  1571 11214    
11572 WAT  39143 39145     3  1572 11215    
11573 WAT  39146 39148     3  1573 11216    
11574 WAT  39149 39151     3  1574 11217    
11575 WAT  39152 39154     3  1575 11218    
11576 WAT  39155 39157     3  1576 11219    
11577 WAT  39158 39160     3  1577 11220    
11578 WAT  39161 39163     3  1578 11221    
11579 WAT  39164 39166     3  1579 11222    
11580 WAT  39167 39169     3  1580 11223    
11581 WAT  39170 39172     3  1581 11224    
11582 WAT  39173 39175     3  1582 11225    
11583 WAT  39176 39178     3  1583 11226    
11584 WAT  39179 39181     3  1584 11227    
11585 WAT  39182 39184     3  1585 11228    
11586 WAT  39185 39187     3  1586 11229    
11587 WAT  39188 39190     3  1587 11230    
11588 WAT  39191 39193     3  1588 11231    
11589 WAT  39194 39196     3  1589 11232    
11590 WAT  39197 39199     3  1590 11233    
11591 WAT  39200 39202     3  1591 11234    
11592 WAT  39203 39205     3  1592 11235    
11593 WAT  39206 39208     3  1593 11236    
11594 WAT  39209 39211     3  1594 11237    
11595 WAT  39212 39214     3  1595 11238    
11596 WAT  39215 39217     3  1596 11239    
11597 WAT  39218 39220     3  1597 11240    
11598 WAT  39221 39223     3  1598 11241    
11599 WAT  39224 39226     3  1599 11242    
11600 WAT  39227 39229     3  1600 11243    
11601 WAT  39230 39232     3  1601 11244    
11602 WAT  39233 39235     3  1602 11245    
11603 WAT  39236 39238     3  1603 11246    
11604 WAT  39239 39241     3  1604 11247    
11605 WAT  39242 39244     3  1605 11248    
11606 WAT  39245 39247     3  1606 11249    
11607 WAT  39248 39250     3  1607 11250    
11608 WAT  39251 39253     3  1608 11251    
11609 WAT  39254 39256     3  1609 11252    
11610 WAT  39257 39259     3  1610 11253    
11611 WAT  39260 39262     3  1611 11254    
11612 WAT  39263 39265     3  1612 11255    
11613 WAT  39266 39268     3  1613 11256    
11614 WAT  39269 39271     3  1614 11257    
11615 WAT  39272 39274     3  1615 11258    
11616 WAT  39275 39277     3  1616 11259    
11617 WAT  39278 39280     3  1617 11260    
11618 WAT  39281 39283     3  1618 11261    
11619 WAT  39284 39286     3  1619 11262    
11620 WAT  39287 39289     3  1620 11263    
11621 WAT  39290 39292     3  1621 11264    
11622 WAT  39293 39295     3  1622 11265    
11623 WAT  39296 39298     3  1623 11266    
11624 WAT  39299 39301     3  1624 11267    
11625 WAT  39302 39304     3  1625 11268    
11626 WAT  39305 39307     3  1626 11269    
11627 WAT  39308 39310     3  1627 11270    
11628 WAT  39311 39313     3  1628 11271    
11629 WAT  39314 39316     3  1629 11272    
11630 WAT  39317 39319     3  1630 11273    
11631 WAT  39320 39322     3  1631 11274    
11632 WAT  39323 39325     3  1632 11275    
11633 WAT  39326 39328     3  1633 11276    
11634 WAT  39329 39331     3  1634 11277    
11635 WAT  39332 39334     3  1635 11278    
11636 WAT  39335 39337     3  1636 11279    
11637 WAT  39338 39340     3  1637 11280    
11638 WAT  39341 39343     3  1638 11281    
11639 WAT  39344 39346     3  1639 11282    
11640 WAT  39347 39349     3  1640 11283    
11641 WAT  39350 39352     3  1641 11284    
11642 WAT  39353 39355     3  1642 11285    
11643 WAT  39356 39358     3  1643 11286    
11644 WAT  39359 39361     3  1644 11287    
11645 WAT  39362 39364     3  1645 11288    
11646 WAT  39365 39367     3  1646 11289    
11647 WAT  39368 39370     3  1647 11290    
11648 WAT  39371 39373     3  1648 11291    
11649 WAT  39374 39376     3  1649 11292    
11650 WAT  39377 39379     3  1650 11293    
11651 WAT  39380 39382     3  1651 11294    
11652 WAT  39383 39385     3  1652 11295    
11653 WAT  39386 39388     3  1653 11296    
11654 WAT  39389 39391     3  1654 11297    
11655 WAT  39392 39394     3  1655 11298    
11656 WAT  39395 39397     3  1656 11299    
11657 WAT  39398 39400     3  1657 11300    
11658 WAT  39401 39403     3  1658 11301    
11659 WAT  39404 39406     3  1659 11302    
11660 WAT  39407 39409     3  1660 11303    
11661 WAT  39410 39412     3  1661 11304    
11662 WAT  39413 39415     3  1662 11305    
11663 WAT  39416 39418     3  1663 11306    
11664 WAT  39419 39421     3  1664 11307    
11665 WAT  39422 39424     3  1665 11308    
11666 WAT  39425 39427     3  1666 11309    
11667 WAT  39428 39430     3  1667 11310    
11668 WAT  39431 39433     3  1668 11311    
11669 WAT  39434 39436     3  1669 11312    
11670 WAT  39437 39439     3  1670 11313    
11671 WAT  39440 39442     3  1671 11314    
11672 WAT  39443 39445     3  1672 11315    
11673 WAT  39446 39448     3  1673 11316    
11674 WAT  39449 39451     3  1674 11317    
11675 WAT  39452 39454     3  1675 11318    
11676 WAT  39455 39457     3  1676 11319    
11677 WAT  39458 39460     3  1677 11320    
11678 WAT  39461 39463     3  1678 11321    
11679 WAT  39464 39466     3  1679 11322    
11680 WAT  39467 39469     3  1680 11323    
11681 WAT  39470 39472     3  1681 11324    
11682 WAT  39473 39475     3  1682 11325    
11683 WAT  39476 39478     3  1683 11326    
11684 WAT  39479 39481     3  1684 11327    
11685 WAT  39482 39484     3  1685 11328    
11686 WAT  39485 39487     3  1686 11329    
11687 WAT  39488 39490     3  1687 11330    
11688 WAT  39491 39493     3  1688 11331    
11689 WAT  39494 39496     3  1689 11332    
11690 WAT  39497 39499     3  1690 11333    
11691 WAT  39500 39502     3  1691 11334    
11692 WAT  39503 39505     3  1692 11335    
11693 WAT  39506 39508     3  1693 11336    
11694 WAT  39509 39511     3  1694 11337    
11695 WAT  39512 39514     3  1695 11338    
11696 WAT  39515 39517     3  1696 11339    
11697 WAT  39518 39520     3  1697 11340    
11698 WAT  39521 39523     3  1698 11341    
11699 WAT  39524 39526     3  1699 11342    
11700 WAT  39527 39529     3  1700 11343    
11701 WAT  39530 39532     3  1701 11344    
11702 WAT  39533 39535     3  1702 11345    
11703 WAT  39536 39538     3  1703 11346    
11704 WAT  39539 39541     3  1704 11347    
11705 WAT  39542 39544     3  1705 11348    
11706 WAT  39545 39547     3  1706 11349    
11707 WAT  39548 39550     3  1707 11350    
11708 WAT  39551 39553     3  1708 11351    
11709 WAT  39554 39556     3  1709 11352    
11710 WAT  39557 39559     3  1710 11353    
11711 WAT  39560 39562     3  1711 11354    
11712 WAT  39563 39565     3  1712 11355    
11713 WAT  39566 39568     3  1713 11356    
11714 WAT  39569 39571     3  1714 11357    
11715 WAT  39572 39574     3  1715 11358    
11716 WAT  39575 39577     3  1716 11359    
11717 WAT  39578 39580     3  1717 11360    
11718 WAT  39581 39583     3  1718 11361    
11719 WAT  39584 39586     3  1719 11362    
11720 WAT  39587 39589     3  1720 11363    
11721 WAT  39590 39592     3  1721 11364    
11722 WAT  39593 39595     3  1722 11365    
11723 WAT  39596 39598     3  1723 11366    
11724 WAT  39599 39601     3  1724 11367    
11725 WAT  39602 39604     3  1725 11368    
11726 WAT  39605 39607     3  1726 11369    
11727 WAT  39608 39610     3  1727 11370    
11728 WAT  39611 39613     3  1728 11371    
11729 WAT  39614 39616     3  1729 11372    
11730 WAT  39617 39619     3  1730 11373    
11731 WAT  39620 39622     3  1731 11374    
11732 WAT  39623 39625     3  1732 11375    
11733 WAT  39626 39628     3  1733 11376    
11734 WAT  39629 39631     3  1734 11377    
11735 WAT  39632 39634     3  1735 11378    
11736 WAT  39635 39637     3  1736 11379    
11737 WAT  39638 39640     3  1737 11380    
11738 WAT  39641 39643     3  1738 11381    
11739 WAT  39644 39646     3  1739 11382    
11740 WAT  39647 39649     3  1740 11383    
11741 WAT  39650 39652     3  1741 11384    
11742 WAT  39653 39655     3  1742 11385    
11743 WAT  39656 39658     3  1743 11386    
11744 WAT  39659 39661     3  1744 11387    
11745 WAT  39662 39664     3  1745 11388    
11746 WAT  39665 39667     3  1746 11389    
11747 WAT  39668 39670     3  1747 11390    
11748 WAT  39671 39673     3  1748 11391    
11749 WAT  39674 39676     3  1749 11392    
11750 WAT  39677 39679     3  1750 11393    
11751 WAT  39680 39682     3  1751 11394    
11752 WAT  39683 39685     3  1752 11395    
11753 WAT  39686 39688     3  1753 11396    
11754 WAT  39689 39691     3  1754 11397    
11755 WAT  39692 39694     3  1755 11398    
11756 WAT  39695 39697     3  1756 11399    
11757 WAT  39698 39700     3  1757 11400    
11758 WAT  39701 39703     3  1758 11401    
11759 WAT  39704 39706     3  1759 11402    
11760 WAT  39707 39709     3  1760 11403    
11761 WAT  39710 39712     3  1761 11404    
11762 WAT  39713 39715     3  1762 11405    
11763 WAT  39716 39718     3  1763 11406    
11764 WAT  39719 39721     3  1764 11407    
11765 WAT  39722 39724     3  1765 11408    
11766 WAT  39725 39727     3  1766 11409    
11767 WAT  39728 39730     3  1767 11410    
11768 WAT  39731 39733     3  1768 11411    
11769 WAT  39734 39736     3  1769 11412    
11770 WAT  39737 39739     3  1770 11413    
11771 WAT  39740 39742     3  1771 11414    
11772 WAT  39743 39745     3  1772 11415    
11773 WAT  39746 39748     3  1773 11416    
11774 WAT  39749 39751     3  1774 11417    
11775 WAT  39752 39754     3  1775 11418    
11776 WAT  39755 39757     3  1776 11419    
11777 WAT  39758 39760     3  1777 11420    
11778 WAT  39761 39763     3  1778 11421    
11779 WAT  39764 39766     3  1779 11422    
11780 WAT  39767 39769     3  1780 11423    
11781 WAT  39770 39772     3  1781 11424    
11782 WAT  39773 39775     3  1782 11425    
11783 WAT  39776 39778     3  1783 11426    
11784 WAT  39779 39781     3  1784 11427    
11785 WAT  39782 39784     3  1785 11428    
11786 WAT  39785 39787     3  1786 11429    
11787 WAT  39788 39790     3  1787 11430    
11788 WAT  39791 39793     3  1788 11431    
11789 WAT  39794 39796     3  1789 11432    
11790 WAT  39797 39799     3  1790 11433    
11791 WAT  39800 39802     3  1791 11434    
11792 WAT  39803 39805     3  1792 11435    
11793 WAT  39806 39808     3  1793 11436    
11794 WAT  39809 39811     3  1794 11437    
11795 WAT  39812 39814     3  1795 11438    
11796 WAT  39815 39817     3  1796 11439    
11797 WAT  39818 39820     3  1797 11440    
11798 WAT  39821 39823     3  1798 11441    
11799 WAT  39824 39826     3  1799 11442    
11800 WAT  39827 39829     3  1800 11443    
11801 WAT  39830 39832     3  1801 11444    
11802 WAT  39833 39835     3  1802 11445    
11803 WAT  39836 39838     3  1803 11446    
11804 WAT  39839 39841     3  1804 11447    
11805 WAT  39842 39844     3  1805 11448    
11806 WAT  39845 39847     3  1806 11449    
11807 WAT  39848 39850     3  1807 11450    
11808 WAT  39851 39853     3  1808 11451    
11809 WAT  39854 39856     3  1809 11452    
11810 WAT  39857 39859     3  1810 11453    
11811 WAT  39860 39862     3  1811 11454    
11812 WAT  39863 39865     3  1812 11455    
11813 WAT  39866 39868     3  1813 11456    
11814 WAT  39869 39871     3  1814 11457    
11815 WAT  39872 39874     3  1815 11458    
11816 WAT  39875 39877     3  1816 11459    
11817 WAT  39878 39880     3  1817 11460    
11818 WAT  39881 39883     3  1818 11461    
11819 WAT  39884 39886     3  1819 11462    
11820 WAT  39887 39889     3  1820 11463    
11821 WAT  39890 39892     3  1821 11464    
11822 WAT  39893 39895     3  1822 11465    
11823 WAT  39896 39898     3  1823 11466    
11824 WAT  39899 39901     3  1824 11467    
11825 WAT  39902 39904     3  1825 11468    
11826 WAT  39905 39907     3  1826 11469    
11827 WAT  39908 39910     3  1827 11470    
11828 WAT  39911 39913     3  1828 11471    
11829 WAT  39914 39916     3  1829 11472    
11830 WAT  39917 39919     3  1830 11473    
11831 WAT  39920 39922     3  1831 11474    
11832 WAT  39923 39925     3  1832 11475    
11833 WAT  39926 39928     3  1833 11476    
11834 WAT  39929 39931     3  1834 11477    
11835 WAT  39932 39934     3  1835 11478    
11836 WAT  39935 39937     3  1836 11479    
11837 WAT  39938 39940     3  1837 11480    
11838 WAT  39941 39943     3  1838 11481    
11839 WAT  39944 39946     3  1839 11482    
11840 WAT  39947 39949     3  1840 11483    
11841 WAT  39950 39952     3  1841 11484    
11842 WAT  39953 39955     3  1842 11485    
11843 WAT  39956 39958     3  1843 11486    
11844 WAT  39959 39961     3  1844 11487    
11845 WAT  39962 39964     3  1845 11488    
11846 WAT  39965 39967     3  1846 11489    
11847 WAT  39968 39970     3  1847 11490    
11848 WAT  39971 39973     3  1848 11491    
11849 WAT  39974 39976     3  1849 11492    
11850 WAT  39977 39979     3  1850 11493    
11851 WAT  39980 39982     3  1851 11494    
11852 WAT  39983 39985     3  1852 11495    
11853 WAT  39986 39988     3  1853 11496    
11854 WAT  39989 39991     3  1854 11497    
11855 WAT  39992 39994     3  1855 11498    
11856 WAT  39995 39997     3  1856 11499    
11857 WAT  39998 40000     3  1857 11500    
11858 WAT  40001 40003     3  1858 11501    
11859 WAT  40004 40006     3  1859 11502    
11860 WAT  40007 40009     3  1860 11503    
11861 WAT  40010 40012     3  1861 11504    
11862 WAT  40013 40015     3  1862 11505    
11863 WAT  40016 40018     3  1863 11506    
11864 WAT  40019 40021     3  1864 11507    
11865 WAT  40022 40024     3  1865 11508    
11866 WAT  40025 40027     3  1866 11509    
11867 WAT  40028 40030     3  1867 11510    
11868 WAT  40031 40033     3  1868 11511    
11869 WAT  40034 40036     3  1869 11512    
11870 WAT  40037 40039     3  1870 11513    
11871 WAT  40040 40042     3  1871 11514    
11872 WAT  40043 40045     3  1872 11515    
11873 WAT  40046 40048     3  1873 11516    
11874 WAT  40049 40051     3  1874 11517    
11875 WAT  40052 40054     3  1875 11518    
11876 WAT  40055 40057     3  1876 11519    
11877 WAT  40058 40060     3  1877 11520    
11878 WAT  40061 40063     3  1878 11521    
11879 WAT  40064 40066     3  1879 11522    
11880 WAT  40067 40069     3  1880 11523    
11881 WAT  40070 40072     3  1881 11524    
11882 WAT  40073 40075     3  1882 11525    
11883 WAT  40076 40078     3  1883 11526    
11884 WAT  40079 40081     3  1884 11527    
11885 WAT  40082 40084     3  1885 11528    
11886 WAT  40085 40087     3  1886 11529    
11887 WAT  40088 40090     3  1887 11530    
11888 WAT  40091 40093     3  1888 11531    
11889 WAT  40094 40096     3  1889 11532    
11890 WAT  40097 40099     3  1890 11533    
11891 WAT  40100 40102     3  1891 11534    
11892 WAT  40103 40105     3  1892 11535    
11893 WAT  40106 40108     3  1893 11536    
11894 WAT  40109 40111     3  1894 11537    
11895 WAT  40112 40114     3  1895 11538    
11896 WAT  40115 40117     3  1896 11539    
11897 WAT  40118 40120     3  1897 11540    
11898 WAT  40121 40123     3  1898 11541    
11899 WAT  40124 40126     3  1899 11542    
11900 WAT  40127 40129     3  1900 11543    
11901 WAT  40130 40132     3  1901 11544    
11902 WAT  40133 40135     3  1902 11545    
11903 WAT  40136 40138     3  1903 11546    
11904 WAT  40139 40141     3  1904 11547    
11905 WAT  40142 40144     3  1905 11548    
11906 WAT  40145 40147     3  1906 11549    
11907 WAT  40148 40150     3  1907 11550    
11908 WAT  40151 40153     3  1908 11551    
11909 WAT  40154 40156     3  1909 11552    
11910 WAT  40157 40159     3  1910 11553    
11911 WAT  40160 40162     3  1911 11554    
11912 WAT  40163 40165     3  1912 11555    
11913 WAT  40166 40168     3  1913 11556    
11914 WAT  40169 40171     3  1914 11557    
11915 WAT  40172 40174     3  1915 11558    
11916 WAT  40175 40177     3  1916 11559    
11917 WAT  40178 40180     3  1917 11560    
11918 WAT  40181 40183     3  1918 11561    
11919 WAT  40184 40186     3  1919 11562    
11920 WAT  40187 40189     3  1920 11563    
11921 WAT  40190 40192     3  1921 11564    
11922 WAT  40193 40195     3  1922 11565    
11923 WAT  40196 40198     3  1923 11566    
11924 WAT  40199 40201     3  1924 11567    
11925 WAT  40202 40204     3  1925 11568    
11926 WAT  40205 40207     3  1926 11569    
11927 WAT  40208 40210     3  1927 11570    
11928 WAT  40211 40213     3  1928 11571    
11929 WAT  40214 40216     3  1929 11572    
11930 WAT  40217 40219     3  1930 11573    
11931 WAT  40220 40222     3  1931 11574    
11932 WAT  40223 40225     3  1932 11575    
11933 WAT  40226 40228     3  1933 11576    
11934 WAT  40229 40231     3  1934 11577    
11935 WAT  40232 40234     3  1935 11578    
11936 WAT  40235 40237     3  1936 11579    
11937 WAT  40238 40240     3  1937 11580    
11938 WAT  40241 40243     3  1938 11581    
11939 WAT  40244 40246     3  1939 11582    
11940 WAT  40247 40249     3  1940 11583    
11941 WAT  40250 40252     3  1941 11584    
11942 WAT  40253 40255     3  1942 11585    
11943 WAT  40256 40258     3  1943 11586    
11944 WAT  40259 40261     3  1944 11587    
11945 WAT  40262 40264     3  1945 11588    
11946 WAT  40265 40267     3  1946 11589    
11947 WAT  40268 40270     3  1947 11590    
11948 WAT  40271 40273     3  1948 11591    
11949 WAT  40274 40276     3  1949 11592    
11950 WAT  40277 40279     3  1950 11593    
11951 WAT  40280 40282     3  1951 11594    
11952 WAT  40283 40285     3  1952 11595    
11953 WAT  40286 40288     3  1953 11596    
11954 WAT  40289 40291     3  1954 11597    
11955 WAT  40292 40294     3  1955 11598    
11956 WAT  40295 40297     3  1956 11599    
11957 WAT  40298 40300     3  1957 11600    
11958 WAT  40301 40303     3  1958 11601    
11959 WAT  40304 40306     3  1959 11602    
11960 WAT  40307 40309     3  1960 11603    
11961 WAT  40310 40312     3  1961 11604    
11962 WAT  40313 40315     3  1962 11605    
11963 WAT  40316 40318     3  1963 11606    
11964 WAT  40319 40321     3  1964 11607    
11965 WAT  40322 40324     3  1965 11608    
11966 WAT  40325 40327     3  1966 11609    
11967 WAT  40328 40330     3  1967 11610    
11968 WAT  40331 40333     3  1968 11611    
11969 WAT  40334 40336     3  1969 11612    
11970 WAT  40337 40339     3  1970 11613    
11971 WAT  40340 40342     3  1971 11614    
11972 WAT  40343 40345     3  1972 11615    
11973 WAT  40346 40348     3  1973 11616    
11974 WAT  40349 40351     3  1974 11617    
11975 WAT  40352 40354     3  1975 11618    
11976 WAT  40355 40357     3  1976 11619    
11977 WAT  40358 40360     3  1977 11620    
11978 WAT  40361 40363     3  1978 11621    
11979 WAT  40364 40366     3  1979 11622    
11980 WAT  40367 40369     3  1980 11623    
11981 WAT  40370 40372     3  1981 11624    
11982 WAT  40373 40375     3  1982 11625    
11983 WAT  40376 40378     3  1983 11626    
11984 WAT  40379 40381     3  1984 11627    
11985 WAT  40382 40384     3  1985 11628    
11986 WAT  40385 40387     3  1986 11629    
11987 WAT  40388 40390     3  1987 11630    
11988 WAT  40391 40393     3  1988 11631    
11989 WAT  40394 40396     3  1989 11632    
11990 WAT  40397 40399     3  1990 11633    
11991 WAT  40400 40402     3  1991 11634    
11992 WAT  40403 40405     3  1992 11635    
11993 WAT  40406 40408     3  1993 11636    
11994 WAT  40409 40411     3  1994 11637    
11995 WAT  40412 40414     3  1995 11638    
11996 WAT  40415 40417     3  1996 11639    
11997 WAT  40418 40420     3  1997 11640    
11998 WAT  40421 40423     3  1998 11641    
11999 WAT  40424 40426     3  1999 11642    
12000 WAT  40427 40429     3  2000 11643    
12001 WAT  40430 40432     3  2001 11644    
12002 WAT  40433 40435     3  2002 11645    
12003 WAT  40436 40438     3  2003 11646    
12004 WAT  40439 40441     3  2004 11647    
12005 WAT  40442 40444     3  2005 11648    
12006 WAT  40445 40447     3  2006 11649    
12007 WAT  40448 40450     3  2007 11650    
12008 WAT  40451 40453     3  2008 11651    
12009 WAT  40454 40456     3  2009 11652    
12010 WAT  40457 40459     3  2010 11653    
12011 WAT  40460 40462     3  2011 11654    
12012 WAT  40463 40465     3  2012 11655    
12013 WAT  40466 40468     3  2013 11656    
12014 WAT  40469 40471     3  2014 11657    
12015 WAT  40472 40474     3  2015 11658    
12016 WAT  40475 40477     3  2016 11659    
12017 WAT  40478 40480     3  2017 11660    
12018 WAT  40481 40483     3  2018 11661    
12019 WAT  40484 40486     3  2019 11662    
12020 WAT  40487 40489     3  2020 11663    
12021 WAT  40490 40492     3  2021 11664    
12022 WAT  40493 40495     3  2022 11665    
12023 WAT  40496 40498     3  2023 11666    
12024 WAT  40499 40501     3  2024 11667    
12025 WAT  40502 40504     3  2025 11668    
12026 WAT  40505 40507     3  2026 11669    
12027 WAT  40508 40510     3  2027 11670    
12028 WAT  40511 40513     3  2028 11671    
12029 WAT  40514 40516     3  2029 11672    
12030 WAT  40517 40519     3  2030 11673    
12031 WAT  40520 40522     3  2031 11674    
12032 WAT  40523 40525     3  2032 11675    
12033 WAT  40526 40528     3  2033 11676    
12034 WAT  40529 40531     3  2034 11677    
12035 WAT  40532 40534     3  2035 11678    
12036 WAT  40535 40537     3  2036 11679    
12037 WAT  40538 40540     3  2037 11680    
12038 WAT  40541 40543     3  2038 11681    
12039 WAT  40544 40546     3  2039 11682    
12040 WAT  40547 40549     3  2040 11683    
12041 WAT  40550 40552     3  2041 11684    
12042 WAT  40553 40555     3  2042 11685    
12043 WAT  40556 40558     3  2043 11686    
12044 WAT  40559 40561     3  2044 11687    
12045 WAT  40562 40564     3  2045 11688    
12046 WAT  40565 40567     3  2046 11689    
12047 WAT  40568 40570     3  2047 11690    
12048 WAT  40571 40573     3  2048 11691    
12049 WAT  40574 40576     3  2049 11692    
12050 WAT  40577 40579     3  2050 11693    
12051 WAT  40580 40582     3  2051 11694    
12052 WAT  40583 40585     3  2052 11695    
12053 WAT  40586 40588     3  2053 11696    
12054 WAT  40589 40591     3  2054 11697    
12055 WAT  40592 40594     3  2055 11698    
12056 WAT  40595 40597     3  2056 11699    
12057 WAT  40598 40600     3  2057 11700    
12058 WAT  40601 40603     3  2058 11701    
12059 WAT  40604 40606     3  2059 11702    
12060 WAT  40607 40609     3  2060 11703    
12061 WAT  40610 40612     3  2061 11704    
12062 WAT  40613 40615     3  2062 11705    
12063 WAT  40616 40618     3  2063 11706    
12064 WAT  40619 40621     3  2064 11707    
12065 WAT  40622 40624     3  2065 11708    
12066 WAT  40625 40627     3  2066 11709    
12067 WAT  40628 40630     3  2067 11710    
12068 WAT  40631 40633     3  2068 11711    
12069 WAT  40634 40636     3  2069 11712    
12070 WAT  40637 40639     3  2070 11713    
12071 WAT  40640 40642     3  2071 11714    
12072 WAT  40643 40645     3  2072 11715    
12073 WAT  40646 40648     3  2073 11716    
12074 WAT  40649 40651     3  2074 11717    
12075 WAT  40652 40654     3  2075 11718    
12076 WAT  40655 40657     3  2076 11719    
12077 WAT  40658 40660     3  2077 11720    
12078 WAT  40661 40663     3  2078 11721    
12079 WAT  40664 40666     3  2079 11722    
12080 WAT  40667 40669     3  2080 11723    
12081 WAT  40670 40672     3  2081 11724    
12082 WAT  40673 40675     3  2082 11725    
12083 WAT  40676 40678     3  2083 11726    
12084 WAT  40679 40681     3  2084 11727    
12085 WAT  40682 40684     3  2085 11728    
12086 WAT  40685 40687     3  2086 11729    
12087 WAT  40688 40690     3  2087 11730    
12088 WAT  40691 40693     3  2088 11731    
12089 WAT  40694 40696     3  2089 11732    
12090 WAT  40697 40699     3  2090 11733    
12091 WAT  40700 40702     3  2091 11734    
12092 WAT  40703 40705     3  2092 11735    
12093 WAT  40706 40708     3  2093 11736    
12094 WAT  40709 40711     3  2094 11737    
12095 WAT  40712 40714     3  2095 11738    
12096 WAT  40715 40717     3  2096 11739    
12097 WAT  40718 40720     3  2097 11740    
12098 WAT  40721 40723     3  2098 11741    
12099 WAT  40724 40726     3  2099 11742    
12100 WAT  40727 40729     3  2100 11743    
12101 WAT  40730 40732     3  2101 11744    
12102 WAT  40733 40735     3  2102 11745    
12103 WAT  40736 40738     3  2103 11746    
12104 WAT  40739 40741     3  2104 11747    
12105 WAT  40742 40744     3  2105 11748    
12106 WAT  40745 40747     3  2106 11749    
12107 WAT  40748 40750     3  2107 11750    
12108 WAT  40751 40753     3  2108 11751    
12109 WAT  40754 40756     3  2109 11752    
12110 WAT  40757 40759     3  2110 11753    
12111 WAT  40760 40762     3  2111 11754    
12112 WAT  40763 40765     3  2112 11755    
12113 WAT  40766 40768     3  2113 11756    
12114 WAT  40769 40771     3  2114 11757    
12115 WAT  40772 40774     3  2115 11758    
12116 WAT  40775 40777     3  2116 11759    
12117 WAT  40778 40780     3  2117 11760    
12118 WAT  40781 40783     3  2118 11761    
12119 WAT  40784 40786     3  2119 11762    
12120 WAT  40787 40789     3  2120 11763    
12121 WAT  40790 40792     3  2121 11764    
12122 WAT  40793 40795     3  2122 11765    
12123 WAT  40796 40798     3  2123 11766    
12124 WAT  40799 40801     3  2124 11767    
12125 WAT  40802 40804     3  2125 11768    
12126 WAT  40805 40807     3  2126 11769    
12127 WAT  40808 40810     3  2127 11770    
12128 WAT  40811 40813     3  2128 11771    
12129 WAT  40814 40816     3  2129 11772    
12130 WAT  40817 40819     3  2130 11773    
12131 WAT  40820 40822     3  2131 11774    
12132 WAT  40823 40825     3  2132 11775    
12133 WAT  40826 40828     3  2133 11776    
12134 WAT  40829 40831     3  2134 11777    
12135 WAT  40832 40834     3  2135 11778    
12136 WAT  40835 40837     3  2136 11779    
12137 WAT  40838 40840     3  2137 11780    
12138 WAT  40841 40843     3  2138 11781    
12139 WAT  40844 40846     3  2139 11782    
12140 WAT  40847 40849     3  2140 11783    
12141 WAT  40850 40852     3  2141 11784    
12142 WAT  40853 40855     3  2142 11785    
12143 WAT  40856 40858     3  2143 11786    
12144 WAT  40859 40861     3  2144 11787    
12145 WAT  40862 40864     3  2145 11788    
12146 WAT  40865 40867     3  2146 11789    
12147 WAT  40868 40870     3  2147 11790    
12148 WAT  40871 40873     3  2148 11791    
12149 WAT  40874 40876     3  2149 11792    
12150 WAT  40877 40879     3  2150 11793    
12151 WAT  40880 40882     3  2151 11794    
12152 WAT  40883 40885     3  2152 11795    
12153 WAT  40886 40888     3  2153 11796    
12154 WAT  40889 40891     3  2154 11797    
12155 WAT  40892 40894     3  2155 11798    
12156 WAT  40895 40897     3  2156 11799    
12157 WAT  40898 40900     3  2157 11800    
12158 WAT  40901 40903     3  2158 11801    
12159 WAT  40904 40906     3  2159 11802    
12160 WAT  40907 40909     3  2160 11803    
12161 WAT  40910 40912     3  2161 11804    
12162 WAT  40913 40915     3  2162 11805    
12163 WAT  40916 40918     3  2163 11806    
12164 WAT  40919 40921     3  2164 11807    
12165 WAT  40922 40924     3  2165 11808    
12166 WAT  40925 40927     3  2166 11809    
12167 WAT  40928 40930     3  2167 11810    
12168 WAT  40931 40933     3  2168 11811    
12169 WAT  40934 40936     3  2169 11812    
12170 WAT  40937 40939     3  2170 11813    
12171 WAT  40940 40942     3  2171 11814    
12172 WAT  40943 40945     3  2172 11815    
12173 WAT  40946 40948     3  2173 11816    
12174 WAT  40949 40951     3  2174 11817    
12175 WAT  40952 40954     3  2175 11818    
12176 WAT  40955 40957     3  2176 11819    
12177 WAT  40958 40960     3  2177 11820    
12178 WAT  40961 40963     3  2178 11821    
12179 WAT  40964 40966     3  2179 11822    
12180 WAT  40967 40969     3  2180 11823    
12181 WAT  40970 40972     3  2181 11824    
12182 WAT  40973 40975     3  2182 11825    
12183 WAT  40976 40978     3  2183 11826    
12184 WAT  40979 40981     3  2184 11827    
12185 WAT  40982 40984     3  2185 11828    
12186 WAT  40985 40987     3  2186 11829    
12187 WAT  40988 40990     3  2187 11830    
12188 WAT  40991 40993     3  2188 11831    
12189 WAT  40994 40996     3  2189 11832    
12190 WAT  40997 40999     3  2190 11833    
12191 WAT  41000 41002     3  2191 11834    
12192 WAT  41003 41005     3  2192 11835    
12193 WAT  41006 41008     3  2193 11836    
12194 WAT  41009 41011     3  2194 11837    
12195 WAT  41012 41014     3  2195 11838    
12196 WAT  41015 41017     3  2196 11839    
12197 WAT  41018 41020     3  2197 11840    
12198 WAT  41021 41023     3  2198 11841    
12199 WAT  41024 41026     3  2199 11842    
12200 WAT  41027 41029     3  2200 11843    
12201 WAT  41030 41032     3  2201 11844    
12202 WAT  41033 41035     3  2202 11845    
12203 WAT  41036 41038     3  2203 11846    
12204 WAT  41039 41041     3  2204 11847    
12205 WAT  41042 41044     3  2205 11848    
12206 WAT  41045 41047     3  2206 11849    
12207 WAT  41048 41050     3  2207 11850    
12208 WAT  41051 41053     3  2208 11851    
12209 WAT  41054 41056     3  2209 11852    
12210 WAT  41057 41059     3  2210 11853    
12211 WAT  41060 41062     3  2211 11854    
12212 WAT  41063 41065     3  2212 11855    
12213 WAT  41066 41068     3  2213 11856    
12214 WAT  41069 41071     3  2214 11857    
12215 WAT  41072 41074     3  2215 11858    
12216 WAT  41075 41077     3  2216 11859    
12217 WAT  41078 41080     3  2217 11860    
12218 WAT  41081 41083     3  2218 11861    
12219 WAT  41084 41086     3  2219 11862    
12220 WAT  41087 41089     3  2220 11863    
12221 WAT  41090 41092     3  2221 11864    
12222 WAT  41093 41095     3  2222 11865    
12223 WAT  41096 41098     3  2223 11866    
12224 WAT  41099 41101     3  2224 11867    
12225 WAT  41102 41104     3  2225 11868    
12226 WAT  41105 41107     3  2226 11869    
12227 WAT  41108 41110     3  2227 11870    
12228 WAT  41111 41113     3  2228 11871    
12229 WAT  41114 41116     3  2229 11872    
12230 WAT  41117 41119     3  2230 11873    
12231 WAT  41120 41122     3  2231 11874    
12232 WAT  41123 41125     3  2232 11875    
12233 WAT  41126 41128     3  2233 11876    
12234 WAT  41129 41131     3  2234 11877    
12235 WAT  41132 41134     3  2235 11878    
12236 WAT  41135 41137     3  2236 11879    
12237 WAT  41138 41140     3  2237 11880    
12238 WAT  41141 41143     3  2238 11881    
12239 WAT  41144 41146     3  2239 11882    
12240 WAT  41147 41149     3  2240 11883    
12241 WAT  41150 41152     3  2241 11884    
12242 WAT  41153 41155     3  2242 11885    
12243 WAT  41156 41158     3  2243 11886    
12244 WAT  41159 41161     3  2244 11887    
12245 WAT  41162 41164     3  2245 11888    
12246 WAT  41165 41167     3  2246 11889    
12247 WAT  41168 41170     3  2247 11890    
12248 WAT  41171 41173     3  2248 11891    
12249 WAT  41174 41176     3  2249 11892    
12250 WAT  41177 41179     3  2250 11893    
12251 WAT  41180 41182     3  2251 11894    
12252 WAT  41183 41185     3  2252 11895    
12253 WAT  41186 41188     3  2253 11896    
12254 WAT  41189 41191     3  2254 11897    
12255 WAT  41192 41194     3  2255 11898    
12256 WAT  41195 41197     3  2256 11899    
12257 WAT  41198 41200     3  2257 11900    
12258 WAT  41201 41203     3  2258 11901    
12259 WAT  41204 41206     3  2259 11902    
12260 WAT  41207 41209     3  2260 11903    
12261 WAT  41210 41212     3  2261 11904    
12262 WAT  41213 41215     3  2262 11905    
12263 WAT  41216 41218     3  2263 11906    
12264 WAT  41219 41221     3  2264 11907    
12265 WAT  41222 41224     3  2265 11908    
12266 WAT  41225 41227     3  2266 11909    
12267 WAT  41228 41230     3  2267 11910    
12268 WAT  41231 41233     3  2268 11911    
12269 WAT  41234 41236     3  2269 11912    
12270 WAT  41237 41239     3  2270 11913    
12271 WAT  41240 41242     3  2271 11914    
12272 WAT  41243 41245     3  2272 11915    
12273 WAT  41246 41248     3  2273 11916    
12274 WAT  41249 41251     3  2274 11917    
12275 WAT  41252 41254     3  2275 11918    
12276 WAT  41255 41257     3  2276 11919    
12277 WAT  41258 41260     3  2277 11920    
12278 WAT  41261 41263     3  2278 11921    
12279 WAT  41264 41266     3  2279 11922    
12280 WAT  41267 41269     3  2280 11923    
12281 WAT  41270 41272     3  2281 11924    
12282 WAT  41273 41275     3  2282 11925    
12283 WAT  41276 41278     3  2283 11926    
12284 WAT  41279 41281     3  2284 11927    
12285 WAT  41282 41284     3  2285 11928    
12286 WAT  41285 41287     3  2286 11929    
12287 WAT  41288 41290     3  2287 11930    
12288 WAT  41291 41293     3  2288 11931    
12289 WAT  41294 41296     3  2289 11932    
12290 WAT  41297 41299     3  2290 11933    
12291 WAT  41300 41302     3  2291 11934    
12292 WAT  41303 41305     3  2292 11935    
12293 WAT  41306 41308     3  2293 11936    
12294 WAT  41309 41311     3  2294 11937    
12295 WAT  41312 41314     3  2295 11938    
12296 WAT  41315 41317     3  2296 11939    
12297 WAT  41318 41320     3  2297 11940    
12298 WAT  41321 41323     3  2298 11941    
12299 WAT  41324 41326     3  2299 11942    
12300 WAT  41327 41329     3  2300 11943    
12301 WAT  41330 41332     3  2301 11944    
12302 WAT  41333 41335     3  2302 11945    
12303 WAT  41336 41338     3  2303 11946    
12304 WAT  41339 41341     3  2304 11947    
12305 WAT  41342 41344     3  2305 11948    
12306 WAT  41345 41347     3  2306 11949    
12307 WAT  41348 41350     3  2307 11950    
12308 WAT  41351 41353     3  2308 11951    
12309 WAT  41354 41356     3  2309 11952    
12310 WAT  41357 41359     3  2310 11953    
12311 WAT  41360 41362     3  2311 11954    
12312 WAT  41363 41365     3  2312 11955    
12313 WAT  41366 41368     3  2313 11956    
12314 WAT  41369 41371     3  2314 11957    
12315 WAT  41372 41374     3  2315 11958    
12316 WAT  41375 41377     3  2316 11959    
12317 WAT  41378 41380     3  2317 11960    
12318 WAT  41381 41383     3  2318 11961    
12319 WAT  41384 41386     3  2319 11962    
12320 WAT  41387 41389     3  2320 11963    
12321 WAT  41390 41392     3  2321 11964    
12322 WAT  41393 41395     3  2322 11965    
12323 WAT  41396 41398     3  2323 11966    
12324 WAT  41399 41401     3  2324 11967    
12325 WAT  41402 41404     3  2325 11968    
12326 WAT  41405 41407     3  2326 11969    
12327 WAT  41408 41410     3  2327 11970    
12328 WAT  41411 41413     3  2328 11971    
12329 WAT  41414 41416     3  2329 11972    
12330 WAT  41417 41419     3  2330 11973    
12331 WAT  41420 41422     3  2331 11974    
12332 WAT  41423 41425     3  2332 11975    
12333 WAT  41426 41428     3  2333 11976    
12334 WAT  41429 41431     3  2334 11977    
12335 WAT  41432 41434     3  2335 11978    
12336 WAT  41435 41437     3  2336 11979    
12337 WAT  41438 41440     3  2337 11980    
12338 WAT  41441 41443     3  2338 11981    
12339 WAT  41444 41446     3  2339 11982    
12340 WAT  41447 41449     3  2340 11983    
12341 WAT  41450 41452     3  2341 11984    
12342 WAT  41453 41455     3  2342 11985    
12343 WAT  41456 41458     3  2343 11986    
12344 WAT  41459 41461     3  2344 11987    
12345 WAT  41462 41464     3  2345 11988    
12346 WAT  41465 41467     3  2346 11989    
12347 WAT  41468 41470     3  2347 11990    
12348 WAT  41471 41473     3  2348 11991    
12349 WAT  41474 41476     3  2349 11992    
12350 WAT  41477 41479     3  2350 11993    
12351 WAT  41480 41482     3  2351 11994    
12352 WAT  41483 41485     3  2352 11995    
12353 WAT  41486 41488     3  2353 11996    
12354 WAT  41489 41491     3  2354 11997    
12355 WAT  41492 41494     3  2355 11998    
12356 WAT  41495 41497     3  2356 11999    
12357 WAT  41498 41500     3  2357 12000    
12358 WAT  41501 41503     3  2358 12001    
12359 WAT  41504 41506     3  2359 12002    
12360 WAT  41507 41509     3  2360 12003    
12361 WAT  41510 41512     3  2361 12004    
12362 WAT  41513 41515     3  2362 12005    
12363 WAT  41516 41518     3  2363 12006    
12364 WAT  41519 41521     3  2364 12007    
12365 WAT  41522 41524     3  2365 12008    
12366 WAT  41525 41527     3  2366 12009    
12367 WAT  41528 41530     3  2367 12010    
12368 WAT  41531 41533     3  2368 12011    
12369 WAT  41534 41536     3  2369 12012    
12370 WAT  41537 41539     3  2370 12013    
12371 WAT  41540 41542     3  2371 12014    
12372 WAT  41543 41545     3  2372 12015    
12373 WAT  41546 41548     3  2373 12016    
12374 WAT  41549 41551     3  2374 12017    
12375 WAT  41552 41554     3  2375 12018    
12376 WAT  41555 41557     3  2376 12019    
12377 WAT  41558 41560     3  2377 12020    
12378 WAT  41561 41563     3  2378 12021    
12379 WAT  41564 41566     3  2379 12022    
12380 WAT  41567 41569     3  2380 12023    
12381 WAT  41570 41572     3  2381 12024    
12382 WAT  41573 41575     3  2382 12025    
12383 WAT  41576 41578     3  2383 12026    
12384 WAT  41579 41581     3  2384 12027    
12385 WAT  41582 41584     3  2385 12028    
12386 WAT  41585 41587     3  2386 12029    
12387 WAT  41588 41590     3  2387 12030    
12388 WAT  41591 41593     3  2388 12031    
12389 WAT  41594 41596     3  2389 12032    
12390 WAT  41597 41599     3  2390 12033    
12391 WAT  41600 41602     3  2391 12034    
12392 WAT  41603 41605     3  2392 12035    
12393 WAT  41606 41608     3  2393 12036    
12394 WAT  41609 41611     3  2394 12037    
12395 WAT  41612 41614     3  2395 12038    
12396 WAT  41615 41617     3  2396 12039    
12397 WAT  41618 41620     3  2397 12040    
12398 WAT  41621 41623     3  2398 12041    
12399 WAT  41624 41626     3  2399 12042    
12400 WAT  41627 41629     3  2400 12043    
12401 WAT  41630 41632     3  2401 12044    
12402 WAT  41633 41635     3  2402 12045    
12403 WAT  41636 41638     3  2403 12046    
12404 WAT  41639 41641     3  2404 12047    
12405 WAT  41642 41644     3  2405 12048    
12406 WAT  41645 41647     3  2406 12049    
12407 WAT  41648 41650     3  2407 12050    
12408 WAT  41651 41653     3  2408 12051    
12409 WAT  41654 41656     3  2409 12052    
12410 WAT  41657 41659     3  2410 12053    
12411 WAT  41660 41662     3  2411 12054    
12412 WAT  41663 41665     3  2412 12055    
12413 WAT  41666 41668     3  2413 12056    
12414 WAT  41669 41671     3  2414 12057    
12415 WAT  41672 41674     3  2415 12058    
12416 WAT  41675 41677     3  2416 12059    
12417 WAT  41678 41680     3  2417 12060    
12418 WAT  41681 41683     3  2418 12061    
12419 WAT  41684 41686     3  2419 12062    
12420 WAT  41687 41689     3  2420 12063    
12421 WAT  41690 41692     3  2421 12064    
12422 WAT  41693 41695     3  2422 12065    
12423 WAT  41696 41698     3  2423 12066    
12424 WAT  41699 41701     3  2424 12067    
12425 WAT  41702 41704     3  2425 12068    
12426 WAT  41705 41707     3  2426 12069    
12427 WAT  41708 41710     3  2427 12070    
12428 WAT  41711 41713     3  2428 12071    
12429 WAT  41714 41716     3  2429 12072    
12430 WAT  41717 41719     3  2430 12073    
12431 WAT  41720 41722     3  2431 12074    
12432 WAT  41723 41725     3  2432 12075    
12433 WAT  41726 41728     3  2433 12076    
12434 WAT  41729 41731     3  2434 12077    
12435 WAT  41732 41734     3  2435 12078    
12436 WAT  41735 41737     3  2436 12079    
12437 WAT  41738 41740     3  2437 12080    
12438 WAT  41741 41743     3  2438 12081    
12439 WAT  41744 41746     3  2439 12082    
12440 WAT  41747 41749     3  2440 12083    
12441 WAT  41750 41752     3  2441 12084    
12442 WAT  41753 41755     3  2442 12085    
12443 WAT  41756 41758     3  2443 12086    
12444 WAT  41759 41761     3  2444 12087    
12445 WAT  41762 41764     3  2445 12088    
12446 WAT  41765 41767     3  2446 12089    
12447 WAT  41768 41770     3  2447 12090    
12448 WAT  41771 41773     3  2448 12091    
12449 WAT  41774 41776     3  2449 12092    
12450 WAT  41777 41779     3  2450 12093    
12451 WAT  41780 41782     3  2451 12094    
12452 WAT  41783 41785     3  2452 12095    
12453 WAT  41786 41788     3  2453 12096    
12454 WAT  41789 41791     3  2454 12097    
12455 WAT  41792 41794     3  2455 12098    
12456 WAT  41795 41797     3  2456 12099    
12457 WAT  41798 41800     3  2457 12100    
12458 WAT  41801 41803     3  2458 12101    
12459 WAT  41804 41806     3  2459 12102    
12460 WAT  41807 41809     3  2460 12103    
12461 WAT  41810 41812     3  2461 12104    
12462 WAT  41813 41815     3  2462 12105    
12463 WAT  41816 41818     3  2463 12106    
12464 WAT  41819 41821     3  2464 12107    
12465 WAT  41822 41824     3  2465 12108    
12466 WAT  41825 41827     3  2466 12109    
12467 WAT  41828 41830     3  2467 12110    
12468 WAT  41831 41833     3  2468 12111    
12469 WAT  41834 41836     3  2469 12112    
12470 WAT  41837 41839     3  2470 12113    
12471 WAT  41840 41842     3  2471 12114    
12472 WAT  41843 41845     3  2472 12115    
12473 WAT  41846 41848     3  2473 12116    
12474 WAT  41849 41851     3  2474 12117    
12475 WAT  41852 41854     3  2475 12118    
12476 WAT  41855 41857     3  2476 12119    
12477 WAT  41858 41860     3  2477 12120    
12478 WAT  41861 41863     3  2478 12121    
12479 WAT  41864 41866     3  2479 12122    
12480 WAT  41867 41869     3  2480 12123    
12481 WAT  41870 41872     3  2481 12124    
12482 WAT  41873 41875     3  2482 12125    
12483 WAT  41876 41878     3  2483 12126    
12484 WAT  41879 41881     3  2484 12127    
12485 WAT  41882 41884     3  2485 12128    
12486 WAT  41885 41887     3  2486 12129    
12487 WAT  41888 41890     3  2487 12130    
12488 WAT  41891 41893     3  2488 12131    
12489 WAT  41894 41896     3  2489 12132    
12490 WAT  41897 41899     3  2490 12133    
12491 WAT  41900 41902     3  2491 12134    
12492 WAT  41903 41905     3  2492 12135    
12493 WAT  41906 41908     3  2493 12136    
12494 WAT  41909 41911     3  2494 12137    
12495 WAT  41912 41914     3  2495 12138    
12496 WAT  41915 41917     3  2496 12139    
12497 WAT  41918 41920     3  2497 12140    
12498 WAT  41921 41923     3  2498 12141    
12499 WAT  41924 41926     3  2499 12142    
12500 WAT  41927 41929     3  2500 12143    
12501 WAT  41930 41932     3  2501 12144    
12502 WAT  41933 41935     3  2502 12145    
12503 WAT  41936 41938     3  2503 12146    
12504 WAT  41939 41941     3  2504 12147    
12505 WAT  41942 41944     3  2505 12148    
12506 WAT  41945 41947     3  2506 12149    
12507 WAT  41948 41950     3  2507 12150    
12508 WAT  41951 41953     3  2508 12151    
12509 WAT  41954 41956     3  2509 12152    
12510 WAT  41957 41959     3  2510 12153    
12511 WAT  41960 41962     3  2511 12154    
12512 WAT  41963 41965     3  2512 12155    
12513 WAT  41966 41968     3  2513 12156    
12514 WAT  41969 41971     3  2514 12157    
12515 WAT  41972 41974     3  2515 12158    
12516 WAT  41975 41977     3  2516 12159    
12517 WAT  41978 41980     3  2517 12160    
12518 WAT  41981 41983     3  2518 12161    
12519 WAT  41984 41986     3  2519 12162    
12520 WAT  41987 41989     3  2520 12163    
12521 WAT  41990 41992     3  2521 12164    
12522 WAT  41993 41995     3  2522 12165    
12523 WAT  41996 41998     3  2523 12166    
12524 WAT  41999 42001     3  2524 12167    
12525 WAT  42002 42004     3  2525 12168    
12526 WAT  42005 42007     3  2526 12169    
12527 WAT  42008 42010     3  2527 12170    
12528 WAT  42011 42013     3  2528 12171    
12529 WAT  42014 42016     3  2529 12172    
12530 WAT  42017 42019     3  2530 12173    
12531 WAT  42020 42022     3  2531 12174    
12532 WAT  42023 42025     3  2532 12175    
12533 WAT  42026 42028     3  2533 12176    
12534 WAT  42029 42031     3  2534 12177    
12535 WAT  42032 42034     3  2535 12178    
12536 WAT  42035 42037     3  2536 12179    
12537 WAT  42038 42040     3  2537 12180    
12538 WAT  42041 42043     3  2538 12181    
12539 WAT  42044 42046     3  2539 12182    
12540 WAT  42047 42049     3  2540 12183    
12541 WAT  42050 42052     3  2541 12184    
12542 WAT  42053 42055     3  2542 12185    
12543 WAT  42056 42058     3  2543 12186    
12544 WAT  42059 42061     3  2544 12187    
12545 WAT  42062 42064     3  2545 12188    
12546 WAT  42065 42067     3  2546 12189    
12547 WAT  42068 42070     3  2547 12190    
12548 WAT  42071 42073     3  2548 12191    
12549 WAT  42074 42076     3  2549 12192    
12550 WAT  42077 42079     3  2550 12193    
12551 WAT  42080 42082     3  2551 12194    
12552 WAT  42083 42085     3  2552 12195    
12553 WAT  42086 42088     3  2553 12196    
12554 WAT  42089 42091     3  2554 12197    
12555 WAT  42092 42094     3  2555 12198    
12556 WAT  42095 42097     3  2556 12199    
12557 WAT  42098 42100     3  2557 12200    
12558 WAT  42101 42103     3  2558 12201    
12559 WAT  42104 42106     3  2559 12202    
12560 WAT  42107 42109     3  2560 12203    
12561 WAT  42110 42112     3  2561 12204    
12562 WAT  42113 42115     3  2562 12205    
12563 WAT  42116 42118     3  2563 12206    
12564 WAT  42119 42121     3  2564 12207    
12565 WAT  42122 42124     3  2565 12208    
12566 WAT  42125 42127     3  2566 12209    
12567 WAT  42128 42130     3  2567 12210    
12568 WAT  42131 42133     3  2568 12211    
12569 WAT  42134 42136     3  2569 12212    
12570 WAT  42137 42139     3  2570 12213    
12571 WAT  42140 42142     3  2571 12214    
12572 WAT  42143 42145     3  2572 12215    
12573 WAT  42146 42148     3  2573 12216    
12574 WAT  42149 42151     3  2574 12217    
12575 WAT  42152 42154     3  2575 12218    
12576 WAT  42155 42157     3  2576 12219    
12577 WAT  42158 42160     3  2577 12220    
12578 WAT  42161 42163     3  2578 12221    
12579 WAT  42164 42166     3  2579 12222    
12580 WAT  42167 42169     3  2580 12223    
12581 WAT  42170 42172     3  2581 12224    
12582 WAT  42173 42175     3  2582 12225    
12583 WAT  42176 42178     3  2583 12226    
12584 WAT  42179 42181     3  2584 12227    
12585 WAT  42182 42184     3  2585 12228    
12586 WAT  42185 42187     3  2586 12229    
12587 WAT  42188 42190     3  2587 12230    
12588 WAT  42191 42193     3  2588 12231    
12589 WAT  42194 42196     3  2589 12232    
12590 WAT  42197 42199     3  2590 12233    
12591 WAT  42200 42202     3  2591 12234    
12592 WAT  42203 42205     3  2592 12235    
12593 WAT  42206 42208     3  2593 12236    
12594 WAT  42209 42211     3  2594 12237    
12595 WAT  42212 42214     3  2595 12238    
12596 WAT  42215 42217     3  2596 12239    
12597 WAT  42218 42220     3  2597 12240    
12598 WAT  42221 42223     3  2598 12241    
12599 WAT  42224 42226     3  2599 12242    
12600 WAT  42227 42229     3  2600 12243    
12601 WAT  42230 42232     3  2601 12244    
12602 WAT  42233 42235     3  2602 12245    
12603 WAT  42236 42238     3  2603 12246    
12604 WAT  42239 42241     3  2604 12247    
12605 WAT  42242 42244     3  2605 12248    
12606 WAT  42245 42247     3  2606 12249    
12607 WAT  42248 42250     3  2607 12250    
12608 WAT  42251 42253     3  2608 12251    
12609 WAT  42254 42256     3  2609 12252    
12610 WAT  42257 42259     3  2610 12253    
12611 WAT  42260 42262     3  2611 12254    
12612 WAT  42263 42265     3  2612 12255    
12613 WAT  42266 42268     3  2613 12256    
12614 WAT  42269 42271     3  2614 12257    
12615 WAT  42272 42274     3  2615 12258    
12616 WAT  42275 42277     3  2616 12259    
12617 WAT  42278 42280     3  2617 12260    
12618 WAT  42281 42283     3  2618 12261    
12619 WAT  42284 42286     3  2619 12262    
12620 WAT  42287 42289     3  2620 12263    
12621 WAT  42290 42292     3  2621 12264    
12622 WAT  42293 42295     3  2622 12265    
12623 WAT  42296 42298     3  2623 12266    
12624 WAT  42299 42301     3  2624 12267    
12625 WAT  42302 42304     3  2625 12268    
12626 WAT  42305 42307     3  2626 12269    
12627 WAT  42308 42310     3  2627 12270    
12628 WAT  42311 42313     3  2628 12271    
12629 WAT  42314 42316     3  2629 12272    
12630 WAT  42317 42319     3  2630 12273    
12631 WAT  42320 42322     3  2631 12274    
12632 WAT  42323 42325     3  2632 12275    
12633 WAT  42326 42328     3  2633 12276    
12634 WAT  42329 42331     3  2634 12277    
12635 WAT  42332 42334     3  2635 12278    
12636 WAT  42335 42337     3  2636 12279    
12637 WAT  42338 42340     3  2637 12280    
12638 WAT  42341 42343     3  2638 12281    
12639 WAT  42344 42346     3  2639 12282    
12640 WAT  42347 42349     3  2640 12283    
12641 WAT  42350 42352     3  2641 12284    
12642 WAT  42353 42355     3  2642 12285    
12643 WAT  42356 42358     3  2643 12286    
12644 WAT  42359 42361     3  2644 12287    
12645 WAT  42362 42364     3  2645 12288    
12646 WAT  42365 42367     3  2646 12289    
12647 WAT  42368 42370     3  2647 12290    
12648 WAT  42371 42373     3  2648 12291    
12649 WAT  42374 42376     3  2649 12292    
12650 WAT  42377 42379     3  2650 12293    
12651 WAT  42380 42382     3  2651 12294    
12652 WAT  42383 42385     3  2652 12295    
12653 WAT  42386 42388     3  2653 12296    
12654 WAT  42389 42391     3  2654 12297    
12655 WAT  42392 42394     3  2655 12298    
12656 WAT  42395 42397     3  2656 12299    
12657 WAT  42398 42400     3  2657 12300    
12658 WAT  42401 42403     3  2658 12301    
12659 WAT  42404 42406     3  2659 12302    
12660 WAT  42407 42409     3  2660 12303    
12661 WAT  42410 42412     3  2661 12304    
12662 WAT  42413 42415     3  2662 12305    
12663 WAT  42416 42418     3  2663 12306    
12664 WAT  42419 42421     3  2664 12307    
12665 WAT  42422 42424     3  2665 12308    
12666 WAT  42425 42427     3  2666 12309    
12667 WAT  42428 42430     3  2667 12310    
12668 WAT  42431 42433     3  2668 12311    
12669 WAT  42434 42436     3  2669 12312    
12670 WAT  42437 42439     3  2670 12313    
12671 WAT  42440 42442     3  2671 12314    
12672 WAT  42443 42445     3  2672 12315    
12673 WAT  42446 42448     3  2673 12316    
12674 WAT  42449 42451     3  2674 12317    
12675 WAT  42452 42454     3  2675 12318    
12676 WAT  42455 42457     3  2676 12319    
12677 WAT  42458 42460     3  2677 12320    
12678 WAT  42461 42463     3  2678 12321    
12679 WAT  42464 42466     3  2679 12322    
12680 WAT  42467 42469     3  2680 12323    
12681 WAT  42470 42472     3  2681 12324    
12682 WAT  42473 42475     3  2682 12325    
12683 WAT  42476 42478     3  2683 12326    
12684 WAT  42479 42481     3  2684 12327    
12685 WAT  42482 42484     3  2685 12328    
12686 WAT  42485 42487     3  2686 12329    
12687 WAT  42488 42490     3  2687 12330    
12688 WAT  42491 42493     3  2688 12331    
12689 WAT  42494 42496     3  2689 12332    
12690 WAT  42497 42499     3  2690 12333    
12691 WAT  42500 42502     3  2691 12334    
12692 WAT  42503 42505     3  2692 12335    
12693 WAT  42506 42508     3  2693 12336    
12694 WAT  42509 42511     3  2694 12337    
12695 WAT  42512 42514     3  2695 12338    
12696 WAT  42515 42517     3  2696 12339    
12697 WAT  42518 42520     3  2697 12340    
12698 WAT  42521 42523     3  2698 12341    
12699 WAT  42524 42526     3  2699 12342    
12700 WAT  42527 42529     3  2700 12343    
12701 WAT  42530 42532     3  2701 12344    
12702 WAT  42533 42535     3  2702 12345    
12703 WAT  42536 42538     3  2703 12346    
12704 WAT  42539 42541     3  2704 12347    
12705 WAT  42542 42544     3  2705 12348    
12706 WAT  42545 42547     3  2706 12349    
12707 WAT  42548 42550     3  2707 12350    
12708 WAT  42551 42553     3  2708 12351    
12709 WAT  42554 42556     3  2709 12352    
12710 WAT  42557 42559     3  2710 12353    
12711 WAT  42560 42562     3  2711 12354    
12712 WAT  42563 42565     3  2712 12355    
12713 WAT  42566 42568     3  2713 12356    
12714 WAT  42569 42571     3  2714 12357    
12715 WAT  42572 42574     3  2715 12358    
12716 WAT  42575 42577     3  2716 12359    
12717 WAT  42578 42580     3  2717 12360    
12718 WAT  42581 42583     3  2718 12361    
12719 WAT  42584 42586     3  2719 12362    
12720 WAT  42587 42589     3  2720 12363    
12721 WAT  42590 42592     3  2721 12364    
12722 WAT  42593 42595     3  2722 12365    
12723 WAT  42596 42598     3  2723 12366    
12724 WAT  42599 42601     3  2724 12367    
12725 WAT  42602 42604     3  2725 12368    
12726 WAT  42605 42607     3  2726 12369    
12727 WAT  42608 42610     3  2727 12370    
12728 WAT  42611 42613     3  2728 12371    
12729 WAT  42614 42616     3  2729 12372    
12730 WAT  42617 42619     3  2730 12373    
12731 WAT  42620 42622     3  2731 12374    
12732 WAT  42623 42625     3  2732 12375    
12733 WAT  42626 42628     3  2733 12376    
12734 WAT  42629 42631     3  2734 12377    
12735 WAT  42632 42634     3  2735 12378    
12736 WAT  42635 42637     3  2736 12379    
12737 WAT  42638 42640     3  2737 12380    
12738 WAT  42641 42643     3  2738 12381    
12739 WAT  42644 42646     3  2739 12382    
12740 WAT  42647 42649     3  2740 12383    
12741 WAT  42650 42652     3  2741 12384    
12742 WAT  42653 42655     3  2742 12385    
12743 WAT  42656 42658     3  2743 12386    
12744 WAT  42659 42661     3  2744 12387    
12745 WAT  42662 42664     3  2745 12388    
12746 WAT  42665 42667     3  2746 12389    
12747 WAT  42668 42670     3  2747 12390    
12748 WAT  42671 42673     3  2748 12391    
12749 WAT  42674 42676     3  2749 12392    
12750 WAT  42677 42679     3  2750 12393    
12751 WAT  42680 42682     3  2751 12394    
12752 WAT  42683 42685     3  2752 12395    
12753 WAT  42686 42688     3  2753 12396    
12754 WAT  42689 42691     3  2754 12397    
12755 WAT  42692 42694     3  2755 12398    
12756 WAT  42695 42697     3  2756 12399    
12757 WAT  42698 42700     3  2757 12400    
12758 WAT  42701 42703     3  2758 12401    
12759 WAT  42704 42706     3  2759 12402    
12760 WAT  42707 42709     3  2760 12403    
12761 WAT  42710 42712     3  2761 12404    
12762 WAT  42713 42715     3  2762 12405    
12763 WAT  42716 42718     3  2763 12406    
12764 WAT  42719 42721     3  2764 12407    
12765 WAT  42722 42724     3  2765 12408    
12766 WAT  42725 42727     3  2766 12409    
12767 WAT  42728 42730     3  2767 12410    
12768 WAT  42731 42733     3  2768 12411    
12769 WAT  42734 42736     3  2769 12412    
12770 WAT  42737 42739     3  2770 12413    
12771 WAT  42740 42742     3  2771 12414    
12772 WAT  42743 42745     3  2772 12415    
12773 WAT  42746 42748     3  2773 12416    
12774 WAT  42749 42751     3  2774 12417    
12775 WAT  42752 42754     3  2775 12418    
12776 WAT  42755 42757     3  2776 12419    
12777 WAT  42758 42760     3  2777 12420    
12778 WAT  42761 42763     3  2778 12421    
12779 WAT  42764 42766     3  2779 12422    
12780 WAT  42767 42769     3  2780 12423    
12781 WAT  42770 42772     3  2781 12424    
12782 WAT  42773 42775     3  2782 12425    
12783 WAT  42776 42778     3  2783 12426    
12784 WAT  42779 42781     3  2784 12427    
12785 WAT  42782 42784     3  2785 12428    
12786 WAT  42785 42787     3  2786 12429    
12787 WAT  42788 42790     3  2787 12430    
12788 WAT  42791 42793     3  2788 12431    
12789 WAT  42794 42796     3  2789 12432    
12790 WAT  42797 42799     3  2790 12433    
12791 WAT  42800 42802     3  2791 12434    
12792 WAT  42803 42805     3  2792 12435    
12793 WAT  42806 42808     3  2793 12436    
12794 WAT  42809 42811     3  2794 12437    
12795 WAT  42812 42814     3  2795 12438    
12796 WAT  42815 42817     3  2796 12439    
12797 WAT  42818 42820     3  2797 12440    
12798 WAT  42821 42823     3  2798 12441    
12799 WAT  42824 42826     3  2799 12442    
12800 WAT  42827 42829     3  2800 12443    
12801 WAT  42830 42832     3  2801 12444    
12802 WAT  42833 42835     3  2802 12445    
12803 WAT  42836 42838     3  2803 12446    
12804 WAT  42839 42841     3  2804 12447    
12805 WAT  42842 42844     3  2805 12448    
12806 WAT  42845 42847     3  2806 12449    
12807 WAT  42848 42850     3  2807 12450    
12808 WAT  42851 42853     3  2808 12451    
12809 WAT  42854 42856     3  2809 12452    
12810 WAT  42857 42859     3  2810 12453    
12811 WAT  42860 42862     3  2811 12454    
12812 WAT  42863 42865     3  2812 12455    
12813 WAT  42866 42868     3  2813 12456    
12814 WAT  42869 42871     3  2814 12457    
12815 WAT  42872 42874     3  2815 12458    
12816 WAT  42875 42877     3  2816 12459    
12817 WAT  42878 42880     3  2817 12460    
12818 WAT  42881 42883     3  2818 12461    
12819 WAT  42884 42886     3  2819 12462    
12820 WAT  42887 42889     3  2820 12463    
12821 WAT  42890 42892     3  2821 12464    
12822 WAT  42893 42895     3  2822 12465    
12823 WAT  42896 42898     3  2823 12466    
12824 WAT  42899 42901     3  2824 12467    
12825 WAT  42902 42904     3  2825 12468    
12826 WAT  42905 42907     3  2826 12469    
12827 WAT  42908 42910     3  2827 12470    
12828 WAT  42911 42913     3  2828 12471    
12829 WAT  42914 42916     3  2829 12472    
12830 WAT  42917 42919     3  2830 12473    
12831 WAT  42920 42922     3  2831 12474    
12832 WAT  42923 42925     3  2832 12475    
12833 WAT  42926 42928     3  2833 12476    
12834 WAT  42929 42931     3  2834 12477    
12835 WAT  42932 42934     3  2835 12478    
12836 WAT  42935 42937     3  2836 12479    
12837 WAT  42938 42940     3  2837 12480    
12838 WAT  42941 42943     3  2838 12481    
12839 WAT  42944 42946     3  2839 12482    
12840 WAT  42947 42949     3  2840 12483    
12841 WAT  42950 42952     3  2841 12484    
12842 WAT  42953 42955     3  2842 12485    
12843 WAT  42956 42958     3  2843 12486    
12844 WAT  42959 42961     3  2844 12487    
12845 WAT  42962 42964     3  2845 12488    
12846 WAT  42965 42967     3  2846 12489    
12847 WAT  42968 42970     3  2847 12490    
12848 WAT  42971 42973     3  2848 12491    
12849 WAT  42974 42976     3  2849 12492    
12850 WAT  42977 42979     3  2850 12493    
12851 WAT  42980 42982     3  2851 12494    
12852 WAT  42983 42985     3  2852 12495    
12853 WAT  42986 42988     3  2853 12496    
12854 WAT  42989 42991     3  2854 12497    
12855 WAT  42992 42994     3  2855 12498    
12856 WAT  42995 42997     3  2856 12499    
12857 WAT  42998 43000     3  2857 12500    
12858 WAT  43001 43003     3  2858 12501    
12859 WAT  43004 43006     3  2859 12502    
12860 WAT  43007 43009     3  2860 12503    
12861 WAT  43010 43012     3  2861 12504    
12862 WAT  43013 43015     3  2862 12505    
12863 WAT  43016 43018     3  2863 12506    
12864 WAT  43019 43021     3  2864 12507    
12865 WAT  43022 43024     3  2865 12508    
12866 WAT  43025 43027     3  2866 12509    
12867 WAT  43028 43030     3  2867 12510    
12868 WAT  43031 43033     3  2868 12511    
12869 WAT  43034 43036     3  2869 12512    
12870 WAT  43037 43039     3  2870 12513    
12871 WAT  43040 43042     3  2871 12514    
12872 WAT  43043 43045     3  2872 12515    
12873 WAT  43046 43048     3  2873 12516    
12874 WAT  43049 43051     3  2874 12517    
12875 WAT  43052 43054     3  2875 12518    
12876 WAT  43055 43057     3  2876 12519    
12877 WAT  43058 43060     3  2877 12520    
12878 WAT  43061 43063     3  2878 12521    
12879 WAT  43064 43066     3  2879 12522    
12880 WAT  43067 43069     3  2880 12523    
12881 WAT  43070 43072     3  2881 12524    
12882 WAT  43073 43075     3  2882 12525    
12883 WAT  43076 43078     3  2883 12526    
12884 WAT  43079 43081     3  2884 12527    
12885 WAT  43082 43084     3  2885 12528    
12886 WAT  43085 43087     3  2886 12529    
12887 WAT  43088 43090     3  2887 12530    
12888 WAT  43091 43093     3  2888 12531    
12889 WAT  43094 43096     3  2889 12532    
12890 WAT  43097 43099     3  2890 12533    
12891 WAT  43100 43102     3  2891 12534    
12892 WAT  43103 43105     3  2892 12535    
12893 WAT  43106 43108     3  2893 12536    
12894 WAT  43109 43111     3  2894 12537    
12895 WAT  43112 43114     3  2895 12538    
12896 WAT  43115 43117     3  2896 12539    
12897 WAT  43118 43120     3  2897 12540    
12898 WAT  43121 43123     3  2898 12541    
12899 WAT  43124 43126     3  2899 12542    
12900 WAT  43127 43129     3  2900 12543    
12901 WAT  43130 43132     3  2901 12544    
12902 WAT  43133 43135     3  2902 12545    
12903 WAT  43136 43138     3  2903 12546    
12904 WAT  43139 43141     3  2904 12547    
12905 WAT  43142 43144     3  2905 12548    
12906 WAT  43145 43147     3  2906 12549    
12907 WAT  43148 43150     3  2907 12550    
12908 WAT  43151 43153     3  2908 12551    
12909 WAT  43154 43156     3  2909 12552    
12910 WAT  43157 43159     3  2910 12553    
12911 WAT  43160 43162     3  2911 12554    
12912 WAT  43163 43165     3  2912 12555    
12913 WAT  43166 43168     3  2913 12556    
12914 WAT  43169 43171     3  2914 12557    
12915 WAT  43172 43174     3  2915 12558    
12916 WAT  43175 43177     3  2916 12559    
12917 WAT  43178 43180     3  2917 12560    
12918 WAT  43181 43183     3  2918 12561    
12919 WAT  43184 43186     3  2919 12562    
12920 WAT  43187 43189     3  2920 12563    
12921 WAT  43190 43192     3  2921 12564    
12922 WAT  43193 43195     3  2922 12565    
12923 WAT  43196 43198     3  2923 12566    
12924 WAT  43199 43201     3  2924 12567    
12925 WAT  43202 43204     3  2925 12568    
12926 WAT  43205 43207     3  2926 12569    
12927 WAT  43208 43210     3  2927 12570    
12928 WAT  43211 43213     3  2928 12571    
12929 WAT  43214 43216     3  2929 12572    
12930 WAT  43217 43219     3  2930 12573    
12931 WAT  43220 43222     3  2931 12574    
12932 WAT  43223 43225     3  2932 12575    
12933 WAT  43226 43228     3  2933 12576    
12934 WAT  43229 43231     3  2934 12577    
12935 WAT  43232 43234     3  2935 12578    
12936 WAT  43235 43237     3  2936 12579    
12937 WAT  43238 43240     3  2937 12580    
12938 WAT  43241 43243     3  2938 12581    
12939 WAT  43244 43246     3  2939 12582    
12940 WAT  43247 43249     3  2940 12583    
12941 WAT  43250 43252     3  2941 12584    
12942 WAT  43253 43255     3  2942 12585    
12943 WAT  43256 43258     3  2943 12586    
12944 WAT  43259 43261     3  2944 12587    
12945 WAT  43262 43264     3  2945 12588    
12946 WAT  43265 43267     3  2946 12589    
12947 WAT  43268 43270     3  2947 12590    
12948 WAT  43271 43273     3  2948 12591    
12949 WAT  43274 43276     3  2949 12592    
12950 WAT  43277 43279     3  2950 12593    
12951 WAT  43280 43282     3  2951 12594    
12952 WAT  43283 43285     3  2952 12595    
12953 WAT  43286 43288     3  2953 12596    
12954 WAT  43289 43291     3  2954 12597    
12955 WAT  43292 43294     3  2955 12598    
12956 WAT  43295 43297     3  2956 12599    
12957 WAT  43298 43300     3  2957 12600    
12958 WAT  43301 43303     3  2958 12601    
12959 WAT  43304 43306     3  2959 12602    
12960 WAT  43307 43309     3  2960 12603    
12961 WAT  43310 43312     3  2961 12604    
12962 WAT  43313 43315     3  2962 12605    
12963 WAT  43316 43318     3  2963 12606    
12964 WAT  43319 43321     3  2964 12607    
12965 WAT  43322 43324     3  2965 12608    
12966 WAT  43325 43327     3  2966 12609    
12967 WAT  43328 43330     3  2967 12610    
12968 WAT  43331 43333     3  2968 12611    
12969 WAT  43334 43336     3  2969 12612    
12970 WAT  43337 43339     3  2970 12613    
12971 WAT  43340 43342     3  2971 12614    
12972 WAT  43343 43345     3  2972 12615    
12973 WAT  43346 43348     3  2973 12616    
12974 WAT  43349 43351     3  2974 12617    
12975 WAT  43352 43354     3  2975 12618    
12976 WAT  43355 43357     3  2976 12619    
12977 WAT  43358 43360     3  2977 12620    
12978 WAT  43361 43363     3  2978 12621    
12979 WAT  43364 43366     3  2979 12622    
12980 WAT  43367 43369     3  2980 12623    
12981 WAT  43370 43372     3  2981 12624    
12982 WAT  43373 43375     3  2982 12625    
12983 WAT  43376 43378     3  2983 12626    
12984 WAT  43379 43381     3  2984 12627    
12985 WAT  43382 43384     3  2985 12628    
12986 WAT  43385 43387     3  2986 12629    
12987 WAT  43388 43390     3  2987 12630    
12988 WAT  43391 43393     3  2988 12631    
12989 WAT  43394 43396     3  2989 12632    
12990 WAT  43397 43399     3  2990 12633    
12991 WAT  43400 43402     3  2991 12634    
12992 WAT  43403 43405     3  2992 12635    
12993 WAT  43406 43408     3  2993 12636    
12994 WAT  43409 43411     3  2994 12637    
12995 WAT  43412 43414     3  2995 12638    
12996 WAT  43415 43417     3  2996 12639    
12997 WAT  43418 43420     3  2997 12640    
12998 WAT  43421 43423     3  2998 12641    
12999 WAT  43424 43426     3  2999 12642    
13000 WAT  43427 43429     3  3000 12643    
13001 WAT  43430 43432     3  3001 12644    
13002 WAT  43433 43435     3  3002 12645    
13003 WAT  43436 43438     3  3003 12646    
13004 WAT  43439 43441     3  3004 12647    
13005 WAT  43442 43444     3  3005 12648    
13006 WAT  43445 43447     3  3006 12649    
13007 WAT  43448 43450     3  3007 12650    
13008 WAT  43451 43453     3  3008 12651    
13009 WAT  43454 43456     3  3009 12652    
13010 WAT  43457 43459     3  3010 12653    
13011 WAT  43460 43462     3  3011 12654    
13012 WAT  43463 43465     3  3012 12655    
13013 WAT  43466 43468     3  3013 12656    
13014 WAT  43469 43471     3  3014 12657    
13015 WAT  43472 43474     3  3015 12658    
13016 WAT  43475 43477     3  3016 12659    
13017 WAT  43478 43480     3  3017 12660    
13018 WAT  43481 43483     3  3018 12661    
13019 WAT  43484 43486     3  3019 12662    
13020 WAT  43487 43489     3  3020 12663    
13021 WAT  43490 43492     3  3021 12664    
13022 WAT  43493 43495     3  3022 12665    
13023 WAT  43496 43498     3  3023 12666    
13024 WAT  43499 43501     3  3024 12667    
13025 WAT  43502 43504     3  3025 12668    
13026 WAT  43505 43507     3  3026 12669    
13027 WAT  43508 43510     3  3027 12670    
13028 WAT  43511 43513     3  3028 12671    
13029 WAT  43514 43516     3  3029 12672    
13030 WAT  43517 43519     3  3030 12673    
13031 WAT  43520 43522     3  3031 12674    
13032 WAT  43523 43525     3  3032 12675    
13033 WAT  43526 43528     3  3033 12676    
13034 WAT  43529 43531     3  3034 12677    
13035 WAT  43532 43534     3  3035 12678    
13036 WAT  43535 43537     3  3036 12679    
13037 WAT  43538 43540     3  3037 12680    
13038 WAT  43541 43543     3  3038 12681    
13039 WAT  43544 43546     3  3039 12682    
13040 WAT  43547 43549     3  3040 12683    
13041 WAT  43550 43552     3  3041 12684    
13042 WAT  43553 43555     3  3042 12685    
13043 WAT  43556 43558     3  3043 12686    
13044 WAT  43559 43561     3  3044 12687    
13045 WAT  43562 43564     3  3045 12688    
13046 WAT  43565 43567     3  3046 12689    
13047 WAT  43568 43570     3  3047 12690    
13048 WAT  43571 43573     3  3048 12691    
13049 WAT  43574 43576     3  3049 12692    
13050 WAT  43577 43579     3  3050 12693    
13051 WAT  43580 43582     3  3051 12694    
13052 WAT  43583 43585     3  3052 12695    
13053 WAT  43586 43588     3  3053 12696    
13054 WAT  43589 43591     3  3054 12697    
13055 WAT  43592 43594     3  3055 12698    
13056 WAT  43595 43597     3  3056 12699    
13057 WAT  43598 43600     3  3057 12700    
13058 WAT  43601 43603     3  3058 12701    
13059 WAT  43604 43606     3  3059 12702    
13060 WAT  43607 43609     3  3060 12703    
13061 WAT  43610 43612     3  3061 12704    
13062 WAT  43613 43615     3  3062 12705    
13063 WAT  43616 43618     3  3063 12706    
13064 WAT  43619 43621     3  3064 12707    
13065 WAT  43622 43624     3  3065 12708    
13066 WAT  43625 43627     3  3066 12709    
13067 WAT  43628 43630     3  3067 12710    
13068 WAT  43631 43633     3  3068 12711    
13069 WAT  43634 43636     3  3069 12712    
13070 WAT  43637 43639     3  3070 12713    
13071 WAT  43640 43642     3  3071 12714    
13072 WAT  43643 43645     3  3072 12715    
13073 WAT  43646 43648     3  3073 12716    
13074 WAT  43649 43651     3  3074 12717    
13075 WAT  43652 43654     3  3075 12718    
13076 WAT  43655 43657     3  3076 12719    
13077 WAT  43658 43660     3  3077 12720    
13078 WAT  43661 43663     3  3078 12721    
13079 WAT  43664 43666     3  3079 12722    
13080 WAT  43667 43669     3  3080 12723    
13081 WAT  43670 43672     3  3081 12724    
13082 WAT  43673 43675     3  3082 12725    
13083 WAT  43676 43678     3  3083 12726    
13084 WAT  43679 43681     3  3084 12727    
13085 WAT  43682 43684     3  3085 12728    
13086 WAT  43685 43687     3  3086 12729    
13087 WAT  43688 43690     3  3087 12730    
13088 WAT  43691 43693     3  3088 12731    
13089 WAT  43694 43696     3  3089 12732    
13090 WAT  43697 43699     3  3090 12733    
13091 WAT  43700 43702     3  3091 12734    
13092 WAT  43703 43705     3  3092 12735    
13093 WAT  43706 43708     3  3093 12736    
13094 WAT  43709 43711     3  3094 12737    
13095 WAT  43712 43714     3  3095 12738    
13096 WAT  43715 43717     3  3096 12739    
13097 WAT  43718 43720     3  3097 12740    
13098 WAT  43721 43723     3  3098 12741    
13099 WAT  43724 43726     3  3099 12742    
13100 WAT  43727 43729     3  3100 12743    
13101 WAT  43730 43732     3  3101 12744    
13102 WAT  43733 43735     3  3102 12745    
13103 WAT  43736 43738     3  3103 12746    
13104 WAT  43739 43741     3  3104 12747    
13105 WAT  43742 43744     3  3105 12748    
13106 WAT  43745 43747     3  3106 12749    
13107 WAT  43748 43750     3  3107 12750    
13108 WAT  43751 43753     3  3108 12751    
13109 WAT  43754 43756     3  3109 12752    
13110 WAT  43757 43759     3  3110 12753    
13111 WAT  43760 43762     3  3111 12754    
13112 WAT  43763 43765     3  3112 12755    
13113 WAT  43766 43768     3  3113 12756    
13114 WAT  43769 43771     3  3114 12757    
13115 WAT  43772 43774     3  3115 12758    
13116 WAT  43775 43777     3  3116 12759    
13117 WAT  43778 43780     3  3117 12760    
13118 WAT  43781 43783     3  3118 12761    
13119 WAT  43784 43786     3  3119 12762    
13120 WAT  43787 43789     3  3120 12763    
13121 WAT  43790 43792     3  3121 12764    
13122 WAT  43793 43795     3  3122 12765    
13123 WAT  43796 43798     3  3123 12766    
13124 WAT  43799 43801     3  3124 12767    
13125 WAT  43802 43804     3  3125 12768    
13126 WAT  43805 43807     3  3126 12769    
13127 WAT  43808 43810     3  3127 12770    
13128 WAT  43811 43813     3  3128 12771    
13129 WAT  43814 43816     3  3129 12772    
13130 WAT  43817 43819     3  3130 12773    
13131 WAT  43820 43822     3  3131 12774    
13132 WAT  43823 43825     3  3132 12775    
13133 WAT  43826 43828     3  3133 12776    
13134 WAT  43829 43831     3  3134 12777    
13135 WAT  43832 43834     3  3135 12778    
13136 WAT  43835 43837     3  3136 12779    
13137 WAT  43838 43840     3  3137 12780    
13138 WAT  43841 43843     3  3138 12781    
13139 WAT  43844 43846     3  3139 12782    
13140 WAT  43847 43849     3  3140 12783    
13141 WAT  43850 43852     3  3141 12784    
13142 WAT  43853 43855     3  3142 12785    
13143 WAT  43856 43858     3  3143 12786    
13144 WAT  43859 43861     3  3144 12787    
13145 WAT  43862 43864     3  3145 12788    
13146 WAT  43865 43867     3  3146 12789    
13147 WAT  43868 43870     3  3147 12790    
13148 WAT  43871 43873     3  3148 12791    
13149 WAT  43874 43876     3  3149 12792    
13150 WAT  43877 43879     3  3150 12793    
13151 WAT  43880 43882     3  3151 12794    
13152 WAT  43883 43885     3  3152 12795    
13153 WAT  43886 43888     3  3153 12796    
13154 WAT  43889 43891     3  3154 12797    
13155 WAT  43892 43894     3  3155 12798    
13156 WAT  43895 43897     3  3156 12799    
13157 WAT  43898 43900     3  3157 12800    
13158 WAT  43901 43903     3  3158 12801    
13159 WAT  43904 43906     3  3159 12802    
13160 WAT  43907 43909     3  3160 12803    
13161 WAT  43910 43912     3  3161 12804    
13162 WAT  43913 43915     3  3162 12805    
13163 WAT  43916 43918     3  3163 12806    
13164 WAT  43919 43921     3  3164 12807    
13165 WAT  43922 43924     3  3165 12808    
13166 WAT  43925 43927     3  3166 12809    
13167 WAT  43928 43930     3  3167 12810    
13168 WAT  43931 43933     3  3168 12811    
13169 WAT  43934 43936     3  3169 12812    
13170 WAT  43937 43939     3  3170 12813    
13171 WAT  43940 43942     3  3171 12814    
13172 WAT  43943 43945     3  3172 12815    
13173 WAT  43946 43948     3  3173 12816    
13174 WAT  43949 43951     3  3174 12817    
13175 WAT  43952 43954     3  3175 12818    
13176 WAT  43955 43957     3  3176 12819    
13177 WAT  43958 43960     3  3177 12820    
13178 WAT  43961 43963     3  3178 12821    
13179 WAT  43964 43966     3  3179 12822    
13180 WAT  43967 43969     3  3180 12823    
13181 WAT  43970 43972     3  3181 12824    
13182 WAT  43973 43975     3  3182 12825    
13183 WAT  43976 43978     3  3183 12826    
13184 WAT  43979 43981     3  3184 12827    
13185 WAT  43982 43984     3  3185 12828    
13186 WAT  43985 43987     3  3186 12829    
13187 WAT  43988 43990     3  3187 12830    
13188 WAT  43991 43993     3  3188 12831    
13189 WAT  43994 43996     3  3189 12832    
13190 WAT  43997 43999     3  3190 12833    
13191 WAT  44000 44002     3  3191 12834    
13192 WAT  44003 44005     3  3192 12835    
13193 WAT  44006 44008     3  3193 12836    
13194 WAT  44009 44011     3  3194 12837    
13195 WAT  44012 44014     3  3195 12838    
13196 WAT  44015 44017     3  3196 12839    
13197 WAT  44018 44020     3  3197 12840    
13198 WAT  44021 44023     3  3198 12841    
13199 WAT  44024 44026     3  3199 12842    
13200 WAT  44027 44029     3  3200 12843    
13201 WAT  44030 44032     3  3201 12844    
13202 WAT  44033 44035     3  3202 12845    
13203 WAT  44036 44038     3  3203 12846    
13204 WAT  44039 44041     3  3204 12847    
13205 WAT  44042 44044     3  3205 12848    
13206 WAT  44045 44047     3  3206 12849    
13207 WAT  44048 44050     3  3207 12850    
13208 WAT  44051 44053     3  3208 12851    
13209 WAT  44054 44056     3  3209 12852    
13210 WAT  44057 44059     3  3210 12853    
13211 WAT  44060 44062     3  3211 12854    
13212 WAT  44063 44065     3  3212 12855    
13213 WAT  44066 44068     3  3213 12856    
13214 WAT  44069 44071     3  3214 12857    
13215 WAT  44072 44074     3  3215 12858    
13216 WAT  44075 44077     3  3216 12859    
13217 WAT  44078 44080     3  3217 12860    
13218 WAT  44081 44083     3  3218 12861    
13219 WAT  44084 44086     3  3219 12862    
13220 WAT  44087 44089     3  3220 12863    
13221 WAT  44090 44092     3  3221 12864    
13222 WAT  44093 44095     3  3222 12865    
13223 WAT  44096 44098     3  3223 12866    
13224 WAT  44099 44101     3  3224 12867    
13225 WAT  44102 44104     3  3225 12868    
13226 WAT  44105 44107     3  3226 12869    
13227 WAT  44108 44110     3  3227 12870    
13228 WAT  44111 44113     3  3228 12871    
13229 WAT  44114 44116     3  3229 12872    
13230 WAT  44117 44119     3  3230 12873    
13231 WAT  44120 44122     3  3231 12874    
13232 WAT  44123 44125     3  3232 12875    
13233 WAT  44126 44128     3  3233 12876    
13234 WAT  44129 44131     3  3234 12877    
13235 WAT  44132 44134     3  3235 12878    
13236 WAT  44135 44137     3  3236 12879    
13237 WAT  44138 44140     3  3237 12880    
13238 WAT  44141 44143     3  3238 12881    
13239 WAT  44144 44146     3  3239 12882    
13240 WAT  44147 44149     3  3240 12883    
13241 WAT  44150 44152     3  3241 12884    
13242 WAT  44153 44155     3  3242 12885    
13243 WAT  44156 44158     3  3243 12886    
13244 WAT  44159 44161     3  3244 12887    
13245 WAT  44162 44164     3  3245 12888    
13246 WAT  44165 44167     3  3246 12889    
13247 WAT  44168 44170     3  3247 12890    
13248 WAT  44171 44173     3  3248 12891    
13249 WAT  44174 44176     3  3249 12892    
13250 WAT  44177 44179     3  3250 12893    
13251 WAT  44180 44182     3  3251 12894    
13252 WAT  44183 44185     3  3252 12895    
13253 WAT  44186 44188     3  3253 12896    
13254 WAT  44189 44191     3  3254 12897    
13255 WAT  44192 44194     3  3255 12898    
13256 WAT  44195 44197     3  3256 12899    
13257 WAT  44198 44200     3  3257 12900    
13258 WAT  44201 44203     3  3258 12901    
13259 WAT  44204 44206     3  3259 12902    
13260 WAT  44207 44209     3  3260 12903    
13261 WAT  44210 44212     3  3261 12904    
13262 WAT  44213 44215     3  3262 12905    
13263 WAT  44216 44218     3  3263 12906    
13264 WAT  44219 44221     3  3264 12907    
13265 WAT  44222 44224     3  3265 12908    
13266 WAT  44225 44227     3  3266 12909    
13267 WAT  44228 44230     3  3267 12910    
13268 WAT  44231 44233     3  3268 12911    
13269 WAT  44234 44236     3  3269 12912    
13270 WAT  44237 44239     3  3270 12913    
13271 WAT  44240 44242     3  3271 12914    
13272 WAT  44243 44245     3  3272 12915    
13273 WAT  44246 44248     3  3273 12916    
13274 WAT  44249 44251     3  3274 12917    
13275 WAT  44252 44254     3  3275 12918    
13276 WAT  44255 44257     3  3276 12919    
13277 WAT  44258 44260     3  3277 12920    
13278 WAT  44261 44263     3  3278 12921    
13279 WAT  44264 44266     3  3279 12922    
13280 WAT  44267 44269     3  3280 12923    
13281 WAT  44270 44272     3  3281 12924    
13282 WAT  44273 44275     3  3282 12925    
13283 WAT  44276 44278     3  3283 12926    
13284 WAT  44279 44281     3  3284 12927    
13285 WAT  44282 44284     3  3285 12928    
13286 WAT  44285 44287     3  3286 12929    
13287 WAT  44288 44290     3  3287 12930    
13288 WAT  44291 44293     3  3288 12931    
13289 WAT  44294 44296     3  3289 12932    
13290 WAT  44297 44299     3  3290 12933    
13291 WAT  44300 44302     3  3291 12934    
13292 WAT  44303 44305     3  3292 12935    
13293 WAT  44306 44308     3  3293 12936    
13294 WAT  44309 44311     3  3294 12937    
13295 WAT  44312 44314     3  3295 12938    
13296 WAT  44315 44317     3  3296 12939    
13297 WAT  44318 44320     3  3297 12940    
13298 WAT  44321 44323     3  3298 12941    
13299 WAT  44324 44326     3  3299 12942    
13300 WAT  44327 44329     3  3300 12943    
13301 WAT  44330 44332     3  3301 12944    
13302 WAT  44333 44335     3  3302 12945    
13303 WAT  44336 44338     3  3303 12946    
13304 WAT  44339 44341     3  3304 12947    
13305 WAT  44342 44344     3  3305 12948    
13306 WAT  44345 44347     3  3306 12949    
13307 WAT  44348 44350     3  3307 12950    
13308 WAT  44351 44353     3  3308 12951    
13309 WAT  44354 44356     3  3309 12952    
13310 WAT  44357 44359     3  3310 12953    
13311 WAT  44360 44362     3  3311 12954    
13312 WAT  44363 44365     3  3312 12955    
13313 WAT  44366 44368     3  3313 12956    
13314 WAT  44369 44371     3  3314 12957    
13315 WAT  44372 44374     3  3315 12958    
13316 WAT  44375 44377     3  3316 12959    
13317 WAT  44378 44380     3  3317 12960    
13318 WAT  44381 44383     3  3318 12961    
13319 WAT  44384 44386     3  3319 12962    
13320 WAT  44387 44389     3  3320 12963    
13321 WAT  44390 44392     3  3321 12964    
13322 WAT  44393 44395     3  3322 12965    
13323 WAT  44396 44398     3  3323 12966    
13324 WAT  44399 44401     3  3324 12967    
13325 WAT  44402 44404     3  3325 12968    
13326 WAT  44405 44407     3  3326 12969    
13327 WAT  44408 44410     3  3327 12970    
13328 WAT  44411 44413     3  3328 12971    
13329 WAT  44414 44416     3  3329 12972    
13330 WAT  44417 44419     3  3330 12973    
13331 WAT  44420 44422     3  3331 12974    
13332 WAT  44423 44425     3  3332 12975    
13333 WAT  44426 44428     3  3333 12976    
13334 WAT  44429 44431     3  3334 12977    
13335 WAT  44432 44434     3  3335 12978    
13336 WAT  44435 44437     3  3336 12979    
13337 WAT  44438 44440     3  3337 12980    
13338 WAT  44441 44443     3  3338 12981    
13339 WAT  44444 44446     3  3339 12982    
13340 WAT  44447 44449     3  3340 12983    
13341 WAT  44450 44452     3  3341 12984    
13342 WAT  44453 44455     3  3342 12985    
13343 WAT  44456 44458     3  3343 12986    
13344 WAT  44459 44461     3  3344 12987    
13345 WAT  44462 44464     3  3345 12988    
13346 WAT  44465 44467     3  3346 12989    
13347 WAT  44468 44470     3  3347 12990    
13348 WAT  44471 44473     3  3348 12991    
13349 WAT  44474 44476     3  3349 12992    
13350 WAT  44477 44479     3  3350 12993    
13351 WAT  44480 44482     3  3351 12994    
13352 WAT  44483 44485     3  3352 12995    
13353 WAT  44486 44488     3  3353 12996    
13354 WAT  44489 44491     3  3354 12997    
13355 WAT  44492 44494     3  3355 12998    
13356 WAT  44495 44497     3  3356 12999    
13357 WAT  44498 44500     3  3357 13000    
13358 WAT  44501 44503     3  3358 13001    
13359 WAT  44504 44506     3  3359 13002    
13360 WAT  44507 44509     3  3360 13003    
13361 WAT  44510 44512     3  3361 13004    
13362 WAT  44513 44515     3  3362 13005    
13363 WAT  44516 44518     3  3363 13006    
13364 WAT  44519 44521     3  3364 13007    
13365 WAT  44522 44524     3  3365 13008    
13366 WAT  44525 44527     3  3366 13009    
13367 WAT  44528 44530     3  3367 13010    
13368 WAT  44531 44533     3  3368 13011    
13369 WAT  44534 44536     3  3369 13012    
13370 WAT  44537 44539     3  3370 13013    
13371 WAT  44540 44542     3  3371 13014    
13372 WAT  44543 44545     3  3372 13015    
13373 WAT  44546 44548     3  3373 13016    
13374 WAT  44549 44551     3  3374 13017    
13375 WAT  44552 44554     3  3375 13018    
13376 WAT  44555 44557     3  3376 13019    
13377 WAT  44558 44560     3  3377 13020    
13378 WAT  44561 44563     3  3378 13021    
13379 WAT  44564 44566     3  3379 13022    
13380 WAT  44567 44569     3  3380 13023    
13381 WAT  44570 44572     3  3381 13024    
13382 WAT  44573 44575     3  3382 13025    
13383 WAT  44576 44578     3  3383 13026    
13384 WAT  44579 44581     3  3384 13027    
13385 WAT  44582 44584     3  3385 13028    
13386 WAT  44585 44587     3  3386 13029    
13387 WAT  44588 44590     3  3387 13030    
13388 WAT  44591 44593     3  3388 13031    
13389 WAT  44594 44596     3  3389 13032    
13390 WAT  44597 44599     3  3390 13033    
13391 WAT  44600 44602     3  3391 13034    
13392 WAT  44603 44605     3  3392 13035    
13393 WAT  44606 44608     3  3393 13036    
13394 WAT  44609 44611     3  3394 13037    
13395 WAT  44612 44614     3  3395 13038    
13396 WAT  44615 44617     3  3396 13039    
13397 WAT  44618 44620     3  3397 13040    
13398 WAT  44621 44623     3  3398 13041    
13399 WAT  44624 44626     3  3399 13042    
13400 WAT  44627 44629     3  3400 13043    
13401 WAT  44630 44632     3  3401 13044    
13402 WAT  44633 44635     3  3402 13045    
13403 WAT  44636 44638     3  3403 13046    
13404 WAT  44639 44641     3  3404 13047    
13405 WAT  44642 44644     3  3405 13048    
13406 WAT  44645 44647     3  3406 13049    
13407 WAT  44648 44650     3  3407 13050    
13408 WAT  44651 44653     3  3408 13051    
13409 WAT  44654 44656     3  3409 13052    
13410 WAT  44657 44659     3  3410 13053    
13411 WAT  44660 44662     3  3411 13054    
13412 WAT  44663 44665     3  3412 13055    
13413 WAT  44666 44668     3  3413 13056    
13414 WAT  44669 44671     3  3414 13057    
13415 WAT  44672 44674     3  3415 13058    
13416 WAT  44675 44677     3  3416 13059    
13417 WAT  44678 44680     3  3417 13060    
13418 WAT  44681 44683     3  3418 13061    
13419 WAT  44684 44686     3  3419 13062    
13420 WAT  44687 44689     3  3420 13063    
13421 WAT  44690 44692     3  3421 13064    
13422 WAT  44693 44695     3  3422 13065    
13423 WAT  44696 44698     3  3423 13066    
13424 WAT  44699 44701     3  3424 13067    
13425 WAT  44702 44704     3  3425 13068    
13426 WAT  44705 44707     3  3426 13069    
13427 WAT  44708 44710     3  3427 13070    
13428 WAT  44711 44713     3  3428 13071    
13429 WAT  44714 44716     3  3429 13072    
13430 WAT  44717 44719     3  3430 13073    
13431 WAT  44720 44722     3  3431 13074    
13432 WAT  44723 44725     3  3432 13075    
13433 WAT  44726 44728     3  3433 13076    
13434 WAT  44729 44731     3  3434 13077    
13435 WAT  44732 44734     3  3435 13078    
13436 WAT  44735 44737     3  3436 13079    
13437 WAT  44738 44740     3  3437 13080    
13438 WAT  44741 44743     3  3438 13081    
13439 WAT  44744 44746     3  3439 13082    
13440 WAT  44747 44749     3  3440 13083    
13441 WAT  44750 44752     3  3441 13084    
13442 WAT  44753 44755     3  3442 13085    
13443 WAT  44756 44758     3  3443 13086    
13444 WAT  44759 44761     3  3444 13087    
13445 WAT  44762 44764     3  3445 13088    
13446 WAT  44765 44767     3  3446 13089    
13447 WAT  44768 44770     3  3447 13090    
13448 WAT  44771 44773     3  3448 13091    
13449 WAT  44774 44776     3  3449 13092    
13450 WAT  44777 44779     3  3450 13093    
13451 WAT  44780 44782     3  3451 13094    
13452 WAT  44783 44785     3  3452 13095    
13453 WAT  44786 44788     3  3453 13096    
13454 WAT  44789 44791     3  3454 13097    
13455 WAT  44792 44794     3  3455 13098    
13456 WAT  44795 44797     3  3456 13099    
13457 WAT  44798 44800     3  3457 13100    
13458 WAT  44801 44803     3  3458 13101    
13459 WAT  44804 44806     3  3459 13102    
13460 WAT  44807 44809     3  3460 13103    
13461 WAT  44810 44812     3  3461 13104    
13462 WAT  44813 44815     3  3462 13105    
13463 WAT  44816 44818     3  3463 13106    
13464 WAT  44819 44821     3  3464 13107    
13465 WAT  44822 44824     3  3465 13108    
13466 WAT  44825 44827     3  3466 13109    
13467 WAT  44828 44830     3  3467 13110    
13468 WAT  44831 44833     3  3468 13111    
13469 WAT  44834 44836     3  3469 13112    
13470 WAT  44837 44839     3  3470 13113    
13471 WAT  44840 44842     3  3471 13114    
13472 WAT  44843 44845     3  3472 13115    
13473 WAT  44846 44848     3  3473 13116    
13474 WAT  44849 44851     3  3474 13117    
13475 WAT  44852 44854     3  3475 13118    
13476 WAT  44855 44857     3  3476 13119    
13477 WAT  44858 44860     3  3477 13120    
13478 WAT  44861 44863     3  3478 13121    
13479 WAT  44864 44866     3  3479 13122    
13480 WAT  44867 44869     3  3480 13123    
13481 WAT  44870 44872     3  3481 13124    
13482 WAT  44873 44875     3  3482 13125    
13483 WAT  44876 44878     3  3483 13126    
13484 WAT  44879 44881     3  3484 13127    
13485 WAT  44882 44884     3  3485 13128    
13486 WAT  44885 44887     3  3486 13129    
13487 WAT  44888 44890     3  3487 13130    
13488 WAT  44891 44893     3  3488 13131    
13489 WAT  44894 44896     3  3489 13132    
13490 WAT  44897 44899     3  3490 13133    
13491 WAT  44900 44902     3  3491 13134    
13492 WAT  44903 44905     3  3492 13135    
13493 WAT  44906 44908     3  3493 13136    
13494 WAT  44909 44911     3  3494 13137    
13495 WAT  44912 44914     3  3495 13138    
13496 WAT  44915 44917     3  3496 13139    
13497 WAT  44918 44920     3  3497 13140    
13498 WAT  44921 44923     3  3498 13141    
13499 WAT  44924 44926     3  3499 13142    
13500 WAT  44927 44929     3  3500 13143    
13501 WAT  44930 44932     3  3501 13144    
13502 WAT  44933 44935     3  3502 13145    
13503 WAT  44936 44938     3  3503 13146    
13504 WAT  44939 44941     3  3504 13147    
13505 WAT  44942 44944     3  3505 13148    
13506 WAT  44945 44947     3  3506 13149    
13507 WAT  44948 44950     3  3507 13150    
13508 WAT  44951 44953     3  3508 13151    
13509 WAT  44954 44956     3  3509 13152    
13510 WAT  44957 44959     3  3510 13153    
13511 WAT  44960 44962     3  3511 13154    
13512 WAT  44963 44965     3  3512 13155    
13513 WAT  44966 44968     3  3513 13156    
13514 WAT  44969 44971     3  3514 13157    
13515 WAT  44972 44974     3  3515 13158    
13516 WAT  44975 44977     3  3516 13159    
13517 WAT  44978 44980     3  3517 13160    
13518 WAT  44981 44983     3  3518 13161    
13519 WAT  44984 44986     3  3519 13162    
13520 WAT  44987 44989     3  3520 13163    
13521 WAT  44990 44992     3  3521 13164    
13522 WAT  44993 44995     3  3522 13165    
13523 WAT  44996 44998     3  3523 13166    
13524 WAT  44999 45001     3  3524 13167    
13525 WAT  45002 45004     3  3525 13168    
13526 WAT  45005 45007     3  3526 13169    
13527 WAT  45008 45010     3  3527 13170    
13528 WAT  45011 45013     3  3528 13171    
13529 WAT  45014 45016     3  3529 13172    
13530 WAT  45017 45019     3  3530 13173    
13531 WAT  45020 45022     3  3531 13174    
13532 WAT  45023 45025     3  3532 13175    
13533 WAT  45026 45028     3  3533 13176    
13534 WAT  45029 45031     3  3534 13177    
13535 WAT  45032 45034     3  3535 13178    
13536 WAT  45035 45037     3  3536 13179    
13537 WAT  45038 45040     3  3537 13180    
13538 WAT  45041 45043     3  3538 13181    
13539 WAT  45044 45046     3  3539 13182    
13540 WAT  45047 45049     3  3540 13183    
13541 WAT  45050 45052     3  3541 13184    
13542 WAT  45053 45055     3  3542 13185    
13543 WAT  45056 45058     3  3543 13186    
13544 WAT  45059 45061     3  3544 13187    
13545 WAT  45062 45064     3  3545 13188    
13546 WAT  45065 45067     3  3546 13189    
13547 WAT  45068 45070     3  3547 13190    
13548 WAT  45071 45073     3  3548 13191    
13549 WAT  45074 45076     3  3549 13192    
13550 WAT  45077 45079     3  3550 13193    
13551 WAT  45080 45082     3  3551 13194    
13552 WAT  45083 45085     3  3552 13195    
13553 WAT  45086 45088     3  3553 13196    
13554 WAT  45089 45091     3  3554 13197    
13555 WAT  45092 45094     3  3555 13198    
13556 WAT  45095 45097     3  3556 13199    
13557 WAT  45098 45100     3  3557 13200    
13558 WAT  45101 45103     3  3558 13201    
13559 WAT  45104 45106     3  3559 13202    
13560 WAT  45107 45109     3  3560 13203    
13561 WAT  45110 45112     3  3561 13204    
13562 WAT  45113 45115     3  3562 13205    
13563 WAT  45116 45118     3  3563 13206    
13564 WAT  45119 45121     3  3564 13207    
13565 WAT  45122 45124     3  3565 13208    
13566 WAT  45125 45127     3  3566 13209    
13567 WAT  45128 45130     3  3567 13210    
13568 WAT  45131 45133     3  3568 13211    
13569 WAT  45134 45136     3  3569 13212    
13570 WAT  45137 45139     3  3570 13213    
13571 WAT  45140 45142     3  3571 13214    
13572 WAT  45143 45145     3  3572 13215    
13573 WAT  45146 45148     3  3573 13216    
13574 WAT  45149 45151     3  3574 13217    
13575 WAT  45152 45154     3  3575 13218    
13576 WAT  45155 45157     3  3576 13219    
13577 WAT  45158 45160     3  3577 13220    
13578 WAT  45161 45163     3  3578 13221    
13579 WAT  45164 45166     3  3579 13222    
13580 WAT  45167 45169     3  3580 13223    
13581 WAT  45170 45172     3  3581 13224    
13582 WAT  45173 45175     3  3582 13225    
13583 WAT  45176 45178     3  3583 13226    
13584 WAT  45179 45181     3  3584 13227    
13585 WAT  45182 45184     3  3585 13228    
13586 WAT  45185 45187     3  3586 13229    
13587 WAT  45188 45190     3  3587 13230    
13588 WAT  45191 45193     3  3588 13231    
13589 WAT  45194 45196     3  3589 13232    
13590 WAT  45197 45199     3  3590 13233    
13591 WAT  45200 45202     3  3591 13234    
13592 WAT  45203 45205     3  3592 13235    
13593 WAT  45206 45208     3  3593 13236    
13594 WAT  45209 45211     3  3594 13237    
13595 WAT  45212 45214     3  3595 13238    
13596 WAT  45215 45217     3  3596 13239    
13597 WAT  45218 45220     3  3597 13240    
13598 WAT  45221 45223     3  3598 13241    
13599 WAT  45224 45226     3  3599 13242    
13600 WAT  45227 45229     3  3600 13243    
13601 WAT  45230 45232     3  3601 13244    
13602 WAT  45233 45235     3  3602 13245    
13603 WAT  45236 45238     3  3603 13246    
13604 WAT  45239 45241     3  3604 13247    
13605 WAT  45242 45244     3  3605 13248    
13606 WAT  45245 45247     3  3606 13249    
13607 WAT  45248 45250     3  3607 13250    
13608 WAT  45251 45253     3  3608 13251    
13609 WAT  45254 45256     3  3609 13252    
13610 WAT  45257 45259     3  3610 13253    
13611 WAT  45260 45262     3  3611 13254    
13612 WAT  45263 45265     3  3612 13255    
13613 WAT  45266 45268     3  3613 13256    
13614 WAT  45269 45271     3  3614 13257    
13615 WAT  45272 45274     3  3615 13258    
13616 WAT  45275 45277     3  3616 13259    
13617 WAT  45278 45280     3  3617 13260    
13618 WAT  45281 45283     3  3618 13261    
13619 WAT  45284 45286     3  3619 13262    
13620 WAT  45287 45289     3  3620 13263    
13621 WAT  45290 45292     3  3621 13264    
13622 WAT  45293 45295     3  3622 13265    
13623 WAT  45296 45298     3  3623 13266    
13624 WAT  45299 45301     3  3624 13267    
13625 WAT  45302 45304     3  3625 13268    
13626 WAT  45305 45307     3  3626 13269    
13627 WAT  45308 45310     3  3627 13270    
13628 WAT  45311 45313     3  3628 13271    
13629 WAT  45314 45316     3  3629 13272    
13630 WAT  45317 45319     3  3630 13273    
13631 WAT  45320 45322     3  3631 13274    
13632 WAT  45323 45325     3  3632 13275    
13633 WAT  45326 45328     3  3633 13276    
13634 WAT  45329 45331     3  3634 13277    
13635 WAT  45332 45334     3  3635 13278    
13636 WAT  45335 45337     3  3636 13279    
13637 WAT  45338 45340     3  3637 13280    
13638 WAT  45341 45343     3  3638 13281    
13639 WAT  45344 45346     3  3639 13282    
13640 WAT  45347 45349     3  3640 13283    
13641 WAT  45350 45352     3  3641 13284    
13642 WAT  45353 45355     3  3642 13285    
13643 WAT  45356 45358     3  3643 13286    
13644 WAT  45359 45361     3  3644 13287    
13645 WAT  45362 45364     3  3645 13288    
13646 WAT  45365 45367     3  3646 13289    
13647 WAT  45368 45370     3  3647 13290    
13648 WAT  45371 45373     3  3648 13291    
13649 WAT  45374 45376     3  3649 13292    
13650 WAT  45377 45379     3  3650 13293    
13651 WAT  45380 45382     3  3651 13294    
13652 WAT  45383 45385     3  3652 13295    
13653 WAT  45386 45388     3  3653 13296    
13654 WAT  45389 45391     3  3654 13297    
13655 WAT  45392 45394     3  3655 13298    
13656 WAT  45395 45397     3  3656 13299    
13657 WAT  45398 45400     3  3657 13300    
13658 WAT  45401 45403     3  3658 13301    
13659 WAT  45404 45406     3  3659 13302    
13660 WAT  45407 45409     3  3660 13303    
13661 WAT  45410 45412     3  3661 13304    
13662 WAT  45413 45415     3  3662 13305    
13663 WAT  45416 45418     3  3663 13306    
13664 WAT  45419 45421     3  3664 13307    
13665 WAT  45422 45424     3  3665 13308    
13666 WAT  45425 45427     3  3666 13309    
13667 WAT  45428 45430     3  3667 13310    
13668 WAT  45431 45433     3  3668 13311    
13669 WAT  45434 45436     3  3669 13312    
13670 WAT  45437 45439     3  3670 13313    
13671 WAT  45440 45442     3  3671 13314    
13672 WAT  45443 45445     3  3672 13315    
13673 WAT  45446 45448     3  3673 13316    
13674 WAT  45449 45451     3  3674 13317    
13675 WAT  45452 45454     3  3675 13318    
13676 WAT  45455 45457     3  3676 13319    
13677 WAT  45458 45460     3  3677 13320    
13678 WAT  45461 45463     3  3678 13321    
13679 WAT  45464 45466     3  3679 13322    
13680 WAT  45467 45469     3  3680 13323    
13681 WAT  45470 45472     3  3681 13324    
13682 WAT  45473 45475     3  3682 13325    
13683 WAT  45476 45478     3  3683 13326    
13684 WAT  45479 45481     3  3684 13327    
13685 WAT  45482 45484     3  3685 13328    
13686 WAT  45485 45487     3  3686 13329    
13687 WAT  45488 45490     3  3687 13330    
13688 WAT  45491 45493     3  3688 13331    
13689 WAT  45494 45496     3  3689 13332    
13690 WAT  45497 45499     3  3690 13333    
13691 WAT  45500 45502     3  3691 13334    
13692 WAT  45503 45505     3  3692 13335    
13693 WAT  45506 45508     3  3693 13336    
13694 WAT  45509 45511     3  3694 13337    
13695 WAT  45512 45514     3  3695 13338    
13696 WAT  45515 45517     3  3696 13339    
13697 WAT  45518 45520     3  3697 13340    
13698 WAT  45521 45523     3  3698 13341    
13699 WAT  45524 45526     3  3699 13342    
13700 WAT  45527 45529     3  3700 13343    
13701 WAT  45530 45532     3  3701 13344    
13702 WAT  45533 45535     3  3702 13345    
13703 WAT  45536 45538     3  3703 13346    
13704 WAT  45539 45541     3  3704 13347    
13705 WAT  45542 45544     3  3705 13348    
13706 WAT  45545 45547     3  3706 13349    
13707 WAT  45548 45550     3  3707 13350    
13708 WAT  45551 45553     3  3708 13351    
13709 WAT  45554 45556     3  3709 13352    
13710 WAT  45557 45559     3  3710 13353    
13711 WAT  45560 45562     3  3711 13354    
13712 WAT  45563 45565     3  3712 13355    
13713 WAT  45566 45568     3  3713 13356    
13714 WAT  45569 45571     3  3714 13357    
13715 WAT  45572 45574     3  3715 13358    
13716 WAT  45575 45577     3  3716 13359    
13717 WAT  45578 45580     3  3717 13360    
13718 WAT  45581 45583     3  3718 13361    
13719 WAT  45584 45586     3  3719 13362    
13720 WAT  45587 45589     3  3720 13363    
13721 WAT  45590 45592     3  3721 13364    
13722 WAT  45593 45595     3  3722 13365    
13723 WAT  45596 45598     3  3723 13366    
13724 WAT  45599 45601     3  3724 13367    
13725 WAT  45602 45604     3  3725 13368    
13726 WAT  45605 45607     3  3726 13369    
13727 WAT  45608 45610     3  3727 13370    
13728 WAT  45611 45613     3  3728 13371    
13729 WAT  45614 45616     3  3729 13372    
13730 WAT  45617 45619     3  3730 13373    
13731 WAT  45620 45622     3  3731 13374    
13732 WAT  45623 45625     3  3732 13375    
13733 WAT  45626 45628     3  3733 13376    
13734 WAT  45629 45631     3  3734 13377    
