#Res  Name First  Last Natom #Orig  #Mol C I
    1 VAL      1    18    18     1     1    
    2 LYS     19    40    22     2     1    
    3 PRO     41    54    14     3     1    
    4 ASN     55    68    14     4     1    
    5 TYR     69    89    21     5     1    
    6 ALA     90    99    10     6     1    
    7 LEU    100   118    19     7     1    
    8 LYS    119   140    22     8     1    
    9 PHE    141   160    20     9     1    
   10 THR    161   174    14    10     1    
   11 LEU    175   193    19    11     1    
   12 ALA    194   203    10    12     1    
   13 GLY    204   210     7    13     1    
   14 HID    211   227    17    14     1    
   15 THR    228   241    14    15     1    
   16 LYS    242   263    22    16     1    
   17 ALA    264   273    10    17     1    
   18 VAL    274   289    16    18     1    
   19 SER    290   300    11    19     1    
   20 SER    301   311    11    20     1    
   21 VAL    312   327    16    21     1    
   22 LYS    328   349    22    22     1    
   23 PHE    350   369    20    23     1    
   24 SER    370   380    11    24     1    
   25 PRO    381   394    14    25     1    
   26 ASN    395   408    14    26     1    
   27 GLY    409   415     7    27     1    
   28 GLU    416   430    15    28     1    
   29 TRP    431   454    24    29     1    
   30 LEU    455   473    19    30     1    
   31 ALA    474   483    10    31     1    
   32 SER    484   494    11    32     1    
   33 SER    495   505    11    33     1    
   34 SER    506   516    11    34     1    
   35 ALA    517   526    10    35     1    
   36 ASP    527   538    12    36     1    
   37 LYS    539   560    22    37     1    
   38 LEU    561   579    19    38     1    
   39 ILE    580   598    19    39     1    
   40 LYS    599   620    22    40     1    
   41 ILE    621   639    19    41     1    
   42 TRP    640   663    24    42     1    
   43 GLY    664   670     7    43     1    
   44 ALA    671   680    10    44     1    
   45 TYR    681   701    21    45     1    
   46 ASP    702   713    12    46     1    
   47 GLY    714   720     7    47     1    
   48 LYS    721   742    22    48     1    
   49 PHE    743   762    20    49     1    
   50 GLU    763   777    15    50     1    
   51 LYS    778   799    22    51     1    
   52 THR    800   813    14    52     1    
   53 ILE    814   832    19    53     1    
   54 SER    833   843    11    54     1    
   55 GLY    844   850     7    55     1    
   56 HID    851   867    17    56     1    
   57 LYS    868   889    22    57     1    
   58 LEU    890   908    19    58     1    
   59 GLY    909   915     7    59     1    
   60 ILE    916   934    19    60     1    
   61 SER    935   945    11    61     1    
   62 ASP    946   957    12    62     1    
   63 VAL    958   973    16    63     1    
   64 ALA    974   983    10    64     1    
   65 TRP    984  1007    24    65     1    
   66 SER   1008  1018    11    66     1    
   67 SER   1019  1029    11    67     1    
   68 ASP   1030  1041    12    68     1    
   69 SER   1042  1052    11    69     1    
   70 ASN   1053  1066    14    70     1    
   71 LEU   1067  1085    19    71     1    
   72 LEU   1086  1104    19    72     1    
   73 VAL   1105  1120    16    73     1    
   74 SER   1121  1131    11    74     1    
   75 ALA   1132  1141    10    75     1    
   76 SER   1142  1152    11    76     1    
   77 ASP   1153  1164    12    77     1    
   78 ASP   1165  1176    12    78     1    
   79 LYS   1177  1198    22    79     1    
   80 THR   1199  1212    14    80     1    
   81 LEU   1213  1231    19    81     1    
   82 LYS   1232  1253    22    82     1    
   83 ILE   1254  1272    19    83     1    
   84 TRP   1273  1296    24    84     1    
   85 ASP   1297  1308    12    85     1    
   86 VAL   1309  1324    16    86     1    
   87 SER   1325  1335    11    87     1    
   88 SER   1336  1346    11    88     1    
   89 GLY   1347  1353     7    89     1    
   90 LYS   1354  1375    22    90     1    
   91 CYS   1376  1386    11    91     1    
   92 LEU   1387  1405    19    92     1    
   93 LYS   1406  1427    22    93     1    
   94 THR   1428  1441    14    94     1    
   95 LEU   1442  1460    19    95     1    
   96 LYS   1461  1482    22    96     1    
   97 GLY   1483  1489     7    97     1    
   98 HID   1490  1506    17    98     1    
   99 SER   1507  1517    11    99     1    
  100 ASN   1518  1531    14   100     1    
  101 TYR   1532  1552    21   101     1    
  102 VAL   1553  1568    16   102     1    
  103 PHE   1569  1588    20   103     1    
  104 CYS   1589  1599    11   104     1    
  105 CYS   1600  1610    11   105     1    
  106 ASN   1611  1624    14   106     1    
  107 PHE   1625  1644    20   107     1    
  108 ASN   1645  1658    14   108     1    
  109 PRO   1659  1672    14   109     1    
  110 GLN   1673  1689    17   110     1    
  111 SER   1690  1700    11   111     1    
  112 ASN   1701  1714    14   112     1    
  113 LEU   1715  1733    19   113     1    
  114 ILE   1734  1752    19   114     1    
  115 VAL   1753  1768    16   115     1    
  116 SER   1769  1779    11   116     1    
  117 GLY   1780  1786     7   117     1    
  118 SER   1787  1797    11   118     1    
  119 PHE   1798  1817    20   119     1    
  120 ASP   1818  1829    12   120     1    
  121 GLU   1830  1844    15   121     1    
  122 SER   1845  1855    11   122     1    
  123 VAL   1856  1871    16   123     1    
  124 ARG   1872  1895    24   124     1    
  125 ILE   1896  1914    19   125     1    
  126 TRP   1915  1938    24   126     1    
  127 ASP   1939  1950    12   127     1    
  128 VAL   1951  1966    16   128     1    
  129 LYS   1967  1988    22   129     1    
  130 THR   1989  2002    14   130     1    
  131 GLY   2003  2009     7   131     1    
  132 LYS   2010  2031    22   132     1    
  133 CYS   2032  2042    11   133     1    
  134 LEU   2043  2061    19   134     1    
  135 LYS   2062  2083    22   135     1    
  136 THR   2084  2097    14   136     1    
  137 LEU   2098  2116    19   137     1    
  138 PRO   2117  2130    14   138     1    
  139 ALA   2131  2140    10   139     1    
  140 HIP   2141  2158    18   140     1    
  141 SER   2159  2169    11   141     1    
  142 ASP   2170  2181    12   142     1    
  143 PRO   2182  2195    14   143     1    
  144 VAL   2196  2211    16   144     1    
  145 SER   2212  2222    11   145     1    
  146 ALA   2223  2232    10   146     1    
  147 VAL   2233  2248    16   147     1    
  148 HIE   2249  2265    17   148     1    
  149 PHE   2266  2285    20   149     1    
  150 ASN   2286  2299    14   150     1    
  151 ARG   2300  2323    24   151     1    
  152 ASP   2324  2335    12   152     1    
  153 GLY   2336  2342     7   153     1    
  154 SER   2343  2353    11   154     1    
  155 LEU   2354  2372    19   155     1    
  156 ILE   2373  2391    19   156     1    
  157 VAL   2392  2407    16   157     1    
  158 SER   2408  2418    11   158     1    
  159 SER   2419  2429    11   159     1    
  160 SER   2430  2440    11   160     1    
  161 TYR   2441  2461    21   161     1    
  162 ASP   2462  2473    12   162     1    
  163 GLY   2474  2480     7   163     1    
  164 LEU   2481  2499    19   164     1    
  165 CYS   2500  2510    11   165     1    
  166 ARG   2511  2534    24   166     1    
  167 ILE   2535  2553    19   167     1    
  168 TRP   2554  2577    24   168     1    
  169 ASP   2578  2589    12   169     1    
  170 THR   2590  2603    14   170     1    
  171 ALA   2604  2613    10   171     1    
  172 SER   2614  2624    11   172     1    
  173 GLY   2625  2631     7   173     1    
  174 GLN   2632  2648    17   174     1    
  175 CYS   2649  2659    11   175     1    
  176 LEU   2660  2678    19   176     1    
  177 LYS   2679  2700    22   177     1    
  178 THR   2701  2714    14   178     1    
  179 LEU   2715  2733    19   179     1    
  180 ILE   2734  2752    19   180     1    
  181 ASP   2753  2764    12   181     1    
  182 ASP   2765  2776    12   182     1    
  183 ASP   2777  2788    12   183     1    
  184 ASN   2789  2802    14   184     1    
  185 PRO   2803  2816    14   185     1    
  186 PRO   2817  2830    14   186     1    
  187 VAL   2831  2846    16   187     1    
  188 SER   2847  2857    11   188     1    
  189 PHE   2858  2877    20   189     1    
  190 VAL   2878  2893    16   190     1    
  191 LYS   2894  2915    22   191     1    
  192 PHE   2916  2935    20   192     1    
  193 SER   2936  2946    11   193     1    
  194 PRO   2947  2960    14   194     1    
  195 ASN   2961  2974    14   195     1    
  196 GLY   2975  2981     7   196     1    
  197 LYS   2982  3003    22   197     1    
  198 TYR   3004  3024    21   198     1    
  199 ILE   3025  3043    19   199     1    
  200 LEU   3044  3062    19   200     1    
  201 ALA   3063  3072    10   201     1    
  202 ALA   3073  3082    10   202     1    
  203 THR   3083  3096    14   203     1    
  204 LEU   3097  3115    19   204     1    
  205 ASP   3116  3127    12   205     1    
  206 ASN   3128  3141    14   206     1    
  207 THR   3142  3155    14   207     1    
  208 LEU   3156  3174    19   208     1    
  209 LYS   3175  3196    22   209     1    
  210 LEU   3197  3215    19   210     1    
  211 TRP   3216  3239    24   211     1    
  212 ASP   3240  3251    12   212     1    
  213 TYR   3252  3272    21   213     1    
  214 SER   3273  3283    11   214     1    
  215 LYS   3284  3305    22   215     1    
  216 GLY   3306  3312     7   216     1    
  217 LYS   3313  3334    22   217     1    
  218 CYS   3335  3345    11   218     1    
  219 LEU   3346  3364    19   219     1    
  220 LYS   3365  3386    22   220     1    
  221 THR   3387  3400    14   221     1    
  222 TYR   3401  3421    21   222     1    
  223 THR   3422  3435    14   223     1    
  224 GLY   3436  3442     7   224     1    
  225 HIE   3443  3459    17   225     1    
  226 LYS   3460  3481    22   226     1    
  227 ASN   3482  3495    14   227     1    
  228 GLU   3496  3510    15   228     1    
  229 LYS   3511  3532    22   229     1    
  230 TYR   3533  3553    21   230     1    
  231 CYS   3554  3564    11   231     1    
  232 ILE   3565  3583    19   232     1    
  233 PHE   3584  3603    20   233     1    
  234 ALA   3604  3613    10   234     1    
  235 ASN   3614  3627    14   235     1    
  236 PHE   3628  3647    20   236     1    
  237 SER   3648  3658    11   237     1    
  238 VAL   3659  3674    16   238     1    
  239 THR   3675  3688    14   239     1    
  240 GLY   3689  3695     7   240     1    
  241 GLY   3696  3702     7   241     1    
  242 LYS   3703  3724    22   242     1    
  243 TRP   3725  3748    24   243     1    
  244 ILE   3749  3767    19   244     1    
  245 VAL   3768  3783    16   245     1    
  246 SER   3784  3794    11   246     1    
  247 GLY   3795  3801     7   247     1    
  248 SER   3802  3812    11   248     1    
  249 GLU   3813  3827    15   249     1    
  250 ASP   3828  3839    12   250     1    
  251 ASN   3840  3853    14   251     1    
  252 LEU   3854  3872    19   252     1    
  253 VAL   3873  3888    16   253     1    
  254 TYR   3889  3909    21   254     1    
  255 ILE   3910  3928    19   255     1    
  256 TRP   3929  3952    24   256     1    
  257 ASN   3953  3966    14   257     1    
  258 LEU   3967  3985    19   258     1    
  259 GLN   3986  4002    17   259     1    
  260 THR   4003  4016    14   260     1    
  261 LYS   4017  4038    22   261     1    
  262 GLU   4039  4053    15   262     1    
  263 ILE   4054  4072    19   263     1    
  264 VAL   4073  4088    16   264     1    
  265 GLN   4089  4105    17   265     1    
  266 LYS   4106  4127    22   266     1    
  267 LEU   4128  4146    19   267     1    
  268 GLN   4147  4163    17   268     1    
  269 GLY   4164  4170     7   269     1    
  270 HID   4171  4187    17   270     1    
  271 THR   4188  4201    14   271     1    
  272 ASP   4202  4213    12   272     1    
  273 VAL   4214  4229    16   273     1    
  274 VAL   4230  4245    16   274     1    
  275 ILE   4246  4264    19   275     1    
  276 SER   4265  4275    11   276     1    
  277 THR   4276  4289    14   277     1    
  278 ALA   4290  4299    10   278     1    
  279 CYS   4300  4310    11   279     1    
  280 HIE   4311  4327    17   280     1    
  281 PRO   4328  4341    14   281     1    
  282 THR   4342  4355    14   282     1    
  283 GLU   4356  4370    15   283     1    
  284 ASN   4371  4384    14   284     1    
  285 ILE   4385  4403    19   285     1    
  286 ILE   4404  4422    19   286     1    
  287 ALA   4423  4432    10   287     1    
  288 SER   4433  4443    11   288     1    
  289 ALA   4444  4453    10   289     1    
  290 ALA   4454  4463    10   290     1    
  291 LEU   4464  4482    19   291     1    
  292 GLU   4483  4497    15   292     1    
  293 ASN   4498  4511    14   293     1    
  294 ASP   4512  4523    12   294     1    
  295 LYS   4524  4545    22   295     1    
  296 THR   4546  4559    14   296     1    
  297 ILE   4560  4578    19   297     1    
  298 LYS   4579  4600    22   298     1    
  299 LEU   4601  4619    19   299     1    
  300 TRP   4620  4643    24   300     1    
  301 LYS   4644  4665    22   301     1    
  302 SER   4666  4676    11   302     1    
  303 ASP   4677  4688    12   303     1    
  304 CYS   4689  4700    12   304     1    
  305 HH7   4701  4731    31   305     2    
  306 Cl-   4732  4732     1   306     3    
  307 Cl-   4733  4733     1   307     4    
  308 Cl-   4734  4734     1   308     5    
  309 Cl-   4735  4735     1   309     6    
  310 Cl-   4736  4736     1   310     7    
  311 Cl-   4737  4737     1   311     8    
  312 Cl-   4738  4738     1   312     9    
  313 Cl-   4739  4739     1   313    10    
  314 Cl-   4740  4740     1   314    11    
  315 Cl-   4741  4741     1   315    12    
  316 Cl-   4742  4742     1   316    13    
  317 Cl-   4743  4743     1   317    14    
  318 Cl-   4744  4744     1   318    15    
  319 Cl-   4745  4745     1   319    16    
  320 Cl-   4746  4746     1   320    17    
  321 Cl-   4747  4747     1   321    18    
  322 Cl-   4748  4748     1   322    19    
  323 Cl-   4749  4749     1   323    20    
  324 Cl-   4750  4750     1   324    21    
  325 Cl-   4751  4751     1   325    22    
  326 Cl-   4752  4752     1   326    23    
  327 Cl-   4753  4753     1   327    24    
  328 Na+   4754  4754     1   328    25    
  329 Na+   4755  4755     1   329    26    
  330 Na+   4756  4756     1   330    27    
  331 Na+   4757  4757     1   331    28    
  332 Na+   4758  4758     1   332    29    
  333 Na+   4759  4759     1   333    30    
  334 Na+   4760  4760     1   334    31    
  335 Na+   4761  4761     1   335    32    
  336 Na+   4762  4762     1   336    33    
  337 Na+   4763  4763     1   337    34    
  338 Na+   4764  4764     1   338    35    
  339 Na+   4765  4765     1   339    36    
  340 Na+   4766  4766     1   340    37    
  341 Na+   4767  4767     1   341    38    
  342 Na+   4768  4768     1   342    39    
  343 Na+   4769  4769     1   343    40    
  344 WAT   4770  4772     3   344    41    
  345 WAT   4773  4775     3   345    42    
  346 WAT   4776  4778     3   346    43    
  347 WAT   4779  4781     3   347    44    
  348 WAT   4782  4784     3   348    45    
  349 WAT   4785  4787     3   349    46    
  350 WAT   4788  4790     3   350    47    
  351 WAT   4791  4793     3   351    48    
  352 WAT   4794  4796     3   352    49    
  353 WAT   4797  4799     3   353    50    
  354 WAT   4800  4802     3   354    51    
  355 WAT   4803  4805     3   355    52    
  356 WAT   4806  4808     3   356    53    
  357 WAT   4809  4811     3   357    54    
  358 WAT   4812  4814     3   358    55    
  359 WAT   4815  4817     3   359    56    
  360 WAT   4818  4820     3   360    57    
  361 WAT   4821  4823     3   361    58    
  362 WAT   4824  4826     3   362    59    
  363 WAT   4827  4829     3   363    60    
  364 WAT   4830  4832     3   364    61    
  365 WAT   4833  4835     3   365    62    
  366 WAT   4836  4838     3   366    63    
  367 WAT   4839  4841     3   367    64    
  368 WAT   4842  4844     3   368    65    
  369 WAT   4845  4847     3   369    66    
  370 WAT   4848  4850     3   370    67    
  371 WAT   4851  4853     3   371    68    
  372 WAT   4854  4856     3   372    69    
  373 WAT   4857  4859     3   373    70    
  374 WAT   4860  4862     3   374    71    
  375 WAT   4863  4865     3   375    72    
  376 WAT   4866  4868     3   376    73    
  377 WAT   4869  4871     3   377    74    
  378 WAT   4872  4874     3   378    75    
  379 WAT   4875  4877     3   379    76    
  380 WAT   4878  4880     3   380    77    
  381 WAT   4881  4883     3   381    78    
  382 WAT   4884  4886     3   382    79    
  383 WAT   4887  4889     3   383    80    
  384 WAT   4890  4892     3   384    81    
  385 WAT   4893  4895     3   385    82    
  386 WAT   4896  4898     3   386    83    
  387 WAT   4899  4901     3   387    84    
  388 WAT   4902  4904     3   388    85    
  389 WAT   4905  4907     3   389    86    
  390 WAT   4908  4910     3   390    87    
  391 WAT   4911  4913     3   391    88    
  392 WAT   4914  4916     3   392    89    
  393 WAT   4917  4919     3   393    90    
  394 WAT   4920  4922     3   394    91    
  395 WAT   4923  4925     3   395    92    
  396 WAT   4926  4928     3   396    93    
  397 WAT   4929  4931     3   397    94    
  398 WAT   4932  4934     3   398    95    
  399 WAT   4935  4937     3   399    96    
  400 WAT   4938  4940     3   400    97    
  401 WAT   4941  4943     3   401    98    
  402 WAT   4944  4946     3   402    99    
  403 WAT   4947  4949     3   403   100    
  404 WAT   4950  4952     3   404   101    
  405 WAT   4953  4955     3   405   102    
  406 WAT   4956  4958     3   406   103    
  407 WAT   4959  4961     3   407   104    
  408 WAT   4962  4964     3   408   105    
  409 WAT   4965  4967     3   409   106    
  410 WAT   4968  4970     3   410   107    
  411 WAT   4971  4973     3   411   108    
  412 WAT   4974  4976     3   412   109    
  413 WAT   4977  4979     3   413   110    
  414 WAT   4980  4982     3   414   111    
  415 WAT   4983  4985     3   415   112    
  416 WAT   4986  4988     3   416   113    
  417 WAT   4989  4991     3   417   114    
  418 WAT   4992  4994     3   418   115    
  419 WAT   4995  4997     3   419   116    
  420 WAT   4998  5000     3   420   117    
  421 WAT   5001  5003     3   421   118    
  422 WAT   5004  5006     3   422   119    
  423 WAT   5007  5009     3   423   120    
  424 WAT   5010  5012     3   424   121    
  425 WAT   5013  5015     3   425   122    
  426 WAT   5016  5018     3   426   123    
  427 WAT   5019  5021     3   427   124    
  428 WAT   5022  5024     3   428   125    
  429 WAT   5025  5027     3   429   126    
  430 WAT   5028  5030     3   430   127    
  431 WAT   5031  5033     3   431   128    
  432 WAT   5034  5036     3   432   129    
  433 WAT   5037  5039     3   433   130    
  434 WAT   5040  5042     3   434   131    
  435 WAT   5043  5045     3   435   132    
  436 WAT   5046  5048     3   436   133    
  437 WAT   5049  5051     3   437   134    
  438 WAT   5052  5054     3   438   135    
  439 WAT   5055  5057     3   439   136    
  440 WAT   5058  5060     3   440   137    
  441 WAT   5061  5063     3   441   138    
  442 WAT   5064  5066     3   442   139    
  443 WAT   5067  5069     3   443   140    
  444 WAT   5070  5072     3   444   141    
  445 WAT   5073  5075     3   445   142    
  446 WAT   5076  5078     3   446   143    
  447 WAT   5079  5081     3   447   144    
  448 WAT   5082  5084     3   448   145    
  449 WAT   5085  5087     3   449   146    
  450 WAT   5088  5090     3   450   147    
  451 WAT   5091  5093     3   451   148    
  452 WAT   5094  5096     3   452   149    
  453 WAT   5097  5099     3   453   150    
  454 WAT   5100  5102     3   454   151    
  455 WAT   5103  5105     3   455   152    
  456 WAT   5106  5108     3   456   153    
  457 WAT   5109  5111     3   457   154    
  458 WAT   5112  5114     3   458   155    
  459 WAT   5115  5117     3   459   156    
  460 WAT   5118  5120     3   460   157    
  461 WAT   5121  5123     3   461   158    
  462 WAT   5124  5126     3   462   159    
  463 WAT   5127  5129     3   463   160    
  464 WAT   5130  5132     3   464   161    
  465 WAT   5133  5135     3   465   162    
  466 WAT   5136  5138     3   466   163    
  467 WAT   5139  5141     3   467   164    
  468 WAT   5142  5144     3   468   165    
  469 WAT   5145  5147     3   469   166    
  470 WAT   5148  5150     3   470   167    
  471 WAT   5151  5153     3   471   168    
  472 WAT   5154  5156     3   472   169    
  473 WAT   5157  5159     3   473   170    
  474 WAT   5160  5162     3   474   171    
  475 WAT   5163  5165     3   475   172    
  476 WAT   5166  5168     3   476   173    
  477 WAT   5169  5171     3   477   174    
  478 WAT   5172  5174     3   478   175    
  479 WAT   5175  5177     3   479   176    
  480 WAT   5178  5180     3   480   177    
  481 WAT   5181  5183     3   481   178    
  482 WAT   5184  5186     3   482   179    
  483 WAT   5187  5189     3   483   180    
  484 WAT   5190  5192     3   484   181    
  485 WAT   5193  5195     3   485   182    
  486 WAT   5196  5198     3   486   183    
  487 WAT   5199  5201     3   487   184    
  488 WAT   5202  5204     3   488   185    
  489 WAT   5205  5207     3   489   186    
  490 WAT   5208  5210     3   490   187    
  491 WAT   5211  5213     3   491   188    
  492 WAT   5214  5216     3   492   189    
  493 WAT   5217  5219     3   493   190    
  494 WAT   5220  5222     3   494   191    
  495 WAT   5223  5225     3   495   192    
  496 WAT   5226  5228     3   496   193    
  497 WAT   5229  5231     3   497   194    
  498 WAT   5232  5234     3   498   195    
  499 WAT   5235  5237     3   499   196    
  500 WAT   5238  5240     3   500   197    
  501 WAT   5241  5243     3   501   198    
  502 WAT   5244  5246     3   502   199    
  503 WAT   5247  5249     3   503   200    
  504 WAT   5250  5252     3   504   201    
  505 WAT   5253  5255     3   505   202    
  506 WAT   5256  5258     3   506   203    
  507 WAT   5259  5261     3   507   204    
  508 WAT   5262  5264     3   508   205    
  509 WAT   5265  5267     3   509   206    
  510 WAT   5268  5270     3   510   207    
  511 WAT   5271  5273     3   511   208    
  512 WAT   5274  5276     3   512   209    
  513 WAT   5277  5279     3   513   210    
  514 WAT   5280  5282     3   514   211    
  515 WAT   5283  5285     3   515   212    
  516 WAT   5286  5288     3   516   213    
  517 WAT   5289  5291     3   517   214    
  518 WAT   5292  5294     3   518   215    
  519 WAT   5295  5297     3   519   216    
  520 WAT   5298  5300     3   520   217    
  521 WAT   5301  5303     3   521   218    
  522 WAT   5304  5306     3   522   219    
  523 WAT   5307  5309     3   523   220    
  524 WAT   5310  5312     3   524   221    
  525 WAT   5313  5315     3   525   222    
  526 WAT   5316  5318     3   526   223    
  527 WAT   5319  5321     3   527   224    
  528 WAT   5322  5324     3   528   225    
  529 WAT   5325  5327     3   529   226    
  530 WAT   5328  5330     3   530   227    
  531 WAT   5331  5333     3   531   228    
  532 WAT   5334  5336     3   532   229    
  533 WAT   5337  5339     3   533   230    
  534 WAT   5340  5342     3   534   231    
  535 WAT   5343  5345     3   535   232    
  536 WAT   5346  5348     3   536   233    
  537 WAT   5349  5351     3   537   234    
  538 WAT   5352  5354     3   538   235    
  539 WAT   5355  5357     3   539   236    
  540 WAT   5358  5360     3   540   237    
  541 WAT   5361  5363     3   541   238    
  542 WAT   5364  5366     3   542   239    
  543 WAT   5367  5369     3   543   240    
  544 WAT   5370  5372     3   544   241    
  545 WAT   5373  5375     3   545   242    
  546 WAT   5376  5378     3   546   243    
  547 WAT   5379  5381     3   547   244    
  548 WAT   5382  5384     3   548   245    
  549 WAT   5385  5387     3   549   246    
  550 WAT   5388  5390     3   550   247    
  551 WAT   5391  5393     3   551   248    
  552 WAT   5394  5396     3   552   249    
  553 WAT   5397  5399     3   553   250    
  554 WAT   5400  5402     3   554   251    
  555 WAT   5403  5405     3   555   252    
  556 WAT   5406  5408     3   556   253    
  557 WAT   5409  5411     3   557   254    
  558 WAT   5412  5414     3   558   255    
  559 WAT   5415  5417     3   559   256    
  560 WAT   5418  5420     3   560   257    
  561 WAT   5421  5423     3   561   258    
  562 WAT   5424  5426     3   562   259    
  563 WAT   5427  5429     3   563   260    
  564 WAT   5430  5432     3   564   261    
  565 WAT   5433  5435     3   565   262    
  566 WAT   5436  5438     3   566   263    
  567 WAT   5439  5441     3   567   264    
  568 WAT   5442  5444     3   568   265    
  569 WAT   5445  5447     3   569   266    
  570 WAT   5448  5450     3   570   267    
  571 WAT   5451  5453     3   571   268    
  572 WAT   5454  5456     3   572   269    
  573 WAT   5457  5459     3   573   270    
  574 WAT   5460  5462     3   574   271    
  575 WAT   5463  5465     3   575   272    
  576 WAT   5466  5468     3   576   273    
  577 WAT   5469  5471     3   577   274    
  578 WAT   5472  5474     3   578   275    
  579 WAT   5475  5477     3   579   276    
  580 WAT   5478  5480     3   580   277    
  581 WAT   5481  5483     3   581   278    
  582 WAT   5484  5486     3   582   279    
  583 WAT   5487  5489     3   583   280    
  584 WAT   5490  5492     3   584   281    
  585 WAT   5493  5495     3   585   282    
  586 WAT   5496  5498     3   586   283    
  587 WAT   5499  5501     3   587   284    
  588 WAT   5502  5504     3   588   285    
  589 WAT   5505  5507     3   589   286    
  590 WAT   5508  5510     3   590   287    
  591 WAT   5511  5513     3   591   288    
  592 WAT   5514  5516     3   592   289    
  593 WAT   5517  5519     3   593   290    
  594 WAT   5520  5522     3   594   291    
  595 WAT   5523  5525     3   595   292    
  596 WAT   5526  5528     3   596   293    
  597 WAT   5529  5531     3   597   294    
  598 WAT   5532  5534     3   598   295    
  599 WAT   5535  5537     3   599   296    
  600 WAT   5538  5540     3   600   297    
  601 WAT   5541  5543     3   601   298    
  602 WAT   5544  5546     3   602   299    
  603 WAT   5547  5549     3   603   300    
  604 WAT   5550  5552     3   604   301    
  605 WAT   5553  5555     3   605   302    
  606 WAT   5556  5558     3   606   303    
  607 WAT   5559  5561     3   607   304    
  608 WAT   5562  5564     3   608   305    
  609 WAT   5565  5567     3   609   306    
  610 WAT   5568  5570     3   610   307    
  611 WAT   5571  5573     3   611   308    
  612 WAT   5574  5576     3   612   309    
  613 WAT   5577  5579     3   613   310    
  614 WAT   5580  5582     3   614   311    
  615 WAT   5583  5585     3   615   312    
  616 WAT   5586  5588     3   616   313    
  617 WAT   5589  5591     3   617   314    
  618 WAT   5592  5594     3   618   315    
  619 WAT   5595  5597     3   619   316    
  620 WAT   5598  5600     3   620   317    
  621 WAT   5601  5603     3   621   318    
  622 WAT   5604  5606     3   622   319    
  623 WAT   5607  5609     3   623   320    
  624 WAT   5610  5612     3   624   321    
  625 WAT   5613  5615     3   625   322    
  626 WAT   5616  5618     3   626   323    
  627 WAT   5619  5621     3   627   324    
  628 WAT   5622  5624     3   628   325    
  629 WAT   5625  5627     3   629   326    
  630 WAT   5628  5630     3   630   327    
  631 WAT   5631  5633     3   631   328    
  632 WAT   5634  5636     3   632   329    
  633 WAT   5637  5639     3   633   330    
  634 WAT   5640  5642     3   634   331    
  635 WAT   5643  5645     3   635   332    
  636 WAT   5646  5648     3   636   333    
  637 WAT   5649  5651     3   637   334    
  638 WAT   5652  5654     3   638   335    
  639 WAT   5655  5657     3   639   336    
  640 WAT   5658  5660     3   640   337    
  641 WAT   5661  5663     3   641   338    
  642 WAT   5664  5666     3   642   339    
  643 WAT   5667  5669     3   643   340    
  644 WAT   5670  5672     3   644   341    
  645 WAT   5673  5675     3   645   342    
  646 WAT   5676  5678     3   646   343    
  647 WAT   5679  5681     3   647   344    
  648 WAT   5682  5684     3   648   345    
  649 WAT   5685  5687     3   649   346    
  650 WAT   5688  5690     3   650   347    
  651 WAT   5691  5693     3   651   348    
  652 WAT   5694  5696     3   652   349    
  653 WAT   5697  5699     3   653   350    
  654 WAT   5700  5702     3   654   351    
  655 WAT   5703  5705     3   655   352    
  656 WAT   5706  5708     3   656   353    
  657 WAT   5709  5711     3   657   354    
  658 WAT   5712  5714     3   658   355    
  659 WAT   5715  5717     3   659   356    
  660 WAT   5718  5720     3   660   357    
  661 WAT   5721  5723     3   661   358    
  662 WAT   5724  5726     3   662   359    
  663 WAT   5727  5729     3   663   360    
  664 WAT   5730  5732     3   664   361    
  665 WAT   5733  5735     3   665   362    
  666 WAT   5736  5738     3   666   363    
  667 WAT   5739  5741     3   667   364    
  668 WAT   5742  5744     3   668   365    
  669 WAT   5745  5747     3   669   366    
  670 WAT   5748  5750     3   670   367    
  671 WAT   5751  5753     3   671   368    
  672 WAT   5754  5756     3   672   369    
  673 WAT   5757  5759     3   673   370    
  674 WAT   5760  5762     3   674   371    
  675 WAT   5763  5765     3   675   372    
  676 WAT   5766  5768     3   676   373    
  677 WAT   5769  5771     3   677   374    
  678 WAT   5772  5774     3   678   375    
  679 WAT   5775  5777     3   679   376    
  680 WAT   5778  5780     3   680   377    
  681 WAT   5781  5783     3   681   378    
  682 WAT   5784  5786     3   682   379    
  683 WAT   5787  5789     3   683   380    
  684 WAT   5790  5792     3   684   381    
  685 WAT   5793  5795     3   685   382    
  686 WAT   5796  5798     3   686   383    
  687 WAT   5799  5801     3   687   384    
  688 WAT   5802  5804     3   688   385    
  689 WAT   5805  5807     3   689   386    
  690 WAT   5808  5810     3   690   387    
  691 WAT   5811  5813     3   691   388    
  692 WAT   5814  5816     3   692   389    
  693 WAT   5817  5819     3   693   390    
  694 WAT   5820  5822     3   694   391    
  695 WAT   5823  5825     3   695   392    
  696 WAT   5826  5828     3   696   393    
  697 WAT   5829  5831     3   697   394    
  698 WAT   5832  5834     3   698   395    
  699 WAT   5835  5837     3   699   396    
  700 WAT   5838  5840     3   700   397    
  701 WAT   5841  5843     3   701   398    
  702 WAT   5844  5846     3   702   399    
  703 WAT   5847  5849     3   703   400    
  704 WAT   5850  5852     3   704   401    
  705 WAT   5853  5855     3   705   402    
  706 WAT   5856  5858     3   706   403    
  707 WAT   5859  5861     3   707   404    
  708 WAT   5862  5864     3   708   405    
  709 WAT   5865  5867     3   709   406    
  710 WAT   5868  5870     3   710   407    
  711 WAT   5871  5873     3   711   408    
  712 WAT   5874  5876     3   712   409    
  713 WAT   5877  5879     3   713   410    
  714 WAT   5880  5882     3   714   411    
  715 WAT   5883  5885     3   715   412    
  716 WAT   5886  5888     3   716   413    
  717 WAT   5889  5891     3   717   414    
  718 WAT   5892  5894     3   718   415    
  719 WAT   5895  5897     3   719   416    
  720 WAT   5898  5900     3   720   417    
  721 WAT   5901  5903     3   721   418    
  722 WAT   5904  5906     3   722   419    
  723 WAT   5907  5909     3   723   420    
  724 WAT   5910  5912     3   724   421    
  725 WAT   5913  5915     3   725   422    
  726 WAT   5916  5918     3   726   423    
  727 WAT   5919  5921     3   727   424    
  728 WAT   5922  5924     3   728   425    
  729 WAT   5925  5927     3   729   426    
  730 WAT   5928  5930     3   730   427    
  731 WAT   5931  5933     3   731   428    
  732 WAT   5934  5936     3   732   429    
  733 WAT   5937  5939     3   733   430    
  734 WAT   5940  5942     3   734   431    
  735 WAT   5943  5945     3   735   432    
  736 WAT   5946  5948     3   736   433    
  737 WAT   5949  5951     3   737   434    
  738 WAT   5952  5954     3   738   435    
  739 WAT   5955  5957     3   739   436    
  740 WAT   5958  5960     3   740   437    
  741 WAT   5961  5963     3   741   438    
  742 WAT   5964  5966     3   742   439    
  743 WAT   5967  5969     3   743   440    
  744 WAT   5970  5972     3   744   441    
  745 WAT   5973  5975     3   745   442    
  746 WAT   5976  5978     3   746   443    
  747 WAT   5979  5981     3   747   444    
  748 WAT   5982  5984     3   748   445    
  749 WAT   5985  5987     3   749   446    
  750 WAT   5988  5990     3   750   447    
  751 WAT   5991  5993     3   751   448    
  752 WAT   5994  5996     3   752   449    
  753 WAT   5997  5999     3   753   450    
  754 WAT   6000  6002     3   754   451    
  755 WAT   6003  6005     3   755   452    
  756 WAT   6006  6008     3   756   453    
  757 WAT   6009  6011     3   757   454    
  758 WAT   6012  6014     3   758   455    
  759 WAT   6015  6017     3   759   456    
  760 WAT   6018  6020     3   760   457    
  761 WAT   6021  6023     3   761   458    
  762 WAT   6024  6026     3   762   459    
  763 WAT   6027  6029     3   763   460    
  764 WAT   6030  6032     3   764   461    
  765 WAT   6033  6035     3   765   462    
  766 WAT   6036  6038     3   766   463    
  767 WAT   6039  6041     3   767   464    
  768 WAT   6042  6044     3   768   465    
  769 WAT   6045  6047     3   769   466    
  770 WAT   6048  6050     3   770   467    
  771 WAT   6051  6053     3   771   468    
  772 WAT   6054  6056     3   772   469    
  773 WAT   6057  6059     3   773   470    
  774 WAT   6060  6062     3   774   471    
  775 WAT   6063  6065     3   775   472    
  776 WAT   6066  6068     3   776   473    
  777 WAT   6069  6071     3   777   474    
  778 WAT   6072  6074     3   778   475    
  779 WAT   6075  6077     3   779   476    
  780 WAT   6078  6080     3   780   477    
  781 WAT   6081  6083     3   781   478    
  782 WAT   6084  6086     3   782   479    
  783 WAT   6087  6089     3   783   480    
  784 WAT   6090  6092     3   784   481    
  785 WAT   6093  6095     3   785   482    
  786 WAT   6096  6098     3   786   483    
  787 WAT   6099  6101     3   787   484    
  788 WAT   6102  6104     3   788   485    
  789 WAT   6105  6107     3   789   486    
  790 WAT   6108  6110     3   790   487    
  791 WAT   6111  6113     3   791   488    
  792 WAT   6114  6116     3   792   489    
  793 WAT   6117  6119     3   793   490    
  794 WAT   6120  6122     3   794   491    
  795 WAT   6123  6125     3   795   492    
  796 WAT   6126  6128     3   796   493    
  797 WAT   6129  6131     3   797   494    
  798 WAT   6132  6134     3   798   495    
  799 WAT   6135  6137     3   799   496    
  800 WAT   6138  6140     3   800   497    
  801 WAT   6141  6143     3   801   498    
  802 WAT   6144  6146     3   802   499    
  803 WAT   6147  6149     3   803   500    
  804 WAT   6150  6152     3   804   501    
  805 WAT   6153  6155     3   805   502    
  806 WAT   6156  6158     3   806   503    
  807 WAT   6159  6161     3   807   504    
  808 WAT   6162  6164     3   808   505    
  809 WAT   6165  6167     3   809   506    
  810 WAT   6168  6170     3   810   507    
  811 WAT   6171  6173     3   811   508    
  812 WAT   6174  6176     3   812   509    
  813 WAT   6177  6179     3   813   510    
  814 WAT   6180  6182     3   814   511    
  815 WAT   6183  6185     3   815   512    
  816 WAT   6186  6188     3   816   513    
  817 WAT   6189  6191     3   817   514    
  818 WAT   6192  6194     3   818   515    
  819 WAT   6195  6197     3   819   516    
  820 WAT   6198  6200     3   820   517    
  821 WAT   6201  6203     3   821   518    
  822 WAT   6204  6206     3   822   519    
  823 WAT   6207  6209     3   823   520    
  824 WAT   6210  6212     3   824   521    
  825 WAT   6213  6215     3   825   522    
  826 WAT   6216  6218     3   826   523    
  827 WAT   6219  6221     3   827   524    
  828 WAT   6222  6224     3   828   525    
  829 WAT   6225  6227     3   829   526    
  830 WAT   6228  6230     3   830   527    
  831 WAT   6231  6233     3   831   528    
  832 WAT   6234  6236     3   832   529    
  833 WAT   6237  6239     3   833   530    
  834 WAT   6240  6242     3   834   531    
  835 WAT   6243  6245     3   835   532    
  836 WAT   6246  6248     3   836   533    
  837 WAT   6249  6251     3   837   534    
  838 WAT   6252  6254     3   838   535    
  839 WAT   6255  6257     3   839   536    
  840 WAT   6258  6260     3   840   537    
  841 WAT   6261  6263     3   841   538    
  842 WAT   6264  6266     3   842   539    
  843 WAT   6267  6269     3   843   540    
  844 WAT   6270  6272     3   844   541    
  845 WAT   6273  6275     3   845   542    
  846 WAT   6276  6278     3   846   543    
  847 WAT   6279  6281     3   847   544    
  848 WAT   6282  6284     3   848   545    
  849 WAT   6285  6287     3   849   546    
  850 WAT   6288  6290     3   850   547    
  851 WAT   6291  6293     3   851   548    
  852 WAT   6294  6296     3   852   549    
  853 WAT   6297  6299     3   853   550    
  854 WAT   6300  6302     3   854   551    
  855 WAT   6303  6305     3   855   552    
  856 WAT   6306  6308     3   856   553    
  857 WAT   6309  6311     3   857   554    
  858 WAT   6312  6314     3   858   555    
  859 WAT   6315  6317     3   859   556    
  860 WAT   6318  6320     3   860   557    
  861 WAT   6321  6323     3   861   558    
  862 WAT   6324  6326     3   862   559    
  863 WAT   6327  6329     3   863   560    
  864 WAT   6330  6332     3   864   561    
  865 WAT   6333  6335     3   865   562    
  866 WAT   6336  6338     3   866   563    
  867 WAT   6339  6341     3   867   564    
  868 WAT   6342  6344     3   868   565    
  869 WAT   6345  6347     3   869   566    
  870 WAT   6348  6350     3   870   567    
  871 WAT   6351  6353     3   871   568    
  872 WAT   6354  6356     3   872   569    
  873 WAT   6357  6359     3   873   570    
  874 WAT   6360  6362     3   874   571    
  875 WAT   6363  6365     3   875   572    
  876 WAT   6366  6368     3   876   573    
  877 WAT   6369  6371     3   877   574    
  878 WAT   6372  6374     3   878   575    
  879 WAT   6375  6377     3   879   576    
  880 WAT   6378  6380     3   880   577    
  881 WAT   6381  6383     3   881   578    
  882 WAT   6384  6386     3   882   579    
  883 WAT   6387  6389     3   883   580    
  884 WAT   6390  6392     3   884   581    
  885 WAT   6393  6395     3   885   582    
  886 WAT   6396  6398     3   886   583    
  887 WAT   6399  6401     3   887   584    
  888 WAT   6402  6404     3   888   585    
  889 WAT   6405  6407     3   889   586    
  890 WAT   6408  6410     3   890   587    
  891 WAT   6411  6413     3   891   588    
  892 WAT   6414  6416     3   892   589    
  893 WAT   6417  6419     3   893   590    
  894 WAT   6420  6422     3   894   591    
  895 WAT   6423  6425     3   895   592    
  896 WAT   6426  6428     3   896   593    
  897 WAT   6429  6431     3   897   594    
  898 WAT   6432  6434     3   898   595    
  899 WAT   6435  6437     3   899   596    
  900 WAT   6438  6440     3   900   597    
  901 WAT   6441  6443     3   901   598    
  902 WAT   6444  6446     3   902   599    
  903 WAT   6447  6449     3   903   600    
  904 WAT   6450  6452     3   904   601    
  905 WAT   6453  6455     3   905   602    
  906 WAT   6456  6458     3   906   603    
  907 WAT   6459  6461     3   907   604    
  908 WAT   6462  6464     3   908   605    
  909 WAT   6465  6467     3   909   606    
  910 WAT   6468  6470     3   910   607    
  911 WAT   6471  6473     3   911   608    
  912 WAT   6474  6476     3   912   609    
  913 WAT   6477  6479     3   913   610    
  914 WAT   6480  6482     3   914   611    
  915 WAT   6483  6485     3   915   612    
  916 WAT   6486  6488     3   916   613    
  917 WAT   6489  6491     3   917   614    
  918 WAT   6492  6494     3   918   615    
  919 WAT   6495  6497     3   919   616    
  920 WAT   6498  6500     3   920   617    
  921 WAT   6501  6503     3   921   618    
  922 WAT   6504  6506     3   922   619    
  923 WAT   6507  6509     3   923   620    
  924 WAT   6510  6512     3   924   621    
  925 WAT   6513  6515     3   925   622    
  926 WAT   6516  6518     3   926   623    
  927 WAT   6519  6521     3   927   624    
  928 WAT   6522  6524     3   928   625    
  929 WAT   6525  6527     3   929   626    
  930 WAT   6528  6530     3   930   627    
  931 WAT   6531  6533     3   931   628    
  932 WAT   6534  6536     3   932   629    
  933 WAT   6537  6539     3   933   630    
  934 WAT   6540  6542     3   934   631    
  935 WAT   6543  6545     3   935   632    
  936 WAT   6546  6548     3   936   633    
  937 WAT   6549  6551     3   937   634    
  938 WAT   6552  6554     3   938   635    
  939 WAT   6555  6557     3   939   636    
  940 WAT   6558  6560     3   940   637    
  941 WAT   6561  6563     3   941   638    
  942 WAT   6564  6566     3   942   639    
  943 WAT   6567  6569     3   943   640    
  944 WAT   6570  6572     3   944   641    
  945 WAT   6573  6575     3   945   642    
  946 WAT   6576  6578     3   946   643    
  947 WAT   6579  6581     3   947   644    
  948 WAT   6582  6584     3   948   645    
  949 WAT   6585  6587     3   949   646    
  950 WAT   6588  6590     3   950   647    
  951 WAT   6591  6593     3   951   648    
  952 WAT   6594  6596     3   952   649    
  953 WAT   6597  6599     3   953   650    
  954 WAT   6600  6602     3   954   651    
  955 WAT   6603  6605     3   955   652    
  956 WAT   6606  6608     3   956   653    
  957 WAT   6609  6611     3   957   654    
  958 WAT   6612  6614     3   958   655    
  959 WAT   6615  6617     3   959   656    
  960 WAT   6618  6620     3   960   657    
  961 WAT   6621  6623     3   961   658    
  962 WAT   6624  6626     3   962   659    
  963 WAT   6627  6629     3   963   660    
  964 WAT   6630  6632     3   964   661    
  965 WAT   6633  6635     3   965   662    
  966 WAT   6636  6638     3   966   663    
  967 WAT   6639  6641     3   967   664    
  968 WAT   6642  6644     3   968   665    
  969 WAT   6645  6647     3   969   666    
  970 WAT   6648  6650     3   970   667    
  971 WAT   6651  6653     3   971   668    
  972 WAT   6654  6656     3   972   669    
  973 WAT   6657  6659     3   973   670    
  974 WAT   6660  6662     3   974   671    
  975 WAT   6663  6665     3   975   672    
  976 WAT   6666  6668     3   976   673    
  977 WAT   6669  6671     3   977   674    
  978 WAT   6672  6674     3   978   675    
  979 WAT   6675  6677     3   979   676    
  980 WAT   6678  6680     3   980   677    
  981 WAT   6681  6683     3   981   678    
  982 WAT   6684  6686     3   982   679    
  983 WAT   6687  6689     3   983   680    
  984 WAT   6690  6692     3   984   681    
  985 WAT   6693  6695     3   985   682    
  986 WAT   6696  6698     3   986   683    
  987 WAT   6699  6701     3   987   684    
  988 WAT   6702  6704     3   988   685    
  989 WAT   6705  6707     3   989   686    
  990 WAT   6708  6710     3   990   687    
  991 WAT   6711  6713     3   991   688    
  992 WAT   6714  6716     3   992   689    
  993 WAT   6717  6719     3   993   690    
  994 WAT   6720  6722     3   994   691    
  995 WAT   6723  6725     3   995   692    
  996 WAT   6726  6728     3   996   693    
  997 WAT   6729  6731     3   997   694    
  998 WAT   6732  6734     3   998   695    
  999 WAT   6735  6737     3   999   696    
 1000 WAT   6738  6740     3  1000   697    
 1001 WAT   6741  6743     3  1001   698    
 1002 WAT   6744  6746     3  1002   699    
 1003 WAT   6747  6749     3  1003   700    
 1004 WAT   6750  6752     3  1004   701    
 1005 WAT   6753  6755     3  1005   702    
 1006 WAT   6756  6758     3  1006   703    
 1007 WAT   6759  6761     3  1007   704    
 1008 WAT   6762  6764     3  1008   705    
 1009 WAT   6765  6767     3  1009   706    
 1010 WAT   6768  6770     3  1010   707    
 1011 WAT   6771  6773     3  1011   708    
 1012 WAT   6774  6776     3  1012   709    
 1013 WAT   6777  6779     3  1013   710    
 1014 WAT   6780  6782     3  1014   711    
 1015 WAT   6783  6785     3  1015   712    
 1016 WAT   6786  6788     3  1016   713    
 1017 WAT   6789  6791     3  1017   714    
 1018 WAT   6792  6794     3  1018   715    
 1019 WAT   6795  6797     3  1019   716    
 1020 WAT   6798  6800     3  1020   717    
 1021 WAT   6801  6803     3  1021   718    
 1022 WAT   6804  6806     3  1022   719    
 1023 WAT   6807  6809     3  1023   720    
 1024 WAT   6810  6812     3  1024   721    
 1025 WAT   6813  6815     3  1025   722    
 1026 WAT   6816  6818     3  1026   723    
 1027 WAT   6819  6821     3  1027   724    
 1028 WAT   6822  6824     3  1028   725    
 1029 WAT   6825  6827     3  1029   726    
 1030 WAT   6828  6830     3  1030   727    
 1031 WAT   6831  6833     3  1031   728    
 1032 WAT   6834  6836     3  1032   729    
 1033 WAT   6837  6839     3  1033   730    
 1034 WAT   6840  6842     3  1034   731    
 1035 WAT   6843  6845     3  1035   732    
 1036 WAT   6846  6848     3  1036   733    
 1037 WAT   6849  6851     3  1037   734    
 1038 WAT   6852  6854     3  1038   735    
 1039 WAT   6855  6857     3  1039   736    
 1040 WAT   6858  6860     3  1040   737    
 1041 WAT   6861  6863     3  1041   738    
 1042 WAT   6864  6866     3  1042   739    
 1043 WAT   6867  6869     3  1043   740    
 1044 WAT   6870  6872     3  1044   741    
 1045 WAT   6873  6875     3  1045   742    
 1046 WAT   6876  6878     3  1046   743    
 1047 WAT   6879  6881     3  1047   744    
 1048 WAT   6882  6884     3  1048   745    
 1049 WAT   6885  6887     3  1049   746    
 1050 WAT   6888  6890     3  1050   747    
 1051 WAT   6891  6893     3  1051   748    
 1052 WAT   6894  6896     3  1052   749    
 1053 WAT   6897  6899     3  1053   750    
 1054 WAT   6900  6902     3  1054   751    
 1055 WAT   6903  6905     3  1055   752    
 1056 WAT   6906  6908     3  1056   753    
 1057 WAT   6909  6911     3  1057   754    
 1058 WAT   6912  6914     3  1058   755    
 1059 WAT   6915  6917     3  1059   756    
 1060 WAT   6918  6920     3  1060   757    
 1061 WAT   6921  6923     3  1061   758    
 1062 WAT   6924  6926     3  1062   759    
 1063 WAT   6927  6929     3  1063   760    
 1064 WAT   6930  6932     3  1064   761    
 1065 WAT   6933  6935     3  1065   762    
 1066 WAT   6936  6938     3  1066   763    
 1067 WAT   6939  6941     3  1067   764    
 1068 WAT   6942  6944     3  1068   765    
 1069 WAT   6945  6947     3  1069   766    
 1070 WAT   6948  6950     3  1070   767    
 1071 WAT   6951  6953     3  1071   768    
 1072 WAT   6954  6956     3  1072   769    
 1073 WAT   6957  6959     3  1073   770    
 1074 WAT   6960  6962     3  1074   771    
 1075 WAT   6963  6965     3  1075   772    
 1076 WAT   6966  6968     3  1076   773    
 1077 WAT   6969  6971     3  1077   774    
 1078 WAT   6972  6974     3  1078   775    
 1079 WAT   6975  6977     3  1079   776    
 1080 WAT   6978  6980     3  1080   777    
 1081 WAT   6981  6983     3  1081   778    
 1082 WAT   6984  6986     3  1082   779    
 1083 WAT   6987  6989     3  1083   780    
 1084 WAT   6990  6992     3  1084   781    
 1085 WAT   6993  6995     3  1085   782    
 1086 WAT   6996  6998     3  1086   783    
 1087 WAT   6999  7001     3  1087   784    
 1088 WAT   7002  7004     3  1088   785    
 1089 WAT   7005  7007     3  1089   786    
 1090 WAT   7008  7010     3  1090   787    
 1091 WAT   7011  7013     3  1091   788    
 1092 WAT   7014  7016     3  1092   789    
 1093 WAT   7017  7019     3  1093   790    
 1094 WAT   7020  7022     3  1094   791    
 1095 WAT   7023  7025     3  1095   792    
 1096 WAT   7026  7028     3  1096   793    
 1097 WAT   7029  7031     3  1097   794    
 1098 WAT   7032  7034     3  1098   795    
 1099 WAT   7035  7037     3  1099   796    
 1100 WAT   7038  7040     3  1100   797    
 1101 WAT   7041  7043     3  1101   798    
 1102 WAT   7044  7046     3  1102   799    
 1103 WAT   7047  7049     3  1103   800    
 1104 WAT   7050  7052     3  1104   801    
 1105 WAT   7053  7055     3  1105   802    
 1106 WAT   7056  7058     3  1106   803    
 1107 WAT   7059  7061     3  1107   804    
 1108 WAT   7062  7064     3  1108   805    
 1109 WAT   7065  7067     3  1109   806    
 1110 WAT   7068  7070     3  1110   807    
 1111 WAT   7071  7073     3  1111   808    
 1112 WAT   7074  7076     3  1112   809    
 1113 WAT   7077  7079     3  1113   810    
 1114 WAT   7080  7082     3  1114   811    
 1115 WAT   7083  7085     3  1115   812    
 1116 WAT   7086  7088     3  1116   813    
 1117 WAT   7089  7091     3  1117   814    
 1118 WAT   7092  7094     3  1118   815    
 1119 WAT   7095  7097     3  1119   816    
 1120 WAT   7098  7100     3  1120   817    
 1121 WAT   7101  7103     3  1121   818    
 1122 WAT   7104  7106     3  1122   819    
 1123 WAT   7107  7109     3  1123   820    
 1124 WAT   7110  7112     3  1124   821    
 1125 WAT   7113  7115     3  1125   822    
 1126 WAT   7116  7118     3  1126   823    
 1127 WAT   7119  7121     3  1127   824    
 1128 WAT   7122  7124     3  1128   825    
 1129 WAT   7125  7127     3  1129   826    
 1130 WAT   7128  7130     3  1130   827    
 1131 WAT   7131  7133     3  1131   828    
 1132 WAT   7134  7136     3  1132   829    
 1133 WAT   7137  7139     3  1133   830    
 1134 WAT   7140  7142     3  1134   831    
 1135 WAT   7143  7145     3  1135   832    
 1136 WAT   7146  7148     3  1136   833    
 1137 WAT   7149  7151     3  1137   834    
 1138 WAT   7152  7154     3  1138   835    
 1139 WAT   7155  7157     3  1139   836    
 1140 WAT   7158  7160     3  1140   837    
 1141 WAT   7161  7163     3  1141   838    
 1142 WAT   7164  7166     3  1142   839    
 1143 WAT   7167  7169     3  1143   840    
 1144 WAT   7170  7172     3  1144   841    
 1145 WAT   7173  7175     3  1145   842    
 1146 WAT   7176  7178     3  1146   843    
 1147 WAT   7179  7181     3  1147   844    
 1148 WAT   7182  7184     3  1148   845    
 1149 WAT   7185  7187     3  1149   846    
 1150 WAT   7188  7190     3  1150   847    
 1151 WAT   7191  7193     3  1151   848    
 1152 WAT   7194  7196     3  1152   849    
 1153 WAT   7197  7199     3  1153   850    
 1154 WAT   7200  7202     3  1154   851    
 1155 WAT   7203  7205     3  1155   852    
 1156 WAT   7206  7208     3  1156   853    
 1157 WAT   7209  7211     3  1157   854    
 1158 WAT   7212  7214     3  1158   855    
 1159 WAT   7215  7217     3  1159   856    
 1160 WAT   7218  7220     3  1160   857    
 1161 WAT   7221  7223     3  1161   858    
 1162 WAT   7224  7226     3  1162   859    
 1163 WAT   7227  7229     3  1163   860    
 1164 WAT   7230  7232     3  1164   861    
 1165 WAT   7233  7235     3  1165   862    
 1166 WAT   7236  7238     3  1166   863    
 1167 WAT   7239  7241     3  1167   864    
 1168 WAT   7242  7244     3  1168   865    
 1169 WAT   7245  7247     3  1169   866    
 1170 WAT   7248  7250     3  1170   867    
 1171 WAT   7251  7253     3  1171   868    
 1172 WAT   7254  7256     3  1172   869    
 1173 WAT   7257  7259     3  1173   870    
 1174 WAT   7260  7262     3  1174   871    
 1175 WAT   7263  7265     3  1175   872    
 1176 WAT   7266  7268     3  1176   873    
 1177 WAT   7269  7271     3  1177   874    
 1178 WAT   7272  7274     3  1178   875    
 1179 WAT   7275  7277     3  1179   876    
 1180 WAT   7278  7280     3  1180   877    
 1181 WAT   7281  7283     3  1181   878    
 1182 WAT   7284  7286     3  1182   879    
 1183 WAT   7287  7289     3  1183   880    
 1184 WAT   7290  7292     3  1184   881    
 1185 WAT   7293  7295     3  1185   882    
 1186 WAT   7296  7298     3  1186   883    
 1187 WAT   7299  7301     3  1187   884    
 1188 WAT   7302  7304     3  1188   885    
 1189 WAT   7305  7307     3  1189   886    
 1190 WAT   7308  7310     3  1190   887    
 1191 WAT   7311  7313     3  1191   888    
 1192 WAT   7314  7316     3  1192   889    
 1193 WAT   7317  7319     3  1193   890    
 1194 WAT   7320  7322     3  1194   891    
 1195 WAT   7323  7325     3  1195   892    
 1196 WAT   7326  7328     3  1196   893    
 1197 WAT   7329  7331     3  1197   894    
 1198 WAT   7332  7334     3  1198   895    
 1199 WAT   7335  7337     3  1199   896    
 1200 WAT   7338  7340     3  1200   897    
 1201 WAT   7341  7343     3  1201   898    
 1202 WAT   7344  7346     3  1202   899    
 1203 WAT   7347  7349     3  1203   900    
 1204 WAT   7350  7352     3  1204   901    
 1205 WAT   7353  7355     3  1205   902    
 1206 WAT   7356  7358     3  1206   903    
 1207 WAT   7359  7361     3  1207   904    
 1208 WAT   7362  7364     3  1208   905    
 1209 WAT   7365  7367     3  1209   906    
 1210 WAT   7368  7370     3  1210   907    
 1211 WAT   7371  7373     3  1211   908    
 1212 WAT   7374  7376     3  1212   909    
 1213 WAT   7377  7379     3  1213   910    
 1214 WAT   7380  7382     3  1214   911    
 1215 WAT   7383  7385     3  1215   912    
 1216 WAT   7386  7388     3  1216   913    
 1217 WAT   7389  7391     3  1217   914    
 1218 WAT   7392  7394     3  1218   915    
 1219 WAT   7395  7397     3  1219   916    
 1220 WAT   7398  7400     3  1220   917    
 1221 WAT   7401  7403     3  1221   918    
 1222 WAT   7404  7406     3  1222   919    
 1223 WAT   7407  7409     3  1223   920    
 1224 WAT   7410  7412     3  1224   921    
 1225 WAT   7413  7415     3  1225   922    
 1226 WAT   7416  7418     3  1226   923    
 1227 WAT   7419  7421     3  1227   924    
 1228 WAT   7422  7424     3  1228   925    
 1229 WAT   7425  7427     3  1229   926    
 1230 WAT   7428  7430     3  1230   927    
 1231 WAT   7431  7433     3  1231   928    
 1232 WAT   7434  7436     3  1232   929    
 1233 WAT   7437  7439     3  1233   930    
 1234 WAT   7440  7442     3  1234   931    
 1235 WAT   7443  7445     3  1235   932    
 1236 WAT   7446  7448     3  1236   933    
 1237 WAT   7449  7451     3  1237   934    
 1238 WAT   7452  7454     3  1238   935    
 1239 WAT   7455  7457     3  1239   936    
 1240 WAT   7458  7460     3  1240   937    
 1241 WAT   7461  7463     3  1241   938    
 1242 WAT   7464  7466     3  1242   939    
 1243 WAT   7467  7469     3  1243   940    
 1244 WAT   7470  7472     3  1244   941    
 1245 WAT   7473  7475     3  1245   942    
 1246 WAT   7476  7478     3  1246   943    
 1247 WAT   7479  7481     3  1247   944    
 1248 WAT   7482  7484     3  1248   945    
 1249 WAT   7485  7487     3  1249   946    
 1250 WAT   7488  7490     3  1250   947    
 1251 WAT   7491  7493     3  1251   948    
 1252 WAT   7494  7496     3  1252   949    
 1253 WAT   7497  7499     3  1253   950    
 1254 WAT   7500  7502     3  1254   951    
 1255 WAT   7503  7505     3  1255   952    
 1256 WAT   7506  7508     3  1256   953    
 1257 WAT   7509  7511     3  1257   954    
 1258 WAT   7512  7514     3  1258   955    
 1259 WAT   7515  7517     3  1259   956    
 1260 WAT   7518  7520     3  1260   957    
 1261 WAT   7521  7523     3  1261   958    
 1262 WAT   7524  7526     3  1262   959    
 1263 WAT   7527  7529     3  1263   960    
 1264 WAT   7530  7532     3  1264   961    
 1265 WAT   7533  7535     3  1265   962    
 1266 WAT   7536  7538     3  1266   963    
 1267 WAT   7539  7541     3  1267   964    
 1268 WAT   7542  7544     3  1268   965    
 1269 WAT   7545  7547     3  1269   966    
 1270 WAT   7548  7550     3  1270   967    
 1271 WAT   7551  7553     3  1271   968    
 1272 WAT   7554  7556     3  1272   969    
 1273 WAT   7557  7559     3  1273   970    
 1274 WAT   7560  7562     3  1274   971    
 1275 WAT   7563  7565     3  1275   972    
 1276 WAT   7566  7568     3  1276   973    
 1277 WAT   7569  7571     3  1277   974    
 1278 WAT   7572  7574     3  1278   975    
 1279 WAT   7575  7577     3  1279   976    
 1280 WAT   7578  7580     3  1280   977    
 1281 WAT   7581  7583     3  1281   978    
 1282 WAT   7584  7586     3  1282   979    
 1283 WAT   7587  7589     3  1283   980    
 1284 WAT   7590  7592     3  1284   981    
 1285 WAT   7593  7595     3  1285   982    
 1286 WAT   7596  7598     3  1286   983    
 1287 WAT   7599  7601     3  1287   984    
 1288 WAT   7602  7604     3  1288   985    
 1289 WAT   7605  7607     3  1289   986    
 1290 WAT   7608  7610     3  1290   987    
 1291 WAT   7611  7613     3  1291   988    
 1292 WAT   7614  7616     3  1292   989    
 1293 WAT   7617  7619     3  1293   990    
 1294 WAT   7620  7622     3  1294   991    
 1295 WAT   7623  7625     3  1295   992    
 1296 WAT   7626  7628     3  1296   993    
 1297 WAT   7629  7631     3  1297   994    
 1298 WAT   7632  7634     3  1298   995    
 1299 WAT   7635  7637     3  1299   996    
 1300 WAT   7638  7640     3  1300   997    
 1301 WAT   7641  7643     3  1301   998    
 1302 WAT   7644  7646     3  1302   999    
 1303 WAT   7647  7649     3  1303  1000    
 1304 WAT   7650  7652     3  1304  1001    
 1305 WAT   7653  7655     3  1305  1002    
 1306 WAT   7656  7658     3  1306  1003    
 1307 WAT   7659  7661     3  1307  1004    
 1308 WAT   7662  7664     3  1308  1005    
 1309 WAT   7665  7667     3  1309  1006    
 1310 WAT   7668  7670     3  1310  1007    
 1311 WAT   7671  7673     3  1311  1008    
 1312 WAT   7674  7676     3  1312  1009    
 1313 WAT   7677  7679     3  1313  1010    
 1314 WAT   7680  7682     3  1314  1011    
 1315 WAT   7683  7685     3  1315  1012    
 1316 WAT   7686  7688     3  1316  1013    
 1317 WAT   7689  7691     3  1317  1014    
 1318 WAT   7692  7694     3  1318  1015    
 1319 WAT   7695  7697     3  1319  1016    
 1320 WAT   7698  7700     3  1320  1017    
 1321 WAT   7701  7703     3  1321  1018    
 1322 WAT   7704  7706     3  1322  1019    
 1323 WAT   7707  7709     3  1323  1020    
 1324 WAT   7710  7712     3  1324  1021    
 1325 WAT   7713  7715     3  1325  1022    
 1326 WAT   7716  7718     3  1326  1023    
 1327 WAT   7719  7721     3  1327  1024    
 1328 WAT   7722  7724     3  1328  1025    
 1329 WAT   7725  7727     3  1329  1026    
 1330 WAT   7728  7730     3  1330  1027    
 1331 WAT   7731  7733     3  1331  1028    
 1332 WAT   7734  7736     3  1332  1029    
 1333 WAT   7737  7739     3  1333  1030    
 1334 WAT   7740  7742     3  1334  1031    
 1335 WAT   7743  7745     3  1335  1032    
 1336 WAT   7746  7748     3  1336  1033    
 1337 WAT   7749  7751     3  1337  1034    
 1338 WAT   7752  7754     3  1338  1035    
 1339 WAT   7755  7757     3  1339  1036    
 1340 WAT   7758  7760     3  1340  1037    
 1341 WAT   7761  7763     3  1341  1038    
 1342 WAT   7764  7766     3  1342  1039    
 1343 WAT   7767  7769     3  1343  1040    
 1344 WAT   7770  7772     3  1344  1041    
 1345 WAT   7773  7775     3  1345  1042    
 1346 WAT   7776  7778     3  1346  1043    
 1347 WAT   7779  7781     3  1347  1044    
 1348 WAT   7782  7784     3  1348  1045    
 1349 WAT   7785  7787     3  1349  1046    
 1350 WAT   7788  7790     3  1350  1047    
 1351 WAT   7791  7793     3  1351  1048    
 1352 WAT   7794  7796     3  1352  1049    
 1353 WAT   7797  7799     3  1353  1050    
 1354 WAT   7800  7802     3  1354  1051    
 1355 WAT   7803  7805     3  1355  1052    
 1356 WAT   7806  7808     3  1356  1053    
 1357 WAT   7809  7811     3  1357  1054    
 1358 WAT   7812  7814     3  1358  1055    
 1359 WAT   7815  7817     3  1359  1056    
 1360 WAT   7818  7820     3  1360  1057    
 1361 WAT   7821  7823     3  1361  1058    
 1362 WAT   7824  7826     3  1362  1059    
 1363 WAT   7827  7829     3  1363  1060    
 1364 WAT   7830  7832     3  1364  1061    
 1365 WAT   7833  7835     3  1365  1062    
 1366 WAT   7836  7838     3  1366  1063    
 1367 WAT   7839  7841     3  1367  1064    
 1368 WAT   7842  7844     3  1368  1065    
 1369 WAT   7845  7847     3  1369  1066    
 1370 WAT   7848  7850     3  1370  1067    
 1371 WAT   7851  7853     3  1371  1068    
 1372 WAT   7854  7856     3  1372  1069    
 1373 WAT   7857  7859     3  1373  1070    
 1374 WAT   7860  7862     3  1374  1071    
 1375 WAT   7863  7865     3  1375  1072    
 1376 WAT   7866  7868     3  1376  1073    
 1377 WAT   7869  7871     3  1377  1074    
 1378 WAT   7872  7874     3  1378  1075    
 1379 WAT   7875  7877     3  1379  1076    
 1380 WAT   7878  7880     3  1380  1077    
 1381 WAT   7881  7883     3  1381  1078    
 1382 WAT   7884  7886     3  1382  1079    
 1383 WAT   7887  7889     3  1383  1080    
 1384 WAT   7890  7892     3  1384  1081    
 1385 WAT   7893  7895     3  1385  1082    
 1386 WAT   7896  7898     3  1386  1083    
 1387 WAT   7899  7901     3  1387  1084    
 1388 WAT   7902  7904     3  1388  1085    
 1389 WAT   7905  7907     3  1389  1086    
 1390 WAT   7908  7910     3  1390  1087    
 1391 WAT   7911  7913     3  1391  1088    
 1392 WAT   7914  7916     3  1392  1089    
 1393 WAT   7917  7919     3  1393  1090    
 1394 WAT   7920  7922     3  1394  1091    
 1395 WAT   7923  7925     3  1395  1092    
 1396 WAT   7926  7928     3  1396  1093    
 1397 WAT   7929  7931     3  1397  1094    
 1398 WAT   7932  7934     3  1398  1095    
 1399 WAT   7935  7937     3  1399  1096    
 1400 WAT   7938  7940     3  1400  1097    
 1401 WAT   7941  7943     3  1401  1098    
 1402 WAT   7944  7946     3  1402  1099    
 1403 WAT   7947  7949     3  1403  1100    
 1404 WAT   7950  7952     3  1404  1101    
 1405 WAT   7953  7955     3  1405  1102    
 1406 WAT   7956  7958     3  1406  1103    
 1407 WAT   7959  7961     3  1407  1104    
 1408 WAT   7962  7964     3  1408  1105    
 1409 WAT   7965  7967     3  1409  1106    
 1410 WAT   7968  7970     3  1410  1107    
 1411 WAT   7971  7973     3  1411  1108    
 1412 WAT   7974  7976     3  1412  1109    
 1413 WAT   7977  7979     3  1413  1110    
 1414 WAT   7980  7982     3  1414  1111    
 1415 WAT   7983  7985     3  1415  1112    
 1416 WAT   7986  7988     3  1416  1113    
 1417 WAT   7989  7991     3  1417  1114    
 1418 WAT   7992  7994     3  1418  1115    
 1419 WAT   7995  7997     3  1419  1116    
 1420 WAT   7998  8000     3  1420  1117    
 1421 WAT   8001  8003     3  1421  1118    
 1422 WAT   8004  8006     3  1422  1119    
 1423 WAT   8007  8009     3  1423  1120    
 1424 WAT   8010  8012     3  1424  1121    
 1425 WAT   8013  8015     3  1425  1122    
 1426 WAT   8016  8018     3  1426  1123    
 1427 WAT   8019  8021     3  1427  1124    
 1428 WAT   8022  8024     3  1428  1125    
 1429 WAT   8025  8027     3  1429  1126    
 1430 WAT   8028  8030     3  1430  1127    
 1431 WAT   8031  8033     3  1431  1128    
 1432 WAT   8034  8036     3  1432  1129    
 1433 WAT   8037  8039     3  1433  1130    
 1434 WAT   8040  8042     3  1434  1131    
 1435 WAT   8043  8045     3  1435  1132    
 1436 WAT   8046  8048     3  1436  1133    
 1437 WAT   8049  8051     3  1437  1134    
 1438 WAT   8052  8054     3  1438  1135    
 1439 WAT   8055  8057     3  1439  1136    
 1440 WAT   8058  8060     3  1440  1137    
 1441 WAT   8061  8063     3  1441  1138    
 1442 WAT   8064  8066     3  1442  1139    
 1443 WAT   8067  8069     3  1443  1140    
 1444 WAT   8070  8072     3  1444  1141    
 1445 WAT   8073  8075     3  1445  1142    
 1446 WAT   8076  8078     3  1446  1143    
 1447 WAT   8079  8081     3  1447  1144    
 1448 WAT   8082  8084     3  1448  1145    
 1449 WAT   8085  8087     3  1449  1146    
 1450 WAT   8088  8090     3  1450  1147    
 1451 WAT   8091  8093     3  1451  1148    
 1452 WAT   8094  8096     3  1452  1149    
 1453 WAT   8097  8099     3  1453  1150    
 1454 WAT   8100  8102     3  1454  1151    
 1455 WAT   8103  8105     3  1455  1152    
 1456 WAT   8106  8108     3  1456  1153    
 1457 WAT   8109  8111     3  1457  1154    
 1458 WAT   8112  8114     3  1458  1155    
 1459 WAT   8115  8117     3  1459  1156    
 1460 WAT   8118  8120     3  1460  1157    
 1461 WAT   8121  8123     3  1461  1158    
 1462 WAT   8124  8126     3  1462  1159    
 1463 WAT   8127  8129     3  1463  1160    
 1464 WAT   8130  8132     3  1464  1161    
 1465 WAT   8133  8135     3  1465  1162    
 1466 WAT   8136  8138     3  1466  1163    
 1467 WAT   8139  8141     3  1467  1164    
 1468 WAT   8142  8144     3  1468  1165    
 1469 WAT   8145  8147     3  1469  1166    
 1470 WAT   8148  8150     3  1470  1167    
 1471 WAT   8151  8153     3  1471  1168    
 1472 WAT   8154  8156     3  1472  1169    
 1473 WAT   8157  8159     3  1473  1170    
 1474 WAT   8160  8162     3  1474  1171    
 1475 WAT   8163  8165     3  1475  1172    
 1476 WAT   8166  8168     3  1476  1173    
 1477 WAT   8169  8171     3  1477  1174    
 1478 WAT   8172  8174     3  1478  1175    
 1479 WAT   8175  8177     3  1479  1176    
 1480 WAT   8178  8180     3  1480  1177    
 1481 WAT   8181  8183     3  1481  1178    
 1482 WAT   8184  8186     3  1482  1179    
 1483 WAT   8187  8189     3  1483  1180    
 1484 WAT   8190  8192     3  1484  1181    
 1485 WAT   8193  8195     3  1485  1182    
 1486 WAT   8196  8198     3  1486  1183    
 1487 WAT   8199  8201     3  1487  1184    
 1488 WAT   8202  8204     3  1488  1185    
 1489 WAT   8205  8207     3  1489  1186    
 1490 WAT   8208  8210     3  1490  1187    
 1491 WAT   8211  8213     3  1491  1188    
 1492 WAT   8214  8216     3  1492  1189    
 1493 WAT   8217  8219     3  1493  1190    
 1494 WAT   8220  8222     3  1494  1191    
 1495 WAT   8223  8225     3  1495  1192    
 1496 WAT   8226  8228     3  1496  1193    
 1497 WAT   8229  8231     3  1497  1194    
 1498 WAT   8232  8234     3  1498  1195    
 1499 WAT   8235  8237     3  1499  1196    
 1500 WAT   8238  8240     3  1500  1197    
 1501 WAT   8241  8243     3  1501  1198    
 1502 WAT   8244  8246     3  1502  1199    
 1503 WAT   8247  8249     3  1503  1200    
 1504 WAT   8250  8252     3  1504  1201    
 1505 WAT   8253  8255     3  1505  1202    
 1506 WAT   8256  8258     3  1506  1203    
 1507 WAT   8259  8261     3  1507  1204    
 1508 WAT   8262  8264     3  1508  1205    
 1509 WAT   8265  8267     3  1509  1206    
 1510 WAT   8268  8270     3  1510  1207    
 1511 WAT   8271  8273     3  1511  1208    
 1512 WAT   8274  8276     3  1512  1209    
 1513 WAT   8277  8279     3  1513  1210    
 1514 WAT   8280  8282     3  1514  1211    
 1515 WAT   8283  8285     3  1515  1212    
 1516 WAT   8286  8288     3  1516  1213    
 1517 WAT   8289  8291     3  1517  1214    
 1518 WAT   8292  8294     3  1518  1215    
 1519 WAT   8295  8297     3  1519  1216    
 1520 WAT   8298  8300     3  1520  1217    
 1521 WAT   8301  8303     3  1521  1218    
 1522 WAT   8304  8306     3  1522  1219    
 1523 WAT   8307  8309     3  1523  1220    
 1524 WAT   8310  8312     3  1524  1221    
 1525 WAT   8313  8315     3  1525  1222    
 1526 WAT   8316  8318     3  1526  1223    
 1527 WAT   8319  8321     3  1527  1224    
 1528 WAT   8322  8324     3  1528  1225    
 1529 WAT   8325  8327     3  1529  1226    
 1530 WAT   8328  8330     3  1530  1227    
 1531 WAT   8331  8333     3  1531  1228    
 1532 WAT   8334  8336     3  1532  1229    
 1533 WAT   8337  8339     3  1533  1230    
 1534 WAT   8340  8342     3  1534  1231    
 1535 WAT   8343  8345     3  1535  1232    
 1536 WAT   8346  8348     3  1536  1233    
 1537 WAT   8349  8351     3  1537  1234    
 1538 WAT   8352  8354     3  1538  1235    
 1539 WAT   8355  8357     3  1539  1236    
 1540 WAT   8358  8360     3  1540  1237    
 1541 WAT   8361  8363     3  1541  1238    
 1542 WAT   8364  8366     3  1542  1239    
 1543 WAT   8367  8369     3  1543  1240    
 1544 WAT   8370  8372     3  1544  1241    
 1545 WAT   8373  8375     3  1545  1242    
 1546 WAT   8376  8378     3  1546  1243    
 1547 WAT   8379  8381     3  1547  1244    
 1548 WAT   8382  8384     3  1548  1245    
 1549 WAT   8385  8387     3  1549  1246    
 1550 WAT   8388  8390     3  1550  1247    
 1551 WAT   8391  8393     3  1551  1248    
 1552 WAT   8394  8396     3  1552  1249    
 1553 WAT   8397  8399     3  1553  1250    
 1554 WAT   8400  8402     3  1554  1251    
 1555 WAT   8403  8405     3  1555  1252    
 1556 WAT   8406  8408     3  1556  1253    
 1557 WAT   8409  8411     3  1557  1254    
 1558 WAT   8412  8414     3  1558  1255    
 1559 WAT   8415  8417     3  1559  1256    
 1560 WAT   8418  8420     3  1560  1257    
 1561 WAT   8421  8423     3  1561  1258    
 1562 WAT   8424  8426     3  1562  1259    
 1563 WAT   8427  8429     3  1563  1260    
 1564 WAT   8430  8432     3  1564  1261    
 1565 WAT   8433  8435     3  1565  1262    
 1566 WAT   8436  8438     3  1566  1263    
 1567 WAT   8439  8441     3  1567  1264    
 1568 WAT   8442  8444     3  1568  1265    
 1569 WAT   8445  8447     3  1569  1266    
 1570 WAT   8448  8450     3  1570  1267    
 1571 WAT   8451  8453     3  1571  1268    
 1572 WAT   8454  8456     3  1572  1269    
 1573 WAT   8457  8459     3  1573  1270    
 1574 WAT   8460  8462     3  1574  1271    
 1575 WAT   8463  8465     3  1575  1272    
 1576 WAT   8466  8468     3  1576  1273    
 1577 WAT   8469  8471     3  1577  1274    
 1578 WAT   8472  8474     3  1578  1275    
 1579 WAT   8475  8477     3  1579  1276    
 1580 WAT   8478  8480     3  1580  1277    
 1581 WAT   8481  8483     3  1581  1278    
 1582 WAT   8484  8486     3  1582  1279    
 1583 WAT   8487  8489     3  1583  1280    
 1584 WAT   8490  8492     3  1584  1281    
 1585 WAT   8493  8495     3  1585  1282    
 1586 WAT   8496  8498     3  1586  1283    
 1587 WAT   8499  8501     3  1587  1284    
 1588 WAT   8502  8504     3  1588  1285    
 1589 WAT   8505  8507     3  1589  1286    
 1590 WAT   8508  8510     3  1590  1287    
 1591 WAT   8511  8513     3  1591  1288    
 1592 WAT   8514  8516     3  1592  1289    
 1593 WAT   8517  8519     3  1593  1290    
 1594 WAT   8520  8522     3  1594  1291    
 1595 WAT   8523  8525     3  1595  1292    
 1596 WAT   8526  8528     3  1596  1293    
 1597 WAT   8529  8531     3  1597  1294    
 1598 WAT   8532  8534     3  1598  1295    
 1599 WAT   8535  8537     3  1599  1296    
 1600 WAT   8538  8540     3  1600  1297    
 1601 WAT   8541  8543     3  1601  1298    
 1602 WAT   8544  8546     3  1602  1299    
 1603 WAT   8547  8549     3  1603  1300    
 1604 WAT   8550  8552     3  1604  1301    
 1605 WAT   8553  8555     3  1605  1302    
 1606 WAT   8556  8558     3  1606  1303    
 1607 WAT   8559  8561     3  1607  1304    
 1608 WAT   8562  8564     3  1608  1305    
 1609 WAT   8565  8567     3  1609  1306    
 1610 WAT   8568  8570     3  1610  1307    
 1611 WAT   8571  8573     3  1611  1308    
 1612 WAT   8574  8576     3  1612  1309    
 1613 WAT   8577  8579     3  1613  1310    
 1614 WAT   8580  8582     3  1614  1311    
 1615 WAT   8583  8585     3  1615  1312    
 1616 WAT   8586  8588     3  1616  1313    
 1617 WAT   8589  8591     3  1617  1314    
 1618 WAT   8592  8594     3  1618  1315    
 1619 WAT   8595  8597     3  1619  1316    
 1620 WAT   8598  8600     3  1620  1317    
 1621 WAT   8601  8603     3  1621  1318    
 1622 WAT   8604  8606     3  1622  1319    
 1623 WAT   8607  8609     3  1623  1320    
 1624 WAT   8610  8612     3  1624  1321    
 1625 WAT   8613  8615     3  1625  1322    
 1626 WAT   8616  8618     3  1626  1323    
 1627 WAT   8619  8621     3  1627  1324    
 1628 WAT   8622  8624     3  1628  1325    
 1629 WAT   8625  8627     3  1629  1326    
 1630 WAT   8628  8630     3  1630  1327    
 1631 WAT   8631  8633     3  1631  1328    
 1632 WAT   8634  8636     3  1632  1329    
 1633 WAT   8637  8639     3  1633  1330    
 1634 WAT   8640  8642     3  1634  1331    
 1635 WAT   8643  8645     3  1635  1332    
 1636 WAT   8646  8648     3  1636  1333    
 1637 WAT   8649  8651     3  1637  1334    
 1638 WAT   8652  8654     3  1638  1335    
 1639 WAT   8655  8657     3  1639  1336    
 1640 WAT   8658  8660     3  1640  1337    
 1641 WAT   8661  8663     3  1641  1338    
 1642 WAT   8664  8666     3  1642  1339    
 1643 WAT   8667  8669     3  1643  1340    
 1644 WAT   8670  8672     3  1644  1341    
 1645 WAT   8673  8675     3  1645  1342    
 1646 WAT   8676  8678     3  1646  1343    
 1647 WAT   8679  8681     3  1647  1344    
 1648 WAT   8682  8684     3  1648  1345    
 1649 WAT   8685  8687     3  1649  1346    
 1650 WAT   8688  8690     3  1650  1347    
 1651 WAT   8691  8693     3  1651  1348    
 1652 WAT   8694  8696     3  1652  1349    
 1653 WAT   8697  8699     3  1653  1350    
 1654 WAT   8700  8702     3  1654  1351    
 1655 WAT   8703  8705     3  1655  1352    
 1656 WAT   8706  8708     3  1656  1353    
 1657 WAT   8709  8711     3  1657  1354    
 1658 WAT   8712  8714     3  1658  1355    
 1659 WAT   8715  8717     3  1659  1356    
 1660 WAT   8718  8720     3  1660  1357    
 1661 WAT   8721  8723     3  1661  1358    
 1662 WAT   8724  8726     3  1662  1359    
 1663 WAT   8727  8729     3  1663  1360    
 1664 WAT   8730  8732     3  1664  1361    
 1665 WAT   8733  8735     3  1665  1362    
 1666 WAT   8736  8738     3  1666  1363    
 1667 WAT   8739  8741     3  1667  1364    
 1668 WAT   8742  8744     3  1668  1365    
 1669 WAT   8745  8747     3  1669  1366    
 1670 WAT   8748  8750     3  1670  1367    
 1671 WAT   8751  8753     3  1671  1368    
 1672 WAT   8754  8756     3  1672  1369    
 1673 WAT   8757  8759     3  1673  1370    
 1674 WAT   8760  8762     3  1674  1371    
 1675 WAT   8763  8765     3  1675  1372    
 1676 WAT   8766  8768     3  1676  1373    
 1677 WAT   8769  8771     3  1677  1374    
 1678 WAT   8772  8774     3  1678  1375    
 1679 WAT   8775  8777     3  1679  1376    
 1680 WAT   8778  8780     3  1680  1377    
 1681 WAT   8781  8783     3  1681  1378    
 1682 WAT   8784  8786     3  1682  1379    
 1683 WAT   8787  8789     3  1683  1380    
 1684 WAT   8790  8792     3  1684  1381    
 1685 WAT   8793  8795     3  1685  1382    
 1686 WAT   8796  8798     3  1686  1383    
 1687 WAT   8799  8801     3  1687  1384    
 1688 WAT   8802  8804     3  1688  1385    
 1689 WAT   8805  8807     3  1689  1386    
 1690 WAT   8808  8810     3  1690  1387    
 1691 WAT   8811  8813     3  1691  1388    
 1692 WAT   8814  8816     3  1692  1389    
 1693 WAT   8817  8819     3  1693  1390    
 1694 WAT   8820  8822     3  1694  1391    
 1695 WAT   8823  8825     3  1695  1392    
 1696 WAT   8826  8828     3  1696  1393    
 1697 WAT   8829  8831     3  1697  1394    
 1698 WAT   8832  8834     3  1698  1395    
 1699 WAT   8835  8837     3  1699  1396    
 1700 WAT   8838  8840     3  1700  1397    
 1701 WAT   8841  8843     3  1701  1398    
 1702 WAT   8844  8846     3  1702  1399    
 1703 WAT   8847  8849     3  1703  1400    
 1704 WAT   8850  8852     3  1704  1401    
 1705 WAT   8853  8855     3  1705  1402    
 1706 WAT   8856  8858     3  1706  1403    
 1707 WAT   8859  8861     3  1707  1404    
 1708 WAT   8862  8864     3  1708  1405    
 1709 WAT   8865  8867     3  1709  1406    
 1710 WAT   8868  8870     3  1710  1407    
 1711 WAT   8871  8873     3  1711  1408    
 1712 WAT   8874  8876     3  1712  1409    
 1713 WAT   8877  8879     3  1713  1410    
 1714 WAT   8880  8882     3  1714  1411    
 1715 WAT   8883  8885     3  1715  1412    
 1716 WAT   8886  8888     3  1716  1413    
 1717 WAT   8889  8891     3  1717  1414    
 1718 WAT   8892  8894     3  1718  1415    
 1719 WAT   8895  8897     3  1719  1416    
 1720 WAT   8898  8900     3  1720  1417    
 1721 WAT   8901  8903     3  1721  1418    
 1722 WAT   8904  8906     3  1722  1419    
 1723 WAT   8907  8909     3  1723  1420    
 1724 WAT   8910  8912     3  1724  1421    
 1725 WAT   8913  8915     3  1725  1422    
 1726 WAT   8916  8918     3  1726  1423    
 1727 WAT   8919  8921     3  1727  1424    
 1728 WAT   8922  8924     3  1728  1425    
 1729 WAT   8925  8927     3  1729  1426    
 1730 WAT   8928  8930     3  1730  1427    
 1731 WAT   8931  8933     3  1731  1428    
 1732 WAT   8934  8936     3  1732  1429    
 1733 WAT   8937  8939     3  1733  1430    
 1734 WAT   8940  8942     3  1734  1431    
 1735 WAT   8943  8945     3  1735  1432    
 1736 WAT   8946  8948     3  1736  1433    
 1737 WAT   8949  8951     3  1737  1434    
 1738 WAT   8952  8954     3  1738  1435    
 1739 WAT   8955  8957     3  1739  1436    
 1740 WAT   8958  8960     3  1740  1437    
 1741 WAT   8961  8963     3  1741  1438    
 1742 WAT   8964  8966     3  1742  1439    
 1743 WAT   8967  8969     3  1743  1440    
 1744 WAT   8970  8972     3  1744  1441    
 1745 WAT   8973  8975     3  1745  1442    
 1746 WAT   8976  8978     3  1746  1443    
 1747 WAT   8979  8981     3  1747  1444    
 1748 WAT   8982  8984     3  1748  1445    
 1749 WAT   8985  8987     3  1749  1446    
 1750 WAT   8988  8990     3  1750  1447    
 1751 WAT   8991  8993     3  1751  1448    
 1752 WAT   8994  8996     3  1752  1449    
 1753 WAT   8997  8999     3  1753  1450    
 1754 WAT   9000  9002     3  1754  1451    
 1755 WAT   9003  9005     3  1755  1452    
 1756 WAT   9006  9008     3  1756  1453    
 1757 WAT   9009  9011     3  1757  1454    
 1758 WAT   9012  9014     3  1758  1455    
 1759 WAT   9015  9017     3  1759  1456    
 1760 WAT   9018  9020     3  1760  1457    
 1761 WAT   9021  9023     3  1761  1458    
 1762 WAT   9024  9026     3  1762  1459    
 1763 WAT   9027  9029     3  1763  1460    
 1764 WAT   9030  9032     3  1764  1461    
 1765 WAT   9033  9035     3  1765  1462    
 1766 WAT   9036  9038     3  1766  1463    
 1767 WAT   9039  9041     3  1767  1464    
 1768 WAT   9042  9044     3  1768  1465    
 1769 WAT   9045  9047     3  1769  1466    
 1770 WAT   9048  9050     3  1770  1467    
 1771 WAT   9051  9053     3  1771  1468    
 1772 WAT   9054  9056     3  1772  1469    
 1773 WAT   9057  9059     3  1773  1470    
 1774 WAT   9060  9062     3  1774  1471    
 1775 WAT   9063  9065     3  1775  1472    
 1776 WAT   9066  9068     3  1776  1473    
 1777 WAT   9069  9071     3  1777  1474    
 1778 WAT   9072  9074     3  1778  1475    
 1779 WAT   9075  9077     3  1779  1476    
 1780 WAT   9078  9080     3  1780  1477    
 1781 WAT   9081  9083     3  1781  1478    
 1782 WAT   9084  9086     3  1782  1479    
 1783 WAT   9087  9089     3  1783  1480    
 1784 WAT   9090  9092     3  1784  1481    
 1785 WAT   9093  9095     3  1785  1482    
 1786 WAT   9096  9098     3  1786  1483    
 1787 WAT   9099  9101     3  1787  1484    
 1788 WAT   9102  9104     3  1788  1485    
 1789 WAT   9105  9107     3  1789  1486    
 1790 WAT   9108  9110     3  1790  1487    
 1791 WAT   9111  9113     3  1791  1488    
 1792 WAT   9114  9116     3  1792  1489    
 1793 WAT   9117  9119     3  1793  1490    
 1794 WAT   9120  9122     3  1794  1491    
 1795 WAT   9123  9125     3  1795  1492    
 1796 WAT   9126  9128     3  1796  1493    
 1797 WAT   9129  9131     3  1797  1494    
 1798 WAT   9132  9134     3  1798  1495    
 1799 WAT   9135  9137     3  1799  1496    
 1800 WAT   9138  9140     3  1800  1497    
 1801 WAT   9141  9143     3  1801  1498    
 1802 WAT   9144  9146     3  1802  1499    
 1803 WAT   9147  9149     3  1803  1500    
 1804 WAT   9150  9152     3  1804  1501    
 1805 WAT   9153  9155     3  1805  1502    
 1806 WAT   9156  9158     3  1806  1503    
 1807 WAT   9159  9161     3  1807  1504    
 1808 WAT   9162  9164     3  1808  1505    
 1809 WAT   9165  9167     3  1809  1506    
 1810 WAT   9168  9170     3  1810  1507    
 1811 WAT   9171  9173     3  1811  1508    
 1812 WAT   9174  9176     3  1812  1509    
 1813 WAT   9177  9179     3  1813  1510    
 1814 WAT   9180  9182     3  1814  1511    
 1815 WAT   9183  9185     3  1815  1512    
 1816 WAT   9186  9188     3  1816  1513    
 1817 WAT   9189  9191     3  1817  1514    
 1818 WAT   9192  9194     3  1818  1515    
 1819 WAT   9195  9197     3  1819  1516    
 1820 WAT   9198  9200     3  1820  1517    
 1821 WAT   9201  9203     3  1821  1518    
 1822 WAT   9204  9206     3  1822  1519    
 1823 WAT   9207  9209     3  1823  1520    
 1824 WAT   9210  9212     3  1824  1521    
 1825 WAT   9213  9215     3  1825  1522    
 1826 WAT   9216  9218     3  1826  1523    
 1827 WAT   9219  9221     3  1827  1524    
 1828 WAT   9222  9224     3  1828  1525    
 1829 WAT   9225  9227     3  1829  1526    
 1830 WAT   9228  9230     3  1830  1527    
 1831 WAT   9231  9233     3  1831  1528    
 1832 WAT   9234  9236     3  1832  1529    
 1833 WAT   9237  9239     3  1833  1530    
 1834 WAT   9240  9242     3  1834  1531    
 1835 WAT   9243  9245     3  1835  1532    
 1836 WAT   9246  9248     3  1836  1533    
 1837 WAT   9249  9251     3  1837  1534    
 1838 WAT   9252  9254     3  1838  1535    
 1839 WAT   9255  9257     3  1839  1536    
 1840 WAT   9258  9260     3  1840  1537    
 1841 WAT   9261  9263     3  1841  1538    
 1842 WAT   9264  9266     3  1842  1539    
 1843 WAT   9267  9269     3  1843  1540    
 1844 WAT   9270  9272     3  1844  1541    
 1845 WAT   9273  9275     3  1845  1542    
 1846 WAT   9276  9278     3  1846  1543    
 1847 WAT   9279  9281     3  1847  1544    
 1848 WAT   9282  9284     3  1848  1545    
 1849 WAT   9285  9287     3  1849  1546    
 1850 WAT   9288  9290     3  1850  1547    
 1851 WAT   9291  9293     3  1851  1548    
 1852 WAT   9294  9296     3  1852  1549    
 1853 WAT   9297  9299     3  1853  1550    
 1854 WAT   9300  9302     3  1854  1551    
 1855 WAT   9303  9305     3  1855  1552    
 1856 WAT   9306  9308     3  1856  1553    
 1857 WAT   9309  9311     3  1857  1554    
 1858 WAT   9312  9314     3  1858  1555    
 1859 WAT   9315  9317     3  1859  1556    
 1860 WAT   9318  9320     3  1860  1557    
 1861 WAT   9321  9323     3  1861  1558    
 1862 WAT   9324  9326     3  1862  1559    
 1863 WAT   9327  9329     3  1863  1560    
 1864 WAT   9330  9332     3  1864  1561    
 1865 WAT   9333  9335     3  1865  1562    
 1866 WAT   9336  9338     3  1866  1563    
 1867 WAT   9339  9341     3  1867  1564    
 1868 WAT   9342  9344     3  1868  1565    
 1869 WAT   9345  9347     3  1869  1566    
 1870 WAT   9348  9350     3  1870  1567    
 1871 WAT   9351  9353     3  1871  1568    
 1872 WAT   9354  9356     3  1872  1569    
 1873 WAT   9357  9359     3  1873  1570    
 1874 WAT   9360  9362     3  1874  1571    
 1875 WAT   9363  9365     3  1875  1572    
 1876 WAT   9366  9368     3  1876  1573    
 1877 WAT   9369  9371     3  1877  1574    
 1878 WAT   9372  9374     3  1878  1575    
 1879 WAT   9375  9377     3  1879  1576    
 1880 WAT   9378  9380     3  1880  1577    
 1881 WAT   9381  9383     3  1881  1578    
 1882 WAT   9384  9386     3  1882  1579    
 1883 WAT   9387  9389     3  1883  1580    
 1884 WAT   9390  9392     3  1884  1581    
 1885 WAT   9393  9395     3  1885  1582    
 1886 WAT   9396  9398     3  1886  1583    
 1887 WAT   9399  9401     3  1887  1584    
 1888 WAT   9402  9404     3  1888  1585    
 1889 WAT   9405  9407     3  1889  1586    
 1890 WAT   9408  9410     3  1890  1587    
 1891 WAT   9411  9413     3  1891  1588    
 1892 WAT   9414  9416     3  1892  1589    
 1893 WAT   9417  9419     3  1893  1590    
 1894 WAT   9420  9422     3  1894  1591    
 1895 WAT   9423  9425     3  1895  1592    
 1896 WAT   9426  9428     3  1896  1593    
 1897 WAT   9429  9431     3  1897  1594    
 1898 WAT   9432  9434     3  1898  1595    
 1899 WAT   9435  9437     3  1899  1596    
 1900 WAT   9438  9440     3  1900  1597    
 1901 WAT   9441  9443     3  1901  1598    
 1902 WAT   9444  9446     3  1902  1599    
 1903 WAT   9447  9449     3  1903  1600    
 1904 WAT   9450  9452     3  1904  1601    
 1905 WAT   9453  9455     3  1905  1602    
 1906 WAT   9456  9458     3  1906  1603    
 1907 WAT   9459  9461     3  1907  1604    
 1908 WAT   9462  9464     3  1908  1605    
 1909 WAT   9465  9467     3  1909  1606    
 1910 WAT   9468  9470     3  1910  1607    
 1911 WAT   9471  9473     3  1911  1608    
 1912 WAT   9474  9476     3  1912  1609    
 1913 WAT   9477  9479     3  1913  1610    
 1914 WAT   9480  9482     3  1914  1611    
 1915 WAT   9483  9485     3  1915  1612    
 1916 WAT   9486  9488     3  1916  1613    
 1917 WAT   9489  9491     3  1917  1614    
 1918 WAT   9492  9494     3  1918  1615    
 1919 WAT   9495  9497     3  1919  1616    
 1920 WAT   9498  9500     3  1920  1617    
 1921 WAT   9501  9503     3  1921  1618    
 1922 WAT   9504  9506     3  1922  1619    
 1923 WAT   9507  9509     3  1923  1620    
 1924 WAT   9510  9512     3  1924  1621    
 1925 WAT   9513  9515     3  1925  1622    
 1926 WAT   9516  9518     3  1926  1623    
 1927 WAT   9519  9521     3  1927  1624    
 1928 WAT   9522  9524     3  1928  1625    
 1929 WAT   9525  9527     3  1929  1626    
 1930 WAT   9528  9530     3  1930  1627    
 1931 WAT   9531  9533     3  1931  1628    
 1932 WAT   9534  9536     3  1932  1629    
 1933 WAT   9537  9539     3  1933  1630    
 1934 WAT   9540  9542     3  1934  1631    
 1935 WAT   9543  9545     3  1935  1632    
 1936 WAT   9546  9548     3  1936  1633    
 1937 WAT   9549  9551     3  1937  1634    
 1938 WAT   9552  9554     3  1938  1635    
 1939 WAT   9555  9557     3  1939  1636    
 1940 WAT   9558  9560     3  1940  1637    
 1941 WAT   9561  9563     3  1941  1638    
 1942 WAT   9564  9566     3  1942  1639    
 1943 WAT   9567  9569     3  1943  1640    
 1944 WAT   9570  9572     3  1944  1641    
 1945 WAT   9573  9575     3  1945  1642    
 1946 WAT   9576  9578     3  1946  1643    
 1947 WAT   9579  9581     3  1947  1644    
 1948 WAT   9582  9584     3  1948  1645    
 1949 WAT   9585  9587     3  1949  1646    
 1950 WAT   9588  9590     3  1950  1647    
 1951 WAT   9591  9593     3  1951  1648    
 1952 WAT   9594  9596     3  1952  1649    
 1953 WAT   9597  9599     3  1953  1650    
 1954 WAT   9600  9602     3  1954  1651    
 1955 WAT   9603  9605     3  1955  1652    
 1956 WAT   9606  9608     3  1956  1653    
 1957 WAT   9609  9611     3  1957  1654    
 1958 WAT   9612  9614     3  1958  1655    
 1959 WAT   9615  9617     3  1959  1656    
 1960 WAT   9618  9620     3  1960  1657    
 1961 WAT   9621  9623     3  1961  1658    
 1962 WAT   9624  9626     3  1962  1659    
 1963 WAT   9627  9629     3  1963  1660    
 1964 WAT   9630  9632     3  1964  1661    
 1965 WAT   9633  9635     3  1965  1662    
 1966 WAT   9636  9638     3  1966  1663    
 1967 WAT   9639  9641     3  1967  1664    
 1968 WAT   9642  9644     3  1968  1665    
 1969 WAT   9645  9647     3  1969  1666    
 1970 WAT   9648  9650     3  1970  1667    
 1971 WAT   9651  9653     3  1971  1668    
 1972 WAT   9654  9656     3  1972  1669    
 1973 WAT   9657  9659     3  1973  1670    
 1974 WAT   9660  9662     3  1974  1671    
 1975 WAT   9663  9665     3  1975  1672    
 1976 WAT   9666  9668     3  1976  1673    
 1977 WAT   9669  9671     3  1977  1674    
 1978 WAT   9672  9674     3  1978  1675    
 1979 WAT   9675  9677     3  1979  1676    
 1980 WAT   9678  9680     3  1980  1677    
 1981 WAT   9681  9683     3  1981  1678    
 1982 WAT   9684  9686     3  1982  1679    
 1983 WAT   9687  9689     3  1983  1680    
 1984 WAT   9690  9692     3  1984  1681    
 1985 WAT   9693  9695     3  1985  1682    
 1986 WAT   9696  9698     3  1986  1683    
 1987 WAT   9699  9701     3  1987  1684    
 1988 WAT   9702  9704     3  1988  1685    
 1989 WAT   9705  9707     3  1989  1686    
 1990 WAT   9708  9710     3  1990  1687    
 1991 WAT   9711  9713     3  1991  1688    
 1992 WAT   9714  9716     3  1992  1689    
 1993 WAT   9717  9719     3  1993  1690    
 1994 WAT   9720  9722     3  1994  1691    
 1995 WAT   9723  9725     3  1995  1692    
 1996 WAT   9726  9728     3  1996  1693    
 1997 WAT   9729  9731     3  1997  1694    
 1998 WAT   9732  9734     3  1998  1695    
 1999 WAT   9735  9737     3  1999  1696    
 2000 WAT   9738  9740     3  2000  1697    
 2001 WAT   9741  9743     3  2001  1698    
 2002 WAT   9744  9746     3  2002  1699    
 2003 WAT   9747  9749     3  2003  1700    
 2004 WAT   9750  9752     3  2004  1701    
 2005 WAT   9753  9755     3  2005  1702    
 2006 WAT   9756  9758     3  2006  1703    
 2007 WAT   9759  9761     3  2007  1704    
 2008 WAT   9762  9764     3  2008  1705    
 2009 WAT   9765  9767     3  2009  1706    
 2010 WAT   9768  9770     3  2010  1707    
 2011 WAT   9771  9773     3  2011  1708    
 2012 WAT   9774  9776     3  2012  1709    
 2013 WAT   9777  9779     3  2013  1710    
 2014 WAT   9780  9782     3  2014  1711    
 2015 WAT   9783  9785     3  2015  1712    
 2016 WAT   9786  9788     3  2016  1713    
 2017 WAT   9789  9791     3  2017  1714    
 2018 WAT   9792  9794     3  2018  1715    
 2019 WAT   9795  9797     3  2019  1716    
 2020 WAT   9798  9800     3  2020  1717    
 2021 WAT   9801  9803     3  2021  1718    
 2022 WAT   9804  9806     3  2022  1719    
 2023 WAT   9807  9809     3  2023  1720    
 2024 WAT   9810  9812     3  2024  1721    
 2025 WAT   9813  9815     3  2025  1722    
 2026 WAT   9816  9818     3  2026  1723    
 2027 WAT   9819  9821     3  2027  1724    
 2028 WAT   9822  9824     3  2028  1725    
 2029 WAT   9825  9827     3  2029  1726    
 2030 WAT   9828  9830     3  2030  1727    
 2031 WAT   9831  9833     3  2031  1728    
 2032 WAT   9834  9836     3  2032  1729    
 2033 WAT   9837  9839     3  2033  1730    
 2034 WAT   9840  9842     3  2034  1731    
 2035 WAT   9843  9845     3  2035  1732    
 2036 WAT   9846  9848     3  2036  1733    
 2037 WAT   9849  9851     3  2037  1734    
 2038 WAT   9852  9854     3  2038  1735    
 2039 WAT   9855  9857     3  2039  1736    
 2040 WAT   9858  9860     3  2040  1737    
 2041 WAT   9861  9863     3  2041  1738    
 2042 WAT   9864  9866     3  2042  1739    
 2043 WAT   9867  9869     3  2043  1740    
 2044 WAT   9870  9872     3  2044  1741    
 2045 WAT   9873  9875     3  2045  1742    
 2046 WAT   9876  9878     3  2046  1743    
 2047 WAT   9879  9881     3  2047  1744    
 2048 WAT   9882  9884     3  2048  1745    
 2049 WAT   9885  9887     3  2049  1746    
 2050 WAT   9888  9890     3  2050  1747    
 2051 WAT   9891  9893     3  2051  1748    
 2052 WAT   9894  9896     3  2052  1749    
 2053 WAT   9897  9899     3  2053  1750    
 2054 WAT   9900  9902     3  2054  1751    
 2055 WAT   9903  9905     3  2055  1752    
 2056 WAT   9906  9908     3  2056  1753    
 2057 WAT   9909  9911     3  2057  1754    
 2058 WAT   9912  9914     3  2058  1755    
 2059 WAT   9915  9917     3  2059  1756    
 2060 WAT   9918  9920     3  2060  1757    
 2061 WAT   9921  9923     3  2061  1758    
 2062 WAT   9924  9926     3  2062  1759    
 2063 WAT   9927  9929     3  2063  1760    
 2064 WAT   9930  9932     3  2064  1761    
 2065 WAT   9933  9935     3  2065  1762    
 2066 WAT   9936  9938     3  2066  1763    
 2067 WAT   9939  9941     3  2067  1764    
 2068 WAT   9942  9944     3  2068  1765    
 2069 WAT   9945  9947     3  2069  1766    
 2070 WAT   9948  9950     3  2070  1767    
 2071 WAT   9951  9953     3  2071  1768    
 2072 WAT   9954  9956     3  2072  1769    
 2073 WAT   9957  9959     3  2073  1770    
 2074 WAT   9960  9962     3  2074  1771    
 2075 WAT   9963  9965     3  2075  1772    
 2076 WAT   9966  9968     3  2076  1773    
 2077 WAT   9969  9971     3  2077  1774    
 2078 WAT   9972  9974     3  2078  1775    
 2079 WAT   9975  9977     3  2079  1776    
 2080 WAT   9978  9980     3  2080  1777    
 2081 WAT   9981  9983     3  2081  1778    
 2082 WAT   9984  9986     3  2082  1779    
 2083 WAT   9987  9989     3  2083  1780    
 2084 WAT   9990  9992     3  2084  1781    
 2085 WAT   9993  9995     3  2085  1782    
 2086 WAT   9996  9998     3  2086  1783    
 2087 WAT   9999 10001     3  2087  1784    
 2088 WAT  10002 10004     3  2088  1785    
 2089 WAT  10005 10007     3  2089  1786    
 2090 WAT  10008 10010     3  2090  1787    
 2091 WAT  10011 10013     3  2091  1788    
 2092 WAT  10014 10016     3  2092  1789    
 2093 WAT  10017 10019     3  2093  1790    
 2094 WAT  10020 10022     3  2094  1791    
 2095 WAT  10023 10025     3  2095  1792    
 2096 WAT  10026 10028     3  2096  1793    
 2097 WAT  10029 10031     3  2097  1794    
 2098 WAT  10032 10034     3  2098  1795    
 2099 WAT  10035 10037     3  2099  1796    
 2100 WAT  10038 10040     3  2100  1797    
 2101 WAT  10041 10043     3  2101  1798    
 2102 WAT  10044 10046     3  2102  1799    
 2103 WAT  10047 10049     3  2103  1800    
 2104 WAT  10050 10052     3  2104  1801    
 2105 WAT  10053 10055     3  2105  1802    
 2106 WAT  10056 10058     3  2106  1803    
 2107 WAT  10059 10061     3  2107  1804    
 2108 WAT  10062 10064     3  2108  1805    
 2109 WAT  10065 10067     3  2109  1806    
 2110 WAT  10068 10070     3  2110  1807    
 2111 WAT  10071 10073     3  2111  1808    
 2112 WAT  10074 10076     3  2112  1809    
 2113 WAT  10077 10079     3  2113  1810    
 2114 WAT  10080 10082     3  2114  1811    
 2115 WAT  10083 10085     3  2115  1812    
 2116 WAT  10086 10088     3  2116  1813    
 2117 WAT  10089 10091     3  2117  1814    
 2118 WAT  10092 10094     3  2118  1815    
 2119 WAT  10095 10097     3  2119  1816    
 2120 WAT  10098 10100     3  2120  1817    
 2121 WAT  10101 10103     3  2121  1818    
 2122 WAT  10104 10106     3  2122  1819    
 2123 WAT  10107 10109     3  2123  1820    
 2124 WAT  10110 10112     3  2124  1821    
 2125 WAT  10113 10115     3  2125  1822    
 2126 WAT  10116 10118     3  2126  1823    
 2127 WAT  10119 10121     3  2127  1824    
 2128 WAT  10122 10124     3  2128  1825    
 2129 WAT  10125 10127     3  2129  1826    
 2130 WAT  10128 10130     3  2130  1827    
 2131 WAT  10131 10133     3  2131  1828    
 2132 WAT  10134 10136     3  2132  1829    
 2133 WAT  10137 10139     3  2133  1830    
 2134 WAT  10140 10142     3  2134  1831    
 2135 WAT  10143 10145     3  2135  1832    
 2136 WAT  10146 10148     3  2136  1833    
 2137 WAT  10149 10151     3  2137  1834    
 2138 WAT  10152 10154     3  2138  1835    
 2139 WAT  10155 10157     3  2139  1836    
 2140 WAT  10158 10160     3  2140  1837    
 2141 WAT  10161 10163     3  2141  1838    
 2142 WAT  10164 10166     3  2142  1839    
 2143 WAT  10167 10169     3  2143  1840    
 2144 WAT  10170 10172     3  2144  1841    
 2145 WAT  10173 10175     3  2145  1842    
 2146 WAT  10176 10178     3  2146  1843    
 2147 WAT  10179 10181     3  2147  1844    
 2148 WAT  10182 10184     3  2148  1845    
 2149 WAT  10185 10187     3  2149  1846    
 2150 WAT  10188 10190     3  2150  1847    
 2151 WAT  10191 10193     3  2151  1848    
 2152 WAT  10194 10196     3  2152  1849    
 2153 WAT  10197 10199     3  2153  1850    
 2154 WAT  10200 10202     3  2154  1851    
 2155 WAT  10203 10205     3  2155  1852    
 2156 WAT  10206 10208     3  2156  1853    
 2157 WAT  10209 10211     3  2157  1854    
 2158 WAT  10212 10214     3  2158  1855    
 2159 WAT  10215 10217     3  2159  1856    
 2160 WAT  10218 10220     3  2160  1857    
 2161 WAT  10221 10223     3  2161  1858    
 2162 WAT  10224 10226     3  2162  1859    
 2163 WAT  10227 10229     3  2163  1860    
 2164 WAT  10230 10232     3  2164  1861    
 2165 WAT  10233 10235     3  2165  1862    
 2166 WAT  10236 10238     3  2166  1863    
 2167 WAT  10239 10241     3  2167  1864    
 2168 WAT  10242 10244     3  2168  1865    
 2169 WAT  10245 10247     3  2169  1866    
 2170 WAT  10248 10250     3  2170  1867    
 2171 WAT  10251 10253     3  2171  1868    
 2172 WAT  10254 10256     3  2172  1869    
 2173 WAT  10257 10259     3  2173  1870    
 2174 WAT  10260 10262     3  2174  1871    
 2175 WAT  10263 10265     3  2175  1872    
 2176 WAT  10266 10268     3  2176  1873    
 2177 WAT  10269 10271     3  2177  1874    
 2178 WAT  10272 10274     3  2178  1875    
 2179 WAT  10275 10277     3  2179  1876    
 2180 WAT  10278 10280     3  2180  1877    
 2181 WAT  10281 10283     3  2181  1878    
 2182 WAT  10284 10286     3  2182  1879    
 2183 WAT  10287 10289     3  2183  1880    
 2184 WAT  10290 10292     3  2184  1881    
 2185 WAT  10293 10295     3  2185  1882    
 2186 WAT  10296 10298     3  2186  1883    
 2187 WAT  10299 10301     3  2187  1884    
 2188 WAT  10302 10304     3  2188  1885    
 2189 WAT  10305 10307     3  2189  1886    
 2190 WAT  10308 10310     3  2190  1887    
 2191 WAT  10311 10313     3  2191  1888    
 2192 WAT  10314 10316     3  2192  1889    
 2193 WAT  10317 10319     3  2193  1890    
 2194 WAT  10320 10322     3  2194  1891    
 2195 WAT  10323 10325     3  2195  1892    
 2196 WAT  10326 10328     3  2196  1893    
 2197 WAT  10329 10331     3  2197  1894    
 2198 WAT  10332 10334     3  2198  1895    
 2199 WAT  10335 10337     3  2199  1896    
 2200 WAT  10338 10340     3  2200  1897    
 2201 WAT  10341 10343     3  2201  1898    
 2202 WAT  10344 10346     3  2202  1899    
 2203 WAT  10347 10349     3  2203  1900    
 2204 WAT  10350 10352     3  2204  1901    
 2205 WAT  10353 10355     3  2205  1902    
 2206 WAT  10356 10358     3  2206  1903    
 2207 WAT  10359 10361     3  2207  1904    
 2208 WAT  10362 10364     3  2208  1905    
 2209 WAT  10365 10367     3  2209  1906    
 2210 WAT  10368 10370     3  2210  1907    
 2211 WAT  10371 10373     3  2211  1908    
 2212 WAT  10374 10376     3  2212  1909    
 2213 WAT  10377 10379     3  2213  1910    
 2214 WAT  10380 10382     3  2214  1911    
 2215 WAT  10383 10385     3  2215  1912    
 2216 WAT  10386 10388     3  2216  1913    
 2217 WAT  10389 10391     3  2217  1914    
 2218 WAT  10392 10394     3  2218  1915    
 2219 WAT  10395 10397     3  2219  1916    
 2220 WAT  10398 10400     3  2220  1917    
 2221 WAT  10401 10403     3  2221  1918    
 2222 WAT  10404 10406     3  2222  1919    
 2223 WAT  10407 10409     3  2223  1920    
 2224 WAT  10410 10412     3  2224  1921    
 2225 WAT  10413 10415     3  2225  1922    
 2226 WAT  10416 10418     3  2226  1923    
 2227 WAT  10419 10421     3  2227  1924    
 2228 WAT  10422 10424     3  2228  1925    
 2229 WAT  10425 10427     3  2229  1926    
 2230 WAT  10428 10430     3  2230  1927    
 2231 WAT  10431 10433     3  2231  1928    
 2232 WAT  10434 10436     3  2232  1929    
 2233 WAT  10437 10439     3  2233  1930    
 2234 WAT  10440 10442     3  2234  1931    
 2235 WAT  10443 10445     3  2235  1932    
 2236 WAT  10446 10448     3  2236  1933    
 2237 WAT  10449 10451     3  2237  1934    
 2238 WAT  10452 10454     3  2238  1935    
 2239 WAT  10455 10457     3  2239  1936    
 2240 WAT  10458 10460     3  2240  1937    
 2241 WAT  10461 10463     3  2241  1938    
 2242 WAT  10464 10466     3  2242  1939    
 2243 WAT  10467 10469     3  2243  1940    
 2244 WAT  10470 10472     3  2244  1941    
 2245 WAT  10473 10475     3  2245  1942    
 2246 WAT  10476 10478     3  2246  1943    
 2247 WAT  10479 10481     3  2247  1944    
 2248 WAT  10482 10484     3  2248  1945    
 2249 WAT  10485 10487     3  2249  1946    
 2250 WAT  10488 10490     3  2250  1947    
 2251 WAT  10491 10493     3  2251  1948    
 2252 WAT  10494 10496     3  2252  1949    
 2253 WAT  10497 10499     3  2253  1950    
 2254 WAT  10500 10502     3  2254  1951    
 2255 WAT  10503 10505     3  2255  1952    
 2256 WAT  10506 10508     3  2256  1953    
 2257 WAT  10509 10511     3  2257  1954    
 2258 WAT  10512 10514     3  2258  1955    
 2259 WAT  10515 10517     3  2259  1956    
 2260 WAT  10518 10520     3  2260  1957    
 2261 WAT  10521 10523     3  2261  1958    
 2262 WAT  10524 10526     3  2262  1959    
 2263 WAT  10527 10529     3  2263  1960    
 2264 WAT  10530 10532     3  2264  1961    
 2265 WAT  10533 10535     3  2265  1962    
 2266 WAT  10536 10538     3  2266  1963    
 2267 WAT  10539 10541     3  2267  1964    
 2268 WAT  10542 10544     3  2268  1965    
 2269 WAT  10545 10547     3  2269  1966    
 2270 WAT  10548 10550     3  2270  1967    
 2271 WAT  10551 10553     3  2271  1968    
 2272 WAT  10554 10556     3  2272  1969    
 2273 WAT  10557 10559     3  2273  1970    
 2274 WAT  10560 10562     3  2274  1971    
 2275 WAT  10563 10565     3  2275  1972    
 2276 WAT  10566 10568     3  2276  1973    
 2277 WAT  10569 10571     3  2277  1974    
 2278 WAT  10572 10574     3  2278  1975    
 2279 WAT  10575 10577     3  2279  1976    
 2280 WAT  10578 10580     3  2280  1977    
 2281 WAT  10581 10583     3  2281  1978    
 2282 WAT  10584 10586     3  2282  1979    
 2283 WAT  10587 10589     3  2283  1980    
 2284 WAT  10590 10592     3  2284  1981    
 2285 WAT  10593 10595     3  2285  1982    
 2286 WAT  10596 10598     3  2286  1983    
 2287 WAT  10599 10601     3  2287  1984    
 2288 WAT  10602 10604     3  2288  1985    
 2289 WAT  10605 10607     3  2289  1986    
 2290 WAT  10608 10610     3  2290  1987    
 2291 WAT  10611 10613     3  2291  1988    
 2292 WAT  10614 10616     3  2292  1989    
 2293 WAT  10617 10619     3  2293  1990    
 2294 WAT  10620 10622     3  2294  1991    
 2295 WAT  10623 10625     3  2295  1992    
 2296 WAT  10626 10628     3  2296  1993    
 2297 WAT  10629 10631     3  2297  1994    
 2298 WAT  10632 10634     3  2298  1995    
 2299 WAT  10635 10637     3  2299  1996    
 2300 WAT  10638 10640     3  2300  1997    
 2301 WAT  10641 10643     3  2301  1998    
 2302 WAT  10644 10646     3  2302  1999    
 2303 WAT  10647 10649     3  2303  2000    
 2304 WAT  10650 10652     3  2304  2001    
 2305 WAT  10653 10655     3  2305  2002    
 2306 WAT  10656 10658     3  2306  2003    
 2307 WAT  10659 10661     3  2307  2004    
 2308 WAT  10662 10664     3  2308  2005    
 2309 WAT  10665 10667     3  2309  2006    
 2310 WAT  10668 10670     3  2310  2007    
 2311 WAT  10671 10673     3  2311  2008    
 2312 WAT  10674 10676     3  2312  2009    
 2313 WAT  10677 10679     3  2313  2010    
 2314 WAT  10680 10682     3  2314  2011    
 2315 WAT  10683 10685     3  2315  2012    
 2316 WAT  10686 10688     3  2316  2013    
 2317 WAT  10689 10691     3  2317  2014    
 2318 WAT  10692 10694     3  2318  2015    
 2319 WAT  10695 10697     3  2319  2016    
 2320 WAT  10698 10700     3  2320  2017    
 2321 WAT  10701 10703     3  2321  2018    
 2322 WAT  10704 10706     3  2322  2019    
 2323 WAT  10707 10709     3  2323  2020    
 2324 WAT  10710 10712     3  2324  2021    
 2325 WAT  10713 10715     3  2325  2022    
 2326 WAT  10716 10718     3  2326  2023    
 2327 WAT  10719 10721     3  2327  2024    
 2328 WAT  10722 10724     3  2328  2025    
 2329 WAT  10725 10727     3  2329  2026    
 2330 WAT  10728 10730     3  2330  2027    
 2331 WAT  10731 10733     3  2331  2028    
 2332 WAT  10734 10736     3  2332  2029    
 2333 WAT  10737 10739     3  2333  2030    
 2334 WAT  10740 10742     3  2334  2031    
 2335 WAT  10743 10745     3  2335  2032    
 2336 WAT  10746 10748     3  2336  2033    
 2337 WAT  10749 10751     3  2337  2034    
 2338 WAT  10752 10754     3  2338  2035    
 2339 WAT  10755 10757     3  2339  2036    
 2340 WAT  10758 10760     3  2340  2037    
 2341 WAT  10761 10763     3  2341  2038    
 2342 WAT  10764 10766     3  2342  2039    
 2343 WAT  10767 10769     3  2343  2040    
 2344 WAT  10770 10772     3  2344  2041    
 2345 WAT  10773 10775     3  2345  2042    
 2346 WAT  10776 10778     3  2346  2043    
 2347 WAT  10779 10781     3  2347  2044    
 2348 WAT  10782 10784     3  2348  2045    
 2349 WAT  10785 10787     3  2349  2046    
 2350 WAT  10788 10790     3  2350  2047    
 2351 WAT  10791 10793     3  2351  2048    
 2352 WAT  10794 10796     3  2352  2049    
 2353 WAT  10797 10799     3  2353  2050    
 2354 WAT  10800 10802     3  2354  2051    
 2355 WAT  10803 10805     3  2355  2052    
 2356 WAT  10806 10808     3  2356  2053    
 2357 WAT  10809 10811     3  2357  2054    
 2358 WAT  10812 10814     3  2358  2055    
 2359 WAT  10815 10817     3  2359  2056    
 2360 WAT  10818 10820     3  2360  2057    
 2361 WAT  10821 10823     3  2361  2058    
 2362 WAT  10824 10826     3  2362  2059    
 2363 WAT  10827 10829     3  2363  2060    
 2364 WAT  10830 10832     3  2364  2061    
 2365 WAT  10833 10835     3  2365  2062    
 2366 WAT  10836 10838     3  2366  2063    
 2367 WAT  10839 10841     3  2367  2064    
 2368 WAT  10842 10844     3  2368  2065    
 2369 WAT  10845 10847     3  2369  2066    
 2370 WAT  10848 10850     3  2370  2067    
 2371 WAT  10851 10853     3  2371  2068    
 2372 WAT  10854 10856     3  2372  2069    
 2373 WAT  10857 10859     3  2373  2070    
 2374 WAT  10860 10862     3  2374  2071    
 2375 WAT  10863 10865     3  2375  2072    
 2376 WAT  10866 10868     3  2376  2073    
 2377 WAT  10869 10871     3  2377  2074    
 2378 WAT  10872 10874     3  2378  2075    
 2379 WAT  10875 10877     3  2379  2076    
 2380 WAT  10878 10880     3  2380  2077    
 2381 WAT  10881 10883     3  2381  2078    
 2382 WAT  10884 10886     3  2382  2079    
 2383 WAT  10887 10889     3  2383  2080    
 2384 WAT  10890 10892     3  2384  2081    
 2385 WAT  10893 10895     3  2385  2082    
 2386 WAT  10896 10898     3  2386  2083    
 2387 WAT  10899 10901     3  2387  2084    
 2388 WAT  10902 10904     3  2388  2085    
 2389 WAT  10905 10907     3  2389  2086    
 2390 WAT  10908 10910     3  2390  2087    
 2391 WAT  10911 10913     3  2391  2088    
 2392 WAT  10914 10916     3  2392  2089    
 2393 WAT  10917 10919     3  2393  2090    
 2394 WAT  10920 10922     3  2394  2091    
 2395 WAT  10923 10925     3  2395  2092    
 2396 WAT  10926 10928     3  2396  2093    
 2397 WAT  10929 10931     3  2397  2094    
 2398 WAT  10932 10934     3  2398  2095    
 2399 WAT  10935 10937     3  2399  2096    
 2400 WAT  10938 10940     3  2400  2097    
 2401 WAT  10941 10943     3  2401  2098    
 2402 WAT  10944 10946     3  2402  2099    
 2403 WAT  10947 10949     3  2403  2100    
 2404 WAT  10950 10952     3  2404  2101    
 2405 WAT  10953 10955     3  2405  2102    
 2406 WAT  10956 10958     3  2406  2103    
 2407 WAT  10959 10961     3  2407  2104    
 2408 WAT  10962 10964     3  2408  2105    
 2409 WAT  10965 10967     3  2409  2106    
 2410 WAT  10968 10970     3  2410  2107    
 2411 WAT  10971 10973     3  2411  2108    
 2412 WAT  10974 10976     3  2412  2109    
 2413 WAT  10977 10979     3  2413  2110    
 2414 WAT  10980 10982     3  2414  2111    
 2415 WAT  10983 10985     3  2415  2112    
 2416 WAT  10986 10988     3  2416  2113    
 2417 WAT  10989 10991     3  2417  2114    
 2418 WAT  10992 10994     3  2418  2115    
 2419 WAT  10995 10997     3  2419  2116    
 2420 WAT  10998 11000     3  2420  2117    
 2421 WAT  11001 11003     3  2421  2118    
 2422 WAT  11004 11006     3  2422  2119    
 2423 WAT  11007 11009     3  2423  2120    
 2424 WAT  11010 11012     3  2424  2121    
 2425 WAT  11013 11015     3  2425  2122    
 2426 WAT  11016 11018     3  2426  2123    
 2427 WAT  11019 11021     3  2427  2124    
 2428 WAT  11022 11024     3  2428  2125    
 2429 WAT  11025 11027     3  2429  2126    
 2430 WAT  11028 11030     3  2430  2127    
 2431 WAT  11031 11033     3  2431  2128    
 2432 WAT  11034 11036     3  2432  2129    
 2433 WAT  11037 11039     3  2433  2130    
 2434 WAT  11040 11042     3  2434  2131    
 2435 WAT  11043 11045     3  2435  2132    
 2436 WAT  11046 11048     3  2436  2133    
 2437 WAT  11049 11051     3  2437  2134    
 2438 WAT  11052 11054     3  2438  2135    
 2439 WAT  11055 11057     3  2439  2136    
 2440 WAT  11058 11060     3  2440  2137    
 2441 WAT  11061 11063     3  2441  2138    
 2442 WAT  11064 11066     3  2442  2139    
 2443 WAT  11067 11069     3  2443  2140    
 2444 WAT  11070 11072     3  2444  2141    
 2445 WAT  11073 11075     3  2445  2142    
 2446 WAT  11076 11078     3  2446  2143    
 2447 WAT  11079 11081     3  2447  2144    
 2448 WAT  11082 11084     3  2448  2145    
 2449 WAT  11085 11087     3  2449  2146    
 2450 WAT  11088 11090     3  2450  2147    
 2451 WAT  11091 11093     3  2451  2148    
 2452 WAT  11094 11096     3  2452  2149    
 2453 WAT  11097 11099     3  2453  2150    
 2454 WAT  11100 11102     3  2454  2151    
 2455 WAT  11103 11105     3  2455  2152    
 2456 WAT  11106 11108     3  2456  2153    
 2457 WAT  11109 11111     3  2457  2154    
 2458 WAT  11112 11114     3  2458  2155    
 2459 WAT  11115 11117     3  2459  2156    
 2460 WAT  11118 11120     3  2460  2157    
 2461 WAT  11121 11123     3  2461  2158    
 2462 WAT  11124 11126     3  2462  2159    
 2463 WAT  11127 11129     3  2463  2160    
 2464 WAT  11130 11132     3  2464  2161    
 2465 WAT  11133 11135     3  2465  2162    
 2466 WAT  11136 11138     3  2466  2163    
 2467 WAT  11139 11141     3  2467  2164    
 2468 WAT  11142 11144     3  2468  2165    
 2469 WAT  11145 11147     3  2469  2166    
 2470 WAT  11148 11150     3  2470  2167    
 2471 WAT  11151 11153     3  2471  2168    
 2472 WAT  11154 11156     3  2472  2169    
 2473 WAT  11157 11159     3  2473  2170    
 2474 WAT  11160 11162     3  2474  2171    
 2475 WAT  11163 11165     3  2475  2172    
 2476 WAT  11166 11168     3  2476  2173    
 2477 WAT  11169 11171     3  2477  2174    
 2478 WAT  11172 11174     3  2478  2175    
 2479 WAT  11175 11177     3  2479  2176    
 2480 WAT  11178 11180     3  2480  2177    
 2481 WAT  11181 11183     3  2481  2178    
 2482 WAT  11184 11186     3  2482  2179    
 2483 WAT  11187 11189     3  2483  2180    
 2484 WAT  11190 11192     3  2484  2181    
 2485 WAT  11193 11195     3  2485  2182    
 2486 WAT  11196 11198     3  2486  2183    
 2487 WAT  11199 11201     3  2487  2184    
 2488 WAT  11202 11204     3  2488  2185    
 2489 WAT  11205 11207     3  2489  2186    
 2490 WAT  11208 11210     3  2490  2187    
 2491 WAT  11211 11213     3  2491  2188    
 2492 WAT  11214 11216     3  2492  2189    
 2493 WAT  11217 11219     3  2493  2190    
 2494 WAT  11220 11222     3  2494  2191    
 2495 WAT  11223 11225     3  2495  2192    
 2496 WAT  11226 11228     3  2496  2193    
 2497 WAT  11229 11231     3  2497  2194    
 2498 WAT  11232 11234     3  2498  2195    
 2499 WAT  11235 11237     3  2499  2196    
 2500 WAT  11238 11240     3  2500  2197    
 2501 WAT  11241 11243     3  2501  2198    
 2502 WAT  11244 11246     3  2502  2199    
 2503 WAT  11247 11249     3  2503  2200    
 2504 WAT  11250 11252     3  2504  2201    
 2505 WAT  11253 11255     3  2505  2202    
 2506 WAT  11256 11258     3  2506  2203    
 2507 WAT  11259 11261     3  2507  2204    
 2508 WAT  11262 11264     3  2508  2205    
 2509 WAT  11265 11267     3  2509  2206    
 2510 WAT  11268 11270     3  2510  2207    
 2511 WAT  11271 11273     3  2511  2208    
 2512 WAT  11274 11276     3  2512  2209    
 2513 WAT  11277 11279     3  2513  2210    
 2514 WAT  11280 11282     3  2514  2211    
 2515 WAT  11283 11285     3  2515  2212    
 2516 WAT  11286 11288     3  2516  2213    
 2517 WAT  11289 11291     3  2517  2214    
 2518 WAT  11292 11294     3  2518  2215    
 2519 WAT  11295 11297     3  2519  2216    
 2520 WAT  11298 11300     3  2520  2217    
 2521 WAT  11301 11303     3  2521  2218    
 2522 WAT  11304 11306     3  2522  2219    
 2523 WAT  11307 11309     3  2523  2220    
 2524 WAT  11310 11312     3  2524  2221    
 2525 WAT  11313 11315     3  2525  2222    
 2526 WAT  11316 11318     3  2526  2223    
 2527 WAT  11319 11321     3  2527  2224    
 2528 WAT  11322 11324     3  2528  2225    
 2529 WAT  11325 11327     3  2529  2226    
 2530 WAT  11328 11330     3  2530  2227    
 2531 WAT  11331 11333     3  2531  2228    
 2532 WAT  11334 11336     3  2532  2229    
 2533 WAT  11337 11339     3  2533  2230    
 2534 WAT  11340 11342     3  2534  2231    
 2535 WAT  11343 11345     3  2535  2232    
 2536 WAT  11346 11348     3  2536  2233    
 2537 WAT  11349 11351     3  2537  2234    
 2538 WAT  11352 11354     3  2538  2235    
 2539 WAT  11355 11357     3  2539  2236    
 2540 WAT  11358 11360     3  2540  2237    
 2541 WAT  11361 11363     3  2541  2238    
 2542 WAT  11364 11366     3  2542  2239    
 2543 WAT  11367 11369     3  2543  2240    
 2544 WAT  11370 11372     3  2544  2241    
 2545 WAT  11373 11375     3  2545  2242    
 2546 WAT  11376 11378     3  2546  2243    
 2547 WAT  11379 11381     3  2547  2244    
 2548 WAT  11382 11384     3  2548  2245    
 2549 WAT  11385 11387     3  2549  2246    
 2550 WAT  11388 11390     3  2550  2247    
 2551 WAT  11391 11393     3  2551  2248    
 2552 WAT  11394 11396     3  2552  2249    
 2553 WAT  11397 11399     3  2553  2250    
 2554 WAT  11400 11402     3  2554  2251    
 2555 WAT  11403 11405     3  2555  2252    
 2556 WAT  11406 11408     3  2556  2253    
 2557 WAT  11409 11411     3  2557  2254    
 2558 WAT  11412 11414     3  2558  2255    
 2559 WAT  11415 11417     3  2559  2256    
 2560 WAT  11418 11420     3  2560  2257    
 2561 WAT  11421 11423     3  2561  2258    
 2562 WAT  11424 11426     3  2562  2259    
 2563 WAT  11427 11429     3  2563  2260    
 2564 WAT  11430 11432     3  2564  2261    
 2565 WAT  11433 11435     3  2565  2262    
 2566 WAT  11436 11438     3  2566  2263    
 2567 WAT  11439 11441     3  2567  2264    
 2568 WAT  11442 11444     3  2568  2265    
 2569 WAT  11445 11447     3  2569  2266    
 2570 WAT  11448 11450     3  2570  2267    
 2571 WAT  11451 11453     3  2571  2268    
 2572 WAT  11454 11456     3  2572  2269    
 2573 WAT  11457 11459     3  2573  2270    
 2574 WAT  11460 11462     3  2574  2271    
 2575 WAT  11463 11465     3  2575  2272    
 2576 WAT  11466 11468     3  2576  2273    
 2577 WAT  11469 11471     3  2577  2274    
 2578 WAT  11472 11474     3  2578  2275    
 2579 WAT  11475 11477     3  2579  2276    
 2580 WAT  11478 11480     3  2580  2277    
 2581 WAT  11481 11483     3  2581  2278    
 2582 WAT  11484 11486     3  2582  2279    
 2583 WAT  11487 11489     3  2583  2280    
 2584 WAT  11490 11492     3  2584  2281    
 2585 WAT  11493 11495     3  2585  2282    
 2586 WAT  11496 11498     3  2586  2283    
 2587 WAT  11499 11501     3  2587  2284    
 2588 WAT  11502 11504     3  2588  2285    
 2589 WAT  11505 11507     3  2589  2286    
 2590 WAT  11508 11510     3  2590  2287    
 2591 WAT  11511 11513     3  2591  2288    
 2592 WAT  11514 11516     3  2592  2289    
 2593 WAT  11517 11519     3  2593  2290    
 2594 WAT  11520 11522     3  2594  2291    
 2595 WAT  11523 11525     3  2595  2292    
 2596 WAT  11526 11528     3  2596  2293    
 2597 WAT  11529 11531     3  2597  2294    
 2598 WAT  11532 11534     3  2598  2295    
 2599 WAT  11535 11537     3  2599  2296    
 2600 WAT  11538 11540     3  2600  2297    
 2601 WAT  11541 11543     3  2601  2298    
 2602 WAT  11544 11546     3  2602  2299    
 2603 WAT  11547 11549     3  2603  2300    
 2604 WAT  11550 11552     3  2604  2301    
 2605 WAT  11553 11555     3  2605  2302    
 2606 WAT  11556 11558     3  2606  2303    
 2607 WAT  11559 11561     3  2607  2304    
 2608 WAT  11562 11564     3  2608  2305    
 2609 WAT  11565 11567     3  2609  2306    
 2610 WAT  11568 11570     3  2610  2307    
 2611 WAT  11571 11573     3  2611  2308    
 2612 WAT  11574 11576     3  2612  2309    
 2613 WAT  11577 11579     3  2613  2310    
 2614 WAT  11580 11582     3  2614  2311    
 2615 WAT  11583 11585     3  2615  2312    
 2616 WAT  11586 11588     3  2616  2313    
 2617 WAT  11589 11591     3  2617  2314    
 2618 WAT  11592 11594     3  2618  2315    
 2619 WAT  11595 11597     3  2619  2316    
 2620 WAT  11598 11600     3  2620  2317    
 2621 WAT  11601 11603     3  2621  2318    
 2622 WAT  11604 11606     3  2622  2319    
 2623 WAT  11607 11609     3  2623  2320    
 2624 WAT  11610 11612     3  2624  2321    
 2625 WAT  11613 11615     3  2625  2322    
 2626 WAT  11616 11618     3  2626  2323    
 2627 WAT  11619 11621     3  2627  2324    
 2628 WAT  11622 11624     3  2628  2325    
 2629 WAT  11625 11627     3  2629  2326    
 2630 WAT  11628 11630     3  2630  2327    
 2631 WAT  11631 11633     3  2631  2328    
 2632 WAT  11634 11636     3  2632  2329    
 2633 WAT  11637 11639     3  2633  2330    
 2634 WAT  11640 11642     3  2634  2331    
 2635 WAT  11643 11645     3  2635  2332    
 2636 WAT  11646 11648     3  2636  2333    
 2637 WAT  11649 11651     3  2637  2334    
 2638 WAT  11652 11654     3  2638  2335    
 2639 WAT  11655 11657     3  2639  2336    
 2640 WAT  11658 11660     3  2640  2337    
 2641 WAT  11661 11663     3  2641  2338    
 2642 WAT  11664 11666     3  2642  2339    
 2643 WAT  11667 11669     3  2643  2340    
 2644 WAT  11670 11672     3  2644  2341    
 2645 WAT  11673 11675     3  2645  2342    
 2646 WAT  11676 11678     3  2646  2343    
 2647 WAT  11679 11681     3  2647  2344    
 2648 WAT  11682 11684     3  2648  2345    
 2649 WAT  11685 11687     3  2649  2346    
 2650 WAT  11688 11690     3  2650  2347    
 2651 WAT  11691 11693     3  2651  2348    
 2652 WAT  11694 11696     3  2652  2349    
 2653 WAT  11697 11699     3  2653  2350    
 2654 WAT  11700 11702     3  2654  2351    
 2655 WAT  11703 11705     3  2655  2352    
 2656 WAT  11706 11708     3  2656  2353    
 2657 WAT  11709 11711     3  2657  2354    
 2658 WAT  11712 11714     3  2658  2355    
 2659 WAT  11715 11717     3  2659  2356    
 2660 WAT  11718 11720     3  2660  2357    
 2661 WAT  11721 11723     3  2661  2358    
 2662 WAT  11724 11726     3  2662  2359    
 2663 WAT  11727 11729     3  2663  2360    
 2664 WAT  11730 11732     3  2664  2361    
 2665 WAT  11733 11735     3  2665  2362    
 2666 WAT  11736 11738     3  2666  2363    
 2667 WAT  11739 11741     3  2667  2364    
 2668 WAT  11742 11744     3  2668  2365    
 2669 WAT  11745 11747     3  2669  2366    
 2670 WAT  11748 11750     3  2670  2367    
 2671 WAT  11751 11753     3  2671  2368    
 2672 WAT  11754 11756     3  2672  2369    
 2673 WAT  11757 11759     3  2673  2370    
 2674 WAT  11760 11762     3  2674  2371    
 2675 WAT  11763 11765     3  2675  2372    
 2676 WAT  11766 11768     3  2676  2373    
 2677 WAT  11769 11771     3  2677  2374    
 2678 WAT  11772 11774     3  2678  2375    
 2679 WAT  11775 11777     3  2679  2376    
 2680 WAT  11778 11780     3  2680  2377    
 2681 WAT  11781 11783     3  2681  2378    
 2682 WAT  11784 11786     3  2682  2379    
 2683 WAT  11787 11789     3  2683  2380    
 2684 WAT  11790 11792     3  2684  2381    
 2685 WAT  11793 11795     3  2685  2382    
 2686 WAT  11796 11798     3  2686  2383    
 2687 WAT  11799 11801     3  2687  2384    
 2688 WAT  11802 11804     3  2688  2385    
 2689 WAT  11805 11807     3  2689  2386    
 2690 WAT  11808 11810     3  2690  2387    
 2691 WAT  11811 11813     3  2691  2388    
 2692 WAT  11814 11816     3  2692  2389    
 2693 WAT  11817 11819     3  2693  2390    
 2694 WAT  11820 11822     3  2694  2391    
 2695 WAT  11823 11825     3  2695  2392    
 2696 WAT  11826 11828     3  2696  2393    
 2697 WAT  11829 11831     3  2697  2394    
 2698 WAT  11832 11834     3  2698  2395    
 2699 WAT  11835 11837     3  2699  2396    
 2700 WAT  11838 11840     3  2700  2397    
 2701 WAT  11841 11843     3  2701  2398    
 2702 WAT  11844 11846     3  2702  2399    
 2703 WAT  11847 11849     3  2703  2400    
 2704 WAT  11850 11852     3  2704  2401    
 2705 WAT  11853 11855     3  2705  2402    
 2706 WAT  11856 11858     3  2706  2403    
 2707 WAT  11859 11861     3  2707  2404    
 2708 WAT  11862 11864     3  2708  2405    
 2709 WAT  11865 11867     3  2709  2406    
 2710 WAT  11868 11870     3  2710  2407    
 2711 WAT  11871 11873     3  2711  2408    
 2712 WAT  11874 11876     3  2712  2409    
 2713 WAT  11877 11879     3  2713  2410    
 2714 WAT  11880 11882     3  2714  2411    
 2715 WAT  11883 11885     3  2715  2412    
 2716 WAT  11886 11888     3  2716  2413    
 2717 WAT  11889 11891     3  2717  2414    
 2718 WAT  11892 11894     3  2718  2415    
 2719 WAT  11895 11897     3  2719  2416    
 2720 WAT  11898 11900     3  2720  2417    
 2721 WAT  11901 11903     3  2721  2418    
 2722 WAT  11904 11906     3  2722  2419    
 2723 WAT  11907 11909     3  2723  2420    
 2724 WAT  11910 11912     3  2724  2421    
 2725 WAT  11913 11915     3  2725  2422    
 2726 WAT  11916 11918     3  2726  2423    
 2727 WAT  11919 11921     3  2727  2424    
 2728 WAT  11922 11924     3  2728  2425    
 2729 WAT  11925 11927     3  2729  2426    
 2730 WAT  11928 11930     3  2730  2427    
 2731 WAT  11931 11933     3  2731  2428    
 2732 WAT  11934 11936     3  2732  2429    
 2733 WAT  11937 11939     3  2733  2430    
 2734 WAT  11940 11942     3  2734  2431    
 2735 WAT  11943 11945     3  2735  2432    
 2736 WAT  11946 11948     3  2736  2433    
 2737 WAT  11949 11951     3  2737  2434    
 2738 WAT  11952 11954     3  2738  2435    
 2739 WAT  11955 11957     3  2739  2436    
 2740 WAT  11958 11960     3  2740  2437    
 2741 WAT  11961 11963     3  2741  2438    
 2742 WAT  11964 11966     3  2742  2439    
 2743 WAT  11967 11969     3  2743  2440    
 2744 WAT  11970 11972     3  2744  2441    
 2745 WAT  11973 11975     3  2745  2442    
 2746 WAT  11976 11978     3  2746  2443    
 2747 WAT  11979 11981     3  2747  2444    
 2748 WAT  11982 11984     3  2748  2445    
 2749 WAT  11985 11987     3  2749  2446    
 2750 WAT  11988 11990     3  2750  2447    
 2751 WAT  11991 11993     3  2751  2448    
 2752 WAT  11994 11996     3  2752  2449    
 2753 WAT  11997 11999     3  2753  2450    
 2754 WAT  12000 12002     3  2754  2451    
 2755 WAT  12003 12005     3  2755  2452    
 2756 WAT  12006 12008     3  2756  2453    
 2757 WAT  12009 12011     3  2757  2454    
 2758 WAT  12012 12014     3  2758  2455    
 2759 WAT  12015 12017     3  2759  2456    
 2760 WAT  12018 12020     3  2760  2457    
 2761 WAT  12021 12023     3  2761  2458    
 2762 WAT  12024 12026     3  2762  2459    
 2763 WAT  12027 12029     3  2763  2460    
 2764 WAT  12030 12032     3  2764  2461    
 2765 WAT  12033 12035     3  2765  2462    
 2766 WAT  12036 12038     3  2766  2463    
 2767 WAT  12039 12041     3  2767  2464    
 2768 WAT  12042 12044     3  2768  2465    
 2769 WAT  12045 12047     3  2769  2466    
 2770 WAT  12048 12050     3  2770  2467    
 2771 WAT  12051 12053     3  2771  2468    
 2772 WAT  12054 12056     3  2772  2469    
 2773 WAT  12057 12059     3  2773  2470    
 2774 WAT  12060 12062     3  2774  2471    
 2775 WAT  12063 12065     3  2775  2472    
 2776 WAT  12066 12068     3  2776  2473    
 2777 WAT  12069 12071     3  2777  2474    
 2778 WAT  12072 12074     3  2778  2475    
 2779 WAT  12075 12077     3  2779  2476    
 2780 WAT  12078 12080     3  2780  2477    
 2781 WAT  12081 12083     3  2781  2478    
 2782 WAT  12084 12086     3  2782  2479    
 2783 WAT  12087 12089     3  2783  2480    
 2784 WAT  12090 12092     3  2784  2481    
 2785 WAT  12093 12095     3  2785  2482    
 2786 WAT  12096 12098     3  2786  2483    
 2787 WAT  12099 12101     3  2787  2484    
 2788 WAT  12102 12104     3  2788  2485    
 2789 WAT  12105 12107     3  2789  2486    
 2790 WAT  12108 12110     3  2790  2487    
 2791 WAT  12111 12113     3  2791  2488    
 2792 WAT  12114 12116     3  2792  2489    
 2793 WAT  12117 12119     3  2793  2490    
 2794 WAT  12120 12122     3  2794  2491    
 2795 WAT  12123 12125     3  2795  2492    
 2796 WAT  12126 12128     3  2796  2493    
 2797 WAT  12129 12131     3  2797  2494    
 2798 WAT  12132 12134     3  2798  2495    
 2799 WAT  12135 12137     3  2799  2496    
 2800 WAT  12138 12140     3  2800  2497    
 2801 WAT  12141 12143     3  2801  2498    
 2802 WAT  12144 12146     3  2802  2499    
 2803 WAT  12147 12149     3  2803  2500    
 2804 WAT  12150 12152     3  2804  2501    
 2805 WAT  12153 12155     3  2805  2502    
 2806 WAT  12156 12158     3  2806  2503    
 2807 WAT  12159 12161     3  2807  2504    
 2808 WAT  12162 12164     3  2808  2505    
 2809 WAT  12165 12167     3  2809  2506    
 2810 WAT  12168 12170     3  2810  2507    
 2811 WAT  12171 12173     3  2811  2508    
 2812 WAT  12174 12176     3  2812  2509    
 2813 WAT  12177 12179     3  2813  2510    
 2814 WAT  12180 12182     3  2814  2511    
 2815 WAT  12183 12185     3  2815  2512    
 2816 WAT  12186 12188     3  2816  2513    
 2817 WAT  12189 12191     3  2817  2514    
 2818 WAT  12192 12194     3  2818  2515    
 2819 WAT  12195 12197     3  2819  2516    
 2820 WAT  12198 12200     3  2820  2517    
 2821 WAT  12201 12203     3  2821  2518    
 2822 WAT  12204 12206     3  2822  2519    
 2823 WAT  12207 12209     3  2823  2520    
 2824 WAT  12210 12212     3  2824  2521    
 2825 WAT  12213 12215     3  2825  2522    
 2826 WAT  12216 12218     3  2826  2523    
 2827 WAT  12219 12221     3  2827  2524    
 2828 WAT  12222 12224     3  2828  2525    
 2829 WAT  12225 12227     3  2829  2526    
 2830 WAT  12228 12230     3  2830  2527    
 2831 WAT  12231 12233     3  2831  2528    
 2832 WAT  12234 12236     3  2832  2529    
 2833 WAT  12237 12239     3  2833  2530    
 2834 WAT  12240 12242     3  2834  2531    
 2835 WAT  12243 12245     3  2835  2532    
 2836 WAT  12246 12248     3  2836  2533    
 2837 WAT  12249 12251     3  2837  2534    
 2838 WAT  12252 12254     3  2838  2535    
 2839 WAT  12255 12257     3  2839  2536    
 2840 WAT  12258 12260     3  2840  2537    
 2841 WAT  12261 12263     3  2841  2538    
 2842 WAT  12264 12266     3  2842  2539    
 2843 WAT  12267 12269     3  2843  2540    
 2844 WAT  12270 12272     3  2844  2541    
 2845 WAT  12273 12275     3  2845  2542    
 2846 WAT  12276 12278     3  2846  2543    
 2847 WAT  12279 12281     3  2847  2544    
 2848 WAT  12282 12284     3  2848  2545    
 2849 WAT  12285 12287     3  2849  2546    
 2850 WAT  12288 12290     3  2850  2547    
 2851 WAT  12291 12293     3  2851  2548    
 2852 WAT  12294 12296     3  2852  2549    
 2853 WAT  12297 12299     3  2853  2550    
 2854 WAT  12300 12302     3  2854  2551    
 2855 WAT  12303 12305     3  2855  2552    
 2856 WAT  12306 12308     3  2856  2553    
 2857 WAT  12309 12311     3  2857  2554    
 2858 WAT  12312 12314     3  2858  2555    
 2859 WAT  12315 12317     3  2859  2556    
 2860 WAT  12318 12320     3  2860  2557    
 2861 WAT  12321 12323     3  2861  2558    
 2862 WAT  12324 12326     3  2862  2559    
 2863 WAT  12327 12329     3  2863  2560    
 2864 WAT  12330 12332     3  2864  2561    
 2865 WAT  12333 12335     3  2865  2562    
 2866 WAT  12336 12338     3  2866  2563    
 2867 WAT  12339 12341     3  2867  2564    
 2868 WAT  12342 12344     3  2868  2565    
 2869 WAT  12345 12347     3  2869  2566    
 2870 WAT  12348 12350     3  2870  2567    
 2871 WAT  12351 12353     3  2871  2568    
 2872 WAT  12354 12356     3  2872  2569    
 2873 WAT  12357 12359     3  2873  2570    
 2874 WAT  12360 12362     3  2874  2571    
 2875 WAT  12363 12365     3  2875  2572    
 2876 WAT  12366 12368     3  2876  2573    
 2877 WAT  12369 12371     3  2877  2574    
 2878 WAT  12372 12374     3  2878  2575    
 2879 WAT  12375 12377     3  2879  2576    
 2880 WAT  12378 12380     3  2880  2577    
 2881 WAT  12381 12383     3  2881  2578    
 2882 WAT  12384 12386     3  2882  2579    
 2883 WAT  12387 12389     3  2883  2580    
 2884 WAT  12390 12392     3  2884  2581    
 2885 WAT  12393 12395     3  2885  2582    
 2886 WAT  12396 12398     3  2886  2583    
 2887 WAT  12399 12401     3  2887  2584    
 2888 WAT  12402 12404     3  2888  2585    
 2889 WAT  12405 12407     3  2889  2586    
 2890 WAT  12408 12410     3  2890  2587    
 2891 WAT  12411 12413     3  2891  2588    
 2892 WAT  12414 12416     3  2892  2589    
 2893 WAT  12417 12419     3  2893  2590    
 2894 WAT  12420 12422     3  2894  2591    
 2895 WAT  12423 12425     3  2895  2592    
 2896 WAT  12426 12428     3  2896  2593    
 2897 WAT  12429 12431     3  2897  2594    
 2898 WAT  12432 12434     3  2898  2595    
 2899 WAT  12435 12437     3  2899  2596    
 2900 WAT  12438 12440     3  2900  2597    
 2901 WAT  12441 12443     3  2901  2598    
 2902 WAT  12444 12446     3  2902  2599    
 2903 WAT  12447 12449     3  2903  2600    
 2904 WAT  12450 12452     3  2904  2601    
 2905 WAT  12453 12455     3  2905  2602    
 2906 WAT  12456 12458     3  2906  2603    
 2907 WAT  12459 12461     3  2907  2604    
 2908 WAT  12462 12464     3  2908  2605    
 2909 WAT  12465 12467     3  2909  2606    
 2910 WAT  12468 12470     3  2910  2607    
 2911 WAT  12471 12473     3  2911  2608    
 2912 WAT  12474 12476     3  2912  2609    
 2913 WAT  12477 12479     3  2913  2610    
 2914 WAT  12480 12482     3  2914  2611    
 2915 WAT  12483 12485     3  2915  2612    
 2916 WAT  12486 12488     3  2916  2613    
 2917 WAT  12489 12491     3  2917  2614    
 2918 WAT  12492 12494     3  2918  2615    
 2919 WAT  12495 12497     3  2919  2616    
 2920 WAT  12498 12500     3  2920  2617    
 2921 WAT  12501 12503     3  2921  2618    
 2922 WAT  12504 12506     3  2922  2619    
 2923 WAT  12507 12509     3  2923  2620    
 2924 WAT  12510 12512     3  2924  2621    
 2925 WAT  12513 12515     3  2925  2622    
 2926 WAT  12516 12518     3  2926  2623    
 2927 WAT  12519 12521     3  2927  2624    
 2928 WAT  12522 12524     3  2928  2625    
 2929 WAT  12525 12527     3  2929  2626    
 2930 WAT  12528 12530     3  2930  2627    
 2931 WAT  12531 12533     3  2931  2628    
 2932 WAT  12534 12536     3  2932  2629    
 2933 WAT  12537 12539     3  2933  2630    
 2934 WAT  12540 12542     3  2934  2631    
 2935 WAT  12543 12545     3  2935  2632    
 2936 WAT  12546 12548     3  2936  2633    
 2937 WAT  12549 12551     3  2937  2634    
 2938 WAT  12552 12554     3  2938  2635    
 2939 WAT  12555 12557     3  2939  2636    
 2940 WAT  12558 12560     3  2940  2637    
 2941 WAT  12561 12563     3  2941  2638    
 2942 WAT  12564 12566     3  2942  2639    
 2943 WAT  12567 12569     3  2943  2640    
 2944 WAT  12570 12572     3  2944  2641    
 2945 WAT  12573 12575     3  2945  2642    
 2946 WAT  12576 12578     3  2946  2643    
 2947 WAT  12579 12581     3  2947  2644    
 2948 WAT  12582 12584     3  2948  2645    
 2949 WAT  12585 12587     3  2949  2646    
 2950 WAT  12588 12590     3  2950  2647    
 2951 WAT  12591 12593     3  2951  2648    
 2952 WAT  12594 12596     3  2952  2649    
 2953 WAT  12597 12599     3  2953  2650    
 2954 WAT  12600 12602     3  2954  2651    
 2955 WAT  12603 12605     3  2955  2652    
 2956 WAT  12606 12608     3  2956  2653    
 2957 WAT  12609 12611     3  2957  2654    
 2958 WAT  12612 12614     3  2958  2655    
 2959 WAT  12615 12617     3  2959  2656    
 2960 WAT  12618 12620     3  2960  2657    
 2961 WAT  12621 12623     3  2961  2658    
 2962 WAT  12624 12626     3  2962  2659    
 2963 WAT  12627 12629     3  2963  2660    
 2964 WAT  12630 12632     3  2964  2661    
 2965 WAT  12633 12635     3  2965  2662    
 2966 WAT  12636 12638     3  2966  2663    
 2967 WAT  12639 12641     3  2967  2664    
 2968 WAT  12642 12644     3  2968  2665    
 2969 WAT  12645 12647     3  2969  2666    
 2970 WAT  12648 12650     3  2970  2667    
 2971 WAT  12651 12653     3  2971  2668    
 2972 WAT  12654 12656     3  2972  2669    
 2973 WAT  12657 12659     3  2973  2670    
 2974 WAT  12660 12662     3  2974  2671    
 2975 WAT  12663 12665     3  2975  2672    
 2976 WAT  12666 12668     3  2976  2673    
 2977 WAT  12669 12671     3  2977  2674    
 2978 WAT  12672 12674     3  2978  2675    
 2979 WAT  12675 12677     3  2979  2676    
 2980 WAT  12678 12680     3  2980  2677    
 2981 WAT  12681 12683     3  2981  2678    
 2982 WAT  12684 12686     3  2982  2679    
 2983 WAT  12687 12689     3  2983  2680    
 2984 WAT  12690 12692     3  2984  2681    
 2985 WAT  12693 12695     3  2985  2682    
 2986 WAT  12696 12698     3  2986  2683    
 2987 WAT  12699 12701     3  2987  2684    
 2988 WAT  12702 12704     3  2988  2685    
 2989 WAT  12705 12707     3  2989  2686    
 2990 WAT  12708 12710     3  2990  2687    
 2991 WAT  12711 12713     3  2991  2688    
 2992 WAT  12714 12716     3  2992  2689    
 2993 WAT  12717 12719     3  2993  2690    
 2994 WAT  12720 12722     3  2994  2691    
 2995 WAT  12723 12725     3  2995  2692    
 2996 WAT  12726 12728     3  2996  2693    
 2997 WAT  12729 12731     3  2997  2694    
 2998 WAT  12732 12734     3  2998  2695    
 2999 WAT  12735 12737     3  2999  2696    
 3000 WAT  12738 12740     3  3000  2697    
 3001 WAT  12741 12743     3  3001  2698    
 3002 WAT  12744 12746     3  3002  2699    
 3003 WAT  12747 12749     3  3003  2700    
 3004 WAT  12750 12752     3  3004  2701    
 3005 WAT  12753 12755     3  3005  2702    
 3006 WAT  12756 12758     3  3006  2703    
 3007 WAT  12759 12761     3  3007  2704    
 3008 WAT  12762 12764     3  3008  2705    
 3009 WAT  12765 12767     3  3009  2706    
 3010 WAT  12768 12770     3  3010  2707    
 3011 WAT  12771 12773     3  3011  2708    
 3012 WAT  12774 12776     3  3012  2709    
 3013 WAT  12777 12779     3  3013  2710    
 3014 WAT  12780 12782     3  3014  2711    
 3015 WAT  12783 12785     3  3015  2712    
 3016 WAT  12786 12788     3  3016  2713    
 3017 WAT  12789 12791     3  3017  2714    
 3018 WAT  12792 12794     3  3018  2715    
 3019 WAT  12795 12797     3  3019  2716    
 3020 WAT  12798 12800     3  3020  2717    
 3021 WAT  12801 12803     3  3021  2718    
 3022 WAT  12804 12806     3  3022  2719    
 3023 WAT  12807 12809     3  3023  2720    
 3024 WAT  12810 12812     3  3024  2721    
 3025 WAT  12813 12815     3  3025  2722    
 3026 WAT  12816 12818     3  3026  2723    
 3027 WAT  12819 12821     3  3027  2724    
 3028 WAT  12822 12824     3  3028  2725    
 3029 WAT  12825 12827     3  3029  2726    
 3030 WAT  12828 12830     3  3030  2727    
 3031 WAT  12831 12833     3  3031  2728    
 3032 WAT  12834 12836     3  3032  2729    
 3033 WAT  12837 12839     3  3033  2730    
 3034 WAT  12840 12842     3  3034  2731    
 3035 WAT  12843 12845     3  3035  2732    
 3036 WAT  12846 12848     3  3036  2733    
 3037 WAT  12849 12851     3  3037  2734    
 3038 WAT  12852 12854     3  3038  2735    
 3039 WAT  12855 12857     3  3039  2736    
 3040 WAT  12858 12860     3  3040  2737    
 3041 WAT  12861 12863     3  3041  2738    
 3042 WAT  12864 12866     3  3042  2739    
 3043 WAT  12867 12869     3  3043  2740    
 3044 WAT  12870 12872     3  3044  2741    
 3045 WAT  12873 12875     3  3045  2742    
 3046 WAT  12876 12878     3  3046  2743    
 3047 WAT  12879 12881     3  3047  2744    
 3048 WAT  12882 12884     3  3048  2745    
 3049 WAT  12885 12887     3  3049  2746    
 3050 WAT  12888 12890     3  3050  2747    
 3051 WAT  12891 12893     3  3051  2748    
 3052 WAT  12894 12896     3  3052  2749    
 3053 WAT  12897 12899     3  3053  2750    
 3054 WAT  12900 12902     3  3054  2751    
 3055 WAT  12903 12905     3  3055  2752    
 3056 WAT  12906 12908     3  3056  2753    
 3057 WAT  12909 12911     3  3057  2754    
 3058 WAT  12912 12914     3  3058  2755    
 3059 WAT  12915 12917     3  3059  2756    
 3060 WAT  12918 12920     3  3060  2757    
 3061 WAT  12921 12923     3  3061  2758    
 3062 WAT  12924 12926     3  3062  2759    
 3063 WAT  12927 12929     3  3063  2760    
 3064 WAT  12930 12932     3  3064  2761    
 3065 WAT  12933 12935     3  3065  2762    
 3066 WAT  12936 12938     3  3066  2763    
 3067 WAT  12939 12941     3  3067  2764    
 3068 WAT  12942 12944     3  3068  2765    
 3069 WAT  12945 12947     3  3069  2766    
 3070 WAT  12948 12950     3  3070  2767    
 3071 WAT  12951 12953     3  3071  2768    
 3072 WAT  12954 12956     3  3072  2769    
 3073 WAT  12957 12959     3  3073  2770    
 3074 WAT  12960 12962     3  3074  2771    
 3075 WAT  12963 12965     3  3075  2772    
 3076 WAT  12966 12968     3  3076  2773    
 3077 WAT  12969 12971     3  3077  2774    
 3078 WAT  12972 12974     3  3078  2775    
 3079 WAT  12975 12977     3  3079  2776    
 3080 WAT  12978 12980     3  3080  2777    
 3081 WAT  12981 12983     3  3081  2778    
 3082 WAT  12984 12986     3  3082  2779    
 3083 WAT  12987 12989     3  3083  2780    
 3084 WAT  12990 12992     3  3084  2781    
 3085 WAT  12993 12995     3  3085  2782    
 3086 WAT  12996 12998     3  3086  2783    
 3087 WAT  12999 13001     3  3087  2784    
 3088 WAT  13002 13004     3  3088  2785    
 3089 WAT  13005 13007     3  3089  2786    
 3090 WAT  13008 13010     3  3090  2787    
 3091 WAT  13011 13013     3  3091  2788    
 3092 WAT  13014 13016     3  3092  2789    
 3093 WAT  13017 13019     3  3093  2790    
 3094 WAT  13020 13022     3  3094  2791    
 3095 WAT  13023 13025     3  3095  2792    
 3096 WAT  13026 13028     3  3096  2793    
 3097 WAT  13029 13031     3  3097  2794    
 3098 WAT  13032 13034     3  3098  2795    
 3099 WAT  13035 13037     3  3099  2796    
 3100 WAT  13038 13040     3  3100  2797    
 3101 WAT  13041 13043     3  3101  2798    
 3102 WAT  13044 13046     3  3102  2799    
 3103 WAT  13047 13049     3  3103  2800    
 3104 WAT  13050 13052     3  3104  2801    
 3105 WAT  13053 13055     3  3105  2802    
 3106 WAT  13056 13058     3  3106  2803    
 3107 WAT  13059 13061     3  3107  2804    
 3108 WAT  13062 13064     3  3108  2805    
 3109 WAT  13065 13067     3  3109  2806    
 3110 WAT  13068 13070     3  3110  2807    
 3111 WAT  13071 13073     3  3111  2808    
 3112 WAT  13074 13076     3  3112  2809    
 3113 WAT  13077 13079     3  3113  2810    
 3114 WAT  13080 13082     3  3114  2811    
 3115 WAT  13083 13085     3  3115  2812    
 3116 WAT  13086 13088     3  3116  2813    
 3117 WAT  13089 13091     3  3117  2814    
 3118 WAT  13092 13094     3  3118  2815    
 3119 WAT  13095 13097     3  3119  2816    
 3120 WAT  13098 13100     3  3120  2817    
 3121 WAT  13101 13103     3  3121  2818    
 3122 WAT  13104 13106     3  3122  2819    
 3123 WAT  13107 13109     3  3123  2820    
 3124 WAT  13110 13112     3  3124  2821    
 3125 WAT  13113 13115     3  3125  2822    
 3126 WAT  13116 13118     3  3126  2823    
 3127 WAT  13119 13121     3  3127  2824    
 3128 WAT  13122 13124     3  3128  2825    
 3129 WAT  13125 13127     3  3129  2826    
 3130 WAT  13128 13130     3  3130  2827    
 3131 WAT  13131 13133     3  3131  2828    
 3132 WAT  13134 13136     3  3132  2829    
 3133 WAT  13137 13139     3  3133  2830    
 3134 WAT  13140 13142     3  3134  2831    
 3135 WAT  13143 13145     3  3135  2832    
 3136 WAT  13146 13148     3  3136  2833    
 3137 WAT  13149 13151     3  3137  2834    
 3138 WAT  13152 13154     3  3138  2835    
 3139 WAT  13155 13157     3  3139  2836    
 3140 WAT  13158 13160     3  3140  2837    
 3141 WAT  13161 13163     3  3141  2838    
 3142 WAT  13164 13166     3  3142  2839    
 3143 WAT  13167 13169     3  3143  2840    
 3144 WAT  13170 13172     3  3144  2841    
 3145 WAT  13173 13175     3  3145  2842    
 3146 WAT  13176 13178     3  3146  2843    
 3147 WAT  13179 13181     3  3147  2844    
 3148 WAT  13182 13184     3  3148  2845    
 3149 WAT  13185 13187     3  3149  2846    
 3150 WAT  13188 13190     3  3150  2847    
 3151 WAT  13191 13193     3  3151  2848    
 3152 WAT  13194 13196     3  3152  2849    
 3153 WAT  13197 13199     3  3153  2850    
 3154 WAT  13200 13202     3  3154  2851    
 3155 WAT  13203 13205     3  3155  2852    
 3156 WAT  13206 13208     3  3156  2853    
 3157 WAT  13209 13211     3  3157  2854    
 3158 WAT  13212 13214     3  3158  2855    
 3159 WAT  13215 13217     3  3159  2856    
 3160 WAT  13218 13220     3  3160  2857    
 3161 WAT  13221 13223     3  3161  2858    
 3162 WAT  13224 13226     3  3162  2859    
 3163 WAT  13227 13229     3  3163  2860    
 3164 WAT  13230 13232     3  3164  2861    
 3165 WAT  13233 13235     3  3165  2862    
 3166 WAT  13236 13238     3  3166  2863    
 3167 WAT  13239 13241     3  3167  2864    
 3168 WAT  13242 13244     3  3168  2865    
 3169 WAT  13245 13247     3  3169  2866    
 3170 WAT  13248 13250     3  3170  2867    
 3171 WAT  13251 13253     3  3171  2868    
 3172 WAT  13254 13256     3  3172  2869    
 3173 WAT  13257 13259     3  3173  2870    
 3174 WAT  13260 13262     3  3174  2871    
 3175 WAT  13263 13265     3  3175  2872    
 3176 WAT  13266 13268     3  3176  2873    
 3177 WAT  13269 13271     3  3177  2874    
 3178 WAT  13272 13274     3  3178  2875    
 3179 WAT  13275 13277     3  3179  2876    
 3180 WAT  13278 13280     3  3180  2877    
 3181 WAT  13281 13283     3  3181  2878    
 3182 WAT  13284 13286     3  3182  2879    
 3183 WAT  13287 13289     3  3183  2880    
 3184 WAT  13290 13292     3  3184  2881    
 3185 WAT  13293 13295     3  3185  2882    
 3186 WAT  13296 13298     3  3186  2883    
 3187 WAT  13299 13301     3  3187  2884    
 3188 WAT  13302 13304     3  3188  2885    
 3189 WAT  13305 13307     3  3189  2886    
 3190 WAT  13308 13310     3  3190  2887    
 3191 WAT  13311 13313     3  3191  2888    
 3192 WAT  13314 13316     3  3192  2889    
 3193 WAT  13317 13319     3  3193  2890    
 3194 WAT  13320 13322     3  3194  2891    
 3195 WAT  13323 13325     3  3195  2892    
 3196 WAT  13326 13328     3  3196  2893    
 3197 WAT  13329 13331     3  3197  2894    
 3198 WAT  13332 13334     3  3198  2895    
 3199 WAT  13335 13337     3  3199  2896    
 3200 WAT  13338 13340     3  3200  2897    
 3201 WAT  13341 13343     3  3201  2898    
 3202 WAT  13344 13346     3  3202  2899    
 3203 WAT  13347 13349     3  3203  2900    
 3204 WAT  13350 13352     3  3204  2901    
 3205 WAT  13353 13355     3  3205  2902    
 3206 WAT  13356 13358     3  3206  2903    
 3207 WAT  13359 13361     3  3207  2904    
 3208 WAT  13362 13364     3  3208  2905    
 3209 WAT  13365 13367     3  3209  2906    
 3210 WAT  13368 13370     3  3210  2907    
 3211 WAT  13371 13373     3  3211  2908    
 3212 WAT  13374 13376     3  3212  2909    
 3213 WAT  13377 13379     3  3213  2910    
 3214 WAT  13380 13382     3  3214  2911    
 3215 WAT  13383 13385     3  3215  2912    
 3216 WAT  13386 13388     3  3216  2913    
 3217 WAT  13389 13391     3  3217  2914    
 3218 WAT  13392 13394     3  3218  2915    
 3219 WAT  13395 13397     3  3219  2916    
 3220 WAT  13398 13400     3  3220  2917    
 3221 WAT  13401 13403     3  3221  2918    
 3222 WAT  13404 13406     3  3222  2919    
 3223 WAT  13407 13409     3  3223  2920    
 3224 WAT  13410 13412     3  3224  2921    
 3225 WAT  13413 13415     3  3225  2922    
 3226 WAT  13416 13418     3  3226  2923    
 3227 WAT  13419 13421     3  3227  2924    
 3228 WAT  13422 13424     3  3228  2925    
 3229 WAT  13425 13427     3  3229  2926    
 3230 WAT  13428 13430     3  3230  2927    
 3231 WAT  13431 13433     3  3231  2928    
 3232 WAT  13434 13436     3  3232  2929    
 3233 WAT  13437 13439     3  3233  2930    
 3234 WAT  13440 13442     3  3234  2931    
 3235 WAT  13443 13445     3  3235  2932    
 3236 WAT  13446 13448     3  3236  2933    
 3237 WAT  13449 13451     3  3237  2934    
 3238 WAT  13452 13454     3  3238  2935    
 3239 WAT  13455 13457     3  3239  2936    
 3240 WAT  13458 13460     3  3240  2937    
 3241 WAT  13461 13463     3  3241  2938    
 3242 WAT  13464 13466     3  3242  2939    
 3243 WAT  13467 13469     3  3243  2940    
 3244 WAT  13470 13472     3  3244  2941    
 3245 WAT  13473 13475     3  3245  2942    
 3246 WAT  13476 13478     3  3246  2943    
 3247 WAT  13479 13481     3  3247  2944    
 3248 WAT  13482 13484     3  3248  2945    
 3249 WAT  13485 13487     3  3249  2946    
 3250 WAT  13488 13490     3  3250  2947    
 3251 WAT  13491 13493     3  3251  2948    
 3252 WAT  13494 13496     3  3252  2949    
 3253 WAT  13497 13499     3  3253  2950    
 3254 WAT  13500 13502     3  3254  2951    
 3255 WAT  13503 13505     3  3255  2952    
 3256 WAT  13506 13508     3  3256  2953    
 3257 WAT  13509 13511     3  3257  2954    
 3258 WAT  13512 13514     3  3258  2955    
 3259 WAT  13515 13517     3  3259  2956    
 3260 WAT  13518 13520     3  3260  2957    
 3261 WAT  13521 13523     3  3261  2958    
 3262 WAT  13524 13526     3  3262  2959    
 3263 WAT  13527 13529     3  3263  2960    
 3264 WAT  13530 13532     3  3264  2961    
 3265 WAT  13533 13535     3  3265  2962    
 3266 WAT  13536 13538     3  3266  2963    
 3267 WAT  13539 13541     3  3267  2964    
 3268 WAT  13542 13544     3  3268  2965    
 3269 WAT  13545 13547     3  3269  2966    
 3270 WAT  13548 13550     3  3270  2967    
 3271 WAT  13551 13553     3  3271  2968    
 3272 WAT  13554 13556     3  3272  2969    
 3273 WAT  13557 13559     3  3273  2970    
 3274 WAT  13560 13562     3  3274  2971    
 3275 WAT  13563 13565     3  3275  2972    
 3276 WAT  13566 13568     3  3276  2973    
 3277 WAT  13569 13571     3  3277  2974    
 3278 WAT  13572 13574     3  3278  2975    
 3279 WAT  13575 13577     3  3279  2976    
 3280 WAT  13578 13580     3  3280  2977    
 3281 WAT  13581 13583     3  3281  2978    
 3282 WAT  13584 13586     3  3282  2979    
 3283 WAT  13587 13589     3  3283  2980    
 3284 WAT  13590 13592     3  3284  2981    
 3285 WAT  13593 13595     3  3285  2982    
 3286 WAT  13596 13598     3  3286  2983    
 3287 WAT  13599 13601     3  3287  2984    
 3288 WAT  13602 13604     3  3288  2985    
 3289 WAT  13605 13607     3  3289  2986    
 3290 WAT  13608 13610     3  3290  2987    
 3291 WAT  13611 13613     3  3291  2988    
 3292 WAT  13614 13616     3  3292  2989    
 3293 WAT  13617 13619     3  3293  2990    
 3294 WAT  13620 13622     3  3294  2991    
 3295 WAT  13623 13625     3  3295  2992    
 3296 WAT  13626 13628     3  3296  2993    
 3297 WAT  13629 13631     3  3297  2994    
 3298 WAT  13632 13634     3  3298  2995    
 3299 WAT  13635 13637     3  3299  2996    
 3300 WAT  13638 13640     3  3300  2997    
 3301 WAT  13641 13643     3  3301  2998    
 3302 WAT  13644 13646     3  3302  2999    
 3303 WAT  13647 13649     3  3303  3000    
 3304 WAT  13650 13652     3  3304  3001    
 3305 WAT  13653 13655     3  3305  3002    
 3306 WAT  13656 13658     3  3306  3003    
 3307 WAT  13659 13661     3  3307  3004    
 3308 WAT  13662 13664     3  3308  3005    
 3309 WAT  13665 13667     3  3309  3006    
 3310 WAT  13668 13670     3  3310  3007    
 3311 WAT  13671 13673     3  3311  3008    
 3312 WAT  13674 13676     3  3312  3009    
 3313 WAT  13677 13679     3  3313  3010    
 3314 WAT  13680 13682     3  3314  3011    
 3315 WAT  13683 13685     3  3315  3012    
 3316 WAT  13686 13688     3  3316  3013    
 3317 WAT  13689 13691     3  3317  3014    
 3318 WAT  13692 13694     3  3318  3015    
 3319 WAT  13695 13697     3  3319  3016    
 3320 WAT  13698 13700     3  3320  3017    
 3321 WAT  13701 13703     3  3321  3018    
 3322 WAT  13704 13706     3  3322  3019    
 3323 WAT  13707 13709     3  3323  3020    
 3324 WAT  13710 13712     3  3324  3021    
 3325 WAT  13713 13715     3  3325  3022    
 3326 WAT  13716 13718     3  3326  3023    
 3327 WAT  13719 13721     3  3327  3024    
 3328 WAT  13722 13724     3  3328  3025    
 3329 WAT  13725 13727     3  3329  3026    
 3330 WAT  13728 13730     3  3330  3027    
 3331 WAT  13731 13733     3  3331  3028    
 3332 WAT  13734 13736     3  3332  3029    
 3333 WAT  13737 13739     3  3333  3030    
 3334 WAT  13740 13742     3  3334  3031    
 3335 WAT  13743 13745     3  3335  3032    
 3336 WAT  13746 13748     3  3336  3033    
 3337 WAT  13749 13751     3  3337  3034    
 3338 WAT  13752 13754     3  3338  3035    
 3339 WAT  13755 13757     3  3339  3036    
 3340 WAT  13758 13760     3  3340  3037    
 3341 WAT  13761 13763     3  3341  3038    
 3342 WAT  13764 13766     3  3342  3039    
 3343 WAT  13767 13769     3  3343  3040    
 3344 WAT  13770 13772     3  3344  3041    
 3345 WAT  13773 13775     3  3345  3042    
 3346 WAT  13776 13778     3  3346  3043    
 3347 WAT  13779 13781     3  3347  3044    
 3348 WAT  13782 13784     3  3348  3045    
 3349 WAT  13785 13787     3  3349  3046    
 3350 WAT  13788 13790     3  3350  3047    
 3351 WAT  13791 13793     3  3351  3048    
 3352 WAT  13794 13796     3  3352  3049    
 3353 WAT  13797 13799     3  3353  3050    
 3354 WAT  13800 13802     3  3354  3051    
 3355 WAT  13803 13805     3  3355  3052    
 3356 WAT  13806 13808     3  3356  3053    
 3357 WAT  13809 13811     3  3357  3054    
 3358 WAT  13812 13814     3  3358  3055    
 3359 WAT  13815 13817     3  3359  3056    
 3360 WAT  13818 13820     3  3360  3057    
 3361 WAT  13821 13823     3  3361  3058    
 3362 WAT  13824 13826     3  3362  3059    
 3363 WAT  13827 13829     3  3363  3060    
 3364 WAT  13830 13832     3  3364  3061    
 3365 WAT  13833 13835     3  3365  3062    
 3366 WAT  13836 13838     3  3366  3063    
 3367 WAT  13839 13841     3  3367  3064    
 3368 WAT  13842 13844     3  3368  3065    
 3369 WAT  13845 13847     3  3369  3066    
 3370 WAT  13848 13850     3  3370  3067    
 3371 WAT  13851 13853     3  3371  3068    
 3372 WAT  13854 13856     3  3372  3069    
 3373 WAT  13857 13859     3  3373  3070    
 3374 WAT  13860 13862     3  3374  3071    
 3375 WAT  13863 13865     3  3375  3072    
 3376 WAT  13866 13868     3  3376  3073    
 3377 WAT  13869 13871     3  3377  3074    
 3378 WAT  13872 13874     3  3378  3075    
 3379 WAT  13875 13877     3  3379  3076    
 3380 WAT  13878 13880     3  3380  3077    
 3381 WAT  13881 13883     3  3381  3078    
 3382 WAT  13884 13886     3  3382  3079    
 3383 WAT  13887 13889     3  3383  3080    
 3384 WAT  13890 13892     3  3384  3081    
 3385 WAT  13893 13895     3  3385  3082    
 3386 WAT  13896 13898     3  3386  3083    
 3387 WAT  13899 13901     3  3387  3084    
 3388 WAT  13902 13904     3  3388  3085    
 3389 WAT  13905 13907     3  3389  3086    
 3390 WAT  13908 13910     3  3390  3087    
 3391 WAT  13911 13913     3  3391  3088    
 3392 WAT  13914 13916     3  3392  3089    
 3393 WAT  13917 13919     3  3393  3090    
 3394 WAT  13920 13922     3  3394  3091    
 3395 WAT  13923 13925     3  3395  3092    
 3396 WAT  13926 13928     3  3396  3093    
 3397 WAT  13929 13931     3  3397  3094    
 3398 WAT  13932 13934     3  3398  3095    
 3399 WAT  13935 13937     3  3399  3096    
 3400 WAT  13938 13940     3  3400  3097    
 3401 WAT  13941 13943     3  3401  3098    
 3402 WAT  13944 13946     3  3402  3099    
 3403 WAT  13947 13949     3  3403  3100    
 3404 WAT  13950 13952     3  3404  3101    
 3405 WAT  13953 13955     3  3405  3102    
 3406 WAT  13956 13958     3  3406  3103    
 3407 WAT  13959 13961     3  3407  3104    
 3408 WAT  13962 13964     3  3408  3105    
 3409 WAT  13965 13967     3  3409  3106    
 3410 WAT  13968 13970     3  3410  3107    
 3411 WAT  13971 13973     3  3411  3108    
 3412 WAT  13974 13976     3  3412  3109    
 3413 WAT  13977 13979     3  3413  3110    
 3414 WAT  13980 13982     3  3414  3111    
 3415 WAT  13983 13985     3  3415  3112    
 3416 WAT  13986 13988     3  3416  3113    
 3417 WAT  13989 13991     3  3417  3114    
 3418 WAT  13992 13994     3  3418  3115    
 3419 WAT  13995 13997     3  3419  3116    
 3420 WAT  13998 14000     3  3420  3117    
 3421 WAT  14001 14003     3  3421  3118    
 3422 WAT  14004 14006     3  3422  3119    
 3423 WAT  14007 14009     3  3423  3120    
 3424 WAT  14010 14012     3  3424  3121    
 3425 WAT  14013 14015     3  3425  3122    
 3426 WAT  14016 14018     3  3426  3123    
 3427 WAT  14019 14021     3  3427  3124    
 3428 WAT  14022 14024     3  3428  3125    
 3429 WAT  14025 14027     3  3429  3126    
 3430 WAT  14028 14030     3  3430  3127    
 3431 WAT  14031 14033     3  3431  3128    
 3432 WAT  14034 14036     3  3432  3129    
 3433 WAT  14037 14039     3  3433  3130    
 3434 WAT  14040 14042     3  3434  3131    
 3435 WAT  14043 14045     3  3435  3132    
 3436 WAT  14046 14048     3  3436  3133    
 3437 WAT  14049 14051     3  3437  3134    
 3438 WAT  14052 14054     3  3438  3135    
 3439 WAT  14055 14057     3  3439  3136    
 3440 WAT  14058 14060     3  3440  3137    
 3441 WAT  14061 14063     3  3441  3138    
 3442 WAT  14064 14066     3  3442  3139    
 3443 WAT  14067 14069     3  3443  3140    
 3444 WAT  14070 14072     3  3444  3141    
 3445 WAT  14073 14075     3  3445  3142    
 3446 WAT  14076 14078     3  3446  3143    
 3447 WAT  14079 14081     3  3447  3144    
 3448 WAT  14082 14084     3  3448  3145    
 3449 WAT  14085 14087     3  3449  3146    
 3450 WAT  14088 14090     3  3450  3147    
 3451 WAT  14091 14093     3  3451  3148    
 3452 WAT  14094 14096     3  3452  3149    
 3453 WAT  14097 14099     3  3453  3150    
 3454 WAT  14100 14102     3  3454  3151    
 3455 WAT  14103 14105     3  3455  3152    
 3456 WAT  14106 14108     3  3456  3153    
 3457 WAT  14109 14111     3  3457  3154    
 3458 WAT  14112 14114     3  3458  3155    
 3459 WAT  14115 14117     3  3459  3156    
 3460 WAT  14118 14120     3  3460  3157    
 3461 WAT  14121 14123     3  3461  3158    
 3462 WAT  14124 14126     3  3462  3159    
 3463 WAT  14127 14129     3  3463  3160    
 3464 WAT  14130 14132     3  3464  3161    
 3465 WAT  14133 14135     3  3465  3162    
 3466 WAT  14136 14138     3  3466  3163    
 3467 WAT  14139 14141     3  3467  3164    
 3468 WAT  14142 14144     3  3468  3165    
 3469 WAT  14145 14147     3  3469  3166    
 3470 WAT  14148 14150     3  3470  3167    
 3471 WAT  14151 14153     3  3471  3168    
 3472 WAT  14154 14156     3  3472  3169    
 3473 WAT  14157 14159     3  3473  3170    
 3474 WAT  14160 14162     3  3474  3171    
 3475 WAT  14163 14165     3  3475  3172    
 3476 WAT  14166 14168     3  3476  3173    
 3477 WAT  14169 14171     3  3477  3174    
 3478 WAT  14172 14174     3  3478  3175    
 3479 WAT  14175 14177     3  3479  3176    
 3480 WAT  14178 14180     3  3480  3177    
 3481 WAT  14181 14183     3  3481  3178    
 3482 WAT  14184 14186     3  3482  3179    
 3483 WAT  14187 14189     3  3483  3180    
 3484 WAT  14190 14192     3  3484  3181    
 3485 WAT  14193 14195     3  3485  3182    
 3486 WAT  14196 14198     3  3486  3183    
 3487 WAT  14199 14201     3  3487  3184    
 3488 WAT  14202 14204     3  3488  3185    
 3489 WAT  14205 14207     3  3489  3186    
 3490 WAT  14208 14210     3  3490  3187    
 3491 WAT  14211 14213     3  3491  3188    
 3492 WAT  14214 14216     3  3492  3189    
 3493 WAT  14217 14219     3  3493  3190    
 3494 WAT  14220 14222     3  3494  3191    
 3495 WAT  14223 14225     3  3495  3192    
 3496 WAT  14226 14228     3  3496  3193    
 3497 WAT  14229 14231     3  3497  3194    
 3498 WAT  14232 14234     3  3498  3195    
 3499 WAT  14235 14237     3  3499  3196    
 3500 WAT  14238 14240     3  3500  3197    
 3501 WAT  14241 14243     3  3501  3198    
 3502 WAT  14244 14246     3  3502  3199    
 3503 WAT  14247 14249     3  3503  3200    
 3504 WAT  14250 14252     3  3504  3201    
 3505 WAT  14253 14255     3  3505  3202    
 3506 WAT  14256 14258     3  3506  3203    
 3507 WAT  14259 14261     3  3507  3204    
 3508 WAT  14262 14264     3  3508  3205    
 3509 WAT  14265 14267     3  3509  3206    
 3510 WAT  14268 14270     3  3510  3207    
 3511 WAT  14271 14273     3  3511  3208    
 3512 WAT  14274 14276     3  3512  3209    
 3513 WAT  14277 14279     3  3513  3210    
 3514 WAT  14280 14282     3  3514  3211    
 3515 WAT  14283 14285     3  3515  3212    
 3516 WAT  14286 14288     3  3516  3213    
 3517 WAT  14289 14291     3  3517  3214    
 3518 WAT  14292 14294     3  3518  3215    
 3519 WAT  14295 14297     3  3519  3216    
 3520 WAT  14298 14300     3  3520  3217    
 3521 WAT  14301 14303     3  3521  3218    
 3522 WAT  14304 14306     3  3522  3219    
 3523 WAT  14307 14309     3  3523  3220    
 3524 WAT  14310 14312     3  3524  3221    
 3525 WAT  14313 14315     3  3525  3222    
 3526 WAT  14316 14318     3  3526  3223    
 3527 WAT  14319 14321     3  3527  3224    
 3528 WAT  14322 14324     3  3528  3225    
 3529 WAT  14325 14327     3  3529  3226    
 3530 WAT  14328 14330     3  3530  3227    
 3531 WAT  14331 14333     3  3531  3228    
 3532 WAT  14334 14336     3  3532  3229    
 3533 WAT  14337 14339     3  3533  3230    
 3534 WAT  14340 14342     3  3534  3231    
 3535 WAT  14343 14345     3  3535  3232    
 3536 WAT  14346 14348     3  3536  3233    
 3537 WAT  14349 14351     3  3537  3234    
 3538 WAT  14352 14354     3  3538  3235    
 3539 WAT  14355 14357     3  3539  3236    
 3540 WAT  14358 14360     3  3540  3237    
 3541 WAT  14361 14363     3  3541  3238    
 3542 WAT  14364 14366     3  3542  3239    
 3543 WAT  14367 14369     3  3543  3240    
 3544 WAT  14370 14372     3  3544  3241    
 3545 WAT  14373 14375     3  3545  3242    
 3546 WAT  14376 14378     3  3546  3243    
 3547 WAT  14379 14381     3  3547  3244    
 3548 WAT  14382 14384     3  3548  3245    
 3549 WAT  14385 14387     3  3549  3246    
 3550 WAT  14388 14390     3  3550  3247    
 3551 WAT  14391 14393     3  3551  3248    
 3552 WAT  14394 14396     3  3552  3249    
 3553 WAT  14397 14399     3  3553  3250    
 3554 WAT  14400 14402     3  3554  3251    
 3555 WAT  14403 14405     3  3555  3252    
 3556 WAT  14406 14408     3  3556  3253    
 3557 WAT  14409 14411     3  3557  3254    
 3558 WAT  14412 14414     3  3558  3255    
 3559 WAT  14415 14417     3  3559  3256    
 3560 WAT  14418 14420     3  3560  3257    
 3561 WAT  14421 14423     3  3561  3258    
 3562 WAT  14424 14426     3  3562  3259    
 3563 WAT  14427 14429     3  3563  3260    
 3564 WAT  14430 14432     3  3564  3261    
 3565 WAT  14433 14435     3  3565  3262    
 3566 WAT  14436 14438     3  3566  3263    
 3567 WAT  14439 14441     3  3567  3264    
 3568 WAT  14442 14444     3  3568  3265    
 3569 WAT  14445 14447     3  3569  3266    
 3570 WAT  14448 14450     3  3570  3267    
 3571 WAT  14451 14453     3  3571  3268    
 3572 WAT  14454 14456     3  3572  3269    
 3573 WAT  14457 14459     3  3573  3270    
 3574 WAT  14460 14462     3  3574  3271    
 3575 WAT  14463 14465     3  3575  3272    
 3576 WAT  14466 14468     3  3576  3273    
 3577 WAT  14469 14471     3  3577  3274    
 3578 WAT  14472 14474     3  3578  3275    
 3579 WAT  14475 14477     3  3579  3276    
 3580 WAT  14478 14480     3  3580  3277    
 3581 WAT  14481 14483     3  3581  3278    
 3582 WAT  14484 14486     3  3582  3279    
 3583 WAT  14487 14489     3  3583  3280    
 3584 WAT  14490 14492     3  3584  3281    
 3585 WAT  14493 14495     3  3585  3282    
 3586 WAT  14496 14498     3  3586  3283    
 3587 WAT  14499 14501     3  3587  3284    
 3588 WAT  14502 14504     3  3588  3285    
 3589 WAT  14505 14507     3  3589  3286    
 3590 WAT  14508 14510     3  3590  3287    
 3591 WAT  14511 14513     3  3591  3288    
 3592 WAT  14514 14516     3  3592  3289    
 3593 WAT  14517 14519     3  3593  3290    
 3594 WAT  14520 14522     3  3594  3291    
 3595 WAT  14523 14525     3  3595  3292    
 3596 WAT  14526 14528     3  3596  3293    
 3597 WAT  14529 14531     3  3597  3294    
 3598 WAT  14532 14534     3  3598  3295    
 3599 WAT  14535 14537     3  3599  3296    
 3600 WAT  14538 14540     3  3600  3297    
 3601 WAT  14541 14543     3  3601  3298    
 3602 WAT  14544 14546     3  3602  3299    
 3603 WAT  14547 14549     3  3603  3300    
 3604 WAT  14550 14552     3  3604  3301    
 3605 WAT  14553 14555     3  3605  3302    
 3606 WAT  14556 14558     3  3606  3303    
 3607 WAT  14559 14561     3  3607  3304    
 3608 WAT  14562 14564     3  3608  3305    
 3609 WAT  14565 14567     3  3609  3306    
 3610 WAT  14568 14570     3  3610  3307    
 3611 WAT  14571 14573     3  3611  3308    
 3612 WAT  14574 14576     3  3612  3309    
 3613 WAT  14577 14579     3  3613  3310    
 3614 WAT  14580 14582     3  3614  3311    
 3615 WAT  14583 14585     3  3615  3312    
 3616 WAT  14586 14588     3  3616  3313    
 3617 WAT  14589 14591     3  3617  3314    
 3618 WAT  14592 14594     3  3618  3315    
 3619 WAT  14595 14597     3  3619  3316    
 3620 WAT  14598 14600     3  3620  3317    
 3621 WAT  14601 14603     3  3621  3318    
 3622 WAT  14604 14606     3  3622  3319    
 3623 WAT  14607 14609     3  3623  3320    
 3624 WAT  14610 14612     3  3624  3321    
 3625 WAT  14613 14615     3  3625  3322    
 3626 WAT  14616 14618     3  3626  3323    
 3627 WAT  14619 14621     3  3627  3324    
 3628 WAT  14622 14624     3  3628  3325    
 3629 WAT  14625 14627     3  3629  3326    
 3630 WAT  14628 14630     3  3630  3327    
 3631 WAT  14631 14633     3  3631  3328    
 3632 WAT  14634 14636     3  3632  3329    
 3633 WAT  14637 14639     3  3633  3330    
 3634 WAT  14640 14642     3  3634  3331    
 3635 WAT  14643 14645     3  3635  3332    
 3636 WAT  14646 14648     3  3636  3333    
 3637 WAT  14649 14651     3  3637  3334    
 3638 WAT  14652 14654     3  3638  3335    
 3639 WAT  14655 14657     3  3639  3336    
 3640 WAT  14658 14660     3  3640  3337    
 3641 WAT  14661 14663     3  3641  3338    
 3642 WAT  14664 14666     3  3642  3339    
 3643 WAT  14667 14669     3  3643  3340    
 3644 WAT  14670 14672     3  3644  3341    
 3645 WAT  14673 14675     3  3645  3342    
 3646 WAT  14676 14678     3  3646  3343    
 3647 WAT  14679 14681     3  3647  3344    
 3648 WAT  14682 14684     3  3648  3345    
 3649 WAT  14685 14687     3  3649  3346    
 3650 WAT  14688 14690     3  3650  3347    
 3651 WAT  14691 14693     3  3651  3348    
 3652 WAT  14694 14696     3  3652  3349    
 3653 WAT  14697 14699     3  3653  3350    
 3654 WAT  14700 14702     3  3654  3351    
 3655 WAT  14703 14705     3  3655  3352    
 3656 WAT  14706 14708     3  3656  3353    
 3657 WAT  14709 14711     3  3657  3354    
 3658 WAT  14712 14714     3  3658  3355    
 3659 WAT  14715 14717     3  3659  3356    
 3660 WAT  14718 14720     3  3660  3357    
 3661 WAT  14721 14723     3  3661  3358    
 3662 WAT  14724 14726     3  3662  3359    
 3663 WAT  14727 14729     3  3663  3360    
 3664 WAT  14730 14732     3  3664  3361    
 3665 WAT  14733 14735     3  3665  3362    
 3666 WAT  14736 14738     3  3666  3363    
 3667 WAT  14739 14741     3  3667  3364    
 3668 WAT  14742 14744     3  3668  3365    
 3669 WAT  14745 14747     3  3669  3366    
 3670 WAT  14748 14750     3  3670  3367    
 3671 WAT  14751 14753     3  3671  3368    
 3672 WAT  14754 14756     3  3672  3369    
 3673 WAT  14757 14759     3  3673  3370    
 3674 WAT  14760 14762     3  3674  3371    
 3675 WAT  14763 14765     3  3675  3372    
 3676 WAT  14766 14768     3  3676  3373    
 3677 WAT  14769 14771     3  3677  3374    
 3678 WAT  14772 14774     3  3678  3375    
 3679 WAT  14775 14777     3  3679  3376    
 3680 WAT  14778 14780     3  3680  3377    
 3681 WAT  14781 14783     3  3681  3378    
 3682 WAT  14784 14786     3  3682  3379    
 3683 WAT  14787 14789     3  3683  3380    
 3684 WAT  14790 14792     3  3684  3381    
 3685 WAT  14793 14795     3  3685  3382    
 3686 WAT  14796 14798     3  3686  3383    
 3687 WAT  14799 14801     3  3687  3384    
 3688 WAT  14802 14804     3  3688  3385    
 3689 WAT  14805 14807     3  3689  3386    
 3690 WAT  14808 14810     3  3690  3387    
 3691 WAT  14811 14813     3  3691  3388    
 3692 WAT  14814 14816     3  3692  3389    
 3693 WAT  14817 14819     3  3693  3390    
 3694 WAT  14820 14822     3  3694  3391    
 3695 WAT  14823 14825     3  3695  3392    
 3696 WAT  14826 14828     3  3696  3393    
 3697 WAT  14829 14831     3  3697  3394    
 3698 WAT  14832 14834     3  3698  3395    
 3699 WAT  14835 14837     3  3699  3396    
 3700 WAT  14838 14840     3  3700  3397    
 3701 WAT  14841 14843     3  3701  3398    
 3702 WAT  14844 14846     3  3702  3399    
 3703 WAT  14847 14849     3  3703  3400    
 3704 WAT  14850 14852     3  3704  3401    
 3705 WAT  14853 14855     3  3705  3402    
 3706 WAT  14856 14858     3  3706  3403    
 3707 WAT  14859 14861     3  3707  3404    
 3708 WAT  14862 14864     3  3708  3405    
 3709 WAT  14865 14867     3  3709  3406    
 3710 WAT  14868 14870     3  3710  3407    
 3711 WAT  14871 14873     3  3711  3408    
 3712 WAT  14874 14876     3  3712  3409    
 3713 WAT  14877 14879     3  3713  3410    
 3714 WAT  14880 14882     3  3714  3411    
 3715 WAT  14883 14885     3  3715  3412    
 3716 WAT  14886 14888     3  3716  3413    
 3717 WAT  14889 14891     3  3717  3414    
 3718 WAT  14892 14894     3  3718  3415    
 3719 WAT  14895 14897     3  3719  3416    
 3720 WAT  14898 14900     3  3720  3417    
 3721 WAT  14901 14903     3  3721  3418    
 3722 WAT  14904 14906     3  3722  3419    
 3723 WAT  14907 14909     3  3723  3420    
 3724 WAT  14910 14912     3  3724  3421    
 3725 WAT  14913 14915     3  3725  3422    
 3726 WAT  14916 14918     3  3726  3423    
 3727 WAT  14919 14921     3  3727  3424    
 3728 WAT  14922 14924     3  3728  3425    
 3729 WAT  14925 14927     3  3729  3426    
 3730 WAT  14928 14930     3  3730  3427    
 3731 WAT  14931 14933     3  3731  3428    
 3732 WAT  14934 14936     3  3732  3429    
 3733 WAT  14937 14939     3  3733  3430    
 3734 WAT  14940 14942     3  3734  3431    
 3735 WAT  14943 14945     3  3735  3432    
 3736 WAT  14946 14948     3  3736  3433    
 3737 WAT  14949 14951     3  3737  3434    
 3738 WAT  14952 14954     3  3738  3435    
 3739 WAT  14955 14957     3  3739  3436    
 3740 WAT  14958 14960     3  3740  3437    
 3741 WAT  14961 14963     3  3741  3438    
 3742 WAT  14964 14966     3  3742  3439    
 3743 WAT  14967 14969     3  3743  3440    
 3744 WAT  14970 14972     3  3744  3441    
 3745 WAT  14973 14975     3  3745  3442    
 3746 WAT  14976 14978     3  3746  3443    
 3747 WAT  14979 14981     3  3747  3444    
 3748 WAT  14982 14984     3  3748  3445    
 3749 WAT  14985 14987     3  3749  3446    
 3750 WAT  14988 14990     3  3750  3447    
 3751 WAT  14991 14993     3  3751  3448    
 3752 WAT  14994 14996     3  3752  3449    
 3753 WAT  14997 14999     3  3753  3450    
 3754 WAT  15000 15002     3  3754  3451    
 3755 WAT  15003 15005     3  3755  3452    
 3756 WAT  15006 15008     3  3756  3453    
 3757 WAT  15009 15011     3  3757  3454    
 3758 WAT  15012 15014     3  3758  3455    
 3759 WAT  15015 15017     3  3759  3456    
 3760 WAT  15018 15020     3  3760  3457    
 3761 WAT  15021 15023     3  3761  3458    
 3762 WAT  15024 15026     3  3762  3459    
 3763 WAT  15027 15029     3  3763  3460    
 3764 WAT  15030 15032     3  3764  3461    
 3765 WAT  15033 15035     3  3765  3462    
 3766 WAT  15036 15038     3  3766  3463    
 3767 WAT  15039 15041     3  3767  3464    
 3768 WAT  15042 15044     3  3768  3465    
 3769 WAT  15045 15047     3  3769  3466    
 3770 WAT  15048 15050     3  3770  3467    
 3771 WAT  15051 15053     3  3771  3468    
 3772 WAT  15054 15056     3  3772  3469    
 3773 WAT  15057 15059     3  3773  3470    
 3774 WAT  15060 15062     3  3774  3471    
 3775 WAT  15063 15065     3  3775  3472    
 3776 WAT  15066 15068     3  3776  3473    
 3777 WAT  15069 15071     3  3777  3474    
 3778 WAT  15072 15074     3  3778  3475    
 3779 WAT  15075 15077     3  3779  3476    
 3780 WAT  15078 15080     3  3780  3477    
 3781 WAT  15081 15083     3  3781  3478    
 3782 WAT  15084 15086     3  3782  3479    
 3783 WAT  15087 15089     3  3783  3480    
 3784 WAT  15090 15092     3  3784  3481    
 3785 WAT  15093 15095     3  3785  3482    
 3786 WAT  15096 15098     3  3786  3483    
 3787 WAT  15099 15101     3  3787  3484    
 3788 WAT  15102 15104     3  3788  3485    
 3789 WAT  15105 15107     3  3789  3486    
 3790 WAT  15108 15110     3  3790  3487    
 3791 WAT  15111 15113     3  3791  3488    
 3792 WAT  15114 15116     3  3792  3489    
 3793 WAT  15117 15119     3  3793  3490    
 3794 WAT  15120 15122     3  3794  3491    
 3795 WAT  15123 15125     3  3795  3492    
 3796 WAT  15126 15128     3  3796  3493    
 3797 WAT  15129 15131     3  3797  3494    
 3798 WAT  15132 15134     3  3798  3495    
 3799 WAT  15135 15137     3  3799  3496    
 3800 WAT  15138 15140     3  3800  3497    
 3801 WAT  15141 15143     3  3801  3498    
 3802 WAT  15144 15146     3  3802  3499    
 3803 WAT  15147 15149     3  3803  3500    
 3804 WAT  15150 15152     3  3804  3501    
 3805 WAT  15153 15155     3  3805  3502    
 3806 WAT  15156 15158     3  3806  3503    
 3807 WAT  15159 15161     3  3807  3504    
 3808 WAT  15162 15164     3  3808  3505    
 3809 WAT  15165 15167     3  3809  3506    
 3810 WAT  15168 15170     3  3810  3507    
 3811 WAT  15171 15173     3  3811  3508    
 3812 WAT  15174 15176     3  3812  3509    
 3813 WAT  15177 15179     3  3813  3510    
 3814 WAT  15180 15182     3  3814  3511    
 3815 WAT  15183 15185     3  3815  3512    
 3816 WAT  15186 15188     3  3816  3513    
 3817 WAT  15189 15191     3  3817  3514    
 3818 WAT  15192 15194     3  3818  3515    
 3819 WAT  15195 15197     3  3819  3516    
 3820 WAT  15198 15200     3  3820  3517    
 3821 WAT  15201 15203     3  3821  3518    
 3822 WAT  15204 15206     3  3822  3519    
 3823 WAT  15207 15209     3  3823  3520    
 3824 WAT  15210 15212     3  3824  3521    
 3825 WAT  15213 15215     3  3825  3522    
 3826 WAT  15216 15218     3  3826  3523    
 3827 WAT  15219 15221     3  3827  3524    
 3828 WAT  15222 15224     3  3828  3525    
 3829 WAT  15225 15227     3  3829  3526    
 3830 WAT  15228 15230     3  3830  3527    
 3831 WAT  15231 15233     3  3831  3528    
 3832 WAT  15234 15236     3  3832  3529    
 3833 WAT  15237 15239     3  3833  3530    
 3834 WAT  15240 15242     3  3834  3531    
 3835 WAT  15243 15245     3  3835  3532    
 3836 WAT  15246 15248     3  3836  3533    
 3837 WAT  15249 15251     3  3837  3534    
 3838 WAT  15252 15254     3  3838  3535    
 3839 WAT  15255 15257     3  3839  3536    
 3840 WAT  15258 15260     3  3840  3537    
 3841 WAT  15261 15263     3  3841  3538    
 3842 WAT  15264 15266     3  3842  3539    
 3843 WAT  15267 15269     3  3843  3540    
 3844 WAT  15270 15272     3  3844  3541    
 3845 WAT  15273 15275     3  3845  3542    
 3846 WAT  15276 15278     3  3846  3543    
 3847 WAT  15279 15281     3  3847  3544    
 3848 WAT  15282 15284     3  3848  3545    
 3849 WAT  15285 15287     3  3849  3546    
 3850 WAT  15288 15290     3  3850  3547    
 3851 WAT  15291 15293     3  3851  3548    
 3852 WAT  15294 15296     3  3852  3549    
 3853 WAT  15297 15299     3  3853  3550    
 3854 WAT  15300 15302     3  3854  3551    
 3855 WAT  15303 15305     3  3855  3552    
 3856 WAT  15306 15308     3  3856  3553    
 3857 WAT  15309 15311     3  3857  3554    
 3858 WAT  15312 15314     3  3858  3555    
 3859 WAT  15315 15317     3  3859  3556    
 3860 WAT  15318 15320     3  3860  3557    
 3861 WAT  15321 15323     3  3861  3558    
 3862 WAT  15324 15326     3  3862  3559    
 3863 WAT  15327 15329     3  3863  3560    
 3864 WAT  15330 15332     3  3864  3561    
 3865 WAT  15333 15335     3  3865  3562    
 3866 WAT  15336 15338     3  3866  3563    
 3867 WAT  15339 15341     3  3867  3564    
 3868 WAT  15342 15344     3  3868  3565    
 3869 WAT  15345 15347     3  3869  3566    
 3870 WAT  15348 15350     3  3870  3567    
 3871 WAT  15351 15353     3  3871  3568    
 3872 WAT  15354 15356     3  3872  3569    
 3873 WAT  15357 15359     3  3873  3570    
 3874 WAT  15360 15362     3  3874  3571    
 3875 WAT  15363 15365     3  3875  3572    
 3876 WAT  15366 15368     3  3876  3573    
 3877 WAT  15369 15371     3  3877  3574    
 3878 WAT  15372 15374     3  3878  3575    
 3879 WAT  15375 15377     3  3879  3576    
 3880 WAT  15378 15380     3  3880  3577    
 3881 WAT  15381 15383     3  3881  3578    
 3882 WAT  15384 15386     3  3882  3579    
 3883 WAT  15387 15389     3  3883  3580    
 3884 WAT  15390 15392     3  3884  3581    
 3885 WAT  15393 15395     3  3885  3582    
 3886 WAT  15396 15398     3  3886  3583    
 3887 WAT  15399 15401     3  3887  3584    
 3888 WAT  15402 15404     3  3888  3585    
 3889 WAT  15405 15407     3  3889  3586    
 3890 WAT  15408 15410     3  3890  3587    
 3891 WAT  15411 15413     3  3891  3588    
 3892 WAT  15414 15416     3  3892  3589    
 3893 WAT  15417 15419     3  3893  3590    
 3894 WAT  15420 15422     3  3894  3591    
 3895 WAT  15423 15425     3  3895  3592    
 3896 WAT  15426 15428     3  3896  3593    
 3897 WAT  15429 15431     3  3897  3594    
 3898 WAT  15432 15434     3  3898  3595    
 3899 WAT  15435 15437     3  3899  3596    
 3900 WAT  15438 15440     3  3900  3597    
 3901 WAT  15441 15443     3  3901  3598    
 3902 WAT  15444 15446     3  3902  3599    
 3903 WAT  15447 15449     3  3903  3600    
 3904 WAT  15450 15452     3  3904  3601    
 3905 WAT  15453 15455     3  3905  3602    
 3906 WAT  15456 15458     3  3906  3603    
 3907 WAT  15459 15461     3  3907  3604    
 3908 WAT  15462 15464     3  3908  3605    
 3909 WAT  15465 15467     3  3909  3606    
 3910 WAT  15468 15470     3  3910  3607    
 3911 WAT  15471 15473     3  3911  3608    
 3912 WAT  15474 15476     3  3912  3609    
 3913 WAT  15477 15479     3  3913  3610    
 3914 WAT  15480 15482     3  3914  3611    
 3915 WAT  15483 15485     3  3915  3612    
 3916 WAT  15486 15488     3  3916  3613    
 3917 WAT  15489 15491     3  3917  3614    
 3918 WAT  15492 15494     3  3918  3615    
 3919 WAT  15495 15497     3  3919  3616    
 3920 WAT  15498 15500     3  3920  3617    
 3921 WAT  15501 15503     3  3921  3618    
 3922 WAT  15504 15506     3  3922  3619    
 3923 WAT  15507 15509     3  3923  3620    
 3924 WAT  15510 15512     3  3924  3621    
 3925 WAT  15513 15515     3  3925  3622    
 3926 WAT  15516 15518     3  3926  3623    
 3927 WAT  15519 15521     3  3927  3624    
 3928 WAT  15522 15524     3  3928  3625    
 3929 WAT  15525 15527     3  3929  3626    
 3930 WAT  15528 15530     3  3930  3627    
 3931 WAT  15531 15533     3  3931  3628    
 3932 WAT  15534 15536     3  3932  3629    
 3933 WAT  15537 15539     3  3933  3630    
 3934 WAT  15540 15542     3  3934  3631    
 3935 WAT  15543 15545     3  3935  3632    
 3936 WAT  15546 15548     3  3936  3633    
 3937 WAT  15549 15551     3  3937  3634    
 3938 WAT  15552 15554     3  3938  3635    
 3939 WAT  15555 15557     3  3939  3636    
 3940 WAT  15558 15560     3  3940  3637    
 3941 WAT  15561 15563     3  3941  3638    
 3942 WAT  15564 15566     3  3942  3639    
 3943 WAT  15567 15569     3  3943  3640    
 3944 WAT  15570 15572     3  3944  3641    
 3945 WAT  15573 15575     3  3945  3642    
 3946 WAT  15576 15578     3  3946  3643    
 3947 WAT  15579 15581     3  3947  3644    
 3948 WAT  15582 15584     3  3948  3645    
 3949 WAT  15585 15587     3  3949  3646    
 3950 WAT  15588 15590     3  3950  3647    
 3951 WAT  15591 15593     3  3951  3648    
 3952 WAT  15594 15596     3  3952  3649    
 3953 WAT  15597 15599     3  3953  3650    
 3954 WAT  15600 15602     3  3954  3651    
 3955 WAT  15603 15605     3  3955  3652    
 3956 WAT  15606 15608     3  3956  3653    
 3957 WAT  15609 15611     3  3957  3654    
 3958 WAT  15612 15614     3  3958  3655    
 3959 WAT  15615 15617     3  3959  3656    
 3960 WAT  15618 15620     3  3960  3657    
 3961 WAT  15621 15623     3  3961  3658    
 3962 WAT  15624 15626     3  3962  3659    
 3963 WAT  15627 15629     3  3963  3660    
 3964 WAT  15630 15632     3  3964  3661    
 3965 WAT  15633 15635     3  3965  3662    
 3966 WAT  15636 15638     3  3966  3663    
 3967 WAT  15639 15641     3  3967  3664    
 3968 WAT  15642 15644     3  3968  3665    
 3969 WAT  15645 15647     3  3969  3666    
 3970 WAT  15648 15650     3  3970  3667    
 3971 WAT  15651 15653     3  3971  3668    
 3972 WAT  15654 15656     3  3972  3669    
 3973 WAT  15657 15659     3  3973  3670    
 3974 WAT  15660 15662     3  3974  3671    
 3975 WAT  15663 15665     3  3975  3672    
 3976 WAT  15666 15668     3  3976  3673    
 3977 WAT  15669 15671     3  3977  3674    
 3978 WAT  15672 15674     3  3978  3675    
 3979 WAT  15675 15677     3  3979  3676    
 3980 WAT  15678 15680     3  3980  3677    
 3981 WAT  15681 15683     3  3981  3678    
 3982 WAT  15684 15686     3  3982  3679    
 3983 WAT  15687 15689     3  3983  3680    
 3984 WAT  15690 15692     3  3984  3681    
 3985 WAT  15693 15695     3  3985  3682    
 3986 WAT  15696 15698     3  3986  3683    
 3987 WAT  15699 15701     3  3987  3684    
 3988 WAT  15702 15704     3  3988  3685    
 3989 WAT  15705 15707     3  3989  3686    
 3990 WAT  15708 15710     3  3990  3687    
 3991 WAT  15711 15713     3  3991  3688    
 3992 WAT  15714 15716     3  3992  3689    
 3993 WAT  15717 15719     3  3993  3690    
 3994 WAT  15720 15722     3  3994  3691    
 3995 WAT  15723 15725     3  3995  3692    
 3996 WAT  15726 15728     3  3996  3693    
 3997 WAT  15729 15731     3  3997  3694    
 3998 WAT  15732 15734     3  3998  3695    
 3999 WAT  15735 15737     3  3999  3696    
 4000 WAT  15738 15740     3  4000  3697    
 4001 WAT  15741 15743     3  4001  3698    
 4002 WAT  15744 15746     3  4002  3699    
 4003 WAT  15747 15749     3  4003  3700    
 4004 WAT  15750 15752     3  4004  3701    
 4005 WAT  15753 15755     3  4005  3702    
 4006 WAT  15756 15758     3  4006  3703    
 4007 WAT  15759 15761     3  4007  3704    
 4008 WAT  15762 15764     3  4008  3705    
 4009 WAT  15765 15767     3  4009  3706    
 4010 WAT  15768 15770     3  4010  3707    
 4011 WAT  15771 15773     3  4011  3708    
 4012 WAT  15774 15776     3  4012  3709    
 4013 WAT  15777 15779     3  4013  3710    
 4014 WAT  15780 15782     3  4014  3711    
 4015 WAT  15783 15785     3  4015  3712    
 4016 WAT  15786 15788     3  4016  3713    
 4017 WAT  15789 15791     3  4017  3714    
 4018 WAT  15792 15794     3  4018  3715    
 4019 WAT  15795 15797     3  4019  3716    
 4020 WAT  15798 15800     3  4020  3717    
 4021 WAT  15801 15803     3  4021  3718    
 4022 WAT  15804 15806     3  4022  3719    
 4023 WAT  15807 15809     3  4023  3720    
 4024 WAT  15810 15812     3  4024  3721    
 4025 WAT  15813 15815     3  4025  3722    
 4026 WAT  15816 15818     3  4026  3723    
 4027 WAT  15819 15821     3  4027  3724    
 4028 WAT  15822 15824     3  4028  3725    
 4029 WAT  15825 15827     3  4029  3726    
 4030 WAT  15828 15830     3  4030  3727    
 4031 WAT  15831 15833     3  4031  3728    
 4032 WAT  15834 15836     3  4032  3729    
 4033 WAT  15837 15839     3  4033  3730    
 4034 WAT  15840 15842     3  4034  3731    
 4035 WAT  15843 15845     3  4035  3732    
 4036 WAT  15846 15848     3  4036  3733    
 4037 WAT  15849 15851     3  4037  3734    
 4038 WAT  15852 15854     3  4038  3735    
 4039 WAT  15855 15857     3  4039  3736    
 4040 WAT  15858 15860     3  4040  3737    
 4041 WAT  15861 15863     3  4041  3738    
 4042 WAT  15864 15866     3  4042  3739    
 4043 WAT  15867 15869     3  4043  3740    
 4044 WAT  15870 15872     3  4044  3741    
 4045 WAT  15873 15875     3  4045  3742    
 4046 WAT  15876 15878     3  4046  3743    
 4047 WAT  15879 15881     3  4047  3744    
 4048 WAT  15882 15884     3  4048  3745    
 4049 WAT  15885 15887     3  4049  3746    
 4050 WAT  15888 15890     3  4050  3747    
 4051 WAT  15891 15893     3  4051  3748    
 4052 WAT  15894 15896     3  4052  3749    
 4053 WAT  15897 15899     3  4053  3750    
 4054 WAT  15900 15902     3  4054  3751    
 4055 WAT  15903 15905     3  4055  3752    
 4056 WAT  15906 15908     3  4056  3753    
 4057 WAT  15909 15911     3  4057  3754    
 4058 WAT  15912 15914     3  4058  3755    
 4059 WAT  15915 15917     3  4059  3756    
 4060 WAT  15918 15920     3  4060  3757    
 4061 WAT  15921 15923     3  4061  3758    
 4062 WAT  15924 15926     3  4062  3759    
 4063 WAT  15927 15929     3  4063  3760    
 4064 WAT  15930 15932     3  4064  3761    
 4065 WAT  15933 15935     3  4065  3762    
 4066 WAT  15936 15938     3  4066  3763    
 4067 WAT  15939 15941     3  4067  3764    
 4068 WAT  15942 15944     3  4068  3765    
 4069 WAT  15945 15947     3  4069  3766    
 4070 WAT  15948 15950     3  4070  3767    
 4071 WAT  15951 15953     3  4071  3768    
 4072 WAT  15954 15956     3  4072  3769    
 4073 WAT  15957 15959     3  4073  3770    
 4074 WAT  15960 15962     3  4074  3771    
 4075 WAT  15963 15965     3  4075  3772    
 4076 WAT  15966 15968     3  4076  3773    
 4077 WAT  15969 15971     3  4077  3774    
 4078 WAT  15972 15974     3  4078  3775    
 4079 WAT  15975 15977     3  4079  3776    
 4080 WAT  15978 15980     3  4080  3777    
 4081 WAT  15981 15983     3  4081  3778    
 4082 WAT  15984 15986     3  4082  3779    
 4083 WAT  15987 15989     3  4083  3780    
 4084 WAT  15990 15992     3  4084  3781    
 4085 WAT  15993 15995     3  4085  3782    
 4086 WAT  15996 15998     3  4086  3783    
 4087 WAT  15999 16001     3  4087  3784    
 4088 WAT  16002 16004     3  4088  3785    
 4089 WAT  16005 16007     3  4089  3786    
 4090 WAT  16008 16010     3  4090  3787    
 4091 WAT  16011 16013     3  4091  3788    
 4092 WAT  16014 16016     3  4092  3789    
 4093 WAT  16017 16019     3  4093  3790    
 4094 WAT  16020 16022     3  4094  3791    
 4095 WAT  16023 16025     3  4095  3792    
 4096 WAT  16026 16028     3  4096  3793    
 4097 WAT  16029 16031     3  4097  3794    
 4098 WAT  16032 16034     3  4098  3795    
 4099 WAT  16035 16037     3  4099  3796    
 4100 WAT  16038 16040     3  4100  3797    
 4101 WAT  16041 16043     3  4101  3798    
 4102 WAT  16044 16046     3  4102  3799    
 4103 WAT  16047 16049     3  4103  3800    
 4104 WAT  16050 16052     3  4104  3801    
 4105 WAT  16053 16055     3  4105  3802    
 4106 WAT  16056 16058     3  4106  3803    
 4107 WAT  16059 16061     3  4107  3804    
 4108 WAT  16062 16064     3  4108  3805    
 4109 WAT  16065 16067     3  4109  3806    
 4110 WAT  16068 16070     3  4110  3807    
 4111 WAT  16071 16073     3  4111  3808    
 4112 WAT  16074 16076     3  4112  3809    
 4113 WAT  16077 16079     3  4113  3810    
 4114 WAT  16080 16082     3  4114  3811    
 4115 WAT  16083 16085     3  4115  3812    
 4116 WAT  16086 16088     3  4116  3813    
 4117 WAT  16089 16091     3  4117  3814    
 4118 WAT  16092 16094     3  4118  3815    
 4119 WAT  16095 16097     3  4119  3816    
 4120 WAT  16098 16100     3  4120  3817    
 4121 WAT  16101 16103     3  4121  3818    
 4122 WAT  16104 16106     3  4122  3819    
 4123 WAT  16107 16109     3  4123  3820    
 4124 WAT  16110 16112     3  4124  3821    
 4125 WAT  16113 16115     3  4125  3822    
 4126 WAT  16116 16118     3  4126  3823    
 4127 WAT  16119 16121     3  4127  3824    
 4128 WAT  16122 16124     3  4128  3825    
 4129 WAT  16125 16127     3  4129  3826    
 4130 WAT  16128 16130     3  4130  3827    
 4131 WAT  16131 16133     3  4131  3828    
 4132 WAT  16134 16136     3  4132  3829    
 4133 WAT  16137 16139     3  4133  3830    
 4134 WAT  16140 16142     3  4134  3831    
 4135 WAT  16143 16145     3  4135  3832    
 4136 WAT  16146 16148     3  4136  3833    
 4137 WAT  16149 16151     3  4137  3834    
 4138 WAT  16152 16154     3  4138  3835    
 4139 WAT  16155 16157     3  4139  3836    
 4140 WAT  16158 16160     3  4140  3837    
 4141 WAT  16161 16163     3  4141  3838    
 4142 WAT  16164 16166     3  4142  3839    
 4143 WAT  16167 16169     3  4143  3840    
 4144 WAT  16170 16172     3  4144  3841    
 4145 WAT  16173 16175     3  4145  3842    
 4146 WAT  16176 16178     3  4146  3843    
 4147 WAT  16179 16181     3  4147  3844    
 4148 WAT  16182 16184     3  4148  3845    
 4149 WAT  16185 16187     3  4149  3846    
 4150 WAT  16188 16190     3  4150  3847    
 4151 WAT  16191 16193     3  4151  3848    
 4152 WAT  16194 16196     3  4152  3849    
 4153 WAT  16197 16199     3  4153  3850    
 4154 WAT  16200 16202     3  4154  3851    
 4155 WAT  16203 16205     3  4155  3852    
 4156 WAT  16206 16208     3  4156  3853    
 4157 WAT  16209 16211     3  4157  3854    
 4158 WAT  16212 16214     3  4158  3855    
 4159 WAT  16215 16217     3  4159  3856    
 4160 WAT  16218 16220     3  4160  3857    
 4161 WAT  16221 16223     3  4161  3858    
 4162 WAT  16224 16226     3  4162  3859    
 4163 WAT  16227 16229     3  4163  3860    
 4164 WAT  16230 16232     3  4164  3861    
 4165 WAT  16233 16235     3  4165  3862    
 4166 WAT  16236 16238     3  4166  3863    
 4167 WAT  16239 16241     3  4167  3864    
 4168 WAT  16242 16244     3  4168  3865    
 4169 WAT  16245 16247     3  4169  3866    
 4170 WAT  16248 16250     3  4170  3867    
 4171 WAT  16251 16253     3  4171  3868    
 4172 WAT  16254 16256     3  4172  3869    
 4173 WAT  16257 16259     3  4173  3870    
 4174 WAT  16260 16262     3  4174  3871    
 4175 WAT  16263 16265     3  4175  3872    
 4176 WAT  16266 16268     3  4176  3873    
 4177 WAT  16269 16271     3  4177  3874    
 4178 WAT  16272 16274     3  4178  3875    
 4179 WAT  16275 16277     3  4179  3876    
 4180 WAT  16278 16280     3  4180  3877    
 4181 WAT  16281 16283     3  4181  3878    
 4182 WAT  16284 16286     3  4182  3879    
 4183 WAT  16287 16289     3  4183  3880    
 4184 WAT  16290 16292     3  4184  3881    
 4185 WAT  16293 16295     3  4185  3882    
 4186 WAT  16296 16298     3  4186  3883    
 4187 WAT  16299 16301     3  4187  3884    
 4188 WAT  16302 16304     3  4188  3885    
 4189 WAT  16305 16307     3  4189  3886    
 4190 WAT  16308 16310     3  4190  3887    
 4191 WAT  16311 16313     3  4191  3888    
 4192 WAT  16314 16316     3  4192  3889    
 4193 WAT  16317 16319     3  4193  3890    
 4194 WAT  16320 16322     3  4194  3891    
 4195 WAT  16323 16325     3  4195  3892    
 4196 WAT  16326 16328     3  4196  3893    
 4197 WAT  16329 16331     3  4197  3894    
 4198 WAT  16332 16334     3  4198  3895    
 4199 WAT  16335 16337     3  4199  3896    
 4200 WAT  16338 16340     3  4200  3897    
 4201 WAT  16341 16343     3  4201  3898    
 4202 WAT  16344 16346     3  4202  3899    
 4203 WAT  16347 16349     3  4203  3900    
 4204 WAT  16350 16352     3  4204  3901    
 4205 WAT  16353 16355     3  4205  3902    
 4206 WAT  16356 16358     3  4206  3903    
 4207 WAT  16359 16361     3  4207  3904    
 4208 WAT  16362 16364     3  4208  3905    
 4209 WAT  16365 16367     3  4209  3906    
 4210 WAT  16368 16370     3  4210  3907    
 4211 WAT  16371 16373     3  4211  3908    
 4212 WAT  16374 16376     3  4212  3909    
 4213 WAT  16377 16379     3  4213  3910    
 4214 WAT  16380 16382     3  4214  3911    
 4215 WAT  16383 16385     3  4215  3912    
 4216 WAT  16386 16388     3  4216  3913    
 4217 WAT  16389 16391     3  4217  3914    
 4218 WAT  16392 16394     3  4218  3915    
 4219 WAT  16395 16397     3  4219  3916    
 4220 WAT  16398 16400     3  4220  3917    
 4221 WAT  16401 16403     3  4221  3918    
 4222 WAT  16404 16406     3  4222  3919    
 4223 WAT  16407 16409     3  4223  3920    
 4224 WAT  16410 16412     3  4224  3921    
 4225 WAT  16413 16415     3  4225  3922    
 4226 WAT  16416 16418     3  4226  3923    
 4227 WAT  16419 16421     3  4227  3924    
 4228 WAT  16422 16424     3  4228  3925    
 4229 WAT  16425 16427     3  4229  3926    
 4230 WAT  16428 16430     3  4230  3927    
 4231 WAT  16431 16433     3  4231  3928    
 4232 WAT  16434 16436     3  4232  3929    
 4233 WAT  16437 16439     3  4233  3930    
 4234 WAT  16440 16442     3  4234  3931    
 4235 WAT  16443 16445     3  4235  3932    
 4236 WAT  16446 16448     3  4236  3933    
 4237 WAT  16449 16451     3  4237  3934    
 4238 WAT  16452 16454     3  4238  3935    
 4239 WAT  16455 16457     3  4239  3936    
 4240 WAT  16458 16460     3  4240  3937    
 4241 WAT  16461 16463     3  4241  3938    
 4242 WAT  16464 16466     3  4242  3939    
 4243 WAT  16467 16469     3  4243  3940    
 4244 WAT  16470 16472     3  4244  3941    
 4245 WAT  16473 16475     3  4245  3942    
 4246 WAT  16476 16478     3  4246  3943    
 4247 WAT  16479 16481     3  4247  3944    
 4248 WAT  16482 16484     3  4248  3945    
 4249 WAT  16485 16487     3  4249  3946    
 4250 WAT  16488 16490     3  4250  3947    
 4251 WAT  16491 16493     3  4251  3948    
 4252 WAT  16494 16496     3  4252  3949    
 4253 WAT  16497 16499     3  4253  3950    
 4254 WAT  16500 16502     3  4254  3951    
 4255 WAT  16503 16505     3  4255  3952    
 4256 WAT  16506 16508     3  4256  3953    
 4257 WAT  16509 16511     3  4257  3954    
 4258 WAT  16512 16514     3  4258  3955    
 4259 WAT  16515 16517     3  4259  3956    
 4260 WAT  16518 16520     3  4260  3957    
 4261 WAT  16521 16523     3  4261  3958    
 4262 WAT  16524 16526     3  4262  3959    
 4263 WAT  16527 16529     3  4263  3960    
 4264 WAT  16530 16532     3  4264  3961    
 4265 WAT  16533 16535     3  4265  3962    
 4266 WAT  16536 16538     3  4266  3963    
 4267 WAT  16539 16541     3  4267  3964    
 4268 WAT  16542 16544     3  4268  3965    
 4269 WAT  16545 16547     3  4269  3966    
 4270 WAT  16548 16550     3  4270  3967    
 4271 WAT  16551 16553     3  4271  3968    
 4272 WAT  16554 16556     3  4272  3969    
 4273 WAT  16557 16559     3  4273  3970    
 4274 WAT  16560 16562     3  4274  3971    
 4275 WAT  16563 16565     3  4275  3972    
 4276 WAT  16566 16568     3  4276  3973    
 4277 WAT  16569 16571     3  4277  3974    
 4278 WAT  16572 16574     3  4278  3975    
 4279 WAT  16575 16577     3  4279  3976    
 4280 WAT  16578 16580     3  4280  3977    
 4281 WAT  16581 16583     3  4281  3978    
 4282 WAT  16584 16586     3  4282  3979    
 4283 WAT  16587 16589     3  4283  3980    
 4284 WAT  16590 16592     3  4284  3981    
 4285 WAT  16593 16595     3  4285  3982    
 4286 WAT  16596 16598     3  4286  3983    
 4287 WAT  16599 16601     3  4287  3984    
 4288 WAT  16602 16604     3  4288  3985    
 4289 WAT  16605 16607     3  4289  3986    
 4290 WAT  16608 16610     3  4290  3987    
 4291 WAT  16611 16613     3  4291  3988    
 4292 WAT  16614 16616     3  4292  3989    
 4293 WAT  16617 16619     3  4293  3990    
 4294 WAT  16620 16622     3  4294  3991    
 4295 WAT  16623 16625     3  4295  3992    
 4296 WAT  16626 16628     3  4296  3993    
 4297 WAT  16629 16631     3  4297  3994    
 4298 WAT  16632 16634     3  4298  3995    
 4299 WAT  16635 16637     3  4299  3996    
 4300 WAT  16638 16640     3  4300  3997    
 4301 WAT  16641 16643     3  4301  3998    
 4302 WAT  16644 16646     3  4302  3999    
 4303 WAT  16647 16649     3  4303  4000    
 4304 WAT  16650 16652     3  4304  4001    
 4305 WAT  16653 16655     3  4305  4002    
 4306 WAT  16656 16658     3  4306  4003    
 4307 WAT  16659 16661     3  4307  4004    
 4308 WAT  16662 16664     3  4308  4005    
 4309 WAT  16665 16667     3  4309  4006    
 4310 WAT  16668 16670     3  4310  4007    
 4311 WAT  16671 16673     3  4311  4008    
 4312 WAT  16674 16676     3  4312  4009    
 4313 WAT  16677 16679     3  4313  4010    
 4314 WAT  16680 16682     3  4314  4011    
 4315 WAT  16683 16685     3  4315  4012    
 4316 WAT  16686 16688     3  4316  4013    
 4317 WAT  16689 16691     3  4317  4014    
 4318 WAT  16692 16694     3  4318  4015    
 4319 WAT  16695 16697     3  4319  4016    
 4320 WAT  16698 16700     3  4320  4017    
 4321 WAT  16701 16703     3  4321  4018    
 4322 WAT  16704 16706     3  4322  4019    
 4323 WAT  16707 16709     3  4323  4020    
 4324 WAT  16710 16712     3  4324  4021    
 4325 WAT  16713 16715     3  4325  4022    
 4326 WAT  16716 16718     3  4326  4023    
 4327 WAT  16719 16721     3  4327  4024    
 4328 WAT  16722 16724     3  4328  4025    
 4329 WAT  16725 16727     3  4329  4026    
 4330 WAT  16728 16730     3  4330  4027    
 4331 WAT  16731 16733     3  4331  4028    
 4332 WAT  16734 16736     3  4332  4029    
 4333 WAT  16737 16739     3  4333  4030    
 4334 WAT  16740 16742     3  4334  4031    
 4335 WAT  16743 16745     3  4335  4032    
 4336 WAT  16746 16748     3  4336  4033    
 4337 WAT  16749 16751     3  4337  4034    
 4338 WAT  16752 16754     3  4338  4035    
 4339 WAT  16755 16757     3  4339  4036    
 4340 WAT  16758 16760     3  4340  4037    
 4341 WAT  16761 16763     3  4341  4038    
 4342 WAT  16764 16766     3  4342  4039    
 4343 WAT  16767 16769     3  4343  4040    
 4344 WAT  16770 16772     3  4344  4041    
 4345 WAT  16773 16775     3  4345  4042    
 4346 WAT  16776 16778     3  4346  4043    
 4347 WAT  16779 16781     3  4347  4044    
 4348 WAT  16782 16784     3  4348  4045    
 4349 WAT  16785 16787     3  4349  4046    
 4350 WAT  16788 16790     3  4350  4047    
 4351 WAT  16791 16793     3  4351  4048    
 4352 WAT  16794 16796     3  4352  4049    
 4353 WAT  16797 16799     3  4353  4050    
 4354 WAT  16800 16802     3  4354  4051    
 4355 WAT  16803 16805     3  4355  4052    
 4356 WAT  16806 16808     3  4356  4053    
 4357 WAT  16809 16811     3  4357  4054    
 4358 WAT  16812 16814     3  4358  4055    
 4359 WAT  16815 16817     3  4359  4056    
 4360 WAT  16818 16820     3  4360  4057    
 4361 WAT  16821 16823     3  4361  4058    
 4362 WAT  16824 16826     3  4362  4059    
 4363 WAT  16827 16829     3  4363  4060    
 4364 WAT  16830 16832     3  4364  4061    
 4365 WAT  16833 16835     3  4365  4062    
 4366 WAT  16836 16838     3  4366  4063    
 4367 WAT  16839 16841     3  4367  4064    
 4368 WAT  16842 16844     3  4368  4065    
 4369 WAT  16845 16847     3  4369  4066    
 4370 WAT  16848 16850     3  4370  4067    
 4371 WAT  16851 16853     3  4371  4068    
 4372 WAT  16854 16856     3  4372  4069    
 4373 WAT  16857 16859     3  4373  4070    
 4374 WAT  16860 16862     3  4374  4071    
 4375 WAT  16863 16865     3  4375  4072    
 4376 WAT  16866 16868     3  4376  4073    
 4377 WAT  16869 16871     3  4377  4074    
 4378 WAT  16872 16874     3  4378  4075    
 4379 WAT  16875 16877     3  4379  4076    
 4380 WAT  16878 16880     3  4380  4077    
 4381 WAT  16881 16883     3  4381  4078    
 4382 WAT  16884 16886     3  4382  4079    
 4383 WAT  16887 16889     3  4383  4080    
 4384 WAT  16890 16892     3  4384  4081    
 4385 WAT  16893 16895     3  4385  4082    
 4386 WAT  16896 16898     3  4386  4083    
 4387 WAT  16899 16901     3  4387  4084    
 4388 WAT  16902 16904     3  4388  4085    
 4389 WAT  16905 16907     3  4389  4086    
 4390 WAT  16908 16910     3  4390  4087    
 4391 WAT  16911 16913     3  4391  4088    
 4392 WAT  16914 16916     3  4392  4089    
 4393 WAT  16917 16919     3  4393  4090    
 4394 WAT  16920 16922     3  4394  4091    
 4395 WAT  16923 16925     3  4395  4092    
 4396 WAT  16926 16928     3  4396  4093    
 4397 WAT  16929 16931     3  4397  4094    
 4398 WAT  16932 16934     3  4398  4095    
 4399 WAT  16935 16937     3  4399  4096    
 4400 WAT  16938 16940     3  4400  4097    
 4401 WAT  16941 16943     3  4401  4098    
 4402 WAT  16944 16946     3  4402  4099    
 4403 WAT  16947 16949     3  4403  4100    
 4404 WAT  16950 16952     3  4404  4101    
 4405 WAT  16953 16955     3  4405  4102    
 4406 WAT  16956 16958     3  4406  4103    
 4407 WAT  16959 16961     3  4407  4104    
 4408 WAT  16962 16964     3  4408  4105    
 4409 WAT  16965 16967     3  4409  4106    
 4410 WAT  16968 16970     3  4410  4107    
 4411 WAT  16971 16973     3  4411  4108    
 4412 WAT  16974 16976     3  4412  4109    
 4413 WAT  16977 16979     3  4413  4110    
 4414 WAT  16980 16982     3  4414  4111    
 4415 WAT  16983 16985     3  4415  4112    
 4416 WAT  16986 16988     3  4416  4113    
 4417 WAT  16989 16991     3  4417  4114    
 4418 WAT  16992 16994     3  4418  4115    
 4419 WAT  16995 16997     3  4419  4116    
 4420 WAT  16998 17000     3  4420  4117    
 4421 WAT  17001 17003     3  4421  4118    
 4422 WAT  17004 17006     3  4422  4119    
 4423 WAT  17007 17009     3  4423  4120    
 4424 WAT  17010 17012     3  4424  4121    
 4425 WAT  17013 17015     3  4425  4122    
 4426 WAT  17016 17018     3  4426  4123    
 4427 WAT  17019 17021     3  4427  4124    
 4428 WAT  17022 17024     3  4428  4125    
 4429 WAT  17025 17027     3  4429  4126    
 4430 WAT  17028 17030     3  4430  4127    
 4431 WAT  17031 17033     3  4431  4128    
 4432 WAT  17034 17036     3  4432  4129    
 4433 WAT  17037 17039     3  4433  4130    
 4434 WAT  17040 17042     3  4434  4131    
 4435 WAT  17043 17045     3  4435  4132    
 4436 WAT  17046 17048     3  4436  4133    
 4437 WAT  17049 17051     3  4437  4134    
 4438 WAT  17052 17054     3  4438  4135    
 4439 WAT  17055 17057     3  4439  4136    
 4440 WAT  17058 17060     3  4440  4137    
 4441 WAT  17061 17063     3  4441  4138    
 4442 WAT  17064 17066     3  4442  4139    
 4443 WAT  17067 17069     3  4443  4140    
 4444 WAT  17070 17072     3  4444  4141    
 4445 WAT  17073 17075     3  4445  4142    
 4446 WAT  17076 17078     3  4446  4143    
 4447 WAT  17079 17081     3  4447  4144    
 4448 WAT  17082 17084     3  4448  4145    
 4449 WAT  17085 17087     3  4449  4146    
 4450 WAT  17088 17090     3  4450  4147    
 4451 WAT  17091 17093     3  4451  4148    
 4452 WAT  17094 17096     3  4452  4149    
 4453 WAT  17097 17099     3  4453  4150    
 4454 WAT  17100 17102     3  4454  4151    
 4455 WAT  17103 17105     3  4455  4152    
 4456 WAT  17106 17108     3  4456  4153    
 4457 WAT  17109 17111     3  4457  4154    
 4458 WAT  17112 17114     3  4458  4155    
 4459 WAT  17115 17117     3  4459  4156    
 4460 WAT  17118 17120     3  4460  4157    
 4461 WAT  17121 17123     3  4461  4158    
 4462 WAT  17124 17126     3  4462  4159    
 4463 WAT  17127 17129     3  4463  4160    
 4464 WAT  17130 17132     3  4464  4161    
 4465 WAT  17133 17135     3  4465  4162    
 4466 WAT  17136 17138     3  4466  4163    
 4467 WAT  17139 17141     3  4467  4164    
 4468 WAT  17142 17144     3  4468  4165    
 4469 WAT  17145 17147     3  4469  4166    
 4470 WAT  17148 17150     3  4470  4167    
 4471 WAT  17151 17153     3  4471  4168    
 4472 WAT  17154 17156     3  4472  4169    
 4473 WAT  17157 17159     3  4473  4170    
 4474 WAT  17160 17162     3  4474  4171    
 4475 WAT  17163 17165     3  4475  4172    
 4476 WAT  17166 17168     3  4476  4173    
 4477 WAT  17169 17171     3  4477  4174    
 4478 WAT  17172 17174     3  4478  4175    
 4479 WAT  17175 17177     3  4479  4176    
 4480 WAT  17178 17180     3  4480  4177    
 4481 WAT  17181 17183     3  4481  4178    
 4482 WAT  17184 17186     3  4482  4179    
 4483 WAT  17187 17189     3  4483  4180    
 4484 WAT  17190 17192     3  4484  4181    
 4485 WAT  17193 17195     3  4485  4182    
 4486 WAT  17196 17198     3  4486  4183    
 4487 WAT  17199 17201     3  4487  4184    
 4488 WAT  17202 17204     3  4488  4185    
 4489 WAT  17205 17207     3  4489  4186    
 4490 WAT  17208 17210     3  4490  4187    
 4491 WAT  17211 17213     3  4491  4188    
 4492 WAT  17214 17216     3  4492  4189    
 4493 WAT  17217 17219     3  4493  4190    
 4494 WAT  17220 17222     3  4494  4191    
 4495 WAT  17223 17225     3  4495  4192    
 4496 WAT  17226 17228     3  4496  4193    
 4497 WAT  17229 17231     3  4497  4194    
 4498 WAT  17232 17234     3  4498  4195    
 4499 WAT  17235 17237     3  4499  4196    
 4500 WAT  17238 17240     3  4500  4197    
 4501 WAT  17241 17243     3  4501  4198    
 4502 WAT  17244 17246     3  4502  4199    
 4503 WAT  17247 17249     3  4503  4200    
 4504 WAT  17250 17252     3  4504  4201    
 4505 WAT  17253 17255     3  4505  4202    
 4506 WAT  17256 17258     3  4506  4203    
 4507 WAT  17259 17261     3  4507  4204    
 4508 WAT  17262 17264     3  4508  4205    
 4509 WAT  17265 17267     3  4509  4206    
 4510 WAT  17268 17270     3  4510  4207    
 4511 WAT  17271 17273     3  4511  4208    
 4512 WAT  17274 17276     3  4512  4209    
 4513 WAT  17277 17279     3  4513  4210    
 4514 WAT  17280 17282     3  4514  4211    
 4515 WAT  17283 17285     3  4515  4212    
 4516 WAT  17286 17288     3  4516  4213    
 4517 WAT  17289 17291     3  4517  4214    
 4518 WAT  17292 17294     3  4518  4215    
 4519 WAT  17295 17297     3  4519  4216    
 4520 WAT  17298 17300     3  4520  4217    
 4521 WAT  17301 17303     3  4521  4218    
 4522 WAT  17304 17306     3  4522  4219    
 4523 WAT  17307 17309     3  4523  4220    
 4524 WAT  17310 17312     3  4524  4221    
 4525 WAT  17313 17315     3  4525  4222    
 4526 WAT  17316 17318     3  4526  4223    
 4527 WAT  17319 17321     3  4527  4224    
 4528 WAT  17322 17324     3  4528  4225    
 4529 WAT  17325 17327     3  4529  4226    
 4530 WAT  17328 17330     3  4530  4227    
 4531 WAT  17331 17333     3  4531  4228    
 4532 WAT  17334 17336     3  4532  4229    
 4533 WAT  17337 17339     3  4533  4230    
 4534 WAT  17340 17342     3  4534  4231    
 4535 WAT  17343 17345     3  4535  4232    
 4536 WAT  17346 17348     3  4536  4233    
 4537 WAT  17349 17351     3  4537  4234    
 4538 WAT  17352 17354     3  4538  4235    
 4539 WAT  17355 17357     3  4539  4236    
 4540 WAT  17358 17360     3  4540  4237    
 4541 WAT  17361 17363     3  4541  4238    
 4542 WAT  17364 17366     3  4542  4239    
 4543 WAT  17367 17369     3  4543  4240    
 4544 WAT  17370 17372     3  4544  4241    
 4545 WAT  17373 17375     3  4545  4242    
 4546 WAT  17376 17378     3  4546  4243    
 4547 WAT  17379 17381     3  4547  4244    
 4548 WAT  17382 17384     3  4548  4245    
 4549 WAT  17385 17387     3  4549  4246    
 4550 WAT  17388 17390     3  4550  4247    
 4551 WAT  17391 17393     3  4551  4248    
 4552 WAT  17394 17396     3  4552  4249    
 4553 WAT  17397 17399     3  4553  4250    
 4554 WAT  17400 17402     3  4554  4251    
 4555 WAT  17403 17405     3  4555  4252    
 4556 WAT  17406 17408     3  4556  4253    
 4557 WAT  17409 17411     3  4557  4254    
 4558 WAT  17412 17414     3  4558  4255    
 4559 WAT  17415 17417     3  4559  4256    
 4560 WAT  17418 17420     3  4560  4257    
 4561 WAT  17421 17423     3  4561  4258    
 4562 WAT  17424 17426     3  4562  4259    
 4563 WAT  17427 17429     3  4563  4260    
 4564 WAT  17430 17432     3  4564  4261    
 4565 WAT  17433 17435     3  4565  4262    
 4566 WAT  17436 17438     3  4566  4263    
 4567 WAT  17439 17441     3  4567  4264    
 4568 WAT  17442 17444     3  4568  4265    
 4569 WAT  17445 17447     3  4569  4266    
 4570 WAT  17448 17450     3  4570  4267    
 4571 WAT  17451 17453     3  4571  4268    
 4572 WAT  17454 17456     3  4572  4269    
 4573 WAT  17457 17459     3  4573  4270    
 4574 WAT  17460 17462     3  4574  4271    
 4575 WAT  17463 17465     3  4575  4272    
 4576 WAT  17466 17468     3  4576  4273    
 4577 WAT  17469 17471     3  4577  4274    
 4578 WAT  17472 17474     3  4578  4275    
 4579 WAT  17475 17477     3  4579  4276    
 4580 WAT  17478 17480     3  4580  4277    
 4581 WAT  17481 17483     3  4581  4278    
 4582 WAT  17484 17486     3  4582  4279    
 4583 WAT  17487 17489     3  4583  4280    
 4584 WAT  17490 17492     3  4584  4281    
 4585 WAT  17493 17495     3  4585  4282    
 4586 WAT  17496 17498     3  4586  4283    
 4587 WAT  17499 17501     3  4587  4284    
 4588 WAT  17502 17504     3  4588  4285    
 4589 WAT  17505 17507     3  4589  4286    
 4590 WAT  17508 17510     3  4590  4287    
 4591 WAT  17511 17513     3  4591  4288    
 4592 WAT  17514 17516     3  4592  4289    
 4593 WAT  17517 17519     3  4593  4290    
 4594 WAT  17520 17522     3  4594  4291    
 4595 WAT  17523 17525     3  4595  4292    
 4596 WAT  17526 17528     3  4596  4293    
 4597 WAT  17529 17531     3  4597  4294    
 4598 WAT  17532 17534     3  4598  4295    
 4599 WAT  17535 17537     3  4599  4296    
 4600 WAT  17538 17540     3  4600  4297    
 4601 WAT  17541 17543     3  4601  4298    
 4602 WAT  17544 17546     3  4602  4299    
 4603 WAT  17547 17549     3  4603  4300    
 4604 WAT  17550 17552     3  4604  4301    
 4605 WAT  17553 17555     3  4605  4302    
 4606 WAT  17556 17558     3  4606  4303    
 4607 WAT  17559 17561     3  4607  4304    
 4608 WAT  17562 17564     3  4608  4305    
 4609 WAT  17565 17567     3  4609  4306    
 4610 WAT  17568 17570     3  4610  4307    
 4611 WAT  17571 17573     3  4611  4308    
 4612 WAT  17574 17576     3  4612  4309    
 4613 WAT  17577 17579     3  4613  4310    
 4614 WAT  17580 17582     3  4614  4311    
 4615 WAT  17583 17585     3  4615  4312    
 4616 WAT  17586 17588     3  4616  4313    
 4617 WAT  17589 17591     3  4617  4314    
 4618 WAT  17592 17594     3  4618  4315    
 4619 WAT  17595 17597     3  4619  4316    
 4620 WAT  17598 17600     3  4620  4317    
 4621 WAT  17601 17603     3  4621  4318    
 4622 WAT  17604 17606     3  4622  4319    
 4623 WAT  17607 17609     3  4623  4320    
 4624 WAT  17610 17612     3  4624  4321    
 4625 WAT  17613 17615     3  4625  4322    
 4626 WAT  17616 17618     3  4626  4323    
 4627 WAT  17619 17621     3  4627  4324    
 4628 WAT  17622 17624     3  4628  4325    
 4629 WAT  17625 17627     3  4629  4326    
 4630 WAT  17628 17630     3  4630  4327    
 4631 WAT  17631 17633     3  4631  4328    
 4632 WAT  17634 17636     3  4632  4329    
 4633 WAT  17637 17639     3  4633  4330    
 4634 WAT  17640 17642     3  4634  4331    
 4635 WAT  17643 17645     3  4635  4332    
 4636 WAT  17646 17648     3  4636  4333    
 4637 WAT  17649 17651     3  4637  4334    
 4638 WAT  17652 17654     3  4638  4335    
 4639 WAT  17655 17657     3  4639  4336    
 4640 WAT  17658 17660     3  4640  4337    
 4641 WAT  17661 17663     3  4641  4338    
 4642 WAT  17664 17666     3  4642  4339    
 4643 WAT  17667 17669     3  4643  4340    
 4644 WAT  17670 17672     3  4644  4341    
 4645 WAT  17673 17675     3  4645  4342    
 4646 WAT  17676 17678     3  4646  4343    
 4647 WAT  17679 17681     3  4647  4344    
 4648 WAT  17682 17684     3  4648  4345    
 4649 WAT  17685 17687     3  4649  4346    
 4650 WAT  17688 17690     3  4650  4347    
 4651 WAT  17691 17693     3  4651  4348    
 4652 WAT  17694 17696     3  4652  4349    
 4653 WAT  17697 17699     3  4653  4350    
 4654 WAT  17700 17702     3  4654  4351    
 4655 WAT  17703 17705     3  4655  4352    
 4656 WAT  17706 17708     3  4656  4353    
 4657 WAT  17709 17711     3  4657  4354    
 4658 WAT  17712 17714     3  4658  4355    
 4659 WAT  17715 17717     3  4659  4356    
 4660 WAT  17718 17720     3  4660  4357    
 4661 WAT  17721 17723     3  4661  4358    
 4662 WAT  17724 17726     3  4662  4359    
 4663 WAT  17727 17729     3  4663  4360    
 4664 WAT  17730 17732     3  4664  4361    
 4665 WAT  17733 17735     3  4665  4362    
 4666 WAT  17736 17738     3  4666  4363    
 4667 WAT  17739 17741     3  4667  4364    
 4668 WAT  17742 17744     3  4668  4365    
 4669 WAT  17745 17747     3  4669  4366    
 4670 WAT  17748 17750     3  4670  4367    
 4671 WAT  17751 17753     3  4671  4368    
 4672 WAT  17754 17756     3  4672  4369    
 4673 WAT  17757 17759     3  4673  4370    
 4674 WAT  17760 17762     3  4674  4371    
 4675 WAT  17763 17765     3  4675  4372    
 4676 WAT  17766 17768     3  4676  4373    
 4677 WAT  17769 17771     3  4677  4374    
 4678 WAT  17772 17774     3  4678  4375    
 4679 WAT  17775 17777     3  4679  4376    
 4680 WAT  17778 17780     3  4680  4377    
 4681 WAT  17781 17783     3  4681  4378    
 4682 WAT  17784 17786     3  4682  4379    
 4683 WAT  17787 17789     3  4683  4380    
 4684 WAT  17790 17792     3  4684  4381    
 4685 WAT  17793 17795     3  4685  4382    
 4686 WAT  17796 17798     3  4686  4383    
 4687 WAT  17799 17801     3  4687  4384    
 4688 WAT  17802 17804     3  4688  4385    
 4689 WAT  17805 17807     3  4689  4386    
 4690 WAT  17808 17810     3  4690  4387    
 4691 WAT  17811 17813     3  4691  4388    
 4692 WAT  17814 17816     3  4692  4389    
 4693 WAT  17817 17819     3  4693  4390    
 4694 WAT  17820 17822     3  4694  4391    
 4695 WAT  17823 17825     3  4695  4392    
 4696 WAT  17826 17828     3  4696  4393    
 4697 WAT  17829 17831     3  4697  4394    
 4698 WAT  17832 17834     3  4698  4395    
 4699 WAT  17835 17837     3  4699  4396    
 4700 WAT  17838 17840     3  4700  4397    
 4701 WAT  17841 17843     3  4701  4398    
 4702 WAT  17844 17846     3  4702  4399    
 4703 WAT  17847 17849     3  4703  4400    
 4704 WAT  17850 17852     3  4704  4401    
 4705 WAT  17853 17855     3  4705  4402    
 4706 WAT  17856 17858     3  4706  4403    
 4707 WAT  17859 17861     3  4707  4404    
 4708 WAT  17862 17864     3  4708  4405    
 4709 WAT  17865 17867     3  4709  4406    
 4710 WAT  17868 17870     3  4710  4407    
 4711 WAT  17871 17873     3  4711  4408    
 4712 WAT  17874 17876     3  4712  4409    
 4713 WAT  17877 17879     3  4713  4410    
 4714 WAT  17880 17882     3  4714  4411    
 4715 WAT  17883 17885     3  4715  4412    
 4716 WAT  17886 17888     3  4716  4413    
 4717 WAT  17889 17891     3  4717  4414    
 4718 WAT  17892 17894     3  4718  4415    
 4719 WAT  17895 17897     3  4719  4416    
 4720 WAT  17898 17900     3  4720  4417    
 4721 WAT  17901 17903     3  4721  4418    
 4722 WAT  17904 17906     3  4722  4419    
 4723 WAT  17907 17909     3  4723  4420    
 4724 WAT  17910 17912     3  4724  4421    
 4725 WAT  17913 17915     3  4725  4422    
 4726 WAT  17916 17918     3  4726  4423    
 4727 WAT  17919 17921     3  4727  4424    
 4728 WAT  17922 17924     3  4728  4425    
 4729 WAT  17925 17927     3  4729  4426    
 4730 WAT  17928 17930     3  4730  4427    
 4731 WAT  17931 17933     3  4731  4428    
 4732 WAT  17934 17936     3  4732  4429    
 4733 WAT  17937 17939     3  4733  4430    
 4734 WAT  17940 17942     3  4734  4431    
 4735 WAT  17943 17945     3  4735  4432    
 4736 WAT  17946 17948     3  4736  4433    
 4737 WAT  17949 17951     3  4737  4434    
 4738 WAT  17952 17954     3  4738  4435    
 4739 WAT  17955 17957     3  4739  4436    
 4740 WAT  17958 17960     3  4740  4437    
 4741 WAT  17961 17963     3  4741  4438    
 4742 WAT  17964 17966     3  4742  4439    
 4743 WAT  17967 17969     3  4743  4440    
 4744 WAT  17970 17972     3  4744  4441    
 4745 WAT  17973 17975     3  4745  4442    
 4746 WAT  17976 17978     3  4746  4443    
 4747 WAT  17979 17981     3  4747  4444    
 4748 WAT  17982 17984     3  4748  4445    
 4749 WAT  17985 17987     3  4749  4446    
 4750 WAT  17988 17990     3  4750  4447    
 4751 WAT  17991 17993     3  4751  4448    
 4752 WAT  17994 17996     3  4752  4449    
 4753 WAT  17997 17999     3  4753  4450    
 4754 WAT  18000 18002     3  4754  4451    
 4755 WAT  18003 18005     3  4755  4452    
 4756 WAT  18006 18008     3  4756  4453    
 4757 WAT  18009 18011     3  4757  4454    
 4758 WAT  18012 18014     3  4758  4455    
 4759 WAT  18015 18017     3  4759  4456    
 4760 WAT  18018 18020     3  4760  4457    
 4761 WAT  18021 18023     3  4761  4458    
 4762 WAT  18024 18026     3  4762  4459    
 4763 WAT  18027 18029     3  4763  4460    
 4764 WAT  18030 18032     3  4764  4461    
 4765 WAT  18033 18035     3  4765  4462    
 4766 WAT  18036 18038     3  4766  4463    
 4767 WAT  18039 18041     3  4767  4464    
 4768 WAT  18042 18044     3  4768  4465    
 4769 WAT  18045 18047     3  4769  4466    
 4770 WAT  18048 18050     3  4770  4467    
 4771 WAT  18051 18053     3  4771  4468    
 4772 WAT  18054 18056     3  4772  4469    
 4773 WAT  18057 18059     3  4773  4470    
 4774 WAT  18060 18062     3  4774  4471    
 4775 WAT  18063 18065     3  4775  4472    
 4776 WAT  18066 18068     3  4776  4473    
 4777 WAT  18069 18071     3  4777  4474    
 4778 WAT  18072 18074     3  4778  4475    
 4779 WAT  18075 18077     3  4779  4476    
 4780 WAT  18078 18080     3  4780  4477    
 4781 WAT  18081 18083     3  4781  4478    
 4782 WAT  18084 18086     3  4782  4479    
 4783 WAT  18087 18089     3  4783  4480    
 4784 WAT  18090 18092     3  4784  4481    
 4785 WAT  18093 18095     3  4785  4482    
 4786 WAT  18096 18098     3  4786  4483    
 4787 WAT  18099 18101     3  4787  4484    
 4788 WAT  18102 18104     3  4788  4485    
 4789 WAT  18105 18107     3  4789  4486    
 4790 WAT  18108 18110     3  4790  4487    
 4791 WAT  18111 18113     3  4791  4488    
 4792 WAT  18114 18116     3  4792  4489    
 4793 WAT  18117 18119     3  4793  4490    
 4794 WAT  18120 18122     3  4794  4491    
 4795 WAT  18123 18125     3  4795  4492    
 4796 WAT  18126 18128     3  4796  4493    
 4797 WAT  18129 18131     3  4797  4494    
 4798 WAT  18132 18134     3  4798  4495    
 4799 WAT  18135 18137     3  4799  4496    
 4800 WAT  18138 18140     3  4800  4497    
 4801 WAT  18141 18143     3  4801  4498    
 4802 WAT  18144 18146     3  4802  4499    
 4803 WAT  18147 18149     3  4803  4500    
 4804 WAT  18150 18152     3  4804  4501    
 4805 WAT  18153 18155     3  4805  4502    
 4806 WAT  18156 18158     3  4806  4503    
 4807 WAT  18159 18161     3  4807  4504    
 4808 WAT  18162 18164     3  4808  4505    
 4809 WAT  18165 18167     3  4809  4506    
 4810 WAT  18168 18170     3  4810  4507    
 4811 WAT  18171 18173     3  4811  4508    
 4812 WAT  18174 18176     3  4812  4509    
 4813 WAT  18177 18179     3  4813  4510    
 4814 WAT  18180 18182     3  4814  4511    
 4815 WAT  18183 18185     3  4815  4512    
 4816 WAT  18186 18188     3  4816  4513    
 4817 WAT  18189 18191     3  4817  4514    
 4818 WAT  18192 18194     3  4818  4515    
 4819 WAT  18195 18197     3  4819  4516    
 4820 WAT  18198 18200     3  4820  4517    
 4821 WAT  18201 18203     3  4821  4518    
 4822 WAT  18204 18206     3  4822  4519    
 4823 WAT  18207 18209     3  4823  4520    
 4824 WAT  18210 18212     3  4824  4521    
 4825 WAT  18213 18215     3  4825  4522    
 4826 WAT  18216 18218     3  4826  4523    
 4827 WAT  18219 18221     3  4827  4524    
 4828 WAT  18222 18224     3  4828  4525    
 4829 WAT  18225 18227     3  4829  4526    
 4830 WAT  18228 18230     3  4830  4527    
 4831 WAT  18231 18233     3  4831  4528    
 4832 WAT  18234 18236     3  4832  4529    
 4833 WAT  18237 18239     3  4833  4530    
 4834 WAT  18240 18242     3  4834  4531    
 4835 WAT  18243 18245     3  4835  4532    
 4836 WAT  18246 18248     3  4836  4533    
 4837 WAT  18249 18251     3  4837  4534    
 4838 WAT  18252 18254     3  4838  4535    
 4839 WAT  18255 18257     3  4839  4536    
 4840 WAT  18258 18260     3  4840  4537    
 4841 WAT  18261 18263     3  4841  4538    
 4842 WAT  18264 18266     3  4842  4539    
 4843 WAT  18267 18269     3  4843  4540    
 4844 WAT  18270 18272     3  4844  4541    
 4845 WAT  18273 18275     3  4845  4542    
 4846 WAT  18276 18278     3  4846  4543    
 4847 WAT  18279 18281     3  4847  4544    
 4848 WAT  18282 18284     3  4848  4545    
 4849 WAT  18285 18287     3  4849  4546    
 4850 WAT  18288 18290     3  4850  4547    
 4851 WAT  18291 18293     3  4851  4548    
 4852 WAT  18294 18296     3  4852  4549    
 4853 WAT  18297 18299     3  4853  4550    
 4854 WAT  18300 18302     3  4854  4551    
 4855 WAT  18303 18305     3  4855  4552    
 4856 WAT  18306 18308     3  4856  4553    
 4857 WAT  18309 18311     3  4857  4554    
 4858 WAT  18312 18314     3  4858  4555    
 4859 WAT  18315 18317     3  4859  4556    
 4860 WAT  18318 18320     3  4860  4557    
 4861 WAT  18321 18323     3  4861  4558    
 4862 WAT  18324 18326     3  4862  4559    
 4863 WAT  18327 18329     3  4863  4560    
 4864 WAT  18330 18332     3  4864  4561    
 4865 WAT  18333 18335     3  4865  4562    
 4866 WAT  18336 18338     3  4866  4563    
 4867 WAT  18339 18341     3  4867  4564    
 4868 WAT  18342 18344     3  4868  4565    
 4869 WAT  18345 18347     3  4869  4566    
 4870 WAT  18348 18350     3  4870  4567    
 4871 WAT  18351 18353     3  4871  4568    
 4872 WAT  18354 18356     3  4872  4569    
 4873 WAT  18357 18359     3  4873  4570    
 4874 WAT  18360 18362     3  4874  4571    
 4875 WAT  18363 18365     3  4875  4572    
 4876 WAT  18366 18368     3  4876  4573    
 4877 WAT  18369 18371     3  4877  4574    
 4878 WAT  18372 18374     3  4878  4575    
 4879 WAT  18375 18377     3  4879  4576    
 4880 WAT  18378 18380     3  4880  4577    
 4881 WAT  18381 18383     3  4881  4578    
 4882 WAT  18384 18386     3  4882  4579    
 4883 WAT  18387 18389     3  4883  4580    
 4884 WAT  18390 18392     3  4884  4581    
 4885 WAT  18393 18395     3  4885  4582    
 4886 WAT  18396 18398     3  4886  4583    
 4887 WAT  18399 18401     3  4887  4584    
 4888 WAT  18402 18404     3  4888  4585    
 4889 WAT  18405 18407     3  4889  4586    
 4890 WAT  18408 18410     3  4890  4587    
 4891 WAT  18411 18413     3  4891  4588    
 4892 WAT  18414 18416     3  4892  4589    
 4893 WAT  18417 18419     3  4893  4590    
 4894 WAT  18420 18422     3  4894  4591    
 4895 WAT  18423 18425     3  4895  4592    
 4896 WAT  18426 18428     3  4896  4593    
 4897 WAT  18429 18431     3  4897  4594    
 4898 WAT  18432 18434     3  4898  4595    
 4899 WAT  18435 18437     3  4899  4596    
 4900 WAT  18438 18440     3  4900  4597    
 4901 WAT  18441 18443     3  4901  4598    
 4902 WAT  18444 18446     3  4902  4599    
 4903 WAT  18447 18449     3  4903  4600    
 4904 WAT  18450 18452     3  4904  4601    
 4905 WAT  18453 18455     3  4905  4602    
 4906 WAT  18456 18458     3  4906  4603    
 4907 WAT  18459 18461     3  4907  4604    
 4908 WAT  18462 18464     3  4908  4605    
 4909 WAT  18465 18467     3  4909  4606    
 4910 WAT  18468 18470     3  4910  4607    
 4911 WAT  18471 18473     3  4911  4608    
 4912 WAT  18474 18476     3  4912  4609    
 4913 WAT  18477 18479     3  4913  4610    
 4914 WAT  18480 18482     3  4914  4611    
 4915 WAT  18483 18485     3  4915  4612    
 4916 WAT  18486 18488     3  4916  4613    
 4917 WAT  18489 18491     3  4917  4614    
 4918 WAT  18492 18494     3  4918  4615    
 4919 WAT  18495 18497     3  4919  4616    
 4920 WAT  18498 18500     3  4920  4617    
 4921 WAT  18501 18503     3  4921  4618    
 4922 WAT  18504 18506     3  4922  4619    
 4923 WAT  18507 18509     3  4923  4620    
 4924 WAT  18510 18512     3  4924  4621    
 4925 WAT  18513 18515     3  4925  4622    
 4926 WAT  18516 18518     3  4926  4623    
 4927 WAT  18519 18521     3  4927  4624    
 4928 WAT  18522 18524     3  4928  4625    
 4929 WAT  18525 18527     3  4929  4626    
 4930 WAT  18528 18530     3  4930  4627    
 4931 WAT  18531 18533     3  4931  4628    
 4932 WAT  18534 18536     3  4932  4629    
 4933 WAT  18537 18539     3  4933  4630    
 4934 WAT  18540 18542     3  4934  4631    
 4935 WAT  18543 18545     3  4935  4632    
 4936 WAT  18546 18548     3  4936  4633    
 4937 WAT  18549 18551     3  4937  4634    
 4938 WAT  18552 18554     3  4938  4635    
 4939 WAT  18555 18557     3  4939  4636    
 4940 WAT  18558 18560     3  4940  4637    
 4941 WAT  18561 18563     3  4941  4638    
 4942 WAT  18564 18566     3  4942  4639    
 4943 WAT  18567 18569     3  4943  4640    
 4944 WAT  18570 18572     3  4944  4641    
 4945 WAT  18573 18575     3  4945  4642    
 4946 WAT  18576 18578     3  4946  4643    
 4947 WAT  18579 18581     3  4947  4644    
 4948 WAT  18582 18584     3  4948  4645    
 4949 WAT  18585 18587     3  4949  4646    
 4950 WAT  18588 18590     3  4950  4647    
 4951 WAT  18591 18593     3  4951  4648    
 4952 WAT  18594 18596     3  4952  4649    
 4953 WAT  18597 18599     3  4953  4650    
 4954 WAT  18600 18602     3  4954  4651    
 4955 WAT  18603 18605     3  4955  4652    
 4956 WAT  18606 18608     3  4956  4653    
 4957 WAT  18609 18611     3  4957  4654    
 4958 WAT  18612 18614     3  4958  4655    
 4959 WAT  18615 18617     3  4959  4656    
 4960 WAT  18618 18620     3  4960  4657    
 4961 WAT  18621 18623     3  4961  4658    
 4962 WAT  18624 18626     3  4962  4659    
 4963 WAT  18627 18629     3  4963  4660    
 4964 WAT  18630 18632     3  4964  4661    
 4965 WAT  18633 18635     3  4965  4662    
 4966 WAT  18636 18638     3  4966  4663    
 4967 WAT  18639 18641     3  4967  4664    
 4968 WAT  18642 18644     3  4968  4665    
 4969 WAT  18645 18647     3  4969  4666    
 4970 WAT  18648 18650     3  4970  4667    
 4971 WAT  18651 18653     3  4971  4668    
 4972 WAT  18654 18656     3  4972  4669    
 4973 WAT  18657 18659     3  4973  4670    
 4974 WAT  18660 18662     3  4974  4671    
 4975 WAT  18663 18665     3  4975  4672    
 4976 WAT  18666 18668     3  4976  4673    
 4977 WAT  18669 18671     3  4977  4674    
 4978 WAT  18672 18674     3  4978  4675    
 4979 WAT  18675 18677     3  4979  4676    
 4980 WAT  18678 18680     3  4980  4677    
 4981 WAT  18681 18683     3  4981  4678    
 4982 WAT  18684 18686     3  4982  4679    
 4983 WAT  18687 18689     3  4983  4680    
 4984 WAT  18690 18692     3  4984  4681    
 4985 WAT  18693 18695     3  4985  4682    
 4986 WAT  18696 18698     3  4986  4683    
 4987 WAT  18699 18701     3  4987  4684    
 4988 WAT  18702 18704     3  4988  4685    
 4989 WAT  18705 18707     3  4989  4686    
 4990 WAT  18708 18710     3  4990  4687    
 4991 WAT  18711 18713     3  4991  4688    
 4992 WAT  18714 18716     3  4992  4689    
 4993 WAT  18717 18719     3  4993  4690    
 4994 WAT  18720 18722     3  4994  4691    
 4995 WAT  18723 18725     3  4995  4692    
 4996 WAT  18726 18728     3  4996  4693    
 4997 WAT  18729 18731     3  4997  4694    
 4998 WAT  18732 18734     3  4998  4695    
 4999 WAT  18735 18737     3  4999  4696    
 5000 WAT  18738 18740     3  5000  4697    
 5001 WAT  18741 18743     3  5001  4698    
 5002 WAT  18744 18746     3  5002  4699    
 5003 WAT  18747 18749     3  5003  4700    
 5004 WAT  18750 18752     3  5004  4701    
 5005 WAT  18753 18755     3  5005  4702    
 5006 WAT  18756 18758     3  5006  4703    
 5007 WAT  18759 18761     3  5007  4704    
 5008 WAT  18762 18764     3  5008  4705    
 5009 WAT  18765 18767     3  5009  4706    
 5010 WAT  18768 18770     3  5010  4707    
 5011 WAT  18771 18773     3  5011  4708    
 5012 WAT  18774 18776     3  5012  4709    
 5013 WAT  18777 18779     3  5013  4710    
 5014 WAT  18780 18782     3  5014  4711    
 5015 WAT  18783 18785     3  5015  4712    
 5016 WAT  18786 18788     3  5016  4713    
 5017 WAT  18789 18791     3  5017  4714    
 5018 WAT  18792 18794     3  5018  4715    
 5019 WAT  18795 18797     3  5019  4716    
 5020 WAT  18798 18800     3  5020  4717    
 5021 WAT  18801 18803     3  5021  4718    
 5022 WAT  18804 18806     3  5022  4719    
 5023 WAT  18807 18809     3  5023  4720    
 5024 WAT  18810 18812     3  5024  4721    
 5025 WAT  18813 18815     3  5025  4722    
 5026 WAT  18816 18818     3  5026  4723    
 5027 WAT  18819 18821     3  5027  4724    
 5028 WAT  18822 18824     3  5028  4725    
 5029 WAT  18825 18827     3  5029  4726    
 5030 WAT  18828 18830     3  5030  4727    
 5031 WAT  18831 18833     3  5031  4728    
 5032 WAT  18834 18836     3  5032  4729    
 5033 WAT  18837 18839     3  5033  4730    
 5034 WAT  18840 18842     3  5034  4731    
 5035 WAT  18843 18845     3  5035  4732    
 5036 WAT  18846 18848     3  5036  4733    
 5037 WAT  18849 18851     3  5037  4734    
 5038 WAT  18852 18854     3  5038  4735    
 5039 WAT  18855 18857     3  5039  4736    
 5040 WAT  18858 18860     3  5040  4737    
 5041 WAT  18861 18863     3  5041  4738    
 5042 WAT  18864 18866     3  5042  4739    
 5043 WAT  18867 18869     3  5043  4740    
 5044 WAT  18870 18872     3  5044  4741    
 5045 WAT  18873 18875     3  5045  4742    
 5046 WAT  18876 18878     3  5046  4743    
 5047 WAT  18879 18881     3  5047  4744    
 5048 WAT  18882 18884     3  5048  4745    
 5049 WAT  18885 18887     3  5049  4746    
 5050 WAT  18888 18890     3  5050  4747    
 5051 WAT  18891 18893     3  5051  4748    
 5052 WAT  18894 18896     3  5052  4749    
 5053 WAT  18897 18899     3  5053  4750    
 5054 WAT  18900 18902     3  5054  4751    
 5055 WAT  18903 18905     3  5055  4752    
 5056 WAT  18906 18908     3  5056  4753    
 5057 WAT  18909 18911     3  5057  4754    
 5058 WAT  18912 18914     3  5058  4755    
 5059 WAT  18915 18917     3  5059  4756    
 5060 WAT  18918 18920     3  5060  4757    
 5061 WAT  18921 18923     3  5061  4758    
 5062 WAT  18924 18926     3  5062  4759    
 5063 WAT  18927 18929     3  5063  4760    
 5064 WAT  18930 18932     3  5064  4761    
 5065 WAT  18933 18935     3  5065  4762    
 5066 WAT  18936 18938     3  5066  4763    
 5067 WAT  18939 18941     3  5067  4764    
 5068 WAT  18942 18944     3  5068  4765    
 5069 WAT  18945 18947     3  5069  4766    
 5070 WAT  18948 18950     3  5070  4767    
 5071 WAT  18951 18953     3  5071  4768    
 5072 WAT  18954 18956     3  5072  4769    
 5073 WAT  18957 18959     3  5073  4770    
 5074 WAT  18960 18962     3  5074  4771    
 5075 WAT  18963 18965     3  5075  4772    
 5076 WAT  18966 18968     3  5076  4773    
 5077 WAT  18969 18971     3  5077  4774    
 5078 WAT  18972 18974     3  5078  4775    
 5079 WAT  18975 18977     3  5079  4776    
 5080 WAT  18978 18980     3  5080  4777    
 5081 WAT  18981 18983     3  5081  4778    
 5082 WAT  18984 18986     3  5082  4779    
 5083 WAT  18987 18989     3  5083  4780    
 5084 WAT  18990 18992     3  5084  4781    
 5085 WAT  18993 18995     3  5085  4782    
 5086 WAT  18996 18998     3  5086  4783    
 5087 WAT  18999 19001     3  5087  4784    
 5088 WAT  19002 19004     3  5088  4785    
 5089 WAT  19005 19007     3  5089  4786    
 5090 WAT  19008 19010     3  5090  4787    
 5091 WAT  19011 19013     3  5091  4788    
 5092 WAT  19014 19016     3  5092  4789    
 5093 WAT  19017 19019     3  5093  4790    
 5094 WAT  19020 19022     3  5094  4791    
 5095 WAT  19023 19025     3  5095  4792    
 5096 WAT  19026 19028     3  5096  4793    
 5097 WAT  19029 19031     3  5097  4794    
 5098 WAT  19032 19034     3  5098  4795    
 5099 WAT  19035 19037     3  5099  4796    
 5100 WAT  19038 19040     3  5100  4797    
 5101 WAT  19041 19043     3  5101  4798    
 5102 WAT  19044 19046     3  5102  4799    
 5103 WAT  19047 19049     3  5103  4800    
 5104 WAT  19050 19052     3  5104  4801    
 5105 WAT  19053 19055     3  5105  4802    
 5106 WAT  19056 19058     3  5106  4803    
 5107 WAT  19059 19061     3  5107  4804    
 5108 WAT  19062 19064     3  5108  4805    
 5109 WAT  19065 19067     3  5109  4806    
 5110 WAT  19068 19070     3  5110  4807    
 5111 WAT  19071 19073     3  5111  4808    
 5112 WAT  19074 19076     3  5112  4809    
 5113 WAT  19077 19079     3  5113  4810    
 5114 WAT  19080 19082     3  5114  4811    
 5115 WAT  19083 19085     3  5115  4812    
 5116 WAT  19086 19088     3  5116  4813    
 5117 WAT  19089 19091     3  5117  4814    
 5118 WAT  19092 19094     3  5118  4815    
 5119 WAT  19095 19097     3  5119  4816    
 5120 WAT  19098 19100     3  5120  4817    
 5121 WAT  19101 19103     3  5121  4818    
 5122 WAT  19104 19106     3  5122  4819    
 5123 WAT  19107 19109     3  5123  4820    
 5124 WAT  19110 19112     3  5124  4821    
 5125 WAT  19113 19115     3  5125  4822    
 5126 WAT  19116 19118     3  5126  4823    
 5127 WAT  19119 19121     3  5127  4824    
 5128 WAT  19122 19124     3  5128  4825    
 5129 WAT  19125 19127     3  5129  4826    
 5130 WAT  19128 19130     3  5130  4827    
 5131 WAT  19131 19133     3  5131  4828    
 5132 WAT  19134 19136     3  5132  4829    
 5133 WAT  19137 19139     3  5133  4830    
 5134 WAT  19140 19142     3  5134  4831    
 5135 WAT  19143 19145     3  5135  4832    
 5136 WAT  19146 19148     3  5136  4833    
 5137 WAT  19149 19151     3  5137  4834    
 5138 WAT  19152 19154     3  5138  4835    
 5139 WAT  19155 19157     3  5139  4836    
 5140 WAT  19158 19160     3  5140  4837    
 5141 WAT  19161 19163     3  5141  4838    
 5142 WAT  19164 19166     3  5142  4839    
 5143 WAT  19167 19169     3  5143  4840    
 5144 WAT  19170 19172     3  5144  4841    
 5145 WAT  19173 19175     3  5145  4842    
 5146 WAT  19176 19178     3  5146  4843    
 5147 WAT  19179 19181     3  5147  4844    
 5148 WAT  19182 19184     3  5148  4845    
 5149 WAT  19185 19187     3  5149  4846    
 5150 WAT  19188 19190     3  5150  4847    
 5151 WAT  19191 19193     3  5151  4848    
 5152 WAT  19194 19196     3  5152  4849    
 5153 WAT  19197 19199     3  5153  4850    
 5154 WAT  19200 19202     3  5154  4851    
 5155 WAT  19203 19205     3  5155  4852    
 5156 WAT  19206 19208     3  5156  4853    
 5157 WAT  19209 19211     3  5157  4854    
 5158 WAT  19212 19214     3  5158  4855    
 5159 WAT  19215 19217     3  5159  4856    
 5160 WAT  19218 19220     3  5160  4857    
 5161 WAT  19221 19223     3  5161  4858    
 5162 WAT  19224 19226     3  5162  4859    
 5163 WAT  19227 19229     3  5163  4860    
 5164 WAT  19230 19232     3  5164  4861    
 5165 WAT  19233 19235     3  5165  4862    
 5166 WAT  19236 19238     3  5166  4863    
 5167 WAT  19239 19241     3  5167  4864    
 5168 WAT  19242 19244     3  5168  4865    
 5169 WAT  19245 19247     3  5169  4866    
 5170 WAT  19248 19250     3  5170  4867    
 5171 WAT  19251 19253     3  5171  4868    
 5172 WAT  19254 19256     3  5172  4869    
 5173 WAT  19257 19259     3  5173  4870    
 5174 WAT  19260 19262     3  5174  4871    
 5175 WAT  19263 19265     3  5175  4872    
 5176 WAT  19266 19268     3  5176  4873    
 5177 WAT  19269 19271     3  5177  4874    
 5178 WAT  19272 19274     3  5178  4875    
 5179 WAT  19275 19277     3  5179  4876    
 5180 WAT  19278 19280     3  5180  4877    
 5181 WAT  19281 19283     3  5181  4878    
 5182 WAT  19284 19286     3  5182  4879    
 5183 WAT  19287 19289     3  5183  4880    
 5184 WAT  19290 19292     3  5184  4881    
 5185 WAT  19293 19295     3  5185  4882    
 5186 WAT  19296 19298     3  5186  4883    
 5187 WAT  19299 19301     3  5187  4884    
 5188 WAT  19302 19304     3  5188  4885    
 5189 WAT  19305 19307     3  5189  4886    
 5190 WAT  19308 19310     3  5190  4887    
 5191 WAT  19311 19313     3  5191  4888    
 5192 WAT  19314 19316     3  5192  4889    
 5193 WAT  19317 19319     3  5193  4890    
 5194 WAT  19320 19322     3  5194  4891    
 5195 WAT  19323 19325     3  5195  4892    
 5196 WAT  19326 19328     3  5196  4893    
 5197 WAT  19329 19331     3  5197  4894    
 5198 WAT  19332 19334     3  5198  4895    
 5199 WAT  19335 19337     3  5199  4896    
 5200 WAT  19338 19340     3  5200  4897    
 5201 WAT  19341 19343     3  5201  4898    
 5202 WAT  19344 19346     3  5202  4899    
 5203 WAT  19347 19349     3  5203  4900    
 5204 WAT  19350 19352     3  5204  4901    
 5205 WAT  19353 19355     3  5205  4902    
 5206 WAT  19356 19358     3  5206  4903    
 5207 WAT  19359 19361     3  5207  4904    
 5208 WAT  19362 19364     3  5208  4905    
 5209 WAT  19365 19367     3  5209  4906    
 5210 WAT  19368 19370     3  5210  4907    
 5211 WAT  19371 19373     3  5211  4908    
 5212 WAT  19374 19376     3  5212  4909    
 5213 WAT  19377 19379     3  5213  4910    
 5214 WAT  19380 19382     3  5214  4911    
 5215 WAT  19383 19385     3  5215  4912    
 5216 WAT  19386 19388     3  5216  4913    
 5217 WAT  19389 19391     3  5217  4914    
 5218 WAT  19392 19394     3  5218  4915    
 5219 WAT  19395 19397     3  5219  4916    
 5220 WAT  19398 19400     3  5220  4917    
 5221 WAT  19401 19403     3  5221  4918    
 5222 WAT  19404 19406     3  5222  4919    
 5223 WAT  19407 19409     3  5223  4920    
 5224 WAT  19410 19412     3  5224  4921    
 5225 WAT  19413 19415     3  5225  4922    
 5226 WAT  19416 19418     3  5226  4923    
 5227 WAT  19419 19421     3  5227  4924    
 5228 WAT  19422 19424     3  5228  4925    
 5229 WAT  19425 19427     3  5229  4926    
 5230 WAT  19428 19430     3  5230  4927    
 5231 WAT  19431 19433     3  5231  4928    
 5232 WAT  19434 19436     3  5232  4929    
 5233 WAT  19437 19439     3  5233  4930    
 5234 WAT  19440 19442     3  5234  4931    
 5235 WAT  19443 19445     3  5235  4932    
 5236 WAT  19446 19448     3  5236  4933    
 5237 WAT  19449 19451     3  5237  4934    
 5238 WAT  19452 19454     3  5238  4935    
 5239 WAT  19455 19457     3  5239  4936    
 5240 WAT  19458 19460     3  5240  4937    
 5241 WAT  19461 19463     3  5241  4938    
 5242 WAT  19464 19466     3  5242  4939    
 5243 WAT  19467 19469     3  5243  4940    
 5244 WAT  19470 19472     3  5244  4941    
 5245 WAT  19473 19475     3  5245  4942    
 5246 WAT  19476 19478     3  5246  4943    
 5247 WAT  19479 19481     3  5247  4944    
 5248 WAT  19482 19484     3  5248  4945    
 5249 WAT  19485 19487     3  5249  4946    
 5250 WAT  19488 19490     3  5250  4947    
 5251 WAT  19491 19493     3  5251  4948    
 5252 WAT  19494 19496     3  5252  4949    
 5253 WAT  19497 19499     3  5253  4950    
 5254 WAT  19500 19502     3  5254  4951    
 5255 WAT  19503 19505     3  5255  4952    
 5256 WAT  19506 19508     3  5256  4953    
 5257 WAT  19509 19511     3  5257  4954    
 5258 WAT  19512 19514     3  5258  4955    
 5259 WAT  19515 19517     3  5259  4956    
 5260 WAT  19518 19520     3  5260  4957    
 5261 WAT  19521 19523     3  5261  4958    
 5262 WAT  19524 19526     3  5262  4959    
 5263 WAT  19527 19529     3  5263  4960    
 5264 WAT  19530 19532     3  5264  4961    
 5265 WAT  19533 19535     3  5265  4962    
 5266 WAT  19536 19538     3  5266  4963    
 5267 WAT  19539 19541     3  5267  4964    
 5268 WAT  19542 19544     3  5268  4965    
 5269 WAT  19545 19547     3  5269  4966    
 5270 WAT  19548 19550     3  5270  4967    
 5271 WAT  19551 19553     3  5271  4968    
 5272 WAT  19554 19556     3  5272  4969    
 5273 WAT  19557 19559     3  5273  4970    
 5274 WAT  19560 19562     3  5274  4971    
 5275 WAT  19563 19565     3  5275  4972    
 5276 WAT  19566 19568     3  5276  4973    
 5277 WAT  19569 19571     3  5277  4974    
 5278 WAT  19572 19574     3  5278  4975    
 5279 WAT  19575 19577     3  5279  4976    
 5280 WAT  19578 19580     3  5280  4977    
 5281 WAT  19581 19583     3  5281  4978    
 5282 WAT  19584 19586     3  5282  4979    
 5283 WAT  19587 19589     3  5283  4980    
 5284 WAT  19590 19592     3  5284  4981    
 5285 WAT  19593 19595     3  5285  4982    
 5286 WAT  19596 19598     3  5286  4983    
 5287 WAT  19599 19601     3  5287  4984    
 5288 WAT  19602 19604     3  5288  4985    
 5289 WAT  19605 19607     3  5289  4986    
 5290 WAT  19608 19610     3  5290  4987    
 5291 WAT  19611 19613     3  5291  4988    
 5292 WAT  19614 19616     3  5292  4989    
 5293 WAT  19617 19619     3  5293  4990    
 5294 WAT  19620 19622     3  5294  4991    
 5295 WAT  19623 19625     3  5295  4992    
 5296 WAT  19626 19628     3  5296  4993    
 5297 WAT  19629 19631     3  5297  4994    
 5298 WAT  19632 19634     3  5298  4995    
 5299 WAT  19635 19637     3  5299  4996    
 5300 WAT  19638 19640     3  5300  4997    
 5301 WAT  19641 19643     3  5301  4998    
 5302 WAT  19644 19646     3  5302  4999    
 5303 WAT  19647 19649     3  5303  5000    
 5304 WAT  19650 19652     3  5304  5001    
 5305 WAT  19653 19655     3  5305  5002    
 5306 WAT  19656 19658     3  5306  5003    
 5307 WAT  19659 19661     3  5307  5004    
 5308 WAT  19662 19664     3  5308  5005    
 5309 WAT  19665 19667     3  5309  5006    
 5310 WAT  19668 19670     3  5310  5007    
 5311 WAT  19671 19673     3  5311  5008    
 5312 WAT  19674 19676     3  5312  5009    
 5313 WAT  19677 19679     3  5313  5010    
 5314 WAT  19680 19682     3  5314  5011    
 5315 WAT  19683 19685     3  5315  5012    
 5316 WAT  19686 19688     3  5316  5013    
 5317 WAT  19689 19691     3  5317  5014    
 5318 WAT  19692 19694     3  5318  5015    
 5319 WAT  19695 19697     3  5319  5016    
 5320 WAT  19698 19700     3  5320  5017    
 5321 WAT  19701 19703     3  5321  5018    
 5322 WAT  19704 19706     3  5322  5019    
 5323 WAT  19707 19709     3  5323  5020    
 5324 WAT  19710 19712     3  5324  5021    
 5325 WAT  19713 19715     3  5325  5022    
 5326 WAT  19716 19718     3  5326  5023    
 5327 WAT  19719 19721     3  5327  5024    
 5328 WAT  19722 19724     3  5328  5025    
 5329 WAT  19725 19727     3  5329  5026    
 5330 WAT  19728 19730     3  5330  5027    
 5331 WAT  19731 19733     3  5331  5028    
 5332 WAT  19734 19736     3  5332  5029    
 5333 WAT  19737 19739     3  5333  5030    
 5334 WAT  19740 19742     3  5334  5031    
 5335 WAT  19743 19745     3  5335  5032    
 5336 WAT  19746 19748     3  5336  5033    
 5337 WAT  19749 19751     3  5337  5034    
 5338 WAT  19752 19754     3  5338  5035    
 5339 WAT  19755 19757     3  5339  5036    
 5340 WAT  19758 19760     3  5340  5037    
 5341 WAT  19761 19763     3  5341  5038    
 5342 WAT  19764 19766     3  5342  5039    
 5343 WAT  19767 19769     3  5343  5040    
 5344 WAT  19770 19772     3  5344  5041    
 5345 WAT  19773 19775     3  5345  5042    
 5346 WAT  19776 19778     3  5346  5043    
 5347 WAT  19779 19781     3  5347  5044    
 5348 WAT  19782 19784     3  5348  5045    
 5349 WAT  19785 19787     3  5349  5046    
 5350 WAT  19788 19790     3  5350  5047    
 5351 WAT  19791 19793     3  5351  5048    
 5352 WAT  19794 19796     3  5352  5049    
 5353 WAT  19797 19799     3  5353  5050    
 5354 WAT  19800 19802     3  5354  5051    
 5355 WAT  19803 19805     3  5355  5052    
 5356 WAT  19806 19808     3  5356  5053    
 5357 WAT  19809 19811     3  5357  5054    
 5358 WAT  19812 19814     3  5358  5055    
 5359 WAT  19815 19817     3  5359  5056    
 5360 WAT  19818 19820     3  5360  5057    
 5361 WAT  19821 19823     3  5361  5058    
 5362 WAT  19824 19826     3  5362  5059    
 5363 WAT  19827 19829     3  5363  5060    
 5364 WAT  19830 19832     3  5364  5061    
 5365 WAT  19833 19835     3  5365  5062    
 5366 WAT  19836 19838     3  5366  5063    
 5367 WAT  19839 19841     3  5367  5064    
 5368 WAT  19842 19844     3  5368  5065    
 5369 WAT  19845 19847     3  5369  5066    
 5370 WAT  19848 19850     3  5370  5067    
 5371 WAT  19851 19853     3  5371  5068    
 5372 WAT  19854 19856     3  5372  5069    
 5373 WAT  19857 19859     3  5373  5070    
 5374 WAT  19860 19862     3  5374  5071    
 5375 WAT  19863 19865     3  5375  5072    
 5376 WAT  19866 19868     3  5376  5073    
 5377 WAT  19869 19871     3  5377  5074    
 5378 WAT  19872 19874     3  5378  5075    
 5379 WAT  19875 19877     3  5379  5076    
 5380 WAT  19878 19880     3  5380  5077    
 5381 WAT  19881 19883     3  5381  5078    
 5382 WAT  19884 19886     3  5382  5079    
 5383 WAT  19887 19889     3  5383  5080    
 5384 WAT  19890 19892     3  5384  5081    
 5385 WAT  19893 19895     3  5385  5082    
 5386 WAT  19896 19898     3  5386  5083    
 5387 WAT  19899 19901     3  5387  5084    
 5388 WAT  19902 19904     3  5388  5085    
 5389 WAT  19905 19907     3  5389  5086    
 5390 WAT  19908 19910     3  5390  5087    
 5391 WAT  19911 19913     3  5391  5088    
 5392 WAT  19914 19916     3  5392  5089    
 5393 WAT  19917 19919     3  5393  5090    
 5394 WAT  19920 19922     3  5394  5091    
 5395 WAT  19923 19925     3  5395  5092    
 5396 WAT  19926 19928     3  5396  5093    
 5397 WAT  19929 19931     3  5397  5094    
 5398 WAT  19932 19934     3  5398  5095    
 5399 WAT  19935 19937     3  5399  5096    
 5400 WAT  19938 19940     3  5400  5097    
 5401 WAT  19941 19943     3  5401  5098    
 5402 WAT  19944 19946     3  5402  5099    
 5403 WAT  19947 19949     3  5403  5100    
 5404 WAT  19950 19952     3  5404  5101    
 5405 WAT  19953 19955     3  5405  5102    
 5406 WAT  19956 19958     3  5406  5103    
 5407 WAT  19959 19961     3  5407  5104    
 5408 WAT  19962 19964     3  5408  5105    
 5409 WAT  19965 19967     3  5409  5106    
 5410 WAT  19968 19970     3  5410  5107    
 5411 WAT  19971 19973     3  5411  5108    
 5412 WAT  19974 19976     3  5412  5109    
 5413 WAT  19977 19979     3  5413  5110    
 5414 WAT  19980 19982     3  5414  5111    
 5415 WAT  19983 19985     3  5415  5112    
 5416 WAT  19986 19988     3  5416  5113    
 5417 WAT  19989 19991     3  5417  5114    
 5418 WAT  19992 19994     3  5418  5115    
 5419 WAT  19995 19997     3  5419  5116    
 5420 WAT  19998 20000     3  5420  5117    
 5421 WAT  20001 20003     3  5421  5118    
 5422 WAT  20004 20006     3  5422  5119    
 5423 WAT  20007 20009     3  5423  5120    
 5424 WAT  20010 20012     3  5424  5121    
 5425 WAT  20013 20015     3  5425  5122    
 5426 WAT  20016 20018     3  5426  5123    
 5427 WAT  20019 20021     3  5427  5124    
 5428 WAT  20022 20024     3  5428  5125    
 5429 WAT  20025 20027     3  5429  5126    
 5430 WAT  20028 20030     3  5430  5127    
 5431 WAT  20031 20033     3  5431  5128    
 5432 WAT  20034 20036     3  5432  5129    
 5433 WAT  20037 20039     3  5433  5130    
 5434 WAT  20040 20042     3  5434  5131    
 5435 WAT  20043 20045     3  5435  5132    
 5436 WAT  20046 20048     3  5436  5133    
 5437 WAT  20049 20051     3  5437  5134    
 5438 WAT  20052 20054     3  5438  5135    
 5439 WAT  20055 20057     3  5439  5136    
 5440 WAT  20058 20060     3  5440  5137    
 5441 WAT  20061 20063     3  5441  5138    
 5442 WAT  20064 20066     3  5442  5139    
 5443 WAT  20067 20069     3  5443  5140    
 5444 WAT  20070 20072     3  5444  5141    
 5445 WAT  20073 20075     3  5445  5142    
 5446 WAT  20076 20078     3  5446  5143    
 5447 WAT  20079 20081     3  5447  5144    
 5448 WAT  20082 20084     3  5448  5145    
 5449 WAT  20085 20087     3  5449  5146    
 5450 WAT  20088 20090     3  5450  5147    
 5451 WAT  20091 20093     3  5451  5148    
 5452 WAT  20094 20096     3  5452  5149    
 5453 WAT  20097 20099     3  5453  5150    
 5454 WAT  20100 20102     3  5454  5151    
 5455 WAT  20103 20105     3  5455  5152    
 5456 WAT  20106 20108     3  5456  5153    
 5457 WAT  20109 20111     3  5457  5154    
 5458 WAT  20112 20114     3  5458  5155    
 5459 WAT  20115 20117     3  5459  5156    
 5460 WAT  20118 20120     3  5460  5157    
 5461 WAT  20121 20123     3  5461  5158    
 5462 WAT  20124 20126     3  5462  5159    
 5463 WAT  20127 20129     3  5463  5160    
 5464 WAT  20130 20132     3  5464  5161    
 5465 WAT  20133 20135     3  5465  5162    
 5466 WAT  20136 20138     3  5466  5163    
 5467 WAT  20139 20141     3  5467  5164    
 5468 WAT  20142 20144     3  5468  5165    
 5469 WAT  20145 20147     3  5469  5166    
 5470 WAT  20148 20150     3  5470  5167    
 5471 WAT  20151 20153     3  5471  5168    
 5472 WAT  20154 20156     3  5472  5169    
 5473 WAT  20157 20159     3  5473  5170    
 5474 WAT  20160 20162     3  5474  5171    
 5475 WAT  20163 20165     3  5475  5172    
 5476 WAT  20166 20168     3  5476  5173    
 5477 WAT  20169 20171     3  5477  5174    
 5478 WAT  20172 20174     3  5478  5175    
 5479 WAT  20175 20177     3  5479  5176    
 5480 WAT  20178 20180     3  5480  5177    
 5481 WAT  20181 20183     3  5481  5178    
 5482 WAT  20184 20186     3  5482  5179    
 5483 WAT  20187 20189     3  5483  5180    
 5484 WAT  20190 20192     3  5484  5181    
 5485 WAT  20193 20195     3  5485  5182    
 5486 WAT  20196 20198     3  5486  5183    
 5487 WAT  20199 20201     3  5487  5184    
 5488 WAT  20202 20204     3  5488  5185    
 5489 WAT  20205 20207     3  5489  5186    
 5490 WAT  20208 20210     3  5490  5187    
 5491 WAT  20211 20213     3  5491  5188    
 5492 WAT  20214 20216     3  5492  5189    
 5493 WAT  20217 20219     3  5493  5190    
 5494 WAT  20220 20222     3  5494  5191    
 5495 WAT  20223 20225     3  5495  5192    
 5496 WAT  20226 20228     3  5496  5193    
 5497 WAT  20229 20231     3  5497  5194    
 5498 WAT  20232 20234     3  5498  5195    
 5499 WAT  20235 20237     3  5499  5196    
 5500 WAT  20238 20240     3  5500  5197    
 5501 WAT  20241 20243     3  5501  5198    
 5502 WAT  20244 20246     3  5502  5199    
 5503 WAT  20247 20249     3  5503  5200    
 5504 WAT  20250 20252     3  5504  5201    
 5505 WAT  20253 20255     3  5505  5202    
 5506 WAT  20256 20258     3  5506  5203    
 5507 WAT  20259 20261     3  5507  5204    
 5508 WAT  20262 20264     3  5508  5205    
 5509 WAT  20265 20267     3  5509  5206    
 5510 WAT  20268 20270     3  5510  5207    
 5511 WAT  20271 20273     3  5511  5208    
 5512 WAT  20274 20276     3  5512  5209    
 5513 WAT  20277 20279     3  5513  5210    
 5514 WAT  20280 20282     3  5514  5211    
 5515 WAT  20283 20285     3  5515  5212    
 5516 WAT  20286 20288     3  5516  5213    
 5517 WAT  20289 20291     3  5517  5214    
 5518 WAT  20292 20294     3  5518  5215    
 5519 WAT  20295 20297     3  5519  5216    
 5520 WAT  20298 20300     3  5520  5217    
 5521 WAT  20301 20303     3  5521  5218    
 5522 WAT  20304 20306     3  5522  5219    
 5523 WAT  20307 20309     3  5523  5220    
 5524 WAT  20310 20312     3  5524  5221    
 5525 WAT  20313 20315     3  5525  5222    
 5526 WAT  20316 20318     3  5526  5223    
 5527 WAT  20319 20321     3  5527  5224    
 5528 WAT  20322 20324     3  5528  5225    
 5529 WAT  20325 20327     3  5529  5226    
 5530 WAT  20328 20330     3  5530  5227    
 5531 WAT  20331 20333     3  5531  5228    
 5532 WAT  20334 20336     3  5532  5229    
 5533 WAT  20337 20339     3  5533  5230    
 5534 WAT  20340 20342     3  5534  5231    
 5535 WAT  20343 20345     3  5535  5232    
 5536 WAT  20346 20348     3  5536  5233    
 5537 WAT  20349 20351     3  5537  5234    
 5538 WAT  20352 20354     3  5538  5235    
 5539 WAT  20355 20357     3  5539  5236    
 5540 WAT  20358 20360     3  5540  5237    
 5541 WAT  20361 20363     3  5541  5238    
 5542 WAT  20364 20366     3  5542  5239    
 5543 WAT  20367 20369     3  5543  5240    
 5544 WAT  20370 20372     3  5544  5241    
 5545 WAT  20373 20375     3  5545  5242    
 5546 WAT  20376 20378     3  5546  5243    
 5547 WAT  20379 20381     3  5547  5244    
 5548 WAT  20382 20384     3  5548  5245    
 5549 WAT  20385 20387     3  5549  5246    
 5550 WAT  20388 20390     3  5550  5247    
 5551 WAT  20391 20393     3  5551  5248    
 5552 WAT  20394 20396     3  5552  5249    
 5553 WAT  20397 20399     3  5553  5250    
 5554 WAT  20400 20402     3  5554  5251    
 5555 WAT  20403 20405     3  5555  5252    
 5556 WAT  20406 20408     3  5556  5253    
 5557 WAT  20409 20411     3  5557  5254    
 5558 WAT  20412 20414     3  5558  5255    
 5559 WAT  20415 20417     3  5559  5256    
 5560 WAT  20418 20420     3  5560  5257    
 5561 WAT  20421 20423     3  5561  5258    
 5562 WAT  20424 20426     3  5562  5259    
 5563 WAT  20427 20429     3  5563  5260    
 5564 WAT  20430 20432     3  5564  5261    
 5565 WAT  20433 20435     3  5565  5262    
 5566 WAT  20436 20438     3  5566  5263    
 5567 WAT  20439 20441     3  5567  5264    
 5568 WAT  20442 20444     3  5568  5265    
 5569 WAT  20445 20447     3  5569  5266    
 5570 WAT  20448 20450     3  5570  5267    
 5571 WAT  20451 20453     3  5571  5268    
 5572 WAT  20454 20456     3  5572  5269    
 5573 WAT  20457 20459     3  5573  5270    
 5574 WAT  20460 20462     3  5574  5271    
 5575 WAT  20463 20465     3  5575  5272    
 5576 WAT  20466 20468     3  5576  5273    
 5577 WAT  20469 20471     3  5577  5274    
 5578 WAT  20472 20474     3  5578  5275    
 5579 WAT  20475 20477     3  5579  5276    
 5580 WAT  20478 20480     3  5580  5277    
 5581 WAT  20481 20483     3  5581  5278    
 5582 WAT  20484 20486     3  5582  5279    
 5583 WAT  20487 20489     3  5583  5280    
 5584 WAT  20490 20492     3  5584  5281    
 5585 WAT  20493 20495     3  5585  5282    
 5586 WAT  20496 20498     3  5586  5283    
 5587 WAT  20499 20501     3  5587  5284    
 5588 WAT  20502 20504     3  5588  5285    
 5589 WAT  20505 20507     3  5589  5286    
 5590 WAT  20508 20510     3  5590  5287    
 5591 WAT  20511 20513     3  5591  5288    
 5592 WAT  20514 20516     3  5592  5289    
 5593 WAT  20517 20519     3  5593  5290    
 5594 WAT  20520 20522     3  5594  5291    
 5595 WAT  20523 20525     3  5595  5292    
 5596 WAT  20526 20528     3  5596  5293    
 5597 WAT  20529 20531     3  5597  5294    
 5598 WAT  20532 20534     3  5598  5295    
 5599 WAT  20535 20537     3  5599  5296    
 5600 WAT  20538 20540     3  5600  5297    
 5601 WAT  20541 20543     3  5601  5298    
 5602 WAT  20544 20546     3  5602  5299    
 5603 WAT  20547 20549     3  5603  5300    
 5604 WAT  20550 20552     3  5604  5301    
 5605 WAT  20553 20555     3  5605  5302    
 5606 WAT  20556 20558     3  5606  5303    
 5607 WAT  20559 20561     3  5607  5304    
 5608 WAT  20562 20564     3  5608  5305    
 5609 WAT  20565 20567     3  5609  5306    
 5610 WAT  20568 20570     3  5610  5307    
 5611 WAT  20571 20573     3  5611  5308    
 5612 WAT  20574 20576     3  5612  5309    
 5613 WAT  20577 20579     3  5613  5310    
 5614 WAT  20580 20582     3  5614  5311    
 5615 WAT  20583 20585     3  5615  5312    
 5616 WAT  20586 20588     3  5616  5313    
 5617 WAT  20589 20591     3  5617  5314    
 5618 WAT  20592 20594     3  5618  5315    
 5619 WAT  20595 20597     3  5619  5316    
 5620 WAT  20598 20600     3  5620  5317    
 5621 WAT  20601 20603     3  5621  5318    
 5622 WAT  20604 20606     3  5622  5319    
 5623 WAT  20607 20609     3  5623  5320    
 5624 WAT  20610 20612     3  5624  5321    
 5625 WAT  20613 20615     3  5625  5322    
 5626 WAT  20616 20618     3  5626  5323    
 5627 WAT  20619 20621     3  5627  5324    
 5628 WAT  20622 20624     3  5628  5325    
 5629 WAT  20625 20627     3  5629  5326    
 5630 WAT  20628 20630     3  5630  5327    
 5631 WAT  20631 20633     3  5631  5328    
 5632 WAT  20634 20636     3  5632  5329    
 5633 WAT  20637 20639     3  5633  5330    
 5634 WAT  20640 20642     3  5634  5331    
 5635 WAT  20643 20645     3  5635  5332    
 5636 WAT  20646 20648     3  5636  5333    
 5637 WAT  20649 20651     3  5637  5334    
 5638 WAT  20652 20654     3  5638  5335    
 5639 WAT  20655 20657     3  5639  5336    
 5640 WAT  20658 20660     3  5640  5337    
 5641 WAT  20661 20663     3  5641  5338    
 5642 WAT  20664 20666     3  5642  5339    
 5643 WAT  20667 20669     3  5643  5340    
 5644 WAT  20670 20672     3  5644  5341    
 5645 WAT  20673 20675     3  5645  5342    
 5646 WAT  20676 20678     3  5646  5343    
 5647 WAT  20679 20681     3  5647  5344    
 5648 WAT  20682 20684     3  5648  5345    
 5649 WAT  20685 20687     3  5649  5346    
 5650 WAT  20688 20690     3  5650  5347    
 5651 WAT  20691 20693     3  5651  5348    
 5652 WAT  20694 20696     3  5652  5349    
 5653 WAT  20697 20699     3  5653  5350    
 5654 WAT  20700 20702     3  5654  5351    
 5655 WAT  20703 20705     3  5655  5352    
 5656 WAT  20706 20708     3  5656  5353    
 5657 WAT  20709 20711     3  5657  5354    
 5658 WAT  20712 20714     3  5658  5355    
 5659 WAT  20715 20717     3  5659  5356    
 5660 WAT  20718 20720     3  5660  5357    
 5661 WAT  20721 20723     3  5661  5358    
 5662 WAT  20724 20726     3  5662  5359    
 5663 WAT  20727 20729     3  5663  5360    
 5664 WAT  20730 20732     3  5664  5361    
 5665 WAT  20733 20735     3  5665  5362    
 5666 WAT  20736 20738     3  5666  5363    
 5667 WAT  20739 20741     3  5667  5364    
 5668 WAT  20742 20744     3  5668  5365    
 5669 WAT  20745 20747     3  5669  5366    
 5670 WAT  20748 20750     3  5670  5367    
 5671 WAT  20751 20753     3  5671  5368    
 5672 WAT  20754 20756     3  5672  5369    
 5673 WAT  20757 20759     3  5673  5370    
 5674 WAT  20760 20762     3  5674  5371    
 5675 WAT  20763 20765     3  5675  5372    
 5676 WAT  20766 20768     3  5676  5373    
 5677 WAT  20769 20771     3  5677  5374    
 5678 WAT  20772 20774     3  5678  5375    
 5679 WAT  20775 20777     3  5679  5376    
 5680 WAT  20778 20780     3  5680  5377    
 5681 WAT  20781 20783     3  5681  5378    
 5682 WAT  20784 20786     3  5682  5379    
 5683 WAT  20787 20789     3  5683  5380    
 5684 WAT  20790 20792     3  5684  5381    
 5685 WAT  20793 20795     3  5685  5382    
 5686 WAT  20796 20798     3  5686  5383    
 5687 WAT  20799 20801     3  5687  5384    
 5688 WAT  20802 20804     3  5688  5385    
 5689 WAT  20805 20807     3  5689  5386    
 5690 WAT  20808 20810     3  5690  5387    
 5691 WAT  20811 20813     3  5691  5388    
 5692 WAT  20814 20816     3  5692  5389    
 5693 WAT  20817 20819     3  5693  5390    
 5694 WAT  20820 20822     3  5694  5391    
 5695 WAT  20823 20825     3  5695  5392    
 5696 WAT  20826 20828     3  5696  5393    
 5697 WAT  20829 20831     3  5697  5394    
 5698 WAT  20832 20834     3  5698  5395    
 5699 WAT  20835 20837     3  5699  5396    
 5700 WAT  20838 20840     3  5700  5397    
 5701 WAT  20841 20843     3  5701  5398    
 5702 WAT  20844 20846     3  5702  5399    
 5703 WAT  20847 20849     3  5703  5400    
 5704 WAT  20850 20852     3  5704  5401    
 5705 WAT  20853 20855     3  5705  5402    
 5706 WAT  20856 20858     3  5706  5403    
 5707 WAT  20859 20861     3  5707  5404    
 5708 WAT  20862 20864     3  5708  5405    
 5709 WAT  20865 20867     3  5709  5406    
 5710 WAT  20868 20870     3  5710  5407    
 5711 WAT  20871 20873     3  5711  5408    
 5712 WAT  20874 20876     3  5712  5409    
 5713 WAT  20877 20879     3  5713  5410    
 5714 WAT  20880 20882     3  5714  5411    
 5715 WAT  20883 20885     3  5715  5412    
 5716 WAT  20886 20888     3  5716  5413    
 5717 WAT  20889 20891     3  5717  5414    
 5718 WAT  20892 20894     3  5718  5415    
 5719 WAT  20895 20897     3  5719  5416    
 5720 WAT  20898 20900     3  5720  5417    
 5721 WAT  20901 20903     3  5721  5418    
 5722 WAT  20904 20906     3  5722  5419    
 5723 WAT  20907 20909     3  5723  5420    
 5724 WAT  20910 20912     3  5724  5421    
 5725 WAT  20913 20915     3  5725  5422    
 5726 WAT  20916 20918     3  5726  5423    
 5727 WAT  20919 20921     3  5727  5424    
 5728 WAT  20922 20924     3  5728  5425    
 5729 WAT  20925 20927     3  5729  5426    
 5730 WAT  20928 20930     3  5730  5427    
 5731 WAT  20931 20933     3  5731  5428    
 5732 WAT  20934 20936     3  5732  5429    
 5733 WAT  20937 20939     3  5733  5430    
 5734 WAT  20940 20942     3  5734  5431    
 5735 WAT  20943 20945     3  5735  5432    
 5736 WAT  20946 20948     3  5736  5433    
 5737 WAT  20949 20951     3  5737  5434    
 5738 WAT  20952 20954     3  5738  5435    
 5739 WAT  20955 20957     3  5739  5436    
 5740 WAT  20958 20960     3  5740  5437    
 5741 WAT  20961 20963     3  5741  5438    
 5742 WAT  20964 20966     3  5742  5439    
 5743 WAT  20967 20969     3  5743  5440    
 5744 WAT  20970 20972     3  5744  5441    
 5745 WAT  20973 20975     3  5745  5442    
 5746 WAT  20976 20978     3  5746  5443    
 5747 WAT  20979 20981     3  5747  5444    
 5748 WAT  20982 20984     3  5748  5445    
 5749 WAT  20985 20987     3  5749  5446    
 5750 WAT  20988 20990     3  5750  5447    
 5751 WAT  20991 20993     3  5751  5448    
 5752 WAT  20994 20996     3  5752  5449    
 5753 WAT  20997 20999     3  5753  5450    
 5754 WAT  21000 21002     3  5754  5451    
 5755 WAT  21003 21005     3  5755  5452    
 5756 WAT  21006 21008     3  5756  5453    
 5757 WAT  21009 21011     3  5757  5454    
 5758 WAT  21012 21014     3  5758  5455    
 5759 WAT  21015 21017     3  5759  5456    
 5760 WAT  21018 21020     3  5760  5457    
 5761 WAT  21021 21023     3  5761  5458    
 5762 WAT  21024 21026     3  5762  5459    
 5763 WAT  21027 21029     3  5763  5460    
 5764 WAT  21030 21032     3  5764  5461    
 5765 WAT  21033 21035     3  5765  5462    
 5766 WAT  21036 21038     3  5766  5463    
 5767 WAT  21039 21041     3  5767  5464    
 5768 WAT  21042 21044     3  5768  5465    
 5769 WAT  21045 21047     3  5769  5466    
 5770 WAT  21048 21050     3  5770  5467    
 5771 WAT  21051 21053     3  5771  5468    
 5772 WAT  21054 21056     3  5772  5469    
 5773 WAT  21057 21059     3  5773  5470    
 5774 WAT  21060 21062     3  5774  5471    
 5775 WAT  21063 21065     3  5775  5472    
 5776 WAT  21066 21068     3  5776  5473    
 5777 WAT  21069 21071     3  5777  5474    
 5778 WAT  21072 21074     3  5778  5475    
 5779 WAT  21075 21077     3  5779  5476    
 5780 WAT  21078 21080     3  5780  5477    
 5781 WAT  21081 21083     3  5781  5478    
 5782 WAT  21084 21086     3  5782  5479    
 5783 WAT  21087 21089     3  5783  5480    
 5784 WAT  21090 21092     3  5784  5481    
 5785 WAT  21093 21095     3  5785  5482    
 5786 WAT  21096 21098     3  5786  5483    
 5787 WAT  21099 21101     3  5787  5484    
 5788 WAT  21102 21104     3  5788  5485    
 5789 WAT  21105 21107     3  5789  5486    
 5790 WAT  21108 21110     3  5790  5487    
 5791 WAT  21111 21113     3  5791  5488    
 5792 WAT  21114 21116     3  5792  5489    
 5793 WAT  21117 21119     3  5793  5490    
 5794 WAT  21120 21122     3  5794  5491    
 5795 WAT  21123 21125     3  5795  5492    
 5796 WAT  21126 21128     3  5796  5493    
 5797 WAT  21129 21131     3  5797  5494    
 5798 WAT  21132 21134     3  5798  5495    
 5799 WAT  21135 21137     3  5799  5496    
 5800 WAT  21138 21140     3  5800  5497    
 5801 WAT  21141 21143     3  5801  5498    
 5802 WAT  21144 21146     3  5802  5499    
 5803 WAT  21147 21149     3  5803  5500    
 5804 WAT  21150 21152     3  5804  5501    
 5805 WAT  21153 21155     3  5805  5502    
 5806 WAT  21156 21158     3  5806  5503    
 5807 WAT  21159 21161     3  5807  5504    
 5808 WAT  21162 21164     3  5808  5505    
 5809 WAT  21165 21167     3  5809  5506    
 5810 WAT  21168 21170     3  5810  5507    
 5811 WAT  21171 21173     3  5811  5508    
 5812 WAT  21174 21176     3  5812  5509    
 5813 WAT  21177 21179     3  5813  5510    
 5814 WAT  21180 21182     3  5814  5511    
 5815 WAT  21183 21185     3  5815  5512    
 5816 WAT  21186 21188     3  5816  5513    
 5817 WAT  21189 21191     3  5817  5514    
 5818 WAT  21192 21194     3  5818  5515    
 5819 WAT  21195 21197     3  5819  5516    
 5820 WAT  21198 21200     3  5820  5517    
 5821 WAT  21201 21203     3  5821  5518    
 5822 WAT  21204 21206     3  5822  5519    
 5823 WAT  21207 21209     3  5823  5520    
 5824 WAT  21210 21212     3  5824  5521    
 5825 WAT  21213 21215     3  5825  5522    
 5826 WAT  21216 21218     3  5826  5523    
 5827 WAT  21219 21221     3  5827  5524    
 5828 WAT  21222 21224     3  5828  5525    
 5829 WAT  21225 21227     3  5829  5526    
 5830 WAT  21228 21230     3  5830  5527    
 5831 WAT  21231 21233     3  5831  5528    
 5832 WAT  21234 21236     3  5832  5529    
 5833 WAT  21237 21239     3  5833  5530    
 5834 WAT  21240 21242     3  5834  5531    
 5835 WAT  21243 21245     3  5835  5532    
 5836 WAT  21246 21248     3  5836  5533    
 5837 WAT  21249 21251     3  5837  5534    
 5838 WAT  21252 21254     3  5838  5535    
 5839 WAT  21255 21257     3  5839  5536    
 5840 WAT  21258 21260     3  5840  5537    
 5841 WAT  21261 21263     3  5841  5538    
 5842 WAT  21264 21266     3  5842  5539    
 5843 WAT  21267 21269     3  5843  5540    
 5844 WAT  21270 21272     3  5844  5541    
 5845 WAT  21273 21275     3  5845  5542    
 5846 WAT  21276 21278     3  5846  5543    
 5847 WAT  21279 21281     3  5847  5544    
 5848 WAT  21282 21284     3  5848  5545    
 5849 WAT  21285 21287     3  5849  5546    
 5850 WAT  21288 21290     3  5850  5547    
 5851 WAT  21291 21293     3  5851  5548    
 5852 WAT  21294 21296     3  5852  5549    
 5853 WAT  21297 21299     3  5853  5550    
 5854 WAT  21300 21302     3  5854  5551    
 5855 WAT  21303 21305     3  5855  5552    
 5856 WAT  21306 21308     3  5856  5553    
 5857 WAT  21309 21311     3  5857  5554    
 5858 WAT  21312 21314     3  5858  5555    
 5859 WAT  21315 21317     3  5859  5556    
 5860 WAT  21318 21320     3  5860  5557    
 5861 WAT  21321 21323     3  5861  5558    
 5862 WAT  21324 21326     3  5862  5559    
 5863 WAT  21327 21329     3  5863  5560    
 5864 WAT  21330 21332     3  5864  5561    
 5865 WAT  21333 21335     3  5865  5562    
 5866 WAT  21336 21338     3  5866  5563    
 5867 WAT  21339 21341     3  5867  5564    
 5868 WAT  21342 21344     3  5868  5565    
 5869 WAT  21345 21347     3  5869  5566    
 5870 WAT  21348 21350     3  5870  5567    
 5871 WAT  21351 21353     3  5871  5568    
 5872 WAT  21354 21356     3  5872  5569    
 5873 WAT  21357 21359     3  5873  5570    
 5874 WAT  21360 21362     3  5874  5571    
 5875 WAT  21363 21365     3  5875  5572    
 5876 WAT  21366 21368     3  5876  5573    
 5877 WAT  21369 21371     3  5877  5574    
 5878 WAT  21372 21374     3  5878  5575    
 5879 WAT  21375 21377     3  5879  5576    
 5880 WAT  21378 21380     3  5880  5577    
 5881 WAT  21381 21383     3  5881  5578    
 5882 WAT  21384 21386     3  5882  5579    
 5883 WAT  21387 21389     3  5883  5580    
 5884 WAT  21390 21392     3  5884  5581    
 5885 WAT  21393 21395     3  5885  5582    
 5886 WAT  21396 21398     3  5886  5583    
 5887 WAT  21399 21401     3  5887  5584    
 5888 WAT  21402 21404     3  5888  5585    
 5889 WAT  21405 21407     3  5889  5586    
 5890 WAT  21408 21410     3  5890  5587    
 5891 WAT  21411 21413     3  5891  5588    
 5892 WAT  21414 21416     3  5892  5589    
 5893 WAT  21417 21419     3  5893  5590    
 5894 WAT  21420 21422     3  5894  5591    
 5895 WAT  21423 21425     3  5895  5592    
 5896 WAT  21426 21428     3  5896  5593    
 5897 WAT  21429 21431     3  5897  5594    
 5898 WAT  21432 21434     3  5898  5595    
 5899 WAT  21435 21437     3  5899  5596    
 5900 WAT  21438 21440     3  5900  5597    
 5901 WAT  21441 21443     3  5901  5598    
 5902 WAT  21444 21446     3  5902  5599    
 5903 WAT  21447 21449     3  5903  5600    
 5904 WAT  21450 21452     3  5904  5601    
 5905 WAT  21453 21455     3  5905  5602    
 5906 WAT  21456 21458     3  5906  5603    
 5907 WAT  21459 21461     3  5907  5604    
 5908 WAT  21462 21464     3  5908  5605    
 5909 WAT  21465 21467     3  5909  5606    
 5910 WAT  21468 21470     3  5910  5607    
 5911 WAT  21471 21473     3  5911  5608    
 5912 WAT  21474 21476     3  5912  5609    
 5913 WAT  21477 21479     3  5913  5610    
 5914 WAT  21480 21482     3  5914  5611    
 5915 WAT  21483 21485     3  5915  5612    
 5916 WAT  21486 21488     3  5916  5613    
 5917 WAT  21489 21491     3  5917  5614    
 5918 WAT  21492 21494     3  5918  5615    
 5919 WAT  21495 21497     3  5919  5616    
 5920 WAT  21498 21500     3  5920  5617    
 5921 WAT  21501 21503     3  5921  5618    
 5922 WAT  21504 21506     3  5922  5619    
 5923 WAT  21507 21509     3  5923  5620    
 5924 WAT  21510 21512     3  5924  5621    
 5925 WAT  21513 21515     3  5925  5622    
 5926 WAT  21516 21518     3  5926  5623    
 5927 WAT  21519 21521     3  5927  5624    
 5928 WAT  21522 21524     3  5928  5625    
 5929 WAT  21525 21527     3  5929  5626    
 5930 WAT  21528 21530     3  5930  5627    
 5931 WAT  21531 21533     3  5931  5628    
 5932 WAT  21534 21536     3  5932  5629    
 5933 WAT  21537 21539     3  5933  5630    
 5934 WAT  21540 21542     3  5934  5631    
 5935 WAT  21543 21545     3  5935  5632    
 5936 WAT  21546 21548     3  5936  5633    
 5937 WAT  21549 21551     3  5937  5634    
 5938 WAT  21552 21554     3  5938  5635    
 5939 WAT  21555 21557     3  5939  5636    
 5940 WAT  21558 21560     3  5940  5637    
 5941 WAT  21561 21563     3  5941  5638    
 5942 WAT  21564 21566     3  5942  5639    
 5943 WAT  21567 21569     3  5943  5640    
 5944 WAT  21570 21572     3  5944  5641    
 5945 WAT  21573 21575     3  5945  5642    
 5946 WAT  21576 21578     3  5946  5643    
 5947 WAT  21579 21581     3  5947  5644    
 5948 WAT  21582 21584     3  5948  5645    
 5949 WAT  21585 21587     3  5949  5646    
 5950 WAT  21588 21590     3  5950  5647    
 5951 WAT  21591 21593     3  5951  5648    
 5952 WAT  21594 21596     3  5952  5649    
 5953 WAT  21597 21599     3  5953  5650    
 5954 WAT  21600 21602     3  5954  5651    
 5955 WAT  21603 21605     3  5955  5652    
 5956 WAT  21606 21608     3  5956  5653    
 5957 WAT  21609 21611     3  5957  5654    
 5958 WAT  21612 21614     3  5958  5655    
 5959 WAT  21615 21617     3  5959  5656    
 5960 WAT  21618 21620     3  5960  5657    
 5961 WAT  21621 21623     3  5961  5658    
 5962 WAT  21624 21626     3  5962  5659    
 5963 WAT  21627 21629     3  5963  5660    
 5964 WAT  21630 21632     3  5964  5661    
 5965 WAT  21633 21635     3  5965  5662    
 5966 WAT  21636 21638     3  5966  5663    
 5967 WAT  21639 21641     3  5967  5664    
 5968 WAT  21642 21644     3  5968  5665    
 5969 WAT  21645 21647     3  5969  5666    
 5970 WAT  21648 21650     3  5970  5667    
 5971 WAT  21651 21653     3  5971  5668    
 5972 WAT  21654 21656     3  5972  5669    
 5973 WAT  21657 21659     3  5973  5670    
 5974 WAT  21660 21662     3  5974  5671    
 5975 WAT  21663 21665     3  5975  5672    
 5976 WAT  21666 21668     3  5976  5673    
 5977 WAT  21669 21671     3  5977  5674    
 5978 WAT  21672 21674     3  5978  5675    
 5979 WAT  21675 21677     3  5979  5676    
 5980 WAT  21678 21680     3  5980  5677    
 5981 WAT  21681 21683     3  5981  5678    
 5982 WAT  21684 21686     3  5982  5679    
 5983 WAT  21687 21689     3  5983  5680    
 5984 WAT  21690 21692     3  5984  5681    
 5985 WAT  21693 21695     3  5985  5682    
 5986 WAT  21696 21698     3  5986  5683    
 5987 WAT  21699 21701     3  5987  5684    
 5988 WAT  21702 21704     3  5988  5685    
 5989 WAT  21705 21707     3  5989  5686    
 5990 WAT  21708 21710     3  5990  5687    
 5991 WAT  21711 21713     3  5991  5688    
 5992 WAT  21714 21716     3  5992  5689    
 5993 WAT  21717 21719     3  5993  5690    
 5994 WAT  21720 21722     3  5994  5691    
 5995 WAT  21723 21725     3  5995  5692    
 5996 WAT  21726 21728     3  5996  5693    
 5997 WAT  21729 21731     3  5997  5694    
 5998 WAT  21732 21734     3  5998  5695    
 5999 WAT  21735 21737     3  5999  5696    
 6000 WAT  21738 21740     3  6000  5697    
 6001 WAT  21741 21743     3  6001  5698    
 6002 WAT  21744 21746     3  6002  5699    
 6003 WAT  21747 21749     3  6003  5700    
 6004 WAT  21750 21752     3  6004  5701    
 6005 WAT  21753 21755     3  6005  5702    
 6006 WAT  21756 21758     3  6006  5703    
 6007 WAT  21759 21761     3  6007  5704    
 6008 WAT  21762 21764     3  6008  5705    
 6009 WAT  21765 21767     3  6009  5706    
 6010 WAT  21768 21770     3  6010  5707    
 6011 WAT  21771 21773     3  6011  5708    
 6012 WAT  21774 21776     3  6012  5709    
 6013 WAT  21777 21779     3  6013  5710    
 6014 WAT  21780 21782     3  6014  5711    
 6015 WAT  21783 21785     3  6015  5712    
 6016 WAT  21786 21788     3  6016  5713    
 6017 WAT  21789 21791     3  6017  5714    
 6018 WAT  21792 21794     3  6018  5715    
 6019 WAT  21795 21797     3  6019  5716    
 6020 WAT  21798 21800     3  6020  5717    
 6021 WAT  21801 21803     3  6021  5718    
 6022 WAT  21804 21806     3  6022  5719    
 6023 WAT  21807 21809     3  6023  5720    
 6024 WAT  21810 21812     3  6024  5721    
 6025 WAT  21813 21815     3  6025  5722    
 6026 WAT  21816 21818     3  6026  5723    
 6027 WAT  21819 21821     3  6027  5724    
 6028 WAT  21822 21824     3  6028  5725    
 6029 WAT  21825 21827     3  6029  5726    
 6030 WAT  21828 21830     3  6030  5727    
 6031 WAT  21831 21833     3  6031  5728    
 6032 WAT  21834 21836     3  6032  5729    
 6033 WAT  21837 21839     3  6033  5730    
 6034 WAT  21840 21842     3  6034  5731    
 6035 WAT  21843 21845     3  6035  5732    
 6036 WAT  21846 21848     3  6036  5733    
 6037 WAT  21849 21851     3  6037  5734    
 6038 WAT  21852 21854     3  6038  5735    
 6039 WAT  21855 21857     3  6039  5736    
 6040 WAT  21858 21860     3  6040  5737    
 6041 WAT  21861 21863     3  6041  5738    
 6042 WAT  21864 21866     3  6042  5739    
 6043 WAT  21867 21869     3  6043  5740    
 6044 WAT  21870 21872     3  6044  5741    
 6045 WAT  21873 21875     3  6045  5742    
 6046 WAT  21876 21878     3  6046  5743    
 6047 WAT  21879 21881     3  6047  5744    
 6048 WAT  21882 21884     3  6048  5745    
 6049 WAT  21885 21887     3  6049  5746    
 6050 WAT  21888 21890     3  6050  5747    
 6051 WAT  21891 21893     3  6051  5748    
 6052 WAT  21894 21896     3  6052  5749    
 6053 WAT  21897 21899     3  6053  5750    
 6054 WAT  21900 21902     3  6054  5751    
 6055 WAT  21903 21905     3  6055  5752    
 6056 WAT  21906 21908     3  6056  5753    
 6057 WAT  21909 21911     3  6057  5754    
 6058 WAT  21912 21914     3  6058  5755    
 6059 WAT  21915 21917     3  6059  5756    
 6060 WAT  21918 21920     3  6060  5757    
 6061 WAT  21921 21923     3  6061  5758    
 6062 WAT  21924 21926     3  6062  5759    
 6063 WAT  21927 21929     3  6063  5760    
 6064 WAT  21930 21932     3  6064  5761    
 6065 WAT  21933 21935     3  6065  5762    
 6066 WAT  21936 21938     3  6066  5763    
 6067 WAT  21939 21941     3  6067  5764    
 6068 WAT  21942 21944     3  6068  5765    
 6069 WAT  21945 21947     3  6069  5766    
 6070 WAT  21948 21950     3  6070  5767    
 6071 WAT  21951 21953     3  6071  5768    
 6072 WAT  21954 21956     3  6072  5769    
 6073 WAT  21957 21959     3  6073  5770    
 6074 WAT  21960 21962     3  6074  5771    
 6075 WAT  21963 21965     3  6075  5772    
 6076 WAT  21966 21968     3  6076  5773    
 6077 WAT  21969 21971     3  6077  5774    
 6078 WAT  21972 21974     3  6078  5775    
 6079 WAT  21975 21977     3  6079  5776    
 6080 WAT  21978 21980     3  6080  5777    
 6081 WAT  21981 21983     3  6081  5778    
 6082 WAT  21984 21986     3  6082  5779    
 6083 WAT  21987 21989     3  6083  5780    
 6084 WAT  21990 21992     3  6084  5781    
 6085 WAT  21993 21995     3  6085  5782    
 6086 WAT  21996 21998     3  6086  5783    
 6087 WAT  21999 22001     3  6087  5784    
 6088 WAT  22002 22004     3  6088  5785    
 6089 WAT  22005 22007     3  6089  5786    
 6090 WAT  22008 22010     3  6090  5787    
 6091 WAT  22011 22013     3  6091  5788    
 6092 WAT  22014 22016     3  6092  5789    
 6093 WAT  22017 22019     3  6093  5790    
 6094 WAT  22020 22022     3  6094  5791    
 6095 WAT  22023 22025     3  6095  5792    
 6096 WAT  22026 22028     3  6096  5793    
 6097 WAT  22029 22031     3  6097  5794    
 6098 WAT  22032 22034     3  6098  5795    
 6099 WAT  22035 22037     3  6099  5796    
 6100 WAT  22038 22040     3  6100  5797    
 6101 WAT  22041 22043     3  6101  5798    
 6102 WAT  22044 22046     3  6102  5799    
 6103 WAT  22047 22049     3  6103  5800    
 6104 WAT  22050 22052     3  6104  5801    
 6105 WAT  22053 22055     3  6105  5802    
 6106 WAT  22056 22058     3  6106  5803    
 6107 WAT  22059 22061     3  6107  5804    
 6108 WAT  22062 22064     3  6108  5805    
 6109 WAT  22065 22067     3  6109  5806    
 6110 WAT  22068 22070     3  6110  5807    
 6111 WAT  22071 22073     3  6111  5808    
 6112 WAT  22074 22076     3  6112  5809    
 6113 WAT  22077 22079     3  6113  5810    
 6114 WAT  22080 22082     3  6114  5811    
 6115 WAT  22083 22085     3  6115  5812    
 6116 WAT  22086 22088     3  6116  5813    
 6117 WAT  22089 22091     3  6117  5814    
 6118 WAT  22092 22094     3  6118  5815    
 6119 WAT  22095 22097     3  6119  5816    
 6120 WAT  22098 22100     3  6120  5817    
 6121 WAT  22101 22103     3  6121  5818    
 6122 WAT  22104 22106     3  6122  5819    
 6123 WAT  22107 22109     3  6123  5820    
 6124 WAT  22110 22112     3  6124  5821    
 6125 WAT  22113 22115     3  6125  5822    
 6126 WAT  22116 22118     3  6126  5823    
 6127 WAT  22119 22121     3  6127  5824    
 6128 WAT  22122 22124     3  6128  5825    
 6129 WAT  22125 22127     3  6129  5826    
 6130 WAT  22128 22130     3  6130  5827    
 6131 WAT  22131 22133     3  6131  5828    
 6132 WAT  22134 22136     3  6132  5829    
 6133 WAT  22137 22139     3  6133  5830    
 6134 WAT  22140 22142     3  6134  5831    
 6135 WAT  22143 22145     3  6135  5832    
 6136 WAT  22146 22148     3  6136  5833    
 6137 WAT  22149 22151     3  6137  5834    
 6138 WAT  22152 22154     3  6138  5835    
 6139 WAT  22155 22157     3  6139  5836    
 6140 WAT  22158 22160     3  6140  5837    
 6141 WAT  22161 22163     3  6141  5838    
 6142 WAT  22164 22166     3  6142  5839    
 6143 WAT  22167 22169     3  6143  5840    
 6144 WAT  22170 22172     3  6144  5841    
 6145 WAT  22173 22175     3  6145  5842    
 6146 WAT  22176 22178     3  6146  5843    
 6147 WAT  22179 22181     3  6147  5844    
 6148 WAT  22182 22184     3  6148  5845    
 6149 WAT  22185 22187     3  6149  5846    
 6150 WAT  22188 22190     3  6150  5847    
 6151 WAT  22191 22193     3  6151  5848    
 6152 WAT  22194 22196     3  6152  5849    
 6153 WAT  22197 22199     3  6153  5850    
 6154 WAT  22200 22202     3  6154  5851    
 6155 WAT  22203 22205     3  6155  5852    
 6156 WAT  22206 22208     3  6156  5853    
 6157 WAT  22209 22211     3  6157  5854    
 6158 WAT  22212 22214     3  6158  5855    
 6159 WAT  22215 22217     3  6159  5856    
 6160 WAT  22218 22220     3  6160  5857    
 6161 WAT  22221 22223     3  6161  5858    
 6162 WAT  22224 22226     3  6162  5859    
 6163 WAT  22227 22229     3  6163  5860    
 6164 WAT  22230 22232     3  6164  5861    
 6165 WAT  22233 22235     3  6165  5862    
 6166 WAT  22236 22238     3  6166  5863    
 6167 WAT  22239 22241     3  6167  5864    
 6168 WAT  22242 22244     3  6168  5865    
 6169 WAT  22245 22247     3  6169  5866    
 6170 WAT  22248 22250     3  6170  5867    
 6171 WAT  22251 22253     3  6171  5868    
 6172 WAT  22254 22256     3  6172  5869    
 6173 WAT  22257 22259     3  6173  5870    
 6174 WAT  22260 22262     3  6174  5871    
 6175 WAT  22263 22265     3  6175  5872    
 6176 WAT  22266 22268     3  6176  5873    
 6177 WAT  22269 22271     3  6177  5874    
 6178 WAT  22272 22274     3  6178  5875    
 6179 WAT  22275 22277     3  6179  5876    
 6180 WAT  22278 22280     3  6180  5877    
 6181 WAT  22281 22283     3  6181  5878    
 6182 WAT  22284 22286     3  6182  5879    
 6183 WAT  22287 22289     3  6183  5880    
 6184 WAT  22290 22292     3  6184  5881    
 6185 WAT  22293 22295     3  6185  5882    
 6186 WAT  22296 22298     3  6186  5883    
 6187 WAT  22299 22301     3  6187  5884    
 6188 WAT  22302 22304     3  6188  5885    
 6189 WAT  22305 22307     3  6189  5886    
 6190 WAT  22308 22310     3  6190  5887    
 6191 WAT  22311 22313     3  6191  5888    
 6192 WAT  22314 22316     3  6192  5889    
 6193 WAT  22317 22319     3  6193  5890    
 6194 WAT  22320 22322     3  6194  5891    
 6195 WAT  22323 22325     3  6195  5892    
 6196 WAT  22326 22328     3  6196  5893    
 6197 WAT  22329 22331     3  6197  5894    
 6198 WAT  22332 22334     3  6198  5895    
 6199 WAT  22335 22337     3  6199  5896    
 6200 WAT  22338 22340     3  6200  5897    
 6201 WAT  22341 22343     3  6201  5898    
 6202 WAT  22344 22346     3  6202  5899    
 6203 WAT  22347 22349     3  6203  5900    
 6204 WAT  22350 22352     3  6204  5901    
 6205 WAT  22353 22355     3  6205  5902    
 6206 WAT  22356 22358     3  6206  5903    
 6207 WAT  22359 22361     3  6207  5904    
 6208 WAT  22362 22364     3  6208  5905    
 6209 WAT  22365 22367     3  6209  5906    
 6210 WAT  22368 22370     3  6210  5907    
 6211 WAT  22371 22373     3  6211  5908    
 6212 WAT  22374 22376     3  6212  5909    
 6213 WAT  22377 22379     3  6213  5910    
 6214 WAT  22380 22382     3  6214  5911    
 6215 WAT  22383 22385     3  6215  5912    
 6216 WAT  22386 22388     3  6216  5913    
 6217 WAT  22389 22391     3  6217  5914    
 6218 WAT  22392 22394     3  6218  5915    
 6219 WAT  22395 22397     3  6219  5916    
 6220 WAT  22398 22400     3  6220  5917    
 6221 WAT  22401 22403     3  6221  5918    
 6222 WAT  22404 22406     3  6222  5919    
 6223 WAT  22407 22409     3  6223  5920    
 6224 WAT  22410 22412     3  6224  5921    
 6225 WAT  22413 22415     3  6225  5922    
 6226 WAT  22416 22418     3  6226  5923    
 6227 WAT  22419 22421     3  6227  5924    
 6228 WAT  22422 22424     3  6228  5925    
 6229 WAT  22425 22427     3  6229  5926    
 6230 WAT  22428 22430     3  6230  5927    
 6231 WAT  22431 22433     3  6231  5928    
 6232 WAT  22434 22436     3  6232  5929    
 6233 WAT  22437 22439     3  6233  5930    
 6234 WAT  22440 22442     3  6234  5931    
 6235 WAT  22443 22445     3  6235  5932    
 6236 WAT  22446 22448     3  6236  5933    
 6237 WAT  22449 22451     3  6237  5934    
 6238 WAT  22452 22454     3  6238  5935    
 6239 WAT  22455 22457     3  6239  5936    
 6240 WAT  22458 22460     3  6240  5937    
 6241 WAT  22461 22463     3  6241  5938    
 6242 WAT  22464 22466     3  6242  5939    
 6243 WAT  22467 22469     3  6243  5940    
 6244 WAT  22470 22472     3  6244  5941    
 6245 WAT  22473 22475     3  6245  5942    
 6246 WAT  22476 22478     3  6246  5943    
 6247 WAT  22479 22481     3  6247  5944    
 6248 WAT  22482 22484     3  6248  5945    
 6249 WAT  22485 22487     3  6249  5946    
 6250 WAT  22488 22490     3  6250  5947    
 6251 WAT  22491 22493     3  6251  5948    
 6252 WAT  22494 22496     3  6252  5949    
 6253 WAT  22497 22499     3  6253  5950    
 6254 WAT  22500 22502     3  6254  5951    
 6255 WAT  22503 22505     3  6255  5952    
 6256 WAT  22506 22508     3  6256  5953    
 6257 WAT  22509 22511     3  6257  5954    
 6258 WAT  22512 22514     3  6258  5955    
 6259 WAT  22515 22517     3  6259  5956    
 6260 WAT  22518 22520     3  6260  5957    
 6261 WAT  22521 22523     3  6261  5958    
 6262 WAT  22524 22526     3  6262  5959    
 6263 WAT  22527 22529     3  6263  5960    
 6264 WAT  22530 22532     3  6264  5961    
 6265 WAT  22533 22535     3  6265  5962    
 6266 WAT  22536 22538     3  6266  5963    
 6267 WAT  22539 22541     3  6267  5964    
 6268 WAT  22542 22544     3  6268  5965    
 6269 WAT  22545 22547     3  6269  5966    
 6270 WAT  22548 22550     3  6270  5967    
 6271 WAT  22551 22553     3  6271  5968    
 6272 WAT  22554 22556     3  6272  5969    
 6273 WAT  22557 22559     3  6273  5970    
 6274 WAT  22560 22562     3  6274  5971    
 6275 WAT  22563 22565     3  6275  5972    
 6276 WAT  22566 22568     3  6276  5973    
 6277 WAT  22569 22571     3  6277  5974    
 6278 WAT  22572 22574     3  6278  5975    
 6279 WAT  22575 22577     3  6279  5976    
 6280 WAT  22578 22580     3  6280  5977    
 6281 WAT  22581 22583     3  6281  5978    
 6282 WAT  22584 22586     3  6282  5979    
 6283 WAT  22587 22589     3  6283  5980    
 6284 WAT  22590 22592     3  6284  5981    
 6285 WAT  22593 22595     3  6285  5982    
 6286 WAT  22596 22598     3  6286  5983    
 6287 WAT  22599 22601     3  6287  5984    
 6288 WAT  22602 22604     3  6288  5985    
 6289 WAT  22605 22607     3  6289  5986    
 6290 WAT  22608 22610     3  6290  5987    
 6291 WAT  22611 22613     3  6291  5988    
 6292 WAT  22614 22616     3  6292  5989    
 6293 WAT  22617 22619     3  6293  5990    
 6294 WAT  22620 22622     3  6294  5991    
 6295 WAT  22623 22625     3  6295  5992    
 6296 WAT  22626 22628     3  6296  5993    
 6297 WAT  22629 22631     3  6297  5994    
 6298 WAT  22632 22634     3  6298  5995    
 6299 WAT  22635 22637     3  6299  5996    
 6300 WAT  22638 22640     3  6300  5997    
 6301 WAT  22641 22643     3  6301  5998    
 6302 WAT  22644 22646     3  6302  5999    
 6303 WAT  22647 22649     3  6303  6000    
 6304 WAT  22650 22652     3  6304  6001    
 6305 WAT  22653 22655     3  6305  6002    
 6306 WAT  22656 22658     3  6306  6003    
 6307 WAT  22659 22661     3  6307  6004    
 6308 WAT  22662 22664     3  6308  6005    
 6309 WAT  22665 22667     3  6309  6006    
 6310 WAT  22668 22670     3  6310  6007    
 6311 WAT  22671 22673     3  6311  6008    
 6312 WAT  22674 22676     3  6312  6009    
 6313 WAT  22677 22679     3  6313  6010    
 6314 WAT  22680 22682     3  6314  6011    
 6315 WAT  22683 22685     3  6315  6012    
 6316 WAT  22686 22688     3  6316  6013    
 6317 WAT  22689 22691     3  6317  6014    
 6318 WAT  22692 22694     3  6318  6015    
 6319 WAT  22695 22697     3  6319  6016    
 6320 WAT  22698 22700     3  6320  6017    
 6321 WAT  22701 22703     3  6321  6018    
 6322 WAT  22704 22706     3  6322  6019    
 6323 WAT  22707 22709     3  6323  6020    
 6324 WAT  22710 22712     3  6324  6021    
 6325 WAT  22713 22715     3  6325  6022    
 6326 WAT  22716 22718     3  6326  6023    
 6327 WAT  22719 22721     3  6327  6024    
 6328 WAT  22722 22724     3  6328  6025    
 6329 WAT  22725 22727     3  6329  6026    
 6330 WAT  22728 22730     3  6330  6027    
 6331 WAT  22731 22733     3  6331  6028    
 6332 WAT  22734 22736     3  6332  6029    
 6333 WAT  22737 22739     3  6333  6030    
 6334 WAT  22740 22742     3  6334  6031    
 6335 WAT  22743 22745     3  6335  6032    
 6336 WAT  22746 22748     3  6336  6033    
 6337 WAT  22749 22751     3  6337  6034    
 6338 WAT  22752 22754     3  6338  6035    
 6339 WAT  22755 22757     3  6339  6036    
 6340 WAT  22758 22760     3  6340  6037    
 6341 WAT  22761 22763     3  6341  6038    
 6342 WAT  22764 22766     3  6342  6039    
 6343 WAT  22767 22769     3  6343  6040    
 6344 WAT  22770 22772     3  6344  6041    
 6345 WAT  22773 22775     3  6345  6042    
 6346 WAT  22776 22778     3  6346  6043    
 6347 WAT  22779 22781     3  6347  6044    
 6348 WAT  22782 22784     3  6348  6045    
 6349 WAT  22785 22787     3  6349  6046    
 6350 WAT  22788 22790     3  6350  6047    
 6351 WAT  22791 22793     3  6351  6048    
 6352 WAT  22794 22796     3  6352  6049    
 6353 WAT  22797 22799     3  6353  6050    
 6354 WAT  22800 22802     3  6354  6051    
 6355 WAT  22803 22805     3  6355  6052    
 6356 WAT  22806 22808     3  6356  6053    
 6357 WAT  22809 22811     3  6357  6054    
 6358 WAT  22812 22814     3  6358  6055    
 6359 WAT  22815 22817     3  6359  6056    
 6360 WAT  22818 22820     3  6360  6057    
 6361 WAT  22821 22823     3  6361  6058    
 6362 WAT  22824 22826     3  6362  6059    
 6363 WAT  22827 22829     3  6363  6060    
 6364 WAT  22830 22832     3  6364  6061    
 6365 WAT  22833 22835     3  6365  6062    
 6366 WAT  22836 22838     3  6366  6063    
 6367 WAT  22839 22841     3  6367  6064    
 6368 WAT  22842 22844     3  6368  6065    
 6369 WAT  22845 22847     3  6369  6066    
 6370 WAT  22848 22850     3  6370  6067    
 6371 WAT  22851 22853     3  6371  6068    
 6372 WAT  22854 22856     3  6372  6069    
 6373 WAT  22857 22859     3  6373  6070    
 6374 WAT  22860 22862     3  6374  6071    
 6375 WAT  22863 22865     3  6375  6072    
 6376 WAT  22866 22868     3  6376  6073    
 6377 WAT  22869 22871     3  6377  6074    
 6378 WAT  22872 22874     3  6378  6075    
 6379 WAT  22875 22877     3  6379  6076    
 6380 WAT  22878 22880     3  6380  6077    
 6381 WAT  22881 22883     3  6381  6078    
 6382 WAT  22884 22886     3  6382  6079    
 6383 WAT  22887 22889     3  6383  6080    
 6384 WAT  22890 22892     3  6384  6081    
 6385 WAT  22893 22895     3  6385  6082    
 6386 WAT  22896 22898     3  6386  6083    
 6387 WAT  22899 22901     3  6387  6084    
 6388 WAT  22902 22904     3  6388  6085    
 6389 WAT  22905 22907     3  6389  6086    
 6390 WAT  22908 22910     3  6390  6087    
 6391 WAT  22911 22913     3  6391  6088    
 6392 WAT  22914 22916     3  6392  6089    
 6393 WAT  22917 22919     3  6393  6090    
 6394 WAT  22920 22922     3  6394  6091    
 6395 WAT  22923 22925     3  6395  6092    
 6396 WAT  22926 22928     3  6396  6093    
 6397 WAT  22929 22931     3  6397  6094    
 6398 WAT  22932 22934     3  6398  6095    
 6399 WAT  22935 22937     3  6399  6096    
 6400 WAT  22938 22940     3  6400  6097    
 6401 WAT  22941 22943     3  6401  6098    
 6402 WAT  22944 22946     3  6402  6099    
 6403 WAT  22947 22949     3  6403  6100    
 6404 WAT  22950 22952     3  6404  6101    
 6405 WAT  22953 22955     3  6405  6102    
 6406 WAT  22956 22958     3  6406  6103    
 6407 WAT  22959 22961     3  6407  6104    
 6408 WAT  22962 22964     3  6408  6105    
 6409 WAT  22965 22967     3  6409  6106    
 6410 WAT  22968 22970     3  6410  6107    
 6411 WAT  22971 22973     3  6411  6108    
 6412 WAT  22974 22976     3  6412  6109    
 6413 WAT  22977 22979     3  6413  6110    
 6414 WAT  22980 22982     3  6414  6111    
 6415 WAT  22983 22985     3  6415  6112    
 6416 WAT  22986 22988     3  6416  6113    
 6417 WAT  22989 22991     3  6417  6114    
 6418 WAT  22992 22994     3  6418  6115    
 6419 WAT  22995 22997     3  6419  6116    
 6420 WAT  22998 23000     3  6420  6117    
 6421 WAT  23001 23003     3  6421  6118    
 6422 WAT  23004 23006     3  6422  6119    
 6423 WAT  23007 23009     3  6423  6120    
 6424 WAT  23010 23012     3  6424  6121    
 6425 WAT  23013 23015     3  6425  6122    
 6426 WAT  23016 23018     3  6426  6123    
 6427 WAT  23019 23021     3  6427  6124    
 6428 WAT  23022 23024     3  6428  6125    
 6429 WAT  23025 23027     3  6429  6126    
 6430 WAT  23028 23030     3  6430  6127    
 6431 WAT  23031 23033     3  6431  6128    
 6432 WAT  23034 23036     3  6432  6129    
 6433 WAT  23037 23039     3  6433  6130    
 6434 WAT  23040 23042     3  6434  6131    
 6435 WAT  23043 23045     3  6435  6132    
 6436 WAT  23046 23048     3  6436  6133    
 6437 WAT  23049 23051     3  6437  6134    
 6438 WAT  23052 23054     3  6438  6135    
 6439 WAT  23055 23057     3  6439  6136    
 6440 WAT  23058 23060     3  6440  6137    
 6441 WAT  23061 23063     3  6441  6138    
 6442 WAT  23064 23066     3  6442  6139    
 6443 WAT  23067 23069     3  6443  6140    
 6444 WAT  23070 23072     3  6444  6141    
 6445 WAT  23073 23075     3  6445  6142    
 6446 WAT  23076 23078     3  6446  6143    
 6447 WAT  23079 23081     3  6447  6144    
 6448 WAT  23082 23084     3  6448  6145    
 6449 WAT  23085 23087     3  6449  6146    
 6450 WAT  23088 23090     3  6450  6147    
 6451 WAT  23091 23093     3  6451  6148    
 6452 WAT  23094 23096     3  6452  6149    
 6453 WAT  23097 23099     3  6453  6150    
 6454 WAT  23100 23102     3  6454  6151    
 6455 WAT  23103 23105     3  6455  6152    
 6456 WAT  23106 23108     3  6456  6153    
 6457 WAT  23109 23111     3  6457  6154    
 6458 WAT  23112 23114     3  6458  6155    
 6459 WAT  23115 23117     3  6459  6156    
 6460 WAT  23118 23120     3  6460  6157    
 6461 WAT  23121 23123     3  6461  6158    
 6462 WAT  23124 23126     3  6462  6159    
 6463 WAT  23127 23129     3  6463  6160    
 6464 WAT  23130 23132     3  6464  6161    
 6465 WAT  23133 23135     3  6465  6162    
 6466 WAT  23136 23138     3  6466  6163    
 6467 WAT  23139 23141     3  6467  6164    
 6468 WAT  23142 23144     3  6468  6165    
 6469 WAT  23145 23147     3  6469  6166    
 6470 WAT  23148 23150     3  6470  6167    
 6471 WAT  23151 23153     3  6471  6168    
 6472 WAT  23154 23156     3  6472  6169    
 6473 WAT  23157 23159     3  6473  6170    
 6474 WAT  23160 23162     3  6474  6171    
 6475 WAT  23163 23165     3  6475  6172    
 6476 WAT  23166 23168     3  6476  6173    
 6477 WAT  23169 23171     3  6477  6174    
 6478 WAT  23172 23174     3  6478  6175    
 6479 WAT  23175 23177     3  6479  6176    
 6480 WAT  23178 23180     3  6480  6177    
 6481 WAT  23181 23183     3  6481  6178    
 6482 WAT  23184 23186     3  6482  6179    
 6483 WAT  23187 23189     3  6483  6180    
 6484 WAT  23190 23192     3  6484  6181    
 6485 WAT  23193 23195     3  6485  6182    
 6486 WAT  23196 23198     3  6486  6183    
 6487 WAT  23199 23201     3  6487  6184    
 6488 WAT  23202 23204     3  6488  6185    
 6489 WAT  23205 23207     3  6489  6186    
 6490 WAT  23208 23210     3  6490  6187    
 6491 WAT  23211 23213     3  6491  6188    
 6492 WAT  23214 23216     3  6492  6189    
 6493 WAT  23217 23219     3  6493  6190    
 6494 WAT  23220 23222     3  6494  6191    
 6495 WAT  23223 23225     3  6495  6192    
 6496 WAT  23226 23228     3  6496  6193    
 6497 WAT  23229 23231     3  6497  6194    
 6498 WAT  23232 23234     3  6498  6195    
 6499 WAT  23235 23237     3  6499  6196    
 6500 WAT  23238 23240     3  6500  6197    
 6501 WAT  23241 23243     3  6501  6198    
 6502 WAT  23244 23246     3  6502  6199    
 6503 WAT  23247 23249     3  6503  6200    
 6504 WAT  23250 23252     3  6504  6201    
 6505 WAT  23253 23255     3  6505  6202    
 6506 WAT  23256 23258     3  6506  6203    
 6507 WAT  23259 23261     3  6507  6204    
 6508 WAT  23262 23264     3  6508  6205    
 6509 WAT  23265 23267     3  6509  6206    
 6510 WAT  23268 23270     3  6510  6207    
 6511 WAT  23271 23273     3  6511  6208    
 6512 WAT  23274 23276     3  6512  6209    
 6513 WAT  23277 23279     3  6513  6210    
 6514 WAT  23280 23282     3  6514  6211    
 6515 WAT  23283 23285     3  6515  6212    
 6516 WAT  23286 23288     3  6516  6213    
 6517 WAT  23289 23291     3  6517  6214    
 6518 WAT  23292 23294     3  6518  6215    
 6519 WAT  23295 23297     3  6519  6216    
 6520 WAT  23298 23300     3  6520  6217    
 6521 WAT  23301 23303     3  6521  6218    
 6522 WAT  23304 23306     3  6522  6219    
 6523 WAT  23307 23309     3  6523  6220    
 6524 WAT  23310 23312     3  6524  6221    
 6525 WAT  23313 23315     3  6525  6222    
 6526 WAT  23316 23318     3  6526  6223    
 6527 WAT  23319 23321     3  6527  6224    
 6528 WAT  23322 23324     3  6528  6225    
 6529 WAT  23325 23327     3  6529  6226    
 6530 WAT  23328 23330     3  6530  6227    
 6531 WAT  23331 23333     3  6531  6228    
 6532 WAT  23334 23336     3  6532  6229    
 6533 WAT  23337 23339     3  6533  6230    
 6534 WAT  23340 23342     3  6534  6231    
 6535 WAT  23343 23345     3  6535  6232    
 6536 WAT  23346 23348     3  6536  6233    
 6537 WAT  23349 23351     3  6537  6234    
 6538 WAT  23352 23354     3  6538  6235    
 6539 WAT  23355 23357     3  6539  6236    
 6540 WAT  23358 23360     3  6540  6237    
 6541 WAT  23361 23363     3  6541  6238    
 6542 WAT  23364 23366     3  6542  6239    
 6543 WAT  23367 23369     3  6543  6240    
 6544 WAT  23370 23372     3  6544  6241    
 6545 WAT  23373 23375     3  6545  6242    
 6546 WAT  23376 23378     3  6546  6243    
 6547 WAT  23379 23381     3  6547  6244    
 6548 WAT  23382 23384     3  6548  6245    
 6549 WAT  23385 23387     3  6549  6246    
 6550 WAT  23388 23390     3  6550  6247    
 6551 WAT  23391 23393     3  6551  6248    
 6552 WAT  23394 23396     3  6552  6249    
 6553 WAT  23397 23399     3  6553  6250    
 6554 WAT  23400 23402     3  6554  6251    
 6555 WAT  23403 23405     3  6555  6252    
 6556 WAT  23406 23408     3  6556  6253    
 6557 WAT  23409 23411     3  6557  6254    
 6558 WAT  23412 23414     3  6558  6255    
 6559 WAT  23415 23417     3  6559  6256    
 6560 WAT  23418 23420     3  6560  6257    
 6561 WAT  23421 23423     3  6561  6258    
 6562 WAT  23424 23426     3  6562  6259    
 6563 WAT  23427 23429     3  6563  6260    
 6564 WAT  23430 23432     3  6564  6261    
 6565 WAT  23433 23435     3  6565  6262    
 6566 WAT  23436 23438     3  6566  6263    
 6567 WAT  23439 23441     3  6567  6264    
 6568 WAT  23442 23444     3  6568  6265    
 6569 WAT  23445 23447     3  6569  6266    
 6570 WAT  23448 23450     3  6570  6267    
 6571 WAT  23451 23453     3  6571  6268    
 6572 WAT  23454 23456     3  6572  6269    
 6573 WAT  23457 23459     3  6573  6270    
 6574 WAT  23460 23462     3  6574  6271    
 6575 WAT  23463 23465     3  6575  6272    
 6576 WAT  23466 23468     3  6576  6273    
 6577 WAT  23469 23471     3  6577  6274    
 6578 WAT  23472 23474     3  6578  6275    
 6579 WAT  23475 23477     3  6579  6276    
 6580 WAT  23478 23480     3  6580  6277    
 6581 WAT  23481 23483     3  6581  6278    
 6582 WAT  23484 23486     3  6582  6279    
 6583 WAT  23487 23489     3  6583  6280    
 6584 WAT  23490 23492     3  6584  6281    
 6585 WAT  23493 23495     3  6585  6282    
 6586 WAT  23496 23498     3  6586  6283    
 6587 WAT  23499 23501     3  6587  6284    
 6588 WAT  23502 23504     3  6588  6285    
 6589 WAT  23505 23507     3  6589  6286    
 6590 WAT  23508 23510     3  6590  6287    
 6591 WAT  23511 23513     3  6591  6288    
 6592 WAT  23514 23516     3  6592  6289    
 6593 WAT  23517 23519     3  6593  6290    
 6594 WAT  23520 23522     3  6594  6291    
 6595 WAT  23523 23525     3  6595  6292    
 6596 WAT  23526 23528     3  6596  6293    
 6597 WAT  23529 23531     3  6597  6294    
 6598 WAT  23532 23534     3  6598  6295    
 6599 WAT  23535 23537     3  6599  6296    
 6600 WAT  23538 23540     3  6600  6297    
 6601 WAT  23541 23543     3  6601  6298    
 6602 WAT  23544 23546     3  6602  6299    
 6603 WAT  23547 23549     3  6603  6300    
 6604 WAT  23550 23552     3  6604  6301    
 6605 WAT  23553 23555     3  6605  6302    
 6606 WAT  23556 23558     3  6606  6303    
 6607 WAT  23559 23561     3  6607  6304    
 6608 WAT  23562 23564     3  6608  6305    
 6609 WAT  23565 23567     3  6609  6306    
 6610 WAT  23568 23570     3  6610  6307    
 6611 WAT  23571 23573     3  6611  6308    
 6612 WAT  23574 23576     3  6612  6309    
 6613 WAT  23577 23579     3  6613  6310    
 6614 WAT  23580 23582     3  6614  6311    
 6615 WAT  23583 23585     3  6615  6312    
 6616 WAT  23586 23588     3  6616  6313    
 6617 WAT  23589 23591     3  6617  6314    
 6618 WAT  23592 23594     3  6618  6315    
 6619 WAT  23595 23597     3  6619  6316    
 6620 WAT  23598 23600     3  6620  6317    
 6621 WAT  23601 23603     3  6621  6318    
 6622 WAT  23604 23606     3  6622  6319    
 6623 WAT  23607 23609     3  6623  6320    
 6624 WAT  23610 23612     3  6624  6321    
 6625 WAT  23613 23615     3  6625  6322    
 6626 WAT  23616 23618     3  6626  6323    
 6627 WAT  23619 23621     3  6627  6324    
 6628 WAT  23622 23624     3  6628  6325    
 6629 WAT  23625 23627     3  6629  6326    
 6630 WAT  23628 23630     3  6630  6327    
 6631 WAT  23631 23633     3  6631  6328    
 6632 WAT  23634 23636     3  6632  6329    
 6633 WAT  23637 23639     3  6633  6330    
 6634 WAT  23640 23642     3  6634  6331    
 6635 WAT  23643 23645     3  6635  6332    
 6636 WAT  23646 23648     3  6636  6333    
 6637 WAT  23649 23651     3  6637  6334    
 6638 WAT  23652 23654     3  6638  6335    
 6639 WAT  23655 23657     3  6639  6336    
 6640 WAT  23658 23660     3  6640  6337    
 6641 WAT  23661 23663     3  6641  6338    
 6642 WAT  23664 23666     3  6642  6339    
 6643 WAT  23667 23669     3  6643  6340    
 6644 WAT  23670 23672     3  6644  6341    
 6645 WAT  23673 23675     3  6645  6342    
 6646 WAT  23676 23678     3  6646  6343    
 6647 WAT  23679 23681     3  6647  6344    
 6648 WAT  23682 23684     3  6648  6345    
 6649 WAT  23685 23687     3  6649  6346    
 6650 WAT  23688 23690     3  6650  6347    
 6651 WAT  23691 23693     3  6651  6348    
 6652 WAT  23694 23696     3  6652  6349    
 6653 WAT  23697 23699     3  6653  6350    
 6654 WAT  23700 23702     3  6654  6351    
 6655 WAT  23703 23705     3  6655  6352    
 6656 WAT  23706 23708     3  6656  6353    
 6657 WAT  23709 23711     3  6657  6354    
 6658 WAT  23712 23714     3  6658  6355    
 6659 WAT  23715 23717     3  6659  6356    
 6660 WAT  23718 23720     3  6660  6357    
 6661 WAT  23721 23723     3  6661  6358    
 6662 WAT  23724 23726     3  6662  6359    
 6663 WAT  23727 23729     3  6663  6360    
 6664 WAT  23730 23732     3  6664  6361    
 6665 WAT  23733 23735     3  6665  6362    
 6666 WAT  23736 23738     3  6666  6363    
 6667 WAT  23739 23741     3  6667  6364    
 6668 WAT  23742 23744     3  6668  6365    
 6669 WAT  23745 23747     3  6669  6366    
 6670 WAT  23748 23750     3  6670  6367    
 6671 WAT  23751 23753     3  6671  6368    
 6672 WAT  23754 23756     3  6672  6369    
 6673 WAT  23757 23759     3  6673  6370    
 6674 WAT  23760 23762     3  6674  6371    
 6675 WAT  23763 23765     3  6675  6372    
 6676 WAT  23766 23768     3  6676  6373    
 6677 WAT  23769 23771     3  6677  6374    
 6678 WAT  23772 23774     3  6678  6375    
 6679 WAT  23775 23777     3  6679  6376    
 6680 WAT  23778 23780     3  6680  6377    
 6681 WAT  23781 23783     3  6681  6378    
 6682 WAT  23784 23786     3  6682  6379    
 6683 WAT  23787 23789     3  6683  6380    
 6684 WAT  23790 23792     3  6684  6381    
 6685 WAT  23793 23795     3  6685  6382    
 6686 WAT  23796 23798     3  6686  6383    
 6687 WAT  23799 23801     3  6687  6384    
 6688 WAT  23802 23804     3  6688  6385    
 6689 WAT  23805 23807     3  6689  6386    
 6690 WAT  23808 23810     3  6690  6387    
 6691 WAT  23811 23813     3  6691  6388    
 6692 WAT  23814 23816     3  6692  6389    
 6693 WAT  23817 23819     3  6693  6390    
 6694 WAT  23820 23822     3  6694  6391    
 6695 WAT  23823 23825     3  6695  6392    
 6696 WAT  23826 23828     3  6696  6393    
 6697 WAT  23829 23831     3  6697  6394    
 6698 WAT  23832 23834     3  6698  6395    
 6699 WAT  23835 23837     3  6699  6396    
 6700 WAT  23838 23840     3  6700  6397    
 6701 WAT  23841 23843     3  6701  6398    
 6702 WAT  23844 23846     3  6702  6399    
 6703 WAT  23847 23849     3  6703  6400    
 6704 WAT  23850 23852     3  6704  6401    
 6705 WAT  23853 23855     3  6705  6402    
 6706 WAT  23856 23858     3  6706  6403    
 6707 WAT  23859 23861     3  6707  6404    
 6708 WAT  23862 23864     3  6708  6405    
 6709 WAT  23865 23867     3  6709  6406    
 6710 WAT  23868 23870     3  6710  6407    
 6711 WAT  23871 23873     3  6711  6408    
 6712 WAT  23874 23876     3  6712  6409    
 6713 WAT  23877 23879     3  6713  6410    
 6714 WAT  23880 23882     3  6714  6411    
 6715 WAT  23883 23885     3  6715  6412    
 6716 WAT  23886 23888     3  6716  6413    
 6717 WAT  23889 23891     3  6717  6414    
 6718 WAT  23892 23894     3  6718  6415    
 6719 WAT  23895 23897     3  6719  6416    
 6720 WAT  23898 23900     3  6720  6417    
 6721 WAT  23901 23903     3  6721  6418    
 6722 WAT  23904 23906     3  6722  6419    
 6723 WAT  23907 23909     3  6723  6420    
 6724 WAT  23910 23912     3  6724  6421    
 6725 WAT  23913 23915     3  6725  6422    
 6726 WAT  23916 23918     3  6726  6423    
 6727 WAT  23919 23921     3  6727  6424    
 6728 WAT  23922 23924     3  6728  6425    
 6729 WAT  23925 23927     3  6729  6426    
 6730 WAT  23928 23930     3  6730  6427    
 6731 WAT  23931 23933     3  6731  6428    
 6732 WAT  23934 23936     3  6732  6429    
 6733 WAT  23937 23939     3  6733  6430    
 6734 WAT  23940 23942     3  6734  6431    
 6735 WAT  23943 23945     3  6735  6432    
 6736 WAT  23946 23948     3  6736  6433    
 6737 WAT  23949 23951     3  6737  6434    
 6738 WAT  23952 23954     3  6738  6435    
 6739 WAT  23955 23957     3  6739  6436    
 6740 WAT  23958 23960     3  6740  6437    
 6741 WAT  23961 23963     3  6741  6438    
 6742 WAT  23964 23966     3  6742  6439    
 6743 WAT  23967 23969     3  6743  6440    
 6744 WAT  23970 23972     3  6744  6441    
 6745 WAT  23973 23975     3  6745  6442    
 6746 WAT  23976 23978     3  6746  6443    
 6747 WAT  23979 23981     3  6747  6444    
 6748 WAT  23982 23984     3  6748  6445    
 6749 WAT  23985 23987     3  6749  6446    
 6750 WAT  23988 23990     3  6750  6447    
 6751 WAT  23991 23993     3  6751  6448    
 6752 WAT  23994 23996     3  6752  6449    
 6753 WAT  23997 23999     3  6753  6450    
 6754 WAT  24000 24002     3  6754  6451    
 6755 WAT  24003 24005     3  6755  6452    
 6756 WAT  24006 24008     3  6756  6453    
 6757 WAT  24009 24011     3  6757  6454    
 6758 WAT  24012 24014     3  6758  6455    
 6759 WAT  24015 24017     3  6759  6456    
 6760 WAT  24018 24020     3  6760  6457    
 6761 WAT  24021 24023     3  6761  6458    
 6762 WAT  24024 24026     3  6762  6459    
 6763 WAT  24027 24029     3  6763  6460    
 6764 WAT  24030 24032     3  6764  6461    
 6765 WAT  24033 24035     3  6765  6462    
 6766 WAT  24036 24038     3  6766  6463    
 6767 WAT  24039 24041     3  6767  6464    
 6768 WAT  24042 24044     3  6768  6465    
 6769 WAT  24045 24047     3  6769  6466    
 6770 WAT  24048 24050     3  6770  6467    
 6771 WAT  24051 24053     3  6771  6468    
 6772 WAT  24054 24056     3  6772  6469    
 6773 WAT  24057 24059     3  6773  6470    
 6774 WAT  24060 24062     3  6774  6471    
 6775 WAT  24063 24065     3  6775  6472    
 6776 WAT  24066 24068     3  6776  6473    
 6777 WAT  24069 24071     3  6777  6474    
 6778 WAT  24072 24074     3  6778  6475    
 6779 WAT  24075 24077     3  6779  6476    
 6780 WAT  24078 24080     3  6780  6477    
 6781 WAT  24081 24083     3  6781  6478    
 6782 WAT  24084 24086     3  6782  6479    
 6783 WAT  24087 24089     3  6783  6480    
 6784 WAT  24090 24092     3  6784  6481    
 6785 WAT  24093 24095     3  6785  6482    
 6786 WAT  24096 24098     3  6786  6483    
 6787 WAT  24099 24101     3  6787  6484    
 6788 WAT  24102 24104     3  6788  6485    
 6789 WAT  24105 24107     3  6789  6486    
 6790 WAT  24108 24110     3  6790  6487    
 6791 WAT  24111 24113     3  6791  6488    
 6792 WAT  24114 24116     3  6792  6489    
 6793 WAT  24117 24119     3  6793  6490    
 6794 WAT  24120 24122     3  6794  6491    
 6795 WAT  24123 24125     3  6795  6492    
 6796 WAT  24126 24128     3  6796  6493    
 6797 WAT  24129 24131     3  6797  6494    
 6798 WAT  24132 24134     3  6798  6495    
 6799 WAT  24135 24137     3  6799  6496    
 6800 WAT  24138 24140     3  6800  6497    
 6801 WAT  24141 24143     3  6801  6498    
 6802 WAT  24144 24146     3  6802  6499    
 6803 WAT  24147 24149     3  6803  6500    
 6804 WAT  24150 24152     3  6804  6501    
 6805 WAT  24153 24155     3  6805  6502    
 6806 WAT  24156 24158     3  6806  6503    
 6807 WAT  24159 24161     3  6807  6504    
 6808 WAT  24162 24164     3  6808  6505    
 6809 WAT  24165 24167     3  6809  6506    
 6810 WAT  24168 24170     3  6810  6507    
 6811 WAT  24171 24173     3  6811  6508    
 6812 WAT  24174 24176     3  6812  6509    
 6813 WAT  24177 24179     3  6813  6510    
 6814 WAT  24180 24182     3  6814  6511    
 6815 WAT  24183 24185     3  6815  6512    
 6816 WAT  24186 24188     3  6816  6513    
 6817 WAT  24189 24191     3  6817  6514    
 6818 WAT  24192 24194     3  6818  6515    
 6819 WAT  24195 24197     3  6819  6516    
 6820 WAT  24198 24200     3  6820  6517    
 6821 WAT  24201 24203     3  6821  6518    
 6822 WAT  24204 24206     3  6822  6519    
 6823 WAT  24207 24209     3  6823  6520    
 6824 WAT  24210 24212     3  6824  6521    
 6825 WAT  24213 24215     3  6825  6522    
 6826 WAT  24216 24218     3  6826  6523    
 6827 WAT  24219 24221     3  6827  6524    
 6828 WAT  24222 24224     3  6828  6525    
 6829 WAT  24225 24227     3  6829  6526    
 6830 WAT  24228 24230     3  6830  6527    
 6831 WAT  24231 24233     3  6831  6528    
 6832 WAT  24234 24236     3  6832  6529    
 6833 WAT  24237 24239     3  6833  6530    
 6834 WAT  24240 24242     3  6834  6531    
 6835 WAT  24243 24245     3  6835  6532    
 6836 WAT  24246 24248     3  6836  6533    
 6837 WAT  24249 24251     3  6837  6534    
 6838 WAT  24252 24254     3  6838  6535    
 6839 WAT  24255 24257     3  6839  6536    
 6840 WAT  24258 24260     3  6840  6537    
 6841 WAT  24261 24263     3  6841  6538    
 6842 WAT  24264 24266     3  6842  6539    
 6843 WAT  24267 24269     3  6843  6540    
 6844 WAT  24270 24272     3  6844  6541    
 6845 WAT  24273 24275     3  6845  6542    
 6846 WAT  24276 24278     3  6846  6543    
 6847 WAT  24279 24281     3  6847  6544    
 6848 WAT  24282 24284     3  6848  6545    
 6849 WAT  24285 24287     3  6849  6546    
 6850 WAT  24288 24290     3  6850  6547    
 6851 WAT  24291 24293     3  6851  6548    
 6852 WAT  24294 24296     3  6852  6549    
 6853 WAT  24297 24299     3  6853  6550    
 6854 WAT  24300 24302     3  6854  6551    
 6855 WAT  24303 24305     3  6855  6552    
 6856 WAT  24306 24308     3  6856  6553    
 6857 WAT  24309 24311     3  6857  6554    
 6858 WAT  24312 24314     3  6858  6555    
 6859 WAT  24315 24317     3  6859  6556    
 6860 WAT  24318 24320     3  6860  6557    
 6861 WAT  24321 24323     3  6861  6558    
 6862 WAT  24324 24326     3  6862  6559    
 6863 WAT  24327 24329     3  6863  6560    
 6864 WAT  24330 24332     3  6864  6561    
 6865 WAT  24333 24335     3  6865  6562    
 6866 WAT  24336 24338     3  6866  6563    
 6867 WAT  24339 24341     3  6867  6564    
 6868 WAT  24342 24344     3  6868  6565    
 6869 WAT  24345 24347     3  6869  6566    
 6870 WAT  24348 24350     3  6870  6567    
 6871 WAT  24351 24353     3  6871  6568    
 6872 WAT  24354 24356     3  6872  6569    
 6873 WAT  24357 24359     3  6873  6570    
 6874 WAT  24360 24362     3  6874  6571    
 6875 WAT  24363 24365     3  6875  6572    
 6876 WAT  24366 24368     3  6876  6573    
 6877 WAT  24369 24371     3  6877  6574    
 6878 WAT  24372 24374     3  6878  6575    
 6879 WAT  24375 24377     3  6879  6576    
 6880 WAT  24378 24380     3  6880  6577    
 6881 WAT  24381 24383     3  6881  6578    
 6882 WAT  24384 24386     3  6882  6579    
 6883 WAT  24387 24389     3  6883  6580    
 6884 WAT  24390 24392     3  6884  6581    
 6885 WAT  24393 24395     3  6885  6582    
 6886 WAT  24396 24398     3  6886  6583    
 6887 WAT  24399 24401     3  6887  6584    
 6888 WAT  24402 24404     3  6888  6585    
 6889 WAT  24405 24407     3  6889  6586    
 6890 WAT  24408 24410     3  6890  6587    
 6891 WAT  24411 24413     3  6891  6588    
 6892 WAT  24414 24416     3  6892  6589    
 6893 WAT  24417 24419     3  6893  6590    
 6894 WAT  24420 24422     3  6894  6591    
 6895 WAT  24423 24425     3  6895  6592    
 6896 WAT  24426 24428     3  6896  6593    
 6897 WAT  24429 24431     3  6897  6594    
 6898 WAT  24432 24434     3  6898  6595    
 6899 WAT  24435 24437     3  6899  6596    
 6900 WAT  24438 24440     3  6900  6597    
 6901 WAT  24441 24443     3  6901  6598    
 6902 WAT  24444 24446     3  6902  6599    
 6903 WAT  24447 24449     3  6903  6600    
 6904 WAT  24450 24452     3  6904  6601    
 6905 WAT  24453 24455     3  6905  6602    
 6906 WAT  24456 24458     3  6906  6603    
 6907 WAT  24459 24461     3  6907  6604    
 6908 WAT  24462 24464     3  6908  6605    
 6909 WAT  24465 24467     3  6909  6606    
 6910 WAT  24468 24470     3  6910  6607    
 6911 WAT  24471 24473     3  6911  6608    
 6912 WAT  24474 24476     3  6912  6609    
 6913 WAT  24477 24479     3  6913  6610    
 6914 WAT  24480 24482     3  6914  6611    
 6915 WAT  24483 24485     3  6915  6612    
 6916 WAT  24486 24488     3  6916  6613    
 6917 WAT  24489 24491     3  6917  6614    
 6918 WAT  24492 24494     3  6918  6615    
 6919 WAT  24495 24497     3  6919  6616    
 6920 WAT  24498 24500     3  6920  6617    
 6921 WAT  24501 24503     3  6921  6618    
 6922 WAT  24504 24506     3  6922  6619    
 6923 WAT  24507 24509     3  6923  6620    
 6924 WAT  24510 24512     3  6924  6621    
 6925 WAT  24513 24515     3  6925  6622    
 6926 WAT  24516 24518     3  6926  6623    
 6927 WAT  24519 24521     3  6927  6624    
 6928 WAT  24522 24524     3  6928  6625    
 6929 WAT  24525 24527     3  6929  6626    
 6930 WAT  24528 24530     3  6930  6627    
 6931 WAT  24531 24533     3  6931  6628    
 6932 WAT  24534 24536     3  6932  6629    
 6933 WAT  24537 24539     3  6933  6630    
 6934 WAT  24540 24542     3  6934  6631    
 6935 WAT  24543 24545     3  6935  6632    
 6936 WAT  24546 24548     3  6936  6633    
 6937 WAT  24549 24551     3  6937  6634    
 6938 WAT  24552 24554     3  6938  6635    
 6939 WAT  24555 24557     3  6939  6636    
 6940 WAT  24558 24560     3  6940  6637    
 6941 WAT  24561 24563     3  6941  6638    
 6942 WAT  24564 24566     3  6942  6639    
 6943 WAT  24567 24569     3  6943  6640    
 6944 WAT  24570 24572     3  6944  6641    
 6945 WAT  24573 24575     3  6945  6642    
 6946 WAT  24576 24578     3  6946  6643    
 6947 WAT  24579 24581     3  6947  6644    
 6948 WAT  24582 24584     3  6948  6645    
 6949 WAT  24585 24587     3  6949  6646    
 6950 WAT  24588 24590     3  6950  6647    
 6951 WAT  24591 24593     3  6951  6648    
 6952 WAT  24594 24596     3  6952  6649    
 6953 WAT  24597 24599     3  6953  6650    
 6954 WAT  24600 24602     3  6954  6651    
 6955 WAT  24603 24605     3  6955  6652    
 6956 WAT  24606 24608     3  6956  6653    
 6957 WAT  24609 24611     3  6957  6654    
 6958 WAT  24612 24614     3  6958  6655    
 6959 WAT  24615 24617     3  6959  6656    
 6960 WAT  24618 24620     3  6960  6657    
 6961 WAT  24621 24623     3  6961  6658    
 6962 WAT  24624 24626     3  6962  6659    
 6963 WAT  24627 24629     3  6963  6660    
 6964 WAT  24630 24632     3  6964  6661    
 6965 WAT  24633 24635     3  6965  6662    
 6966 WAT  24636 24638     3  6966  6663    
 6967 WAT  24639 24641     3  6967  6664    
 6968 WAT  24642 24644     3  6968  6665    
 6969 WAT  24645 24647     3  6969  6666    
 6970 WAT  24648 24650     3  6970  6667    
 6971 WAT  24651 24653     3  6971  6668    
 6972 WAT  24654 24656     3  6972  6669    
 6973 WAT  24657 24659     3  6973  6670    
 6974 WAT  24660 24662     3  6974  6671    
 6975 WAT  24663 24665     3  6975  6672    
 6976 WAT  24666 24668     3  6976  6673    
 6977 WAT  24669 24671     3  6977  6674    
 6978 WAT  24672 24674     3  6978  6675    
 6979 WAT  24675 24677     3  6979  6676    
 6980 WAT  24678 24680     3  6980  6677    
 6981 WAT  24681 24683     3  6981  6678    
 6982 WAT  24684 24686     3  6982  6679    
 6983 WAT  24687 24689     3  6983  6680    
 6984 WAT  24690 24692     3  6984  6681    
 6985 WAT  24693 24695     3  6985  6682    
 6986 WAT  24696 24698     3  6986  6683    
 6987 WAT  24699 24701     3  6987  6684    
 6988 WAT  24702 24704     3  6988  6685    
 6989 WAT  24705 24707     3  6989  6686    
 6990 WAT  24708 24710     3  6990  6687    
 6991 WAT  24711 24713     3  6991  6688    
 6992 WAT  24714 24716     3  6992  6689    
 6993 WAT  24717 24719     3  6993  6690    
 6994 WAT  24720 24722     3  6994  6691    
 6995 WAT  24723 24725     3  6995  6692    
 6996 WAT  24726 24728     3  6996  6693    
 6997 WAT  24729 24731     3  6997  6694    
 6998 WAT  24732 24734     3  6998  6695    
 6999 WAT  24735 24737     3  6999  6696    
 7000 WAT  24738 24740     3  7000  6697    
 7001 WAT  24741 24743     3  7001  6698    
 7002 WAT  24744 24746     3  7002  6699    
 7003 WAT  24747 24749     3  7003  6700    
 7004 WAT  24750 24752     3  7004  6701    
 7005 WAT  24753 24755     3  7005  6702    
 7006 WAT  24756 24758     3  7006  6703    
 7007 WAT  24759 24761     3  7007  6704    
 7008 WAT  24762 24764     3  7008  6705    
 7009 WAT  24765 24767     3  7009  6706    
 7010 WAT  24768 24770     3  7010  6707    
 7011 WAT  24771 24773     3  7011  6708    
 7012 WAT  24774 24776     3  7012  6709    
 7013 WAT  24777 24779     3  7013  6710    
 7014 WAT  24780 24782     3  7014  6711    
 7015 WAT  24783 24785     3  7015  6712    
 7016 WAT  24786 24788     3  7016  6713    
 7017 WAT  24789 24791     3  7017  6714    
 7018 WAT  24792 24794     3  7018  6715    
 7019 WAT  24795 24797     3  7019  6716    
 7020 WAT  24798 24800     3  7020  6717    
 7021 WAT  24801 24803     3  7021  6718    
 7022 WAT  24804 24806     3  7022  6719    
 7023 WAT  24807 24809     3  7023  6720    
 7024 WAT  24810 24812     3  7024  6721    
 7025 WAT  24813 24815     3  7025  6722    
 7026 WAT  24816 24818     3  7026  6723    
 7027 WAT  24819 24821     3  7027  6724    
 7028 WAT  24822 24824     3  7028  6725    
 7029 WAT  24825 24827     3  7029  6726    
 7030 WAT  24828 24830     3  7030  6727    
 7031 WAT  24831 24833     3  7031  6728    
 7032 WAT  24834 24836     3  7032  6729    
 7033 WAT  24837 24839     3  7033  6730    
 7034 WAT  24840 24842     3  7034  6731    
 7035 WAT  24843 24845     3  7035  6732    
 7036 WAT  24846 24848     3  7036  6733    
 7037 WAT  24849 24851     3  7037  6734    
 7038 WAT  24852 24854     3  7038  6735    
 7039 WAT  24855 24857     3  7039  6736    
 7040 WAT  24858 24860     3  7040  6737    
 7041 WAT  24861 24863     3  7041  6738    
 7042 WAT  24864 24866     3  7042  6739    
 7043 WAT  24867 24869     3  7043  6740    
 7044 WAT  24870 24872     3  7044  6741    
 7045 WAT  24873 24875     3  7045  6742    
 7046 WAT  24876 24878     3  7046  6743    
 7047 WAT  24879 24881     3  7047  6744    
 7048 WAT  24882 24884     3  7048  6745    
 7049 WAT  24885 24887     3  7049  6746    
 7050 WAT  24888 24890     3  7050  6747    
 7051 WAT  24891 24893     3  7051  6748    
 7052 WAT  24894 24896     3  7052  6749    
 7053 WAT  24897 24899     3  7053  6750    
 7054 WAT  24900 24902     3  7054  6751    
 7055 WAT  24903 24905     3  7055  6752    
 7056 WAT  24906 24908     3  7056  6753    
 7057 WAT  24909 24911     3  7057  6754    
 7058 WAT  24912 24914     3  7058  6755    
 7059 WAT  24915 24917     3  7059  6756    
 7060 WAT  24918 24920     3  7060  6757    
 7061 WAT  24921 24923     3  7061  6758    
 7062 WAT  24924 24926     3  7062  6759    
 7063 WAT  24927 24929     3  7063  6760    
 7064 WAT  24930 24932     3  7064  6761    
 7065 WAT  24933 24935     3  7065  6762    
 7066 WAT  24936 24938     3  7066  6763    
 7067 WAT  24939 24941     3  7067  6764    
 7068 WAT  24942 24944     3  7068  6765    
 7069 WAT  24945 24947     3  7069  6766    
 7070 WAT  24948 24950     3  7070  6767    
 7071 WAT  24951 24953     3  7071  6768    
 7072 WAT  24954 24956     3  7072  6769    
 7073 WAT  24957 24959     3  7073  6770    
 7074 WAT  24960 24962     3  7074  6771    
 7075 WAT  24963 24965     3  7075  6772    
 7076 WAT  24966 24968     3  7076  6773    
 7077 WAT  24969 24971     3  7077  6774    
 7078 WAT  24972 24974     3  7078  6775    
 7079 WAT  24975 24977     3  7079  6776    
 7080 WAT  24978 24980     3  7080  6777    
 7081 WAT  24981 24983     3  7081  6778    
 7082 WAT  24984 24986     3  7082  6779    
 7083 WAT  24987 24989     3  7083  6780    
 7084 WAT  24990 24992     3  7084  6781    
 7085 WAT  24993 24995     3  7085  6782    
 7086 WAT  24996 24998     3  7086  6783    
 7087 WAT  24999 25001     3  7087  6784    
 7088 WAT  25002 25004     3  7088  6785    
 7089 WAT  25005 25007     3  7089  6786    
 7090 WAT  25008 25010     3  7090  6787    
 7091 WAT  25011 25013     3  7091  6788    
 7092 WAT  25014 25016     3  7092  6789    
 7093 WAT  25017 25019     3  7093  6790    
 7094 WAT  25020 25022     3  7094  6791    
 7095 WAT  25023 25025     3  7095  6792    
 7096 WAT  25026 25028     3  7096  6793    
 7097 WAT  25029 25031     3  7097  6794    
 7098 WAT  25032 25034     3  7098  6795    
 7099 WAT  25035 25037     3  7099  6796    
 7100 WAT  25038 25040     3  7100  6797    
 7101 WAT  25041 25043     3  7101  6798    
 7102 WAT  25044 25046     3  7102  6799    
 7103 WAT  25047 25049     3  7103  6800    
 7104 WAT  25050 25052     3  7104  6801    
 7105 WAT  25053 25055     3  7105  6802    
 7106 WAT  25056 25058     3  7106  6803    
 7107 WAT  25059 25061     3  7107  6804    
 7108 WAT  25062 25064     3  7108  6805    
 7109 WAT  25065 25067     3  7109  6806    
 7110 WAT  25068 25070     3  7110  6807    
 7111 WAT  25071 25073     3  7111  6808    
 7112 WAT  25074 25076     3  7112  6809    
 7113 WAT  25077 25079     3  7113  6810    
 7114 WAT  25080 25082     3  7114  6811    
 7115 WAT  25083 25085     3  7115  6812    
 7116 WAT  25086 25088     3  7116  6813    
 7117 WAT  25089 25091     3  7117  6814    
 7118 WAT  25092 25094     3  7118  6815    
 7119 WAT  25095 25097     3  7119  6816    
 7120 WAT  25098 25100     3  7120  6817    
 7121 WAT  25101 25103     3  7121  6818    
 7122 WAT  25104 25106     3  7122  6819    
 7123 WAT  25107 25109     3  7123  6820    
 7124 WAT  25110 25112     3  7124  6821    
 7125 WAT  25113 25115     3  7125  6822    
 7126 WAT  25116 25118     3  7126  6823    
 7127 WAT  25119 25121     3  7127  6824    
 7128 WAT  25122 25124     3  7128  6825    
 7129 WAT  25125 25127     3  7129  6826    
 7130 WAT  25128 25130     3  7130  6827    
 7131 WAT  25131 25133     3  7131  6828    
 7132 WAT  25134 25136     3  7132  6829    
 7133 WAT  25137 25139     3  7133  6830    
 7134 WAT  25140 25142     3  7134  6831    
 7135 WAT  25143 25145     3  7135  6832    
 7136 WAT  25146 25148     3  7136  6833    
 7137 WAT  25149 25151     3  7137  6834    
 7138 WAT  25152 25154     3  7138  6835    
 7139 WAT  25155 25157     3  7139  6836    
 7140 WAT  25158 25160     3  7140  6837    
 7141 WAT  25161 25163     3  7141  6838    
 7142 WAT  25164 25166     3  7142  6839    
 7143 WAT  25167 25169     3  7143  6840    
 7144 WAT  25170 25172     3  7144  6841    
 7145 WAT  25173 25175     3  7145  6842    
 7146 WAT  25176 25178     3  7146  6843    
 7147 WAT  25179 25181     3  7147  6844    
 7148 WAT  25182 25184     3  7148  6845    
 7149 WAT  25185 25187     3  7149  6846    
 7150 WAT  25188 25190     3  7150  6847    
 7151 WAT  25191 25193     3  7151  6848    
 7152 WAT  25194 25196     3  7152  6849    
 7153 WAT  25197 25199     3  7153  6850    
 7154 WAT  25200 25202     3  7154  6851    
 7155 WAT  25203 25205     3  7155  6852    
 7156 WAT  25206 25208     3  7156  6853    
 7157 WAT  25209 25211     3  7157  6854    
 7158 WAT  25212 25214     3  7158  6855    
 7159 WAT  25215 25217     3  7159  6856    
 7160 WAT  25218 25220     3  7160  6857    
 7161 WAT  25221 25223     3  7161  6858    
 7162 WAT  25224 25226     3  7162  6859    
 7163 WAT  25227 25229     3  7163  6860    
 7164 WAT  25230 25232     3  7164  6861    
 7165 WAT  25233 25235     3  7165  6862    
 7166 WAT  25236 25238     3  7166  6863    
 7167 WAT  25239 25241     3  7167  6864    
 7168 WAT  25242 25244     3  7168  6865    
 7169 WAT  25245 25247     3  7169  6866    
 7170 WAT  25248 25250     3  7170  6867    
 7171 WAT  25251 25253     3  7171  6868    
 7172 WAT  25254 25256     3  7172  6869    
 7173 WAT  25257 25259     3  7173  6870    
 7174 WAT  25260 25262     3  7174  6871    
 7175 WAT  25263 25265     3  7175  6872    
 7176 WAT  25266 25268     3  7176  6873    
 7177 WAT  25269 25271     3  7177  6874    
 7178 WAT  25272 25274     3  7178  6875    
 7179 WAT  25275 25277     3  7179  6876    
 7180 WAT  25278 25280     3  7180  6877    
 7181 WAT  25281 25283     3  7181  6878    
 7182 WAT  25284 25286     3  7182  6879    
 7183 WAT  25287 25289     3  7183  6880    
 7184 WAT  25290 25292     3  7184  6881    
 7185 WAT  25293 25295     3  7185  6882    
 7186 WAT  25296 25298     3  7186  6883    
 7187 WAT  25299 25301     3  7187  6884    
 7188 WAT  25302 25304     3  7188  6885    
 7189 WAT  25305 25307     3  7189  6886    
 7190 WAT  25308 25310     3  7190  6887    
 7191 WAT  25311 25313     3  7191  6888    
 7192 WAT  25314 25316     3  7192  6889    
 7193 WAT  25317 25319     3  7193  6890    
 7194 WAT  25320 25322     3  7194  6891    
 7195 WAT  25323 25325     3  7195  6892    
 7196 WAT  25326 25328     3  7196  6893    
 7197 WAT  25329 25331     3  7197  6894    
 7198 WAT  25332 25334     3  7198  6895    
 7199 WAT  25335 25337     3  7199  6896    
 7200 WAT  25338 25340     3  7200  6897    
 7201 WAT  25341 25343     3  7201  6898    
 7202 WAT  25344 25346     3  7202  6899    
 7203 WAT  25347 25349     3  7203  6900    
 7204 WAT  25350 25352     3  7204  6901    
 7205 WAT  25353 25355     3  7205  6902    
 7206 WAT  25356 25358     3  7206  6903    
 7207 WAT  25359 25361     3  7207  6904    
 7208 WAT  25362 25364     3  7208  6905    
 7209 WAT  25365 25367     3  7209  6906    
 7210 WAT  25368 25370     3  7210  6907    
 7211 WAT  25371 25373     3  7211  6908    
 7212 WAT  25374 25376     3  7212  6909    
 7213 WAT  25377 25379     3  7213  6910    
 7214 WAT  25380 25382     3  7214  6911    
 7215 WAT  25383 25385     3  7215  6912    
 7216 WAT  25386 25388     3  7216  6913    
 7217 WAT  25389 25391     3  7217  6914    
 7218 WAT  25392 25394     3  7218  6915    
 7219 WAT  25395 25397     3  7219  6916    
 7220 WAT  25398 25400     3  7220  6917    
 7221 WAT  25401 25403     3  7221  6918    
 7222 WAT  25404 25406     3  7222  6919    
 7223 WAT  25407 25409     3  7223  6920    
 7224 WAT  25410 25412     3  7224  6921    
 7225 WAT  25413 25415     3  7225  6922    
 7226 WAT  25416 25418     3  7226  6923    
 7227 WAT  25419 25421     3  7227  6924    
 7228 WAT  25422 25424     3  7228  6925    
 7229 WAT  25425 25427     3  7229  6926    
 7230 WAT  25428 25430     3  7230  6927    
 7231 WAT  25431 25433     3  7231  6928    
 7232 WAT  25434 25436     3  7232  6929    
 7233 WAT  25437 25439     3  7233  6930    
 7234 WAT  25440 25442     3  7234  6931    
 7235 WAT  25443 25445     3  7235  6932    
 7236 WAT  25446 25448     3  7236  6933    
 7237 WAT  25449 25451     3  7237  6934    
 7238 WAT  25452 25454     3  7238  6935    
 7239 WAT  25455 25457     3  7239  6936    
 7240 WAT  25458 25460     3  7240  6937    
 7241 WAT  25461 25463     3  7241  6938    
 7242 WAT  25464 25466     3  7242  6939    
 7243 WAT  25467 25469     3  7243  6940    
 7244 WAT  25470 25472     3  7244  6941    
 7245 WAT  25473 25475     3  7245  6942    
 7246 WAT  25476 25478     3  7246  6943    
 7247 WAT  25479 25481     3  7247  6944    
 7248 WAT  25482 25484     3  7248  6945    
 7249 WAT  25485 25487     3  7249  6946    
 7250 WAT  25488 25490     3  7250  6947    
 7251 WAT  25491 25493     3  7251  6948    
 7252 WAT  25494 25496     3  7252  6949    
 7253 WAT  25497 25499     3  7253  6950    
 7254 WAT  25500 25502     3  7254  6951    
 7255 WAT  25503 25505     3  7255  6952    
 7256 WAT  25506 25508     3  7256  6953    
 7257 WAT  25509 25511     3  7257  6954    
 7258 WAT  25512 25514     3  7258  6955    
 7259 WAT  25515 25517     3  7259  6956    
 7260 WAT  25518 25520     3  7260  6957    
 7261 WAT  25521 25523     3  7261  6958    
 7262 WAT  25524 25526     3  7262  6959    
 7263 WAT  25527 25529     3  7263  6960    
 7264 WAT  25530 25532     3  7264  6961    
 7265 WAT  25533 25535     3  7265  6962    
 7266 WAT  25536 25538     3  7266  6963    
 7267 WAT  25539 25541     3  7267  6964    
 7268 WAT  25542 25544     3  7268  6965    
 7269 WAT  25545 25547     3  7269  6966    
 7270 WAT  25548 25550     3  7270  6967    
 7271 WAT  25551 25553     3  7271  6968    
 7272 WAT  25554 25556     3  7272  6969    
 7273 WAT  25557 25559     3  7273  6970    
 7274 WAT  25560 25562     3  7274  6971    
 7275 WAT  25563 25565     3  7275  6972    
 7276 WAT  25566 25568     3  7276  6973    
 7277 WAT  25569 25571     3  7277  6974    
 7278 WAT  25572 25574     3  7278  6975    
 7279 WAT  25575 25577     3  7279  6976    
 7280 WAT  25578 25580     3  7280  6977    
 7281 WAT  25581 25583     3  7281  6978    
 7282 WAT  25584 25586     3  7282  6979    
 7283 WAT  25587 25589     3  7283  6980    
 7284 WAT  25590 25592     3  7284  6981    
 7285 WAT  25593 25595     3  7285  6982    
 7286 WAT  25596 25598     3  7286  6983    
 7287 WAT  25599 25601     3  7287  6984    
 7288 WAT  25602 25604     3  7288  6985    
 7289 WAT  25605 25607     3  7289  6986    
 7290 WAT  25608 25610     3  7290  6987    
 7291 WAT  25611 25613     3  7291  6988    
 7292 WAT  25614 25616     3  7292  6989    
 7293 WAT  25617 25619     3  7293  6990    
 7294 WAT  25620 25622     3  7294  6991    
 7295 WAT  25623 25625     3  7295  6992    
 7296 WAT  25626 25628     3  7296  6993    
 7297 WAT  25629 25631     3  7297  6994    
 7298 WAT  25632 25634     3  7298  6995    
 7299 WAT  25635 25637     3  7299  6996    
 7300 WAT  25638 25640     3  7300  6997    
 7301 WAT  25641 25643     3  7301  6998    
 7302 WAT  25644 25646     3  7302  6999    
 7303 WAT  25647 25649     3  7303  7000    
 7304 WAT  25650 25652     3  7304  7001    
 7305 WAT  25653 25655     3  7305  7002    
 7306 WAT  25656 25658     3  7306  7003    
 7307 WAT  25659 25661     3  7307  7004    
 7308 WAT  25662 25664     3  7308  7005    
 7309 WAT  25665 25667     3  7309  7006    
 7310 WAT  25668 25670     3  7310  7007    
 7311 WAT  25671 25673     3  7311  7008    
 7312 WAT  25674 25676     3  7312  7009    
 7313 WAT  25677 25679     3  7313  7010    
 7314 WAT  25680 25682     3  7314  7011    
 7315 WAT  25683 25685     3  7315  7012    
 7316 WAT  25686 25688     3  7316  7013    
 7317 WAT  25689 25691     3  7317  7014    
 7318 WAT  25692 25694     3  7318  7015    
 7319 WAT  25695 25697     3  7319  7016    
 7320 WAT  25698 25700     3  7320  7017    
 7321 WAT  25701 25703     3  7321  7018    
 7322 WAT  25704 25706     3  7322  7019    
 7323 WAT  25707 25709     3  7323  7020    
 7324 WAT  25710 25712     3  7324  7021    
 7325 WAT  25713 25715     3  7325  7022    
 7326 WAT  25716 25718     3  7326  7023    
 7327 WAT  25719 25721     3  7327  7024    
 7328 WAT  25722 25724     3  7328  7025    
 7329 WAT  25725 25727     3  7329  7026    
 7330 WAT  25728 25730     3  7330  7027    
 7331 WAT  25731 25733     3  7331  7028    
 7332 WAT  25734 25736     3  7332  7029    
 7333 WAT  25737 25739     3  7333  7030    
 7334 WAT  25740 25742     3  7334  7031    
 7335 WAT  25743 25745     3  7335  7032    
 7336 WAT  25746 25748     3  7336  7033    
 7337 WAT  25749 25751     3  7337  7034    
 7338 WAT  25752 25754     3  7338  7035    
 7339 WAT  25755 25757     3  7339  7036    
 7340 WAT  25758 25760     3  7340  7037    
 7341 WAT  25761 25763     3  7341  7038    
 7342 WAT  25764 25766     3  7342  7039    
 7343 WAT  25767 25769     3  7343  7040    
 7344 WAT  25770 25772     3  7344  7041    
 7345 WAT  25773 25775     3  7345  7042    
 7346 WAT  25776 25778     3  7346  7043    
 7347 WAT  25779 25781     3  7347  7044    
 7348 WAT  25782 25784     3  7348  7045    
 7349 WAT  25785 25787     3  7349  7046    
 7350 WAT  25788 25790     3  7350  7047    
 7351 WAT  25791 25793     3  7351  7048    
 7352 WAT  25794 25796     3  7352  7049    
 7353 WAT  25797 25799     3  7353  7050    
 7354 WAT  25800 25802     3  7354  7051    
 7355 WAT  25803 25805     3  7355  7052    
 7356 WAT  25806 25808     3  7356  7053    
 7357 WAT  25809 25811     3  7357  7054    
 7358 WAT  25812 25814     3  7358  7055    
 7359 WAT  25815 25817     3  7359  7056    
 7360 WAT  25818 25820     3  7360  7057    
 7361 WAT  25821 25823     3  7361  7058    
 7362 WAT  25824 25826     3  7362  7059    
 7363 WAT  25827 25829     3  7363  7060    
 7364 WAT  25830 25832     3  7364  7061    
 7365 WAT  25833 25835     3  7365  7062    
 7366 WAT  25836 25838     3  7366  7063    
 7367 WAT  25839 25841     3  7367  7064    
 7368 WAT  25842 25844     3  7368  7065    
 7369 WAT  25845 25847     3  7369  7066    
 7370 WAT  25848 25850     3  7370  7067    
 7371 WAT  25851 25853     3  7371  7068    
 7372 WAT  25854 25856     3  7372  7069    
 7373 WAT  25857 25859     3  7373  7070    
 7374 WAT  25860 25862     3  7374  7071    
 7375 WAT  25863 25865     3  7375  7072    
 7376 WAT  25866 25868     3  7376  7073    
 7377 WAT  25869 25871     3  7377  7074    
 7378 WAT  25872 25874     3  7378  7075    
 7379 WAT  25875 25877     3  7379  7076    
 7380 WAT  25878 25880     3  7380  7077    
 7381 WAT  25881 25883     3  7381  7078    
 7382 WAT  25884 25886     3  7382  7079    
 7383 WAT  25887 25889     3  7383  7080    
 7384 WAT  25890 25892     3  7384  7081    
 7385 WAT  25893 25895     3  7385  7082    
 7386 WAT  25896 25898     3  7386  7083    
 7387 WAT  25899 25901     3  7387  7084    
 7388 WAT  25902 25904     3  7388  7085    
 7389 WAT  25905 25907     3  7389  7086    
 7390 WAT  25908 25910     3  7390  7087    
 7391 WAT  25911 25913     3  7391  7088    
 7392 WAT  25914 25916     3  7392  7089    
 7393 WAT  25917 25919     3  7393  7090    
 7394 WAT  25920 25922     3  7394  7091    
 7395 WAT  25923 25925     3  7395  7092    
 7396 WAT  25926 25928     3  7396  7093    
 7397 WAT  25929 25931     3  7397  7094    
 7398 WAT  25932 25934     3  7398  7095    
 7399 WAT  25935 25937     3  7399  7096    
 7400 WAT  25938 25940     3  7400  7097    
 7401 WAT  25941 25943     3  7401  7098    
 7402 WAT  25944 25946     3  7402  7099    
 7403 WAT  25947 25949     3  7403  7100    
 7404 WAT  25950 25952     3  7404  7101    
 7405 WAT  25953 25955     3  7405  7102    
 7406 WAT  25956 25958     3  7406  7103    
 7407 WAT  25959 25961     3  7407  7104    
 7408 WAT  25962 25964     3  7408  7105    
 7409 WAT  25965 25967     3  7409  7106    
 7410 WAT  25968 25970     3  7410  7107    
 7411 WAT  25971 25973     3  7411  7108    
 7412 WAT  25974 25976     3  7412  7109    
 7413 WAT  25977 25979     3  7413  7110    
 7414 WAT  25980 25982     3  7414  7111    
 7415 WAT  25983 25985     3  7415  7112    
 7416 WAT  25986 25988     3  7416  7113    
 7417 WAT  25989 25991     3  7417  7114    
 7418 WAT  25992 25994     3  7418  7115    
 7419 WAT  25995 25997     3  7419  7116    
 7420 WAT  25998 26000     3  7420  7117    
 7421 WAT  26001 26003     3  7421  7118    
 7422 WAT  26004 26006     3  7422  7119    
 7423 WAT  26007 26009     3  7423  7120    
 7424 WAT  26010 26012     3  7424  7121    
 7425 WAT  26013 26015     3  7425  7122    
 7426 WAT  26016 26018     3  7426  7123    
 7427 WAT  26019 26021     3  7427  7124    
 7428 WAT  26022 26024     3  7428  7125    
 7429 WAT  26025 26027     3  7429  7126    
 7430 WAT  26028 26030     3  7430  7127    
 7431 WAT  26031 26033     3  7431  7128    
 7432 WAT  26034 26036     3  7432  7129    
 7433 WAT  26037 26039     3  7433  7130    
 7434 WAT  26040 26042     3  7434  7131    
 7435 WAT  26043 26045     3  7435  7132    
 7436 WAT  26046 26048     3  7436  7133    
 7437 WAT  26049 26051     3  7437  7134    
 7438 WAT  26052 26054     3  7438  7135    
 7439 WAT  26055 26057     3  7439  7136    
 7440 WAT  26058 26060     3  7440  7137    
 7441 WAT  26061 26063     3  7441  7138    
 7442 WAT  26064 26066     3  7442  7139    
 7443 WAT  26067 26069     3  7443  7140    
 7444 WAT  26070 26072     3  7444  7141    
 7445 WAT  26073 26075     3  7445  7142    
 7446 WAT  26076 26078     3  7446  7143    
 7447 WAT  26079 26081     3  7447  7144    
 7448 WAT  26082 26084     3  7448  7145    
 7449 WAT  26085 26087     3  7449  7146    
 7450 WAT  26088 26090     3  7450  7147    
 7451 WAT  26091 26093     3  7451  7148    
 7452 WAT  26094 26096     3  7452  7149    
 7453 WAT  26097 26099     3  7453  7150    
 7454 WAT  26100 26102     3  7454  7151    
 7455 WAT  26103 26105     3  7455  7152    
 7456 WAT  26106 26108     3  7456  7153    
 7457 WAT  26109 26111     3  7457  7154    
 7458 WAT  26112 26114     3  7458  7155    
 7459 WAT  26115 26117     3  7459  7156    
 7460 WAT  26118 26120     3  7460  7157    
 7461 WAT  26121 26123     3  7461  7158    
 7462 WAT  26124 26126     3  7462  7159    
 7463 WAT  26127 26129     3  7463  7160    
 7464 WAT  26130 26132     3  7464  7161    
 7465 WAT  26133 26135     3  7465  7162    
 7466 WAT  26136 26138     3  7466  7163    
 7467 WAT  26139 26141     3  7467  7164    
 7468 WAT  26142 26144     3  7468  7165    
 7469 WAT  26145 26147     3  7469  7166    
 7470 WAT  26148 26150     3  7470  7167    
 7471 WAT  26151 26153     3  7471  7168    
 7472 WAT  26154 26156     3  7472  7169    
 7473 WAT  26157 26159     3  7473  7170    
 7474 WAT  26160 26162     3  7474  7171    
 7475 WAT  26163 26165     3  7475  7172    
 7476 WAT  26166 26168     3  7476  7173    
 7477 WAT  26169 26171     3  7477  7174    
 7478 WAT  26172 26174     3  7478  7175    
 7479 WAT  26175 26177     3  7479  7176    
 7480 WAT  26178 26180     3  7480  7177    
 7481 WAT  26181 26183     3  7481  7178    
 7482 WAT  26184 26186     3  7482  7179    
 7483 WAT  26187 26189     3  7483  7180    
 7484 WAT  26190 26192     3  7484  7181    
 7485 WAT  26193 26195     3  7485  7182    
 7486 WAT  26196 26198     3  7486  7183    
 7487 WAT  26199 26201     3  7487  7184    
 7488 WAT  26202 26204     3  7488  7185    
 7489 WAT  26205 26207     3  7489  7186    
 7490 WAT  26208 26210     3  7490  7187    
 7491 WAT  26211 26213     3  7491  7188    
 7492 WAT  26214 26216     3  7492  7189    
 7493 WAT  26217 26219     3  7493  7190    
 7494 WAT  26220 26222     3  7494  7191    
 7495 WAT  26223 26225     3  7495  7192    
 7496 WAT  26226 26228     3  7496  7193    
 7497 WAT  26229 26231     3  7497  7194    
 7498 WAT  26232 26234     3  7498  7195    
 7499 WAT  26235 26237     3  7499  7196    
 7500 WAT  26238 26240     3  7500  7197    
 7501 WAT  26241 26243     3  7501  7198    
 7502 WAT  26244 26246     3  7502  7199    
 7503 WAT  26247 26249     3  7503  7200    
 7504 WAT  26250 26252     3  7504  7201    
 7505 WAT  26253 26255     3  7505  7202    
 7506 WAT  26256 26258     3  7506  7203    
 7507 WAT  26259 26261     3  7507  7204    
 7508 WAT  26262 26264     3  7508  7205    
 7509 WAT  26265 26267     3  7509  7206    
 7510 WAT  26268 26270     3  7510  7207    
 7511 WAT  26271 26273     3  7511  7208    
 7512 WAT  26274 26276     3  7512  7209    
 7513 WAT  26277 26279     3  7513  7210    
 7514 WAT  26280 26282     3  7514  7211    
 7515 WAT  26283 26285     3  7515  7212    
 7516 WAT  26286 26288     3  7516  7213    
 7517 WAT  26289 26291     3  7517  7214    
 7518 WAT  26292 26294     3  7518  7215    
 7519 WAT  26295 26297     3  7519  7216    
 7520 WAT  26298 26300     3  7520  7217    
 7521 WAT  26301 26303     3  7521  7218    
 7522 WAT  26304 26306     3  7522  7219    
 7523 WAT  26307 26309     3  7523  7220    
 7524 WAT  26310 26312     3  7524  7221    
 7525 WAT  26313 26315     3  7525  7222    
 7526 WAT  26316 26318     3  7526  7223    
 7527 WAT  26319 26321     3  7527  7224    
 7528 WAT  26322 26324     3  7528  7225    
 7529 WAT  26325 26327     3  7529  7226    
 7530 WAT  26328 26330     3  7530  7227    
 7531 WAT  26331 26333     3  7531  7228    
 7532 WAT  26334 26336     3  7532  7229    
 7533 WAT  26337 26339     3  7533  7230    
 7534 WAT  26340 26342     3  7534  7231    
 7535 WAT  26343 26345     3  7535  7232    
 7536 WAT  26346 26348     3  7536  7233    
 7537 WAT  26349 26351     3  7537  7234    
 7538 WAT  26352 26354     3  7538  7235    
 7539 WAT  26355 26357     3  7539  7236    
 7540 WAT  26358 26360     3  7540  7237    
 7541 WAT  26361 26363     3  7541  7238    
 7542 WAT  26364 26366     3  7542  7239    
 7543 WAT  26367 26369     3  7543  7240    
 7544 WAT  26370 26372     3  7544  7241    
 7545 WAT  26373 26375     3  7545  7242    
 7546 WAT  26376 26378     3  7546  7243    
 7547 WAT  26379 26381     3  7547  7244    
 7548 WAT  26382 26384     3  7548  7245    
 7549 WAT  26385 26387     3  7549  7246    
 7550 WAT  26388 26390     3  7550  7247    
 7551 WAT  26391 26393     3  7551  7248    
 7552 WAT  26394 26396     3  7552  7249    
 7553 WAT  26397 26399     3  7553  7250    
 7554 WAT  26400 26402     3  7554  7251    
 7555 WAT  26403 26405     3  7555  7252    
 7556 WAT  26406 26408     3  7556  7253    
 7557 WAT  26409 26411     3  7557  7254    
 7558 WAT  26412 26414     3  7558  7255    
 7559 WAT  26415 26417     3  7559  7256    
 7560 WAT  26418 26420     3  7560  7257    
 7561 WAT  26421 26423     3  7561  7258    
 7562 WAT  26424 26426     3  7562  7259    
 7563 WAT  26427 26429     3  7563  7260    
 7564 WAT  26430 26432     3  7564  7261    
 7565 WAT  26433 26435     3  7565  7262    
 7566 WAT  26436 26438     3  7566  7263    
 7567 WAT  26439 26441     3  7567  7264    
 7568 WAT  26442 26444     3  7568  7265    
 7569 WAT  26445 26447     3  7569  7266    
 7570 WAT  26448 26450     3  7570  7267    
 7571 WAT  26451 26453     3  7571  7268    
 7572 WAT  26454 26456     3  7572  7269    
 7573 WAT  26457 26459     3  7573  7270    
 7574 WAT  26460 26462     3  7574  7271    
 7575 WAT  26463 26465     3  7575  7272    
 7576 WAT  26466 26468     3  7576  7273    
 7577 WAT  26469 26471     3  7577  7274    
 7578 WAT  26472 26474     3  7578  7275    
 7579 WAT  26475 26477     3  7579  7276    
 7580 WAT  26478 26480     3  7580  7277    
 7581 WAT  26481 26483     3  7581  7278    
 7582 WAT  26484 26486     3  7582  7279    
 7583 WAT  26487 26489     3  7583  7280    
 7584 WAT  26490 26492     3  7584  7281    
 7585 WAT  26493 26495     3  7585  7282    
 7586 WAT  26496 26498     3  7586  7283    
 7587 WAT  26499 26501     3  7587  7284    
 7588 WAT  26502 26504     3  7588  7285    
 7589 WAT  26505 26507     3  7589  7286    
 7590 WAT  26508 26510     3  7590  7287    
 7591 WAT  26511 26513     3  7591  7288    
 7592 WAT  26514 26516     3  7592  7289    
 7593 WAT  26517 26519     3  7593  7290    
 7594 WAT  26520 26522     3  7594  7291    
 7595 WAT  26523 26525     3  7595  7292    
 7596 WAT  26526 26528     3  7596  7293    
 7597 WAT  26529 26531     3  7597  7294    
 7598 WAT  26532 26534     3  7598  7295    
 7599 WAT  26535 26537     3  7599  7296    
 7600 WAT  26538 26540     3  7600  7297    
 7601 WAT  26541 26543     3  7601  7298    
 7602 WAT  26544 26546     3  7602  7299    
 7603 WAT  26547 26549     3  7603  7300    
 7604 WAT  26550 26552     3  7604  7301    
 7605 WAT  26553 26555     3  7605  7302    
 7606 WAT  26556 26558     3  7606  7303    
 7607 WAT  26559 26561     3  7607  7304    
 7608 WAT  26562 26564     3  7608  7305    
 7609 WAT  26565 26567     3  7609  7306    
 7610 WAT  26568 26570     3  7610  7307    
 7611 WAT  26571 26573     3  7611  7308    
 7612 WAT  26574 26576     3  7612  7309    
 7613 WAT  26577 26579     3  7613  7310    
 7614 WAT  26580 26582     3  7614  7311    
 7615 WAT  26583 26585     3  7615  7312    
 7616 WAT  26586 26588     3  7616  7313    
 7617 WAT  26589 26591     3  7617  7314    
 7618 WAT  26592 26594     3  7618  7315    
 7619 WAT  26595 26597     3  7619  7316    
 7620 WAT  26598 26600     3  7620  7317    
 7621 WAT  26601 26603     3  7621  7318    
 7622 WAT  26604 26606     3  7622  7319    
 7623 WAT  26607 26609     3  7623  7320    
 7624 WAT  26610 26612     3  7624  7321    
 7625 WAT  26613 26615     3  7625  7322    
 7626 WAT  26616 26618     3  7626  7323    
 7627 WAT  26619 26621     3  7627  7324    
 7628 WAT  26622 26624     3  7628  7325    
 7629 WAT  26625 26627     3  7629  7326    
 7630 WAT  26628 26630     3  7630  7327    
 7631 WAT  26631 26633     3  7631  7328    
 7632 WAT  26634 26636     3  7632  7329    
 7633 WAT  26637 26639     3  7633  7330    
 7634 WAT  26640 26642     3  7634  7331    
 7635 WAT  26643 26645     3  7635  7332    
 7636 WAT  26646 26648     3  7636  7333    
 7637 WAT  26649 26651     3  7637  7334    
 7638 WAT  26652 26654     3  7638  7335    
 7639 WAT  26655 26657     3  7639  7336    
 7640 WAT  26658 26660     3  7640  7337    
 7641 WAT  26661 26663     3  7641  7338    
 7642 WAT  26664 26666     3  7642  7339    
 7643 WAT  26667 26669     3  7643  7340    
 7644 WAT  26670 26672     3  7644  7341    
 7645 WAT  26673 26675     3  7645  7342    
 7646 WAT  26676 26678     3  7646  7343    
 7647 WAT  26679 26681     3  7647  7344    
 7648 WAT  26682 26684     3  7648  7345    
 7649 WAT  26685 26687     3  7649  7346    
 7650 WAT  26688 26690     3  7650  7347    
 7651 WAT  26691 26693     3  7651  7348    
 7652 WAT  26694 26696     3  7652  7349    
 7653 WAT  26697 26699     3  7653  7350    
 7654 WAT  26700 26702     3  7654  7351    
 7655 WAT  26703 26705     3  7655  7352    
 7656 WAT  26706 26708     3  7656  7353    
 7657 WAT  26709 26711     3  7657  7354    
 7658 WAT  26712 26714     3  7658  7355    
 7659 WAT  26715 26717     3  7659  7356    
 7660 WAT  26718 26720     3  7660  7357    
 7661 WAT  26721 26723     3  7661  7358    
 7662 WAT  26724 26726     3  7662  7359    
 7663 WAT  26727 26729     3  7663  7360    
 7664 WAT  26730 26732     3  7664  7361    
 7665 WAT  26733 26735     3  7665  7362    
 7666 WAT  26736 26738     3  7666  7363    
 7667 WAT  26739 26741     3  7667  7364    
 7668 WAT  26742 26744     3  7668  7365    
 7669 WAT  26745 26747     3  7669  7366    
 7670 WAT  26748 26750     3  7670  7367    
 7671 WAT  26751 26753     3  7671  7368    
 7672 WAT  26754 26756     3  7672  7369    
 7673 WAT  26757 26759     3  7673  7370    
 7674 WAT  26760 26762     3  7674  7371    
 7675 WAT  26763 26765     3  7675  7372    
 7676 WAT  26766 26768     3  7676  7373    
 7677 WAT  26769 26771     3  7677  7374    
 7678 WAT  26772 26774     3  7678  7375    
 7679 WAT  26775 26777     3  7679  7376    
 7680 WAT  26778 26780     3  7680  7377    
 7681 WAT  26781 26783     3  7681  7378    
 7682 WAT  26784 26786     3  7682  7379    
 7683 WAT  26787 26789     3  7683  7380    
 7684 WAT  26790 26792     3  7684  7381    
 7685 WAT  26793 26795     3  7685  7382    
 7686 WAT  26796 26798     3  7686  7383    
 7687 WAT  26799 26801     3  7687  7384    
 7688 WAT  26802 26804     3  7688  7385    
 7689 WAT  26805 26807     3  7689  7386    
 7690 WAT  26808 26810     3  7690  7387    
 7691 WAT  26811 26813     3  7691  7388    
 7692 WAT  26814 26816     3  7692  7389    
 7693 WAT  26817 26819     3  7693  7390    
 7694 WAT  26820 26822     3  7694  7391    
 7695 WAT  26823 26825     3  7695  7392    
 7696 WAT  26826 26828     3  7696  7393    
 7697 WAT  26829 26831     3  7697  7394    
 7698 WAT  26832 26834     3  7698  7395    
 7699 WAT  26835 26837     3  7699  7396    
 7700 WAT  26838 26840     3  7700  7397    
 7701 WAT  26841 26843     3  7701  7398    
 7702 WAT  26844 26846     3  7702  7399    
 7703 WAT  26847 26849     3  7703  7400    
 7704 WAT  26850 26852     3  7704  7401    
 7705 WAT  26853 26855     3  7705  7402    
 7706 WAT  26856 26858     3  7706  7403    
 7707 WAT  26859 26861     3  7707  7404    
 7708 WAT  26862 26864     3  7708  7405    
 7709 WAT  26865 26867     3  7709  7406    
 7710 WAT  26868 26870     3  7710  7407    
 7711 WAT  26871 26873     3  7711  7408    
 7712 WAT  26874 26876     3  7712  7409    
 7713 WAT  26877 26879     3  7713  7410    
 7714 WAT  26880 26882     3  7714  7411    
 7715 WAT  26883 26885     3  7715  7412    
 7716 WAT  26886 26888     3  7716  7413    
 7717 WAT  26889 26891     3  7717  7414    
 7718 WAT  26892 26894     3  7718  7415    
 7719 WAT  26895 26897     3  7719  7416    
 7720 WAT  26898 26900     3  7720  7417    
 7721 WAT  26901 26903     3  7721  7418    
 7722 WAT  26904 26906     3  7722  7419    
 7723 WAT  26907 26909     3  7723  7420    
 7724 WAT  26910 26912     3  7724  7421    
 7725 WAT  26913 26915     3  7725  7422    
 7726 WAT  26916 26918     3  7726  7423    
 7727 WAT  26919 26921     3  7727  7424    
 7728 WAT  26922 26924     3  7728  7425    
 7729 WAT  26925 26927     3  7729  7426    
 7730 WAT  26928 26930     3  7730  7427    
 7731 WAT  26931 26933     3  7731  7428    
 7732 WAT  26934 26936     3  7732  7429    
 7733 WAT  26937 26939     3  7733  7430    
 7734 WAT  26940 26942     3  7734  7431    
 7735 WAT  26943 26945     3  7735  7432    
 7736 WAT  26946 26948     3  7736  7433    
 7737 WAT  26949 26951     3  7737  7434    
 7738 WAT  26952 26954     3  7738  7435    
 7739 WAT  26955 26957     3  7739  7436    
 7740 WAT  26958 26960     3  7740  7437    
 7741 WAT  26961 26963     3  7741  7438    
 7742 WAT  26964 26966     3  7742  7439    
 7743 WAT  26967 26969     3  7743  7440    
 7744 WAT  26970 26972     3  7744  7441    
 7745 WAT  26973 26975     3  7745  7442    
 7746 WAT  26976 26978     3  7746  7443    
 7747 WAT  26979 26981     3  7747  7444    
 7748 WAT  26982 26984     3  7748  7445    
 7749 WAT  26985 26987     3  7749  7446    
 7750 WAT  26988 26990     3  7750  7447    
 7751 WAT  26991 26993     3  7751  7448    
 7752 WAT  26994 26996     3  7752  7449    
 7753 WAT  26997 26999     3  7753  7450    
 7754 WAT  27000 27002     3  7754  7451    
 7755 WAT  27003 27005     3  7755  7452    
 7756 WAT  27006 27008     3  7756  7453    
 7757 WAT  27009 27011     3  7757  7454    
 7758 WAT  27012 27014     3  7758  7455    
 7759 WAT  27015 27017     3  7759  7456    
 7760 WAT  27018 27020     3  7760  7457    
 7761 WAT  27021 27023     3  7761  7458    
 7762 WAT  27024 27026     3  7762  7459    
 7763 WAT  27027 27029     3  7763  7460    
 7764 WAT  27030 27032     3  7764  7461    
 7765 WAT  27033 27035     3  7765  7462    
 7766 WAT  27036 27038     3  7766  7463    
 7767 WAT  27039 27041     3  7767  7464    
 7768 WAT  27042 27044     3  7768  7465    
 7769 WAT  27045 27047     3  7769  7466    
 7770 WAT  27048 27050     3  7770  7467    
 7771 WAT  27051 27053     3  7771  7468    
 7772 WAT  27054 27056     3  7772  7469    
 7773 WAT  27057 27059     3  7773  7470    
 7774 WAT  27060 27062     3  7774  7471    
 7775 WAT  27063 27065     3  7775  7472    
 7776 WAT  27066 27068     3  7776  7473    
 7777 WAT  27069 27071     3  7777  7474    
 7778 WAT  27072 27074     3  7778  7475    
 7779 WAT  27075 27077     3  7779  7476    
 7780 WAT  27078 27080     3  7780  7477    
 7781 WAT  27081 27083     3  7781  7478    
 7782 WAT  27084 27086     3  7782  7479    
 7783 WAT  27087 27089     3  7783  7480    
 7784 WAT  27090 27092     3  7784  7481    
 7785 WAT  27093 27095     3  7785  7482    
 7786 WAT  27096 27098     3  7786  7483    
 7787 WAT  27099 27101     3  7787  7484    
 7788 WAT  27102 27104     3  7788  7485    
 7789 WAT  27105 27107     3  7789  7486    
 7790 WAT  27108 27110     3  7790  7487    
 7791 WAT  27111 27113     3  7791  7488    
 7792 WAT  27114 27116     3  7792  7489    
 7793 WAT  27117 27119     3  7793  7490    
 7794 WAT  27120 27122     3  7794  7491    
 7795 WAT  27123 27125     3  7795  7492    
 7796 WAT  27126 27128     3  7796  7493    
 7797 WAT  27129 27131     3  7797  7494    
 7798 WAT  27132 27134     3  7798  7495    
 7799 WAT  27135 27137     3  7799  7496    
 7800 WAT  27138 27140     3  7800  7497    
 7801 WAT  27141 27143     3  7801  7498    
 7802 WAT  27144 27146     3  7802  7499    
 7803 WAT  27147 27149     3  7803  7500    
 7804 WAT  27150 27152     3  7804  7501    
 7805 WAT  27153 27155     3  7805  7502    
 7806 WAT  27156 27158     3  7806  7503    
 7807 WAT  27159 27161     3  7807  7504    
 7808 WAT  27162 27164     3  7808  7505    
 7809 WAT  27165 27167     3  7809  7506    
 7810 WAT  27168 27170     3  7810  7507    
 7811 WAT  27171 27173     3  7811  7508    
 7812 WAT  27174 27176     3  7812  7509    
 7813 WAT  27177 27179     3  7813  7510    
 7814 WAT  27180 27182     3  7814  7511    
 7815 WAT  27183 27185     3  7815  7512    
 7816 WAT  27186 27188     3  7816  7513    
 7817 WAT  27189 27191     3  7817  7514    
 7818 WAT  27192 27194     3  7818  7515    
 7819 WAT  27195 27197     3  7819  7516    
 7820 WAT  27198 27200     3  7820  7517    
 7821 WAT  27201 27203     3  7821  7518    
 7822 WAT  27204 27206     3  7822  7519    
 7823 WAT  27207 27209     3  7823  7520    
 7824 WAT  27210 27212     3  7824  7521    
 7825 WAT  27213 27215     3  7825  7522    
 7826 WAT  27216 27218     3  7826  7523    
 7827 WAT  27219 27221     3  7827  7524    
 7828 WAT  27222 27224     3  7828  7525    
 7829 WAT  27225 27227     3  7829  7526    
 7830 WAT  27228 27230     3  7830  7527    
 7831 WAT  27231 27233     3  7831  7528    
 7832 WAT  27234 27236     3  7832  7529    
 7833 WAT  27237 27239     3  7833  7530    
 7834 WAT  27240 27242     3  7834  7531    
 7835 WAT  27243 27245     3  7835  7532    
 7836 WAT  27246 27248     3  7836  7533    
 7837 WAT  27249 27251     3  7837  7534    
 7838 WAT  27252 27254     3  7838  7535    
 7839 WAT  27255 27257     3  7839  7536    
 7840 WAT  27258 27260     3  7840  7537    
 7841 WAT  27261 27263     3  7841  7538    
 7842 WAT  27264 27266     3  7842  7539    
 7843 WAT  27267 27269     3  7843  7540    
 7844 WAT  27270 27272     3  7844  7541    
 7845 WAT  27273 27275     3  7845  7542    
 7846 WAT  27276 27278     3  7846  7543    
 7847 WAT  27279 27281     3  7847  7544    
 7848 WAT  27282 27284     3  7848  7545    
 7849 WAT  27285 27287     3  7849  7546    
 7850 WAT  27288 27290     3  7850  7547    
 7851 WAT  27291 27293     3  7851  7548    
 7852 WAT  27294 27296     3  7852  7549    
 7853 WAT  27297 27299     3  7853  7550    
 7854 WAT  27300 27302     3  7854  7551    
 7855 WAT  27303 27305     3  7855  7552    
 7856 WAT  27306 27308     3  7856  7553    
 7857 WAT  27309 27311     3  7857  7554    
 7858 WAT  27312 27314     3  7858  7555    
 7859 WAT  27315 27317     3  7859  7556    
 7860 WAT  27318 27320     3  7860  7557    
 7861 WAT  27321 27323     3  7861  7558    
 7862 WAT  27324 27326     3  7862  7559    
 7863 WAT  27327 27329     3  7863  7560    
 7864 WAT  27330 27332     3  7864  7561    
 7865 WAT  27333 27335     3  7865  7562    
 7866 WAT  27336 27338     3  7866  7563    
 7867 WAT  27339 27341     3  7867  7564    
 7868 WAT  27342 27344     3  7868  7565    
 7869 WAT  27345 27347     3  7869  7566    
 7870 WAT  27348 27350     3  7870  7567    
 7871 WAT  27351 27353     3  7871  7568    
 7872 WAT  27354 27356     3  7872  7569    
 7873 WAT  27357 27359     3  7873  7570    
 7874 WAT  27360 27362     3  7874  7571    
 7875 WAT  27363 27365     3  7875  7572    
 7876 WAT  27366 27368     3  7876  7573    
 7877 WAT  27369 27371     3  7877  7574    
 7878 WAT  27372 27374     3  7878  7575    
 7879 WAT  27375 27377     3  7879  7576    
 7880 WAT  27378 27380     3  7880  7577    
 7881 WAT  27381 27383     3  7881  7578    
 7882 WAT  27384 27386     3  7882  7579    
 7883 WAT  27387 27389     3  7883  7580    
 7884 WAT  27390 27392     3  7884  7581    
 7885 WAT  27393 27395     3  7885  7582    
 7886 WAT  27396 27398     3  7886  7583    
 7887 WAT  27399 27401     3  7887  7584    
 7888 WAT  27402 27404     3  7888  7585    
 7889 WAT  27405 27407     3  7889  7586    
 7890 WAT  27408 27410     3  7890  7587    
 7891 WAT  27411 27413     3  7891  7588    
 7892 WAT  27414 27416     3  7892  7589    
 7893 WAT  27417 27419     3  7893  7590    
 7894 WAT  27420 27422     3  7894  7591    
 7895 WAT  27423 27425     3  7895  7592    
 7896 WAT  27426 27428     3  7896  7593    
 7897 WAT  27429 27431     3  7897  7594    
 7898 WAT  27432 27434     3  7898  7595    
 7899 WAT  27435 27437     3  7899  7596    
 7900 WAT  27438 27440     3  7900  7597    
 7901 WAT  27441 27443     3  7901  7598    
 7902 WAT  27444 27446     3  7902  7599    
 7903 WAT  27447 27449     3  7903  7600    
 7904 WAT  27450 27452     3  7904  7601    
 7905 WAT  27453 27455     3  7905  7602    
 7906 WAT  27456 27458     3  7906  7603    
 7907 WAT  27459 27461     3  7907  7604    
 7908 WAT  27462 27464     3  7908  7605    
 7909 WAT  27465 27467     3  7909  7606    
 7910 WAT  27468 27470     3  7910  7607    
 7911 WAT  27471 27473     3  7911  7608    
 7912 WAT  27474 27476     3  7912  7609    
 7913 WAT  27477 27479     3  7913  7610    
 7914 WAT  27480 27482     3  7914  7611    
 7915 WAT  27483 27485     3  7915  7612    
 7916 WAT  27486 27488     3  7916  7613    
 7917 WAT  27489 27491     3  7917  7614    
 7918 WAT  27492 27494     3  7918  7615    
 7919 WAT  27495 27497     3  7919  7616    
 7920 WAT  27498 27500     3  7920  7617    
 7921 WAT  27501 27503     3  7921  7618    
 7922 WAT  27504 27506     3  7922  7619    
 7923 WAT  27507 27509     3  7923  7620    
 7924 WAT  27510 27512     3  7924  7621    
 7925 WAT  27513 27515     3  7925  7622    
 7926 WAT  27516 27518     3  7926  7623    
 7927 WAT  27519 27521     3  7927  7624    
 7928 WAT  27522 27524     3  7928  7625    
 7929 WAT  27525 27527     3  7929  7626    
 7930 WAT  27528 27530     3  7930  7627    
 7931 WAT  27531 27533     3  7931  7628    
 7932 WAT  27534 27536     3  7932  7629    
 7933 WAT  27537 27539     3  7933  7630    
 7934 WAT  27540 27542     3  7934  7631    
 7935 WAT  27543 27545     3  7935  7632    
 7936 WAT  27546 27548     3  7936  7633    
 7937 WAT  27549 27551     3  7937  7634    
 7938 WAT  27552 27554     3  7938  7635    
 7939 WAT  27555 27557     3  7939  7636    
 7940 WAT  27558 27560     3  7940  7637    
 7941 WAT  27561 27563     3  7941  7638    
 7942 WAT  27564 27566     3  7942  7639    
 7943 WAT  27567 27569     3  7943  7640    
 7944 WAT  27570 27572     3  7944  7641    
 7945 WAT  27573 27575     3  7945  7642    
 7946 WAT  27576 27578     3  7946  7643    
 7947 WAT  27579 27581     3  7947  7644    
 7948 WAT  27582 27584     3  7948  7645    
 7949 WAT  27585 27587     3  7949  7646    
 7950 WAT  27588 27590     3  7950  7647    
 7951 WAT  27591 27593     3  7951  7648    
 7952 WAT  27594 27596     3  7952  7649    
 7953 WAT  27597 27599     3  7953  7650    
 7954 WAT  27600 27602     3  7954  7651    
 7955 WAT  27603 27605     3  7955  7652    
 7956 WAT  27606 27608     3  7956  7653    
 7957 WAT  27609 27611     3  7957  7654    
 7958 WAT  27612 27614     3  7958  7655    
 7959 WAT  27615 27617     3  7959  7656    
 7960 WAT  27618 27620     3  7960  7657    
 7961 WAT  27621 27623     3  7961  7658    
