log started: Fri Jun  6 08:10:57 2025

Log file: ./leap.log
>> #
>> # ----- leaprc for loading the ff19SB force field
>> # ----- NOTE: this is designed for PDB format 3!
>> #
>> #	load atom type hybridizations
>> #
>> addAtomTypes {
>> 	{ "H"   "H" "sp3" }
>> 	{ "HO"  "H" "sp3" }
>> 	{ "HS"  "H" "sp3" }
>> 	{ "H1"  "H" "sp3" }
>> 	{ "H2"  "H" "sp3" }
>> 	{ "H3"  "H" "sp3" }
>> 	{ "H4"  "H" "sp3" }
>> 	{ "H5"  "H" "sp3" }
>> 	{ "HW"  "H" "sp3" }
>> 	{ "HC"  "H" "sp3" }
>> 	{ "HA"  "H" "sp3" }
>> 	{ "HP"  "H" "sp3" }
>> 	{ "HZ"  "H" "sp3" }
>> 	{ "OH"  "O" "sp3" }
>> 	{ "OS"  "O" "sp3" }
>> 	{ "O"   "O" "sp2" }
>> 	{ "O2"  "O" "sp2" }
>> 	{ "OP"  "O" "sp2" }
>> 	{ "OW"  "O" "sp3" }
>> 	{ "CT"  "C" "sp3" }
>> 	{ "CX"  "C" "sp3" }
>> 	{ "XC"  "C" "sp3" }
>> 	{ "C8"  "C" "sp3" }
>> 	{ "2C"  "C" "sp3" }
>> 	{ "3C"  "C" "sp3" }
>> 	{ "CH"  "C" "sp3" }
>> 	{ "CS"  "C" "sp2" }
>> 	{ "C"   "C" "sp2" }
>> 	{ "CO"   "C" "sp2" }
>> 	{ "C*"  "C" "sp2" }
>> 	{ "CA"  "C" "sp2" }
>> 	{ "CB"  "C" "sp2" }
>> 	{ "CC"  "C" "sp2" }
>> 	{ "CN"  "C" "sp2" }
>> 	{ "CM"  "C" "sp2" }
>> 	{ "CK"  "C" "sp2" }
>> 	{ "CQ"  "C" "sp2" }
>> 	{ "CD"  "C" "sp2" }
>> 	{ "C5"  "C" "sp2" }
>> 	{ "C4"  "C" "sp2" }
>> 	{ "CP"  "C" "sp2" }
>> 	{ "CI"  "C" "sp3" }
>> 	{ "CJ"  "C" "sp2" }
>> 	{ "CW"  "C" "sp2" }
>> 	{ "CV"  "C" "sp2" }
>> 	{ "CR"  "C" "sp2" }
>> 	{ "CA"  "C" "sp2" }
>> 	{ "CY"  "C" "sp2" }
>> 	{ "C0"  "Ca" "sp3" }
>> 	{ "MG"  "Mg" "sp3" }
>> 	{ "N"   "N" "sp2" }
>> 	{ "NA"  "N" "sp2" }
>> 	{ "N2"  "N" "sp2" }
>> 	{ "N*"  "N" "sp2" }
>> 	{ "NP"  "N" "sp2" }
>> 	{ "NQ"  "N" "sp2" }
>> 	{ "NB"  "N" "sp2" }
>> 	{ "NC"  "N" "sp2" }
>> 	{ "NT"  "N" "sp3" }
>> 	{ "NY"  "N" "sp2" }
>> 	{ "N3"  "N" "sp3" }
>> 	{ "S"   "S" "sp3" }
>> 	{ "SH"  "S" "sp3" }
>> 	{ "P"   "P" "sp3" }
>> 	{ "LP"  ""  "sp3" }
>> 	{ "EP"  ""  "sp3" }
>> 	{ "F"   "F" "sp3" }
>> 	{ "Cl"  "Cl" "sp3" }
>> 	{ "Br"  "Br" "sp3" }
>> 	{ "I"   "I"  "sp3" }
>> }
>> #
>> #	Load the main parameter set.
>> #
>> set default cmap on
>> parm19 = loadamberparams parm19.dat
Loading parameters: /home/johann/miniconda3/dat/leap/parm/parm19.dat
Reading title:
PARM99 + frcmod.ff99SB + frcmod.parmbsc0 + OL3 for RNA + ff19SB
(UNKNOWN ATOM TYPE: Zn)
(UNKNOWN ATOM TYPE: EP)
>> frcmod19SB = loadamberparams frcmod.ff19SB
Loading parameters: /home/johann/miniconda3/dat/leap/parm/frcmod.ff19SB
Reading force field modification type file (frcmod)
Reading title:
ff19SB AA-specific backbone CMAPs for protein 07/25/2019
>> #
>> #	Load main chain and terminating amino acid libraries
>> #
>> loadOff amino19.lib
Loading library: /home/johann/miniconda3/dat/leap/lib/amino19.lib
Loading: ALA
Loading: ARG
Loading: ASH
Loading: ASN
Loading: ASP
Loading: CYM
Loading: CYS
Loading: CYX
Loading: GLH
Loading: GLN
Loading: GLU
Loading: GLY
Loading: HID
Loading: HIE
Loading: HIP
Loading: HYP
Loading: ILE
Loading: LEU
Loading: LYN
Loading: LYS
Loading: MET
Loading: PHE
Loading: PRO
Loading: SER
Loading: THR
Loading: TRP
Loading: TYR
Loading: VAL
>> loadOff aminoct12.lib
Loading library: /home/johann/miniconda3/dat/leap/lib/aminoct12.lib
Loading: CALA
Loading: CARG
Loading: CASN
Loading: CASP
Loading: CCYS
Loading: CCYX
Loading: CGLN
Loading: CGLU
Loading: CGLY
Loading: CHID
Loading: CHIE
Loading: CHIP
Loading: CHYP
Loading: CILE
Loading: CLEU
Loading: CLYS
Loading: CMET
Loading: CPHE
Loading: CPRO
Loading: CSER
Loading: CTHR
Loading: CTRP
Loading: CTYR
Loading: CVAL
Loading: NHE
Loading: NME
>> loadOff aminont12.lib
Loading library: /home/johann/miniconda3/dat/leap/lib/aminont12.lib
Loading: ACE
Loading: NALA
Loading: NARG
Loading: NASN
Loading: NASP
Loading: NCYS
Loading: NCYX
Loading: NGLN
Loading: NGLU
Loading: NGLY
Loading: NHID
Loading: NHIE
Loading: NHIP
Loading: NILE
Loading: NLEU
Loading: NLYS
Loading: NMET
Loading: NPHE
Loading: NPRO
Loading: NSER
Loading: NTHR
Loading: NTRP
Loading: NTYR
Loading: NVAL
>> 
>> #
>> #	Define the PDB name map for the amino acids
>> #
>> addPdbResMap {
>>   { 0 "HYP" "NHYP" } { 1 "HYP" "CHYP" }
>>   { 0 "ALA" "NALA" } { 1 "ALA" "CALA" }
>>   { 0 "ARG" "NARG" } { 1 "ARG" "CARG" }
>>   { 0 "ASN" "NASN" } { 1 "ASN" "CASN" }
>>   { 0 "ASP" "NASP" } { 1 "ASP" "CASP" }
>>   { 0 "CYS" "NCYS" } { 1 "CYS" "CCYS" }
>>   { 0 "CYX" "NCYX" } { 1 "CYX" "CCYX" }
>>   { 0 "GLN" "NGLN" } { 1 "GLN" "CGLN" }
>>   { 0 "GLU" "NGLU" } { 1 "GLU" "CGLU" }
>>   { 0 "GLY" "NGLY" } { 1 "GLY" "CGLY" }
>>   { 0 "HID" "NHID" } { 1 "HID" "CHID" }
>>   { 0 "HIE" "NHIE" } { 1 "HIE" "CHIE" }
>>   { 0 "HIP" "NHIP" } { 1 "HIP" "CHIP" }
>>   { 0 "ILE" "NILE" } { 1 "ILE" "CILE" }
>>   { 0 "LEU" "NLEU" } { 1 "LEU" "CLEU" }
>>   { 0 "LYS" "NLYS" } { 1 "LYS" "CLYS" }
>>   { 0 "MET" "NMET" } { 1 "MET" "CMET" }
>>   { 0 "PHE" "NPHE" } { 1 "PHE" "CPHE" }
>>   { 0 "PRO" "NPRO" } { 1 "PRO" "CPRO" }
>>   { 0 "SER" "NSER" } { 1 "SER" "CSER" }
>>   { 0 "THR" "NTHR" } { 1 "THR" "CTHR" }
>>   { 0 "TRP" "NTRP" } { 1 "TRP" "CTRP" }
>>   { 0 "TYR" "NTYR" } { 1 "TYR" "CTYR" }
>>   { 0 "VAL" "NVAL" } { 1 "VAL" "CVAL" }
>>   { 0 "HIS" "NHIS" } { 1 "HIS" "CHIS" }
>> }
>> 
>> #
>> # assume that most often proteins use HIE
>> #
>> NHIS = NHIE
>> HIS = HIE
>> CHIS = CHIE
> 
> source leaprc.gaff
----- Source: /home/johann/miniconda3/dat/leap/cmd/leaprc.gaff
----- Source of /home/johann/miniconda3/dat/leap/cmd/leaprc.gaff done
>> logFile leap.log
log started: Fri Jun  6 08:10:57 2025

Log file: ./leap.log
>> #
>> # ----- leaprc for loading the general Amber Force field.
>> #       This file is mostly for use with Antechamber
>> #
>> #	load atom type hybridizations
>> #
>> addAtomTypes {
>> 	{ "h1"  "H" "sp3" }
>> 	{ "h2"  "H" "sp3" }
>> 	{ "h3"  "H" "sp3" }
>> 	{ "h4"  "H" "sp3" }
>> 	{ "h5"  "H" "sp3" }
>> 	{ "ha"  "H" "sp3" }
>> 	{ "hc"  "H" "sp3" }
>> 	{ "hn"  "H" "sp3" }
>> 	{ "ho"  "H" "sp3" }
>> 	{ "hp"  "H" "sp3" }
>> 	{ "hs"  "H" "sp3" }
>> 	{ "hw"  "H" "sp3" }
>> 	{ "hx"  "H" "sp3" }
>> 	{ "o"  "O" "sp2" }
>> 	{ "o2"  "O" "sp2" }
>> 	{ "oh"  "O" "sp3" }
>> 	{ "op"  "O" "sp3" }
>> 	{ "oq"  "O" "sp3" }
>> 	{ "os"  "O" "sp3" }
>> 	{ "ow"  "O" "sp3" }
>> 	{ "c"  "C" "sp2" }
>> 	{ "c1"  "C" "sp2" }
>> 	{ "c2"  "C" "sp2" }
>> 	{ "c3"  "C" "sp3" }
>> 	{ "ca"  "C" "sp2" }
>> 	{ "cc"  "C" "sp2" }
>> 	{ "cd"  "C" "sp2" }
>> 	{ "ce"  "C" "sp2" }
>> 	{ "cf"  "C" "sp2" }
>> 	{ "cg"  "C" "sp2" }
>> 	{ "ch"  "C" "sp2" }
>> 	{ "cp"  "C" "sp2" }
>> 	{ "cq"  "C" "sp2" }
>> 	{ "cu"  "C" "sp2" }
>> 	{ "cv"  "C" "sp2" }
>> 	{ "cx"  "C" "sp2" }
>> 	{ "cy"  "C" "sp2" }
>> 	{ "cz"  "C" "sp2" }
>> 	{ "n"   "N" "sp2" }
>> 	{ "n1"  "N" "sp2" }
>> 	{ "n2"  "N" "sp2" }
>> 	{ "n3"  "N" "sp3" }
>> 	{ "n4"  "N" "sp3" }
>> 	{ "na"  "N" "sp2" }
>> 	{ "nb"  "N" "sp2" }
>> 	{ "nc"  "N" "sp2" }
>> 	{ "nd"  "N" "sp2" }
>> 	{ "ne"  "N" "sp2" }
>> 	{ "nf"  "N" "sp2" }
>> 	{ "nh"  "N" "sp2" }
>> 	{ "ni"  "N" "sp2" }
>> 	{ "nj"  "N" "sp2" }
>> 	{ "nk"  "N" "sp3" }
>> 	{ "nl"  "N" "sp3" }
>> 	{ "nm"  "N" "sp2" }
>> 	{ "nn"  "N" "sp2" }
>> 	{ "no"  "N" "sp2" }
>> 	{ "np"  "N" "sp3" }
>> 	{ "nq"  "N" "sp3" }
>> 	{ "s"   "S" "sp2" }
>> 	{ "s2"   "S" "sp2" }
>> 	{ "s3"   "S" "sp3" }
>> 	{ "s4"   "S" "sp3" }
>> 	{ "s6"   "S" "sp3" }
>> 	{ "sh"   "S" "sp3" }
>> 	{ "sp"   "S" "sp3" }
>> 	{ "sq"   "S" "sp3" }
>> 	{ "ss"   "S" "sp3" }
>> 	{ "sx"   "S" "sp3" }
>> 	{ "sy"   "S" "sp3" }
>> 	{ "p2"   "P" "sp2" }
>> 	{ "p3"   "P" "sp3" }
>> 	{ "p4"   "P" "sp3" }
>> 	{ "p5"   "P" "sp3" }
>> 	{ "pb"   "P" "sp3" }
>> 	{ "pc"   "P" "sp3" }
>> 	{ "pd"   "P" "sp3" }
>> 	{ "pe"   "P" "sp3" }
>> 	{ "pf"   "P" "sp3" }
>> 	{ "px"   "P" "sp3" }
>> 	{ "py"   "P" "sp3" }
>> 	{ "f"   "F" "sp3" }
>> 	{ "cl"  "Cl" "sp3" }
>> 	{ "br"  "Br" "sp3" }
>> 	{ "i"   "I"  "sp3" }
>> }
>> #
>> #	Load the general force field parameter set.
>> #
>> gaff = loadamberparams gaff.dat
Loading parameters: /home/johann/miniconda3/dat/leap/parm/gaff.dat
Reading title:
AMBER General Force Field for organic molecules (Version 1.81, May 2017)
> 
> loadamberparams ./divided-files/1bzc/LIGAND.frcmod
Loading parameters: ./divided-files/1bzc/LIGAND.frcmod
Reading force field modification type file (frcmod)
Reading title:
Remark line goes here
> LIG = loadmol2 ./divided-files/1bzc/LIGAND.mol2
Loading Mol2 file: ./divided-files/1bzc/LIGAND.mol2
Reading MOLECULE named TPI
> PROT = loadpdb ./divided-files/1bzc/PROTEIN.pdb
Loading PDB file: ./divided-files/1bzc/PROTEIN.pdb
Matching PDB residue names to LEaP variables.
  Added missing heavy atom: .R<ACE 18>.A<CH3 2>
  Added missing heavy atom: .R<NME 20>.A<C 3>
  Added missing heavy atom: .R<ACE 21>.A<CH3 2>
  Added missing heavy atom: .R<NME 23>.A<C 3>
  Added missing heavy atom: .R<ACE 24>.A<CH3 2>
  Added missing heavy atom: .R<NME 32>.A<C 3>
  Added missing heavy atom: .R<ACE 33>.A<CH3 2>
  Added missing heavy atom: .R<NME 38>.A<C 3>
  Added missing heavy atom: .R<ACE 39>.A<CH3 2>
  Added missing heavy atom: .R<NME 43>.A<C 3>
  Added missing heavy atom: .R<ACE 44>.A<CH3 2>
  Added missing heavy atom: .R<NME 52>.A<C 3>
  Added missing heavy atom: .R<ACE 53>.A<CH3 2>
  Added missing heavy atom: .R<NME 59>.A<C 3>
  Added missing heavy atom: .R<ACE 60>.A<CH3 2>
  Added missing heavy atom: .R<NME 74>.A<C 3>
  Added missing heavy atom: .R<ACE 75>.A<CH3 2>
  Added missing heavy atom: .R<NME 83>.A<C 3>
  Added missing heavy atom: .R<ACE 84>.A<CH3 2>
  Added missing heavy atom: .R<NME 86>.A<C 3>
  total atoms in file: 809
  Leap added 82 missing atoms according to residue templates:
       20 Heavy
       62 H / lone pairs
> COMPLEX = combine {PROT LIG}
  Sequence: default_name
  Sequence: TPI
> source leaprc.water.opc
----- Source: /home/johann/miniconda3/dat/leap/cmd/leaprc.water.opc
----- Source of /home/johann/miniconda3/dat/leap/cmd/leaprc.water.opc done
>> #
>> #  Load OPC water model and ions for OPC + Li/Merz ion parameters
>> #  (-1 to +4, 12-6 normal usage set)
>> # 
>> addAtomTypes {
>> 	{ "F-"   "F" "sp3" }
>> 	{ "Cl-"  "Cl" "sp3" }
>> 	{ "Br-"  "Br" "sp3" }
>> 	{ "I-"   "I"  "sp3" }
>> 	{ "Li+"  "Li"  "sp3" }
>> 	{ "Na+"  "Na"  "sp3" }
>> 	{ "K+"  "K"  "sp3" }
>> 	{ "Rb+"  "Rb"  "sp3" }
>> 	{ "Cs+"  "Cs"  "sp3" }
>> 	{ "Mg+"  "Mg"  "sp3" }
>>     { "Tl+"  "Tl"  "sp3" }
>>     { "Cu+"  "Cu"  "sp3" }
>>     { "Ag+"  "Ag"  "sp3" }
>>     { "Be2+" "Be"  "sp3" }
>>     { "Cu2+" "Cu"  "sp3" }
>>     { "Ni2+" "Ni"  "sp3" }
>>     { "Pt2+" "Pt"  "sp3" }
>>     { "Zn2+" "Zn"  "sp3" }
>>     { "Co2+" "Co"  "sp3" }
>>     { "Pd2+" "Pd"  "sp3" }
>>     { "Ag2+" "Ag"  "sp3" }
>>     { "Cr2+" "Cr"  "sp3" }
>>     { "Fe2+" "Fe"  "sp3" }
>>     { "Mg2+" "Mg"  "sp3" }
>>     { "V2+"  "V"   "sp3" }
>>     { "Mn2+" "Mn"  "sp3" }
>>     { "Hg2+" "Hg"  "sp3" }
>>     { "Cd2+" "Cd"  "sp3" }
>>     { "Yb2+" "Yb"  "sp3" }
>>     { "Ca2+" "Ca"  "sp3" }
>>     { "Sn2+" "Sn"  "sp3" }
>>     { "Pb2+" "Pb"  "sp3" }
>>     { "Eu2+" "Eu"  "sp3" }
>>     { "Sr2+" "Sr"  "sp3" }
>>     { "Sm2+" "Sm"  "sp3" }
>>     { "Ba2+" "Ba"  "sp3" }
>>     { "Ra2+" "Ra"  "sp3" }
>>     { "Al3+" "Al"  "sp3" }
>>     { "Fe3+" "Fe"  "sp3" }
>>     { "Cr3+" "Cr"  "sp3" }
>>     { "In3+" "In"  "sp3" }
>>     { "Tl3+" "Tl"  "sp3" }
>>     { "Y3+"  "Y"   "sp3" }
>>     { "La3+" "La"  "sp3" }
>>     { "Ce3+" "Ce"  "sp3" }
>>     { "Pr3+" "Pr"  "sp3" }
>>     { "Nd3+" "Nd"  "sp3" }
>>     { "Sm3+" "Sm"  "sp3" }
>>     { "Eu3+" "Eu"  "sp3" }
>>     { "Gd3+" "Gd"  "sp3" }
>>     { "Tb3+" "Tb"  "sp3" }
>>     { "Dy3+" "Dy"  "sp3" }
>>     { "Er3+" "Er"  "sp3" }
>>     { "Tm3+" "Tm"  "sp3" }
>>     { "Lu3+" "Lu"  "sp3" }
>>     { "Hf4+" "Hf"  "sp3" }
>>     { "Zr4+" "Zr"  "sp3" }
>>     { "Ce4+" "Ce"  "sp3" }
>>     { "U4+"  "U"   "sp3" }
>>     { "Pu4+" "Pu"  "sp3" }
>>     { "Th4+" "Th"  "sp3" }
>>     { "OW"   "O"   "sp3" }
>>     { "HW"   "H"   "sp3" }
>>     { "EP"   ""    "sp3" }
>> }
>> loadOff atomic_ions.lib
Loading library: /home/johann/miniconda3/dat/leap/lib/atomic_ions.lib
Loading: AG
Loading: AL
Loading: Ag
Loading: BA
Loading: BR
Loading: Be
Loading: CA
Loading: CD
Loading: CE
Loading: CL
Loading: CO
Loading: CR
Loading: CS
Loading: CU
Loading: CU1
Loading: Ce
Loading: Cl-
Loading: Cr
Loading: Dy
Loading: EU
Loading: EU3
Loading: Er
Loading: F
Loading: FE
Loading: FE2
Loading: GD3
Loading: H3O+
Loading: HE+
Loading: HG
Loading: HZ+
Loading: Hf
Loading: IN
Loading: IOD
Loading: K
Loading: K+
Loading: LA
Loading: LI
Loading: LU
Loading: MG
Loading: MN
Loading: NA
Loading: NH4
Loading: NI
Loading: Na+
Loading: Nd
Loading: PB
Loading: PD
Loading: PR
Loading: PT
Loading: Pu
Loading: RB
Loading: Ra
Loading: SM
Loading: SR
Loading: Sm
Loading: Sn
Loading: TB
Loading: TL
Loading: Th
Loading: Tl
Loading: Tm
Loading: U4+
Loading: V2+
Loading: Y
Loading: YB2
Loading: ZN
Loading: Zr
>> loadOff solvents.lib
Loading library: /home/johann/miniconda3/dat/leap/lib/solvents.lib
Loading: CHCL3BOX
Loading: DC4
Loading: FB3
Loading: FB3BOX
Loading: FB4
Loading: FB4BOX
Loading: MEOHBOX
Loading: NMABOX
Loading: O3P
Loading: OP3
Loading: OPC
Loading: OPC3BOX
Loading: OPC3POLBOX
Loading: OPCBOX
Loading: PL3
Loading: POL3BOX
Loading: QSPCFWBOX
Loading: SPC
Loading: SPCBOX
Loading: SPCFWBOX
Loading: SPF
Loading: SPG
Loading: T4E
Loading: TIP3PBOX
Loading: TIP3PFBOX
Loading: TIP4PBOX
Loading: TIP4PEWBOX
Loading: TIP5PBOX
Loading: TP3
Loading: TP4
Loading: TP5
Loading: TPF
>> HOH = OPC
>> WAT = OPC
>> loadAmberParams frcmod.opc
Loading parameters: /home/johann/miniconda3/dat/leap/parm/frcmod.opc
Reading force field modification type file (frcmod)
Reading title:
Parameters for OPC water (JPCL, 2014, 5 (21), pp 3863-3871)
(UNKNOWN ATOM TYPE: EP)
>> loadAmberParams frcmod.ionslm_126_opc
Loading parameters: /home/johann/miniconda3/dat/leap/parm/frcmod.ionslm_126_opc
Reading force field modification type file (frcmod)
Reading title:
Li/Merz ion parameters of atomic ions for the OPC water model (12-6 set)
>> 
> 
> solvateOct COMPLEX OPCBOX 10.0
Scaling up box by a factor of 1.523344 to meet diagonal cut criterion
  Solute vdw bounding box:              37.510 27.539 33.014
  Total bounding box for atom centers:  67.977 67.977 67.977
      (box expansion for 'iso' is  25.5%)
  Solvent unit box:                     18.865 18.478 19.006
The number of boxes:  x= 4  y= 4  z= 4
  Volume: 164087.867 A^3 (oct)
  Total mass 85951.050 amu,  Density 0.870 g/cc
  Added 4400 residues.
> saveamberparm COMPLEX ./divided-files/1bzc/1bzc.top ./divided-files/1bzc/1bzc.crd
Checking Unit.

/home/johann/miniconda3/bin/teLeap: Warning!
The unperturbed charge of the unit (3.997000) is not zero.

/home/johann/miniconda3/bin/teLeap: Note.
Ignoring the warnings from Unit Checking.

Building topology.
Building atom parameters.
Building bond parameters.
Building angle parameters.
Building proper torsion parameters.
Building improper torsion parameters.
 total 203 improper torsions applied
Building H-Bond parameters.
Incorporating Non-Bonded adjustments.
Not Marking per-residue atom chain types.
Marking per-residue atom chain types.
  (Residues lacking connect0/connect1 - 
   these don't have chain types marked:

	res	total affected

	TPI	1
  )
 (no restraints)
> savepdb COMPLEX ./divided-files/1bzc/1bzc.pdb
Writing pdb file: ./divided-files/1bzc/1bzc.pdb
   printing CRYST1 record to PDB file with box info
 quit
	Quit

Exiting LEaP: Errors = 0; Warnings = 1; Notes = 1.
log started: Fri Jun  6 08:15:29 2025

Log file: ./leap.log
>> #
>> # ----- leaprc for loading the ff19SB force field
>> # ----- NOTE: this is designed for PDB format 3!
>> #
>> #	load atom type hybridizations
>> #
>> addAtomTypes {
>> 	{ "H"   "H" "sp3" }
>> 	{ "HO"  "H" "sp3" }
>> 	{ "HS"  "H" "sp3" }
>> 	{ "H1"  "H" "sp3" }
>> 	{ "H2"  "H" "sp3" }
>> 	{ "H3"  "H" "sp3" }
>> 	{ "H4"  "H" "sp3" }
>> 	{ "H5"  "H" "sp3" }
>> 	{ "HW"  "H" "sp3" }
>> 	{ "HC"  "H" "sp3" }
>> 	{ "HA"  "H" "sp3" }
>> 	{ "HP"  "H" "sp3" }
>> 	{ "HZ"  "H" "sp3" }
>> 	{ "OH"  "O" "sp3" }
>> 	{ "OS"  "O" "sp3" }
>> 	{ "O"   "O" "sp2" }
>> 	{ "O2"  "O" "sp2" }
>> 	{ "OP"  "O" "sp2" }
>> 	{ "OW"  "O" "sp3" }
>> 	{ "CT"  "C" "sp3" }
>> 	{ "CX"  "C" "sp3" }
>> 	{ "XC"  "C" "sp3" }
>> 	{ "C8"  "C" "sp3" }
>> 	{ "2C"  "C" "sp3" }
>> 	{ "3C"  "C" "sp3" }
>> 	{ "CH"  "C" "sp3" }
>> 	{ "CS"  "C" "sp2" }
>> 	{ "C"   "C" "sp2" }
>> 	{ "CO"   "C" "sp2" }
>> 	{ "C*"  "C" "sp2" }
>> 	{ "CA"  "C" "sp2" }
>> 	{ "CB"  "C" "sp2" }
>> 	{ "CC"  "C" "sp2" }
>> 	{ "CN"  "C" "sp2" }
>> 	{ "CM"  "C" "sp2" }
>> 	{ "CK"  "C" "sp2" }
>> 	{ "CQ"  "C" "sp2" }
>> 	{ "CD"  "C" "sp2" }
>> 	{ "C5"  "C" "sp2" }
>> 	{ "C4"  "C" "sp2" }
>> 	{ "CP"  "C" "sp2" }
>> 	{ "CI"  "C" "sp3" }
>> 	{ "CJ"  "C" "sp2" }
>> 	{ "CW"  "C" "sp2" }
>> 	{ "CV"  "C" "sp2" }
>> 	{ "CR"  "C" "sp2" }
>> 	{ "CA"  "C" "sp2" }
>> 	{ "CY"  "C" "sp2" }
>> 	{ "C0"  "Ca" "sp3" }
>> 	{ "MG"  "Mg" "sp3" }
>> 	{ "N"   "N" "sp2" }
>> 	{ "NA"  "N" "sp2" }
>> 	{ "N2"  "N" "sp2" }
>> 	{ "N*"  "N" "sp2" }
>> 	{ "NP"  "N" "sp2" }
>> 	{ "NQ"  "N" "sp2" }
>> 	{ "NB"  "N" "sp2" }
>> 	{ "NC"  "N" "sp2" }
>> 	{ "NT"  "N" "sp3" }
>> 	{ "NY"  "N" "sp2" }
>> 	{ "N3"  "N" "sp3" }
>> 	{ "S"   "S" "sp3" }
>> 	{ "SH"  "S" "sp3" }
>> 	{ "P"   "P" "sp3" }
>> 	{ "LP"  ""  "sp3" }
>> 	{ "EP"  ""  "sp3" }
>> 	{ "F"   "F" "sp3" }
>> 	{ "Cl"  "Cl" "sp3" }
>> 	{ "Br"  "Br" "sp3" }
>> 	{ "I"   "I"  "sp3" }
>> }
>> #
>> #	Load the main parameter set.
>> #
>> set default cmap on
>> parm19 = loadamberparams parm19.dat
Loading parameters: /home/johann/miniconda3/dat/leap/parm/parm19.dat
Reading title:
PARM99 + frcmod.ff99SB + frcmod.parmbsc0 + OL3 for RNA + ff19SB
(UNKNOWN ATOM TYPE: Zn)
(UNKNOWN ATOM TYPE: EP)
>> frcmod19SB = loadamberparams frcmod.ff19SB
Loading parameters: /home/johann/miniconda3/dat/leap/parm/frcmod.ff19SB
Reading force field modification type file (frcmod)
Reading title:
ff19SB AA-specific backbone CMAPs for protein 07/25/2019
>> #
>> #	Load main chain and terminating amino acid libraries
>> #
>> loadOff amino19.lib
Loading library: /home/johann/miniconda3/dat/leap/lib/amino19.lib
Loading: ALA
Loading: ARG
Loading: ASH
Loading: ASN
Loading: ASP
Loading: CYM
Loading: CYS
Loading: CYX
Loading: GLH
Loading: GLN
Loading: GLU
Loading: GLY
Loading: HID
Loading: HIE
Loading: HIP
Loading: HYP
Loading: ILE
Loading: LEU
Loading: LYN
Loading: LYS
Loading: MET
Loading: PHE
Loading: PRO
Loading: SER
Loading: THR
Loading: TRP
Loading: TYR
Loading: VAL
>> loadOff aminoct12.lib
Loading library: /home/johann/miniconda3/dat/leap/lib/aminoct12.lib
Loading: CALA
Loading: CARG
Loading: CASN
Loading: CASP
Loading: CCYS
Loading: CCYX
Loading: CGLN
Loading: CGLU
Loading: CGLY
Loading: CHID
Loading: CHIE
Loading: CHIP
Loading: CHYP
Loading: CILE
Loading: CLEU
Loading: CLYS
Loading: CMET
Loading: CPHE
Loading: CPRO
Loading: CSER
Loading: CTHR
Loading: CTRP
Loading: CTYR
Loading: CVAL
Loading: NHE
Loading: NME
>> loadOff aminont12.lib
Loading library: /home/johann/miniconda3/dat/leap/lib/aminont12.lib
Loading: ACE
Loading: NALA
Loading: NARG
Loading: NASN
Loading: NASP
Loading: NCYS
Loading: NCYX
Loading: NGLN
Loading: NGLU
Loading: NGLY
Loading: NHID
Loading: NHIE
Loading: NHIP
Loading: NILE
Loading: NLEU
Loading: NLYS
Loading: NMET
Loading: NPHE
Loading: NPRO
Loading: NSER
Loading: NTHR
Loading: NTRP
Loading: NTYR
Loading: NVAL
>> 
>> #
>> #	Define the PDB name map for the amino acids
>> #
>> addPdbResMap {
>>   { 0 "HYP" "NHYP" } { 1 "HYP" "CHYP" }
>>   { 0 "ALA" "NALA" } { 1 "ALA" "CALA" }
>>   { 0 "ARG" "NARG" } { 1 "ARG" "CARG" }
>>   { 0 "ASN" "NASN" } { 1 "ASN" "CASN" }
>>   { 0 "ASP" "NASP" } { 1 "ASP" "CASP" }
>>   { 0 "CYS" "NCYS" } { 1 "CYS" "CCYS" }
>>   { 0 "CYX" "NCYX" } { 1 "CYX" "CCYX" }
>>   { 0 "GLN" "NGLN" } { 1 "GLN" "CGLN" }
>>   { 0 "GLU" "NGLU" } { 1 "GLU" "CGLU" }
>>   { 0 "GLY" "NGLY" } { 1 "GLY" "CGLY" }
>>   { 0 "HID" "NHID" } { 1 "HID" "CHID" }
>>   { 0 "HIE" "NHIE" } { 1 "HIE" "CHIE" }
>>   { 0 "HIP" "NHIP" } { 1 "HIP" "CHIP" }
>>   { 0 "ILE" "NILE" } { 1 "ILE" "CILE" }
>>   { 0 "LEU" "NLEU" } { 1 "LEU" "CLEU" }
>>   { 0 "LYS" "NLYS" } { 1 "LYS" "CLYS" }
>>   { 0 "MET" "NMET" } { 1 "MET" "CMET" }
>>   { 0 "PHE" "NPHE" } { 1 "PHE" "CPHE" }
>>   { 0 "PRO" "NPRO" } { 1 "PRO" "CPRO" }
>>   { 0 "SER" "NSER" } { 1 "SER" "CSER" }
>>   { 0 "THR" "NTHR" } { 1 "THR" "CTHR" }
>>   { 0 "TRP" "NTRP" } { 1 "TRP" "CTRP" }
>>   { 0 "TYR" "NTYR" } { 1 "TYR" "CTYR" }
>>   { 0 "VAL" "NVAL" } { 1 "VAL" "CVAL" }
>>   { 0 "HIS" "NHIS" } { 1 "HIS" "CHIS" }
>> }
>> 
>> #
>> # assume that most often proteins use HIE
>> #
>> NHIS = NHIE
>> HIS = HIE
>> CHIS = CHIE
> 
> source leaprc.gaff
----- Source: /home/johann/miniconda3/dat/leap/cmd/leaprc.gaff
----- Source of /home/johann/miniconda3/dat/leap/cmd/leaprc.gaff done
>> logFile leap.log
log started: Fri Jun  6 08:15:29 2025

Log file: ./leap.log
>> #
>> # ----- leaprc for loading the general Amber Force field.
>> #       This file is mostly for use with Antechamber
>> #
>> #	load atom type hybridizations
>> #
>> addAtomTypes {
>> 	{ "h1"  "H" "sp3" }
>> 	{ "h2"  "H" "sp3" }
>> 	{ "h3"  "H" "sp3" }
>> 	{ "h4"  "H" "sp3" }
>> 	{ "h5"  "H" "sp3" }
>> 	{ "ha"  "H" "sp3" }
>> 	{ "hc"  "H" "sp3" }
>> 	{ "hn"  "H" "sp3" }
>> 	{ "ho"  "H" "sp3" }
>> 	{ "hp"  "H" "sp3" }
>> 	{ "hs"  "H" "sp3" }
>> 	{ "hw"  "H" "sp3" }
>> 	{ "hx"  "H" "sp3" }
>> 	{ "o"  "O" "sp2" }
>> 	{ "o2"  "O" "sp2" }
>> 	{ "oh"  "O" "sp3" }
>> 	{ "op"  "O" "sp3" }
>> 	{ "oq"  "O" "sp3" }
>> 	{ "os"  "O" "sp3" }
>> 	{ "ow"  "O" "sp3" }
>> 	{ "c"  "C" "sp2" }
>> 	{ "c1"  "C" "sp2" }
>> 	{ "c2"  "C" "sp2" }
>> 	{ "c3"  "C" "sp3" }
>> 	{ "ca"  "C" "sp2" }
>> 	{ "cc"  "C" "sp2" }
>> 	{ "cd"  "C" "sp2" }
>> 	{ "ce"  "C" "sp2" }
>> 	{ "cf"  "C" "sp2" }
>> 	{ "cg"  "C" "sp2" }
>> 	{ "ch"  "C" "sp2" }
>> 	{ "cp"  "C" "sp2" }
>> 	{ "cq"  "C" "sp2" }
>> 	{ "cu"  "C" "sp2" }
>> 	{ "cv"  "C" "sp2" }
>> 	{ "cx"  "C" "sp2" }
>> 	{ "cy"  "C" "sp2" }
>> 	{ "cz"  "C" "sp2" }
>> 	{ "n"   "N" "sp2" }
>> 	{ "n1"  "N" "sp2" }
>> 	{ "n2"  "N" "sp2" }
>> 	{ "n3"  "N" "sp3" }
>> 	{ "n4"  "N" "sp3" }
>> 	{ "na"  "N" "sp2" }
>> 	{ "nb"  "N" "sp2" }
>> 	{ "nc"  "N" "sp2" }
>> 	{ "nd"  "N" "sp2" }
>> 	{ "ne"  "N" "sp2" }
>> 	{ "nf"  "N" "sp2" }
>> 	{ "nh"  "N" "sp2" }
>> 	{ "ni"  "N" "sp2" }
>> 	{ "nj"  "N" "sp2" }
>> 	{ "nk"  "N" "sp3" }
>> 	{ "nl"  "N" "sp3" }
>> 	{ "nm"  "N" "sp2" }
>> 	{ "nn"  "N" "sp2" }
>> 	{ "no"  "N" "sp2" }
>> 	{ "np"  "N" "sp3" }
>> 	{ "nq"  "N" "sp3" }
>> 	{ "s"   "S" "sp2" }
>> 	{ "s2"   "S" "sp2" }
>> 	{ "s3"   "S" "sp3" }
>> 	{ "s4"   "S" "sp3" }
>> 	{ "s6"   "S" "sp3" }
>> 	{ "sh"   "S" "sp3" }
>> 	{ "sp"   "S" "sp3" }
>> 	{ "sq"   "S" "sp3" }
>> 	{ "ss"   "S" "sp3" }
>> 	{ "sx"   "S" "sp3" }
>> 	{ "sy"   "S" "sp3" }
>> 	{ "p2"   "P" "sp2" }
>> 	{ "p3"   "P" "sp3" }
>> 	{ "p4"   "P" "sp3" }
>> 	{ "p5"   "P" "sp3" }
>> 	{ "pb"   "P" "sp3" }
>> 	{ "pc"   "P" "sp3" }
>> 	{ "pd"   "P" "sp3" }
>> 	{ "pe"   "P" "sp3" }
>> 	{ "pf"   "P" "sp3" }
>> 	{ "px"   "P" "sp3" }
>> 	{ "py"   "P" "sp3" }
>> 	{ "f"   "F" "sp3" }
>> 	{ "cl"  "Cl" "sp3" }
>> 	{ "br"  "Br" "sp3" }
>> 	{ "i"   "I"  "sp3" }
>> }
>> #
>> #	Load the general force field parameter set.
>> #
>> gaff = loadamberparams gaff.dat
Loading parameters: /home/johann/miniconda3/dat/leap/parm/gaff.dat
Reading title:
AMBER General Force Field for organic molecules (Version 1.81, May 2017)
> 
> loadamberparams ./divided-files/1bzc/LIGAND.frcmod
Loading parameters: ./divided-files/1bzc/LIGAND.frcmod
Reading force field modification type file (frcmod)
Reading title:
Remark line goes here
> LIG = loadmol2 ./divided-files/1bzc/LIGAND.mol2
Loading Mol2 file: ./divided-files/1bzc/LIGAND.mol2
Reading MOLECULE named TPI
> PROT = loadpdb ./divided-files/1bzc/PROTEIN.pdb
Loading PDB file: ./divided-files/1bzc/PROTEIN.pdb
Matching PDB residue names to LEaP variables.
  Added missing heavy atom: .R<ACE 18>.A<CH3 2>
  Added missing heavy atom: .R<NME 20>.A<C 3>
  Added missing heavy atom: .R<ACE 21>.A<CH3 2>
  Added missing heavy atom: .R<NME 23>.A<C 3>
  Added missing heavy atom: .R<ACE 24>.A<CH3 2>
  Added missing heavy atom: .R<NME 32>.A<C 3>
  Added missing heavy atom: .R<ACE 33>.A<CH3 2>
  Added missing heavy atom: .R<NME 38>.A<C 3>
  Added missing heavy atom: .R<ACE 39>.A<CH3 2>
  Added missing heavy atom: .R<NME 43>.A<C 3>
  Added missing heavy atom: .R<ACE 44>.A<CH3 2>
  Added missing heavy atom: .R<NME 52>.A<C 3>
  Added missing heavy atom: .R<ACE 53>.A<CH3 2>
  Added missing heavy atom: .R<NME 59>.A<C 3>
  Added missing heavy atom: .R<ACE 60>.A<CH3 2>
  Added missing heavy atom: .R<NME 74>.A<C 3>
  Added missing heavy atom: .R<ACE 75>.A<CH3 2>
  Added missing heavy atom: .R<NME 83>.A<C 3>
  Added missing heavy atom: .R<ACE 84>.A<CH3 2>
  Added missing heavy atom: .R<NME 86>.A<C 3>
  total atoms in file: 809
  Leap added 82 missing atoms according to residue templates:
       20 Heavy
       62 H / lone pairs
> COMPLEX = combine {PROT LIG}
  Sequence: default_name
  Sequence: TPI
> source leaprc.water.opc
----- Source: /home/johann/miniconda3/dat/leap/cmd/leaprc.water.opc
----- Source of /home/johann/miniconda3/dat/leap/cmd/leaprc.water.opc done
>> #
>> #  Load OPC water model and ions for OPC + Li/Merz ion parameters
>> #  (-1 to +4, 12-6 normal usage set)
>> # 
>> addAtomTypes {
>> 	{ "F-"   "F" "sp3" }
>> 	{ "Cl-"  "Cl" "sp3" }
>> 	{ "Br-"  "Br" "sp3" }
>> 	{ "I-"   "I"  "sp3" }
>> 	{ "Li+"  "Li"  "sp3" }
>> 	{ "Na+"  "Na"  "sp3" }
>> 	{ "K+"  "K"  "sp3" }
>> 	{ "Rb+"  "Rb"  "sp3" }
>> 	{ "Cs+"  "Cs"  "sp3" }
>> 	{ "Mg+"  "Mg"  "sp3" }
>>     { "Tl+"  "Tl"  "sp3" }
>>     { "Cu+"  "Cu"  "sp3" }
>>     { "Ag+"  "Ag"  "sp3" }
>>     { "Be2+" "Be"  "sp3" }
>>     { "Cu2+" "Cu"  "sp3" }
>>     { "Ni2+" "Ni"  "sp3" }
>>     { "Pt2+" "Pt"  "sp3" }
>>     { "Zn2+" "Zn"  "sp3" }
>>     { "Co2+" "Co"  "sp3" }
>>     { "Pd2+" "Pd"  "sp3" }
>>     { "Ag2+" "Ag"  "sp3" }
>>     { "Cr2+" "Cr"  "sp3" }
>>     { "Fe2+" "Fe"  "sp3" }
>>     { "Mg2+" "Mg"  "sp3" }
>>     { "V2+"  "V"   "sp3" }
>>     { "Mn2+" "Mn"  "sp3" }
>>     { "Hg2+" "Hg"  "sp3" }
>>     { "Cd2+" "Cd"  "sp3" }
>>     { "Yb2+" "Yb"  "sp3" }
>>     { "Ca2+" "Ca"  "sp3" }
>>     { "Sn2+" "Sn"  "sp3" }
>>     { "Pb2+" "Pb"  "sp3" }
>>     { "Eu2+" "Eu"  "sp3" }
>>     { "Sr2+" "Sr"  "sp3" }
>>     { "Sm2+" "Sm"  "sp3" }
>>     { "Ba2+" "Ba"  "sp3" }
>>     { "Ra2+" "Ra"  "sp3" }
>>     { "Al3+" "Al"  "sp3" }
>>     { "Fe3+" "Fe"  "sp3" }
>>     { "Cr3+" "Cr"  "sp3" }
>>     { "In3+" "In"  "sp3" }
>>     { "Tl3+" "Tl"  "sp3" }
>>     { "Y3+"  "Y"   "sp3" }
>>     { "La3+" "La"  "sp3" }
>>     { "Ce3+" "Ce"  "sp3" }
>>     { "Pr3+" "Pr"  "sp3" }
>>     { "Nd3+" "Nd"  "sp3" }
>>     { "Sm3+" "Sm"  "sp3" }
>>     { "Eu3+" "Eu"  "sp3" }
>>     { "Gd3+" "Gd"  "sp3" }
>>     { "Tb3+" "Tb"  "sp3" }
>>     { "Dy3+" "Dy"  "sp3" }
>>     { "Er3+" "Er"  "sp3" }
>>     { "Tm3+" "Tm"  "sp3" }
>>     { "Lu3+" "Lu"  "sp3" }
>>     { "Hf4+" "Hf"  "sp3" }
>>     { "Zr4+" "Zr"  "sp3" }
>>     { "Ce4+" "Ce"  "sp3" }
>>     { "U4+"  "U"   "sp3" }
>>     { "Pu4+" "Pu"  "sp3" }
>>     { "Th4+" "Th"  "sp3" }
>>     { "OW"   "O"   "sp3" }
>>     { "HW"   "H"   "sp3" }
>>     { "EP"   ""    "sp3" }
>> }
>> loadOff atomic_ions.lib
Loading library: /home/johann/miniconda3/dat/leap/lib/atomic_ions.lib
Loading: AG
Loading: AL
Loading: Ag
Loading: BA
Loading: BR
Loading: Be
Loading: CA
Loading: CD
Loading: CE
Loading: CL
Loading: CO
Loading: CR
Loading: CS
Loading: CU
Loading: CU1
Loading: Ce
Loading: Cl-
Loading: Cr
Loading: Dy
Loading: EU
Loading: EU3
Loading: Er
Loading: F
Loading: FE
Loading: FE2
Loading: GD3
Loading: H3O+
Loading: HE+
Loading: HG
Loading: HZ+
Loading: Hf
Loading: IN
Loading: IOD
Loading: K
Loading: K+
Loading: LA
Loading: LI
Loading: LU
Loading: MG
Loading: MN
Loading: NA
Loading: NH4
Loading: NI
Loading: Na+
Loading: Nd
Loading: PB
Loading: PD
Loading: PR
Loading: PT
Loading: Pu
Loading: RB
Loading: Ra
Loading: SM
Loading: SR
Loading: Sm
Loading: Sn
Loading: TB
Loading: TL
Loading: Th
Loading: Tl
Loading: Tm
Loading: U4+
Loading: V2+
Loading: Y
Loading: YB2
Loading: ZN
Loading: Zr
>> loadOff solvents.lib
Loading library: /home/johann/miniconda3/dat/leap/lib/solvents.lib
Loading: CHCL3BOX
Loading: DC4
Loading: FB3
Loading: FB3BOX
Loading: FB4
Loading: FB4BOX
Loading: MEOHBOX
Loading: NMABOX
Loading: O3P
Loading: OP3
Loading: OPC
Loading: OPC3BOX
Loading: OPC3POLBOX
Loading: OPCBOX
Loading: PL3
Loading: POL3BOX
Loading: QSPCFWBOX
Loading: SPC
Loading: SPCBOX
Loading: SPCFWBOX
Loading: SPF
Loading: SPG
Loading: T4E
Loading: TIP3PBOX
Loading: TIP3PFBOX
Loading: TIP4PBOX
Loading: TIP4PEWBOX
Loading: TIP5PBOX
Loading: TP3
Loading: TP4
Loading: TP5
Loading: TPF
>> HOH = OPC
>> WAT = OPC
>> loadAmberParams frcmod.opc
Loading parameters: /home/johann/miniconda3/dat/leap/parm/frcmod.opc
Reading force field modification type file (frcmod)
Reading title:
Parameters for OPC water (JPCL, 2014, 5 (21), pp 3863-3871)
(UNKNOWN ATOM TYPE: EP)
>> loadAmberParams frcmod.ionslm_126_opc
Loading parameters: /home/johann/miniconda3/dat/leap/parm/frcmod.ionslm_126_opc
Reading force field modification type file (frcmod)
Reading title:
Li/Merz ion parameters of atomic ions for the OPC water model (12-6 set)
>> 
> 
> solvateOct COMPLEX OPCBOX 10.0
Scaling up box by a factor of 1.523344 to meet diagonal cut criterion
  Solute vdw bounding box:              37.510 27.539 33.014
  Total bounding box for atom centers:  67.977 67.977 67.977
      (box expansion for 'iso' is  25.5%)
  Solvent unit box:                     18.865 18.478 19.006
The number of boxes:  x= 4  y= 4  z= 4
  Volume: 164087.867 A^3 (oct)
  Total mass 85951.050 amu,  Density 0.870 g/cc
  Added 4400 residues.
> saveamberparm COMPLEX ./divided-files/1bzc/1bzc.top ./divided-files/1bzc/1bzc.crd
Checking Unit.

/home/johann/miniconda3/bin/teLeap: Warning!
The unperturbed charge of the unit (3.997000) is not zero.

/home/johann/miniconda3/bin/teLeap: Note.
Ignoring the warnings from Unit Checking.

Building topology.
Building atom parameters.
Building bond parameters.
Building angle parameters.
Building proper torsion parameters.
Building improper torsion parameters.
 total 203 improper torsions applied
Building H-Bond parameters.
Incorporating Non-Bonded adjustments.
Not Marking per-residue atom chain types.
Marking per-residue atom chain types.
  (Residues lacking connect0/connect1 - 
   these don't have chain types marked:

	res	total affected

	TPI	1
  )
 (no restraints)
> savepdb COMPLEX ./divided-files/1bzc/1bzct.pdb
Writing pdb file: ./divided-files/1bzc/1bzct.pdb
   printing CRYST1 record to PDB file with box info
 quit
	Quit

Exiting LEaP: Errors = 0; Warnings = 1; Notes = 1.
log started: Fri Jun  6 11:35:27 2025

Log file: ./leap.log
>> #
>> # ----- leaprc for loading the ff19SB force field
>> # ----- NOTE: this is designed for PDB format 3!
>> #
>> #	load atom type hybridizations
>> #
>> addAtomTypes {
>> 	{ "H"   "H" "sp3" }
>> 	{ "HO"  "H" "sp3" }
>> 	{ "HS"  "H" "sp3" }
>> 	{ "H1"  "H" "sp3" }
>> 	{ "H2"  "H" "sp3" }
>> 	{ "H3"  "H" "sp3" }
>> 	{ "H4"  "H" "sp3" }
>> 	{ "H5"  "H" "sp3" }
>> 	{ "HW"  "H" "sp3" }
>> 	{ "HC"  "H" "sp3" }
>> 	{ "HA"  "H" "sp3" }
>> 	{ "HP"  "H" "sp3" }
>> 	{ "HZ"  "H" "sp3" }
>> 	{ "OH"  "O" "sp3" }
>> 	{ "OS"  "O" "sp3" }
>> 	{ "O"   "O" "sp2" }
>> 	{ "O2"  "O" "sp2" }
>> 	{ "OP"  "O" "sp2" }
>> 	{ "OW"  "O" "sp3" }
>> 	{ "CT"  "C" "sp3" }
>> 	{ "CX"  "C" "sp3" }
>> 	{ "XC"  "C" "sp3" }
>> 	{ "C8"  "C" "sp3" }
>> 	{ "2C"  "C" "sp3" }
>> 	{ "3C"  "C" "sp3" }
>> 	{ "CH"  "C" "sp3" }
>> 	{ "CS"  "C" "sp2" }
>> 	{ "C"   "C" "sp2" }
>> 	{ "CO"   "C" "sp2" }
>> 	{ "C*"  "C" "sp2" }
>> 	{ "CA"  "C" "sp2" }
>> 	{ "CB"  "C" "sp2" }
>> 	{ "CC"  "C" "sp2" }
>> 	{ "CN"  "C" "sp2" }
>> 	{ "CM"  "C" "sp2" }
>> 	{ "CK"  "C" "sp2" }
>> 	{ "CQ"  "C" "sp2" }
>> 	{ "CD"  "C" "sp2" }
>> 	{ "C5"  "C" "sp2" }
>> 	{ "C4"  "C" "sp2" }
>> 	{ "CP"  "C" "sp2" }
>> 	{ "CI"  "C" "sp3" }
>> 	{ "CJ"  "C" "sp2" }
>> 	{ "CW"  "C" "sp2" }
>> 	{ "CV"  "C" "sp2" }
>> 	{ "CR"  "C" "sp2" }
>> 	{ "CA"  "C" "sp2" }
>> 	{ "CY"  "C" "sp2" }
>> 	{ "C0"  "Ca" "sp3" }
>> 	{ "MG"  "Mg" "sp3" }
>> 	{ "N"   "N" "sp2" }
>> 	{ "NA"  "N" "sp2" }
>> 	{ "N2"  "N" "sp2" }
>> 	{ "N*"  "N" "sp2" }
>> 	{ "NP"  "N" "sp2" }
>> 	{ "NQ"  "N" "sp2" }
>> 	{ "NB"  "N" "sp2" }
>> 	{ "NC"  "N" "sp2" }
>> 	{ "NT"  "N" "sp3" }
>> 	{ "NY"  "N" "sp2" }
>> 	{ "N3"  "N" "sp3" }
>> 	{ "S"   "S" "sp3" }
>> 	{ "SH"  "S" "sp3" }
>> 	{ "P"   "P" "sp3" }
>> 	{ "LP"  ""  "sp3" }
>> 	{ "EP"  ""  "sp3" }
>> 	{ "F"   "F" "sp3" }
>> 	{ "Cl"  "Cl" "sp3" }
>> 	{ "Br"  "Br" "sp3" }
>> 	{ "I"   "I"  "sp3" }
>> }
>> #
>> #	Load the main parameter set.
>> #
>> set default cmap on
>> parm19 = loadamberparams parm19.dat
Loading parameters: /home/johann/miniconda3/dat/leap/parm/parm19.dat
Reading title:
PARM99 + frcmod.ff99SB + frcmod.parmbsc0 + OL3 for RNA + ff19SB
(UNKNOWN ATOM TYPE: Zn)
(UNKNOWN ATOM TYPE: EP)
>> frcmod19SB = loadamberparams frcmod.ff19SB
Loading parameters: /home/johann/miniconda3/dat/leap/parm/frcmod.ff19SB
Reading force field modification type file (frcmod)
Reading title:
ff19SB AA-specific backbone CMAPs for protein 07/25/2019
>> #
>> #	Load main chain and terminating amino acid libraries
>> #
>> loadOff amino19.lib
Loading library: /home/johann/miniconda3/dat/leap/lib/amino19.lib
Loading: ALA
Loading: ARG
Loading: ASH
Loading: ASN
Loading: ASP
Loading: CYM
Loading: CYS
Loading: CYX
Loading: GLH
Loading: GLN
Loading: GLU
Loading: GLY
Loading: HID
Loading: HIE
Loading: HIP
Loading: HYP
Loading: ILE
Loading: LEU
Loading: LYN
Loading: LYS
Loading: MET
Loading: PHE
Loading: PRO
Loading: SER
Loading: THR
Loading: TRP
Loading: TYR
Loading: VAL
>> loadOff aminoct12.lib
Loading library: /home/johann/miniconda3/dat/leap/lib/aminoct12.lib
Loading: CALA
Loading: CARG
Loading: CASN
Loading: CASP
Loading: CCYS
Loading: CCYX
Loading: CGLN
Loading: CGLU
Loading: CGLY
Loading: CHID
Loading: CHIE
Loading: CHIP
Loading: CHYP
Loading: CILE
Loading: CLEU
Loading: CLYS
Loading: CMET
Loading: CPHE
Loading: CPRO
Loading: CSER
Loading: CTHR
Loading: CTRP
Loading: CTYR
Loading: CVAL
Loading: NHE
Loading: NME
>> loadOff aminont12.lib
Loading library: /home/johann/miniconda3/dat/leap/lib/aminont12.lib
Loading: ACE
Loading: NALA
Loading: NARG
Loading: NASN
Loading: NASP
Loading: NCYS
Loading: NCYX
Loading: NGLN
Loading: NGLU
Loading: NGLY
Loading: NHID
Loading: NHIE
Loading: NHIP
Loading: NILE
Loading: NLEU
Loading: NLYS
Loading: NMET
Loading: NPHE
Loading: NPRO
Loading: NSER
Loading: NTHR
Loading: NTRP
Loading: NTYR
Loading: NVAL
>> 
>> #
>> #	Define the PDB name map for the amino acids
>> #
>> addPdbResMap {
>>   { 0 "HYP" "NHYP" } { 1 "HYP" "CHYP" }
>>   { 0 "ALA" "NALA" } { 1 "ALA" "CALA" }
>>   { 0 "ARG" "NARG" } { 1 "ARG" "CARG" }
>>   { 0 "ASN" "NASN" } { 1 "ASN" "CASN" }
>>   { 0 "ASP" "NASP" } { 1 "ASP" "CASP" }
>>   { 0 "CYS" "NCYS" } { 1 "CYS" "CCYS" }
>>   { 0 "CYX" "NCYX" } { 1 "CYX" "CCYX" }
>>   { 0 "GLN" "NGLN" } { 1 "GLN" "CGLN" }
>>   { 0 "GLU" "NGLU" } { 1 "GLU" "CGLU" }
>>   { 0 "GLY" "NGLY" } { 1 "GLY" "CGLY" }
>>   { 0 "HID" "NHID" } { 1 "HID" "CHID" }
>>   { 0 "HIE" "NHIE" } { 1 "HIE" "CHIE" }
>>   { 0 "HIP" "NHIP" } { 1 "HIP" "CHIP" }
>>   { 0 "ILE" "NILE" } { 1 "ILE" "CILE" }
>>   { 0 "LEU" "NLEU" } { 1 "LEU" "CLEU" }
>>   { 0 "LYS" "NLYS" } { 1 "LYS" "CLYS" }
>>   { 0 "MET" "NMET" } { 1 "MET" "CMET" }
>>   { 0 "PHE" "NPHE" } { 1 "PHE" "CPHE" }
>>   { 0 "PRO" "NPRO" } { 1 "PRO" "CPRO" }
>>   { 0 "SER" "NSER" } { 1 "SER" "CSER" }
>>   { 0 "THR" "NTHR" } { 1 "THR" "CTHR" }
>>   { 0 "TRP" "NTRP" } { 1 "TRP" "CTRP" }
>>   { 0 "TYR" "NTYR" } { 1 "TYR" "CTYR" }
>>   { 0 "VAL" "NVAL" } { 1 "VAL" "CVAL" }
>>   { 0 "HIS" "NHIS" } { 1 "HIS" "CHIS" }
>> }
>> 
>> #
>> # assume that most often proteins use HIE
>> #
>> NHIS = NHIE
>> HIS = HIE
>> CHIS = CHIE
> 
> source leaprc.gaff
----- Source: /home/johann/miniconda3/dat/leap/cmd/leaprc.gaff
----- Source of /home/johann/miniconda3/dat/leap/cmd/leaprc.gaff done
>> logFile leap.log
log started: Fri Jun  6 11:35:27 2025

Log file: ./leap.log
>> #
>> # ----- leaprc for loading the general Amber Force field.
>> #       This file is mostly for use with Antechamber
>> #
>> #	load atom type hybridizations
>> #
>> addAtomTypes {
>> 	{ "h1"  "H" "sp3" }
>> 	{ "h2"  "H" "sp3" }
>> 	{ "h3"  "H" "sp3" }
>> 	{ "h4"  "H" "sp3" }
>> 	{ "h5"  "H" "sp3" }
>> 	{ "ha"  "H" "sp3" }
>> 	{ "hc"  "H" "sp3" }
>> 	{ "hn"  "H" "sp3" }
>> 	{ "ho"  "H" "sp3" }
>> 	{ "hp"  "H" "sp3" }
>> 	{ "hs"  "H" "sp3" }
>> 	{ "hw"  "H" "sp3" }
>> 	{ "hx"  "H" "sp3" }
>> 	{ "o"  "O" "sp2" }
>> 	{ "o2"  "O" "sp2" }
>> 	{ "oh"  "O" "sp3" }
>> 	{ "op"  "O" "sp3" }
>> 	{ "oq"  "O" "sp3" }
>> 	{ "os"  "O" "sp3" }
>> 	{ "ow"  "O" "sp3" }
>> 	{ "c"  "C" "sp2" }
>> 	{ "c1"  "C" "sp2" }
>> 	{ "c2"  "C" "sp2" }
>> 	{ "c3"  "C" "sp3" }
>> 	{ "ca"  "C" "sp2" }
>> 	{ "cc"  "C" "sp2" }
>> 	{ "cd"  "C" "sp2" }
>> 	{ "ce"  "C" "sp2" }
>> 	{ "cf"  "C" "sp2" }
>> 	{ "cg"  "C" "sp2" }
>> 	{ "ch"  "C" "sp2" }
>> 	{ "cp"  "C" "sp2" }
>> 	{ "cq"  "C" "sp2" }
>> 	{ "cu"  "C" "sp2" }
>> 	{ "cv"  "C" "sp2" }
>> 	{ "cx"  "C" "sp2" }
>> 	{ "cy"  "C" "sp2" }
>> 	{ "cz"  "C" "sp2" }
>> 	{ "n"   "N" "sp2" }
>> 	{ "n1"  "N" "sp2" }
>> 	{ "n2"  "N" "sp2" }
>> 	{ "n3"  "N" "sp3" }
>> 	{ "n4"  "N" "sp3" }
>> 	{ "na"  "N" "sp2" }
>> 	{ "nb"  "N" "sp2" }
>> 	{ "nc"  "N" "sp2" }
>> 	{ "nd"  "N" "sp2" }
>> 	{ "ne"  "N" "sp2" }
>> 	{ "nf"  "N" "sp2" }
>> 	{ "nh"  "N" "sp2" }
>> 	{ "ni"  "N" "sp2" }
>> 	{ "nj"  "N" "sp2" }
>> 	{ "nk"  "N" "sp3" }
>> 	{ "nl"  "N" "sp3" }
>> 	{ "nm"  "N" "sp2" }
>> 	{ "nn"  "N" "sp2" }
>> 	{ "no"  "N" "sp2" }
>> 	{ "np"  "N" "sp3" }
>> 	{ "nq"  "N" "sp3" }
>> 	{ "s"   "S" "sp2" }
>> 	{ "s2"   "S" "sp2" }
>> 	{ "s3"   "S" "sp3" }
>> 	{ "s4"   "S" "sp3" }
>> 	{ "s6"   "S" "sp3" }
>> 	{ "sh"   "S" "sp3" }
>> 	{ "sp"   "S" "sp3" }
>> 	{ "sq"   "S" "sp3" }
>> 	{ "ss"   "S" "sp3" }
>> 	{ "sx"   "S" "sp3" }
>> 	{ "sy"   "S" "sp3" }
>> 	{ "p2"   "P" "sp2" }
>> 	{ "p3"   "P" "sp3" }
>> 	{ "p4"   "P" "sp3" }
>> 	{ "p5"   "P" "sp3" }
>> 	{ "pb"   "P" "sp3" }
>> 	{ "pc"   "P" "sp3" }
>> 	{ "pd"   "P" "sp3" }
>> 	{ "pe"   "P" "sp3" }
>> 	{ "pf"   "P" "sp3" }
>> 	{ "px"   "P" "sp3" }
>> 	{ "py"   "P" "sp3" }
>> 	{ "f"   "F" "sp3" }
>> 	{ "cl"  "Cl" "sp3" }
>> 	{ "br"  "Br" "sp3" }
>> 	{ "i"   "I"  "sp3" }
>> }
>> #
>> #	Load the general force field parameter set.
>> #
>> gaff = loadamberparams gaff.dat
Loading parameters: /home/johann/miniconda3/dat/leap/parm/gaff.dat
Reading title:
AMBER General Force Field for organic molecules (Version 1.81, May 2017)
> 
> loadamberparams ./divided-files/1bzc/LIGAND.frcmod
Loading parameters: ./divided-files/1bzc/LIGAND.frcmod
Reading force field modification type file (frcmod)
Reading title:
Remark line goes here
> LIG = loadmol2 ./divided-files/1bzc/LIGAND.mol2
Loading Mol2 file: ./divided-files/1bzc/LIGAND.mol2
Reading MOLECULE named TPI
> PROT = loadpdb ./divided-files/1bzc/PROTEIN.pdb
Loading PDB file: ./divided-files/1bzc/PROTEIN.pdb
Matching PDB residue names to LEaP variables.
  Added missing heavy atom: .R<ACE 18>.A<CH3 2>
  Added missing heavy atom: .R<NME 20>.A<C 3>
  Added missing heavy atom: .R<ACE 21>.A<CH3 2>
  Added missing heavy atom: .R<NME 23>.A<C 3>
  Added missing heavy atom: .R<ACE 24>.A<CH3 2>
  Added missing heavy atom: .R<NME 32>.A<C 3>
  Added missing heavy atom: .R<ACE 33>.A<CH3 2>
  Added missing heavy atom: .R<NME 38>.A<C 3>
  Added missing heavy atom: .R<ACE 39>.A<CH3 2>
  Added missing heavy atom: .R<NME 43>.A<C 3>
  Added missing heavy atom: .R<ACE 44>.A<CH3 2>
  Added missing heavy atom: .R<NME 52>.A<C 3>
  Added missing heavy atom: .R<ACE 53>.A<CH3 2>
  Added missing heavy atom: .R<NME 59>.A<C 3>
  Added missing heavy atom: .R<ACE 60>.A<CH3 2>
  Added missing heavy atom: .R<NME 74>.A<C 3>
  Added missing heavy atom: .R<ACE 75>.A<CH3 2>
  Added missing heavy atom: .R<NME 83>.A<C 3>
  Added missing heavy atom: .R<ACE 84>.A<CH3 2>
  Added missing heavy atom: .R<NME 86>.A<C 3>
  total atoms in file: 809
  Leap added 82 missing atoms according to residue templates:
       20 Heavy
       62 H / lone pairs
> COMPLEX = combine {PROT LIG}
  Sequence: default_name
  Sequence: TPI
> source leaprc.water.opc
----- Source: /home/johann/miniconda3/dat/leap/cmd/leaprc.water.opc
----- Source of /home/johann/miniconda3/dat/leap/cmd/leaprc.water.opc done
>> #
>> #  Load OPC water model and ions for OPC + Li/Merz ion parameters
>> #  (-1 to +4, 12-6 normal usage set)
>> # 
>> addAtomTypes {
>> 	{ "F-"   "F" "sp3" }
>> 	{ "Cl-"  "Cl" "sp3" }
>> 	{ "Br-"  "Br" "sp3" }
>> 	{ "I-"   "I"  "sp3" }
>> 	{ "Li+"  "Li"  "sp3" }
>> 	{ "Na+"  "Na"  "sp3" }
>> 	{ "K+"  "K"  "sp3" }
>> 	{ "Rb+"  "Rb"  "sp3" }
>> 	{ "Cs+"  "Cs"  "sp3" }
>> 	{ "Mg+"  "Mg"  "sp3" }
>>     { "Tl+"  "Tl"  "sp3" }
>>     { "Cu+"  "Cu"  "sp3" }
>>     { "Ag+"  "Ag"  "sp3" }
>>     { "Be2+" "Be"  "sp3" }
>>     { "Cu2+" "Cu"  "sp3" }
>>     { "Ni2+" "Ni"  "sp3" }
>>     { "Pt2+" "Pt"  "sp3" }
>>     { "Zn2+" "Zn"  "sp3" }
>>     { "Co2+" "Co"  "sp3" }
>>     { "Pd2+" "Pd"  "sp3" }
>>     { "Ag2+" "Ag"  "sp3" }
>>     { "Cr2+" "Cr"  "sp3" }
>>     { "Fe2+" "Fe"  "sp3" }
>>     { "Mg2+" "Mg"  "sp3" }
>>     { "V2+"  "V"   "sp3" }
>>     { "Mn2+" "Mn"  "sp3" }
>>     { "Hg2+" "Hg"  "sp3" }
>>     { "Cd2+" "Cd"  "sp3" }
>>     { "Yb2+" "Yb"  "sp3" }
>>     { "Ca2+" "Ca"  "sp3" }
>>     { "Sn2+" "Sn"  "sp3" }
>>     { "Pb2+" "Pb"  "sp3" }
>>     { "Eu2+" "Eu"  "sp3" }
>>     { "Sr2+" "Sr"  "sp3" }
>>     { "Sm2+" "Sm"  "sp3" }
>>     { "Ba2+" "Ba"  "sp3" }
>>     { "Ra2+" "Ra"  "sp3" }
>>     { "Al3+" "Al"  "sp3" }
>>     { "Fe3+" "Fe"  "sp3" }
>>     { "Cr3+" "Cr"  "sp3" }
>>     { "In3+" "In"  "sp3" }
>>     { "Tl3+" "Tl"  "sp3" }
>>     { "Y3+"  "Y"   "sp3" }
>>     { "La3+" "La"  "sp3" }
>>     { "Ce3+" "Ce"  "sp3" }
>>     { "Pr3+" "Pr"  "sp3" }
>>     { "Nd3+" "Nd"  "sp3" }
>>     { "Sm3+" "Sm"  "sp3" }
>>     { "Eu3+" "Eu"  "sp3" }
>>     { "Gd3+" "Gd"  "sp3" }
>>     { "Tb3+" "Tb"  "sp3" }
>>     { "Dy3+" "Dy"  "sp3" }
>>     { "Er3+" "Er"  "sp3" }
>>     { "Tm3+" "Tm"  "sp3" }
>>     { "Lu3+" "Lu"  "sp3" }
>>     { "Hf4+" "Hf"  "sp3" }
>>     { "Zr4+" "Zr"  "sp3" }
>>     { "Ce4+" "Ce"  "sp3" }
>>     { "U4+"  "U"   "sp3" }
>>     { "Pu4+" "Pu"  "sp3" }
>>     { "Th4+" "Th"  "sp3" }
>>     { "OW"   "O"   "sp3" }
>>     { "HW"   "H"   "sp3" }
>>     { "EP"   ""    "sp3" }
>> }
>> loadOff atomic_ions.lib
Loading library: /home/johann/miniconda3/dat/leap/lib/atomic_ions.lib
Loading: AG
Loading: AL
Loading: Ag
Loading: BA
Loading: BR
Loading: Be
Loading: CA
Loading: CD
Loading: CE
Loading: CL
Loading: CO
Loading: CR
Loading: CS
Loading: CU
Loading: CU1
Loading: Ce
Loading: Cl-
Loading: Cr
Loading: Dy
Loading: EU
Loading: EU3
Loading: Er
Loading: F
Loading: FE
Loading: FE2
Loading: GD3
Loading: H3O+
Loading: HE+
Loading: HG
Loading: HZ+
Loading: Hf
Loading: IN
Loading: IOD
Loading: K
Loading: K+
Loading: LA
Loading: LI
Loading: LU
Loading: MG
Loading: MN
Loading: NA
Loading: NH4
Loading: NI
Loading: Na+
Loading: Nd
Loading: PB
Loading: PD
Loading: PR
Loading: PT
Loading: Pu
Loading: RB
Loading: Ra
Loading: SM
Loading: SR
Loading: Sm
Loading: Sn
Loading: TB
Loading: TL
Loading: Th
Loading: Tl
Loading: Tm
Loading: U4+
Loading: V2+
Loading: Y
Loading: YB2
Loading: ZN
Loading: Zr
>> loadOff solvents.lib
Loading library: /home/johann/miniconda3/dat/leap/lib/solvents.lib
Loading: CHCL3BOX
Loading: DC4
Loading: FB3
Loading: FB3BOX
Loading: FB4
Loading: FB4BOX
Loading: MEOHBOX
Loading: NMABOX
Loading: O3P
Loading: OP3
Loading: OPC
Loading: OPC3BOX
Loading: OPC3POLBOX
Loading: OPCBOX
Loading: PL3
Loading: POL3BOX
Loading: QSPCFWBOX
Loading: SPC
Loading: SPCBOX
Loading: SPCFWBOX
Loading: SPF
Loading: SPG
Loading: T4E
Loading: TIP3PBOX
Loading: TIP3PFBOX
Loading: TIP4PBOX
Loading: TIP4PEWBOX
Loading: TIP5PBOX
Loading: TP3
Loading: TP4
Loading: TP5
Loading: TPF
>> HOH = OPC
>> WAT = OPC
>> loadAmberParams frcmod.opc
Loading parameters: /home/johann/miniconda3/dat/leap/parm/frcmod.opc
Reading force field modification type file (frcmod)
Reading title:
Parameters for OPC water (JPCL, 2014, 5 (21), pp 3863-3871)
(UNKNOWN ATOM TYPE: EP)
>> loadAmberParams frcmod.ionslm_126_opc
Loading parameters: /home/johann/miniconda3/dat/leap/parm/frcmod.ionslm_126_opc
Reading force field modification type file (frcmod)
Reading title:
Li/Merz ion parameters of atomic ions for the OPC water model (12-6 set)
>> 
> 
> solvateOct COMPLEX OPCBOX 10
Scaling up box by a factor of 1.523344 to meet diagonal cut criterion
  Solute vdw bounding box:              37.510 27.539 33.014
  Total bounding box for atom centers:  67.977 67.977 67.977
      (box expansion for 'iso' is  25.5%)
  Solvent unit box:                     18.865 18.478 19.006
The number of boxes:  x= 4  y= 4  z= 4
  Volume: 164087.867 A^3 (oct)
  Total mass 85951.050 amu,  Density 0.870 g/cc
  Added 4400 residues.
> addions COMPLEX Na+ 10
Adding 10 counter ions to "COMPLEX" using 1A grid
Total solute charge:   4.00  Max atom radius:   2.10
Grid extends from solute vdw + 3.26  to  9.36
Box:
   enclosing:  -23.63 -23.94 -27.61   23.90 24.43 22.06
   sized:			      40.37 40.06 36.39
   edge:        64.00
Resolution:      1.00 Angstrom.
Tree depth: 6
Volume = 10.79% of box, grid points 28284
Solvent present: replacing closest with ion
	 when steric overlaps occur
Calculating grid charges
(Replacing solvent molecule)
Placed Na+ in COMPLEX at (9.86, -0.17, -7.75).
(Replacing solvent molecule)
Placed Na+ in COMPLEX at (-4.16, 16.87, -7.81).
(Replacing solvent molecule)
Placed Na+ in COMPLEX at (8.00, 14.73, -10.83).
(Replacing solvent molecule)
Placed Na+ in COMPLEX at (16.71, -3.86, -7.13).
(Replacing solvent molecule)
Placed Na+ in COMPLEX at (-12.98, 15.71, -5.61).
(Replacing solvent molecule)
Placed Na+ in COMPLEX at (19.90, -3.66, 19.93).
(Replacing solvent molecule)
Placed Na+ in COMPLEX at (-10.74, -20.82, -10.45).
(No solvent overlap)
Placed Na+ in COMPLEX at (6.37, 18.06, -26.61).
(Replacing solvent molecule)
Placed Na+ in COMPLEX at (-14.32, 11.84, 13.13).
(Replacing solvent molecule)
Placed Na+ in COMPLEX at (-21.19, 1.90, -14.14).

Done adding ions.
> addions COMPLEX Cl- 14saveamberparm COMPLEX ./divided-files/1bzc/1bzc.top ./divided-files/1bzc/1bzc.crd

    addIons unit ion1 #ion1 [ion2 #ion2]
      UNIT                      _unit_
      UNIT                      _ion1_
      NUMBER                    _#ion1_
      UNIT                      _ion2_
      NUMBER                    _#ion2_
Adds counterions in a shell around _unit_ using a Coulombic potential
on a grid. If _#ion1_ is 0, the _unit_ is neutralized (_ion1_ must be
opposite in charge to _unit_, and _ion2_ cannot be specified). Otherwise,
the specified numbers of _ion1_ [_ion2_] are added [in alternating order].
If solvent is present, it is ignored in the charge and steric calculations,
and if an ion has a steric conflict with a solvent molecule, the ion is
moved to the center of said molecule, and the latter is deleted. (To
avoid this behavior, either solvate _after_ addIons, or use addIons2.)
Ions must be monoatomic. Note that the one-at-a-time procedure is not
guaranteed to globally minimize the electrostatic energy. When neutralizing
regular-backbone nucleic acids, the first cations will generally be added
between phosphates, leaving the final two ions to be placed somewhere around
the middle of the molecule.
The default grid resolution is 1 Angstrom, extending from an inner radius
of (max ion size + max solute atom size) to an outer radius 4 Angstroms
beyond. A distance-dependent dielectric is used for speed.



Exiting LEaP: Errors = 0; Warnings = 0; Notes = 0.
log started: Fri Jun  6 11:37:46 2025

Log file: ./leap.log
>> #
>> # ----- leaprc for loading the ff19SB force field
>> # ----- NOTE: this is designed for PDB format 3!
>> #
>> #	load atom type hybridizations
>> #
>> addAtomTypes {
>> 	{ "H"   "H" "sp3" }
>> 	{ "HO"  "H" "sp3" }
>> 	{ "HS"  "H" "sp3" }
>> 	{ "H1"  "H" "sp3" }
>> 	{ "H2"  "H" "sp3" }
>> 	{ "H3"  "H" "sp3" }
>> 	{ "H4"  "H" "sp3" }
>> 	{ "H5"  "H" "sp3" }
>> 	{ "HW"  "H" "sp3" }
>> 	{ "HC"  "H" "sp3" }
>> 	{ "HA"  "H" "sp3" }
>> 	{ "HP"  "H" "sp3" }
>> 	{ "HZ"  "H" "sp3" }
>> 	{ "OH"  "O" "sp3" }
>> 	{ "OS"  "O" "sp3" }
>> 	{ "O"   "O" "sp2" }
>> 	{ "O2"  "O" "sp2" }
>> 	{ "OP"  "O" "sp2" }
>> 	{ "OW"  "O" "sp3" }
>> 	{ "CT"  "C" "sp3" }
>> 	{ "CX"  "C" "sp3" }
>> 	{ "XC"  "C" "sp3" }
>> 	{ "C8"  "C" "sp3" }
>> 	{ "2C"  "C" "sp3" }
>> 	{ "3C"  "C" "sp3" }
>> 	{ "CH"  "C" "sp3" }
>> 	{ "CS"  "C" "sp2" }
>> 	{ "C"   "C" "sp2" }
>> 	{ "CO"   "C" "sp2" }
>> 	{ "C*"  "C" "sp2" }
>> 	{ "CA"  "C" "sp2" }
>> 	{ "CB"  "C" "sp2" }
>> 	{ "CC"  "C" "sp2" }
>> 	{ "CN"  "C" "sp2" }
>> 	{ "CM"  "C" "sp2" }
>> 	{ "CK"  "C" "sp2" }
>> 	{ "CQ"  "C" "sp2" }
>> 	{ "CD"  "C" "sp2" }
>> 	{ "C5"  "C" "sp2" }
>> 	{ "C4"  "C" "sp2" }
>> 	{ "CP"  "C" "sp2" }
>> 	{ "CI"  "C" "sp3" }
>> 	{ "CJ"  "C" "sp2" }
>> 	{ "CW"  "C" "sp2" }
>> 	{ "CV"  "C" "sp2" }
>> 	{ "CR"  "C" "sp2" }
>> 	{ "CA"  "C" "sp2" }
>> 	{ "CY"  "C" "sp2" }
>> 	{ "C0"  "Ca" "sp3" }
>> 	{ "MG"  "Mg" "sp3" }
>> 	{ "N"   "N" "sp2" }
>> 	{ "NA"  "N" "sp2" }
>> 	{ "N2"  "N" "sp2" }
>> 	{ "N*"  "N" "sp2" }
>> 	{ "NP"  "N" "sp2" }
>> 	{ "NQ"  "N" "sp2" }
>> 	{ "NB"  "N" "sp2" }
>> 	{ "NC"  "N" "sp2" }
>> 	{ "NT"  "N" "sp3" }
>> 	{ "NY"  "N" "sp2" }
>> 	{ "N3"  "N" "sp3" }
>> 	{ "S"   "S" "sp3" }
>> 	{ "SH"  "S" "sp3" }
>> 	{ "P"   "P" "sp3" }
>> 	{ "LP"  ""  "sp3" }
>> 	{ "EP"  ""  "sp3" }
>> 	{ "F"   "F" "sp3" }
>> 	{ "Cl"  "Cl" "sp3" }
>> 	{ "Br"  "Br" "sp3" }
>> 	{ "I"   "I"  "sp3" }
>> }
>> #
>> #	Load the main parameter set.
>> #
>> set default cmap on
>> parm19 = loadamberparams parm19.dat
Loading parameters: /home/johann/miniconda3/dat/leap/parm/parm19.dat
Reading title:
PARM99 + frcmod.ff99SB + frcmod.parmbsc0 + OL3 for RNA + ff19SB
(UNKNOWN ATOM TYPE: Zn)
(UNKNOWN ATOM TYPE: EP)
>> frcmod19SB = loadamberparams frcmod.ff19SB
Loading parameters: /home/johann/miniconda3/dat/leap/parm/frcmod.ff19SB
Reading force field modification type file (frcmod)
Reading title:
ff19SB AA-specific backbone CMAPs for protein 07/25/2019
>> #
>> #	Load main chain and terminating amino acid libraries
>> #
>> loadOff amino19.lib
Loading library: /home/johann/miniconda3/dat/leap/lib/amino19.lib
Loading: ALA
Loading: ARG
Loading: ASH
Loading: ASN
Loading: ASP
Loading: CYM
Loading: CYS
Loading: CYX
Loading: GLH
Loading: GLN
Loading: GLU
Loading: GLY
Loading: HID
Loading: HIE
Loading: HIP
Loading: HYP
Loading: ILE
Loading: LEU
Loading: LYN
Loading: LYS
Loading: MET
Loading: PHE
Loading: PRO
Loading: SER
Loading: THR
Loading: TRP
Loading: TYR
Loading: VAL
>> loadOff aminoct12.lib
Loading library: /home/johann/miniconda3/dat/leap/lib/aminoct12.lib
Loading: CALA
Loading: CARG
Loading: CASN
Loading: CASP
Loading: CCYS
Loading: CCYX
Loading: CGLN
Loading: CGLU
Loading: CGLY
Loading: CHID
Loading: CHIE
Loading: CHIP
Loading: CHYP
Loading: CILE
Loading: CLEU
Loading: CLYS
Loading: CMET
Loading: CPHE
Loading: CPRO
Loading: CSER
Loading: CTHR
Loading: CTRP
Loading: CTYR
Loading: CVAL
Loading: NHE
Loading: NME
>> loadOff aminont12.lib
Loading library: /home/johann/miniconda3/dat/leap/lib/aminont12.lib
Loading: ACE
Loading: NALA
Loading: NARG
Loading: NASN
Loading: NASP
Loading: NCYS
Loading: NCYX
Loading: NGLN
Loading: NGLU
Loading: NGLY
Loading: NHID
Loading: NHIE
Loading: NHIP
Loading: NILE
Loading: NLEU
Loading: NLYS
Loading: NMET
Loading: NPHE
Loading: NPRO
Loading: NSER
Loading: NTHR
Loading: NTRP
Loading: NTYR
Loading: NVAL
>> 
>> #
>> #	Define the PDB name map for the amino acids
>> #
>> addPdbResMap {
>>   { 0 "HYP" "NHYP" } { 1 "HYP" "CHYP" }
>>   { 0 "ALA" "NALA" } { 1 "ALA" "CALA" }
>>   { 0 "ARG" "NARG" } { 1 "ARG" "CARG" }
>>   { 0 "ASN" "NASN" } { 1 "ASN" "CASN" }
>>   { 0 "ASP" "NASP" } { 1 "ASP" "CASP" }
>>   { 0 "CYS" "NCYS" } { 1 "CYS" "CCYS" }
>>   { 0 "CYX" "NCYX" } { 1 "CYX" "CCYX" }
>>   { 0 "GLN" "NGLN" } { 1 "GLN" "CGLN" }
>>   { 0 "GLU" "NGLU" } { 1 "GLU" "CGLU" }
>>   { 0 "GLY" "NGLY" } { 1 "GLY" "CGLY" }
>>   { 0 "HID" "NHID" } { 1 "HID" "CHID" }
>>   { 0 "HIE" "NHIE" } { 1 "HIE" "CHIE" }
>>   { 0 "HIP" "NHIP" } { 1 "HIP" "CHIP" }
>>   { 0 "ILE" "NILE" } { 1 "ILE" "CILE" }
>>   { 0 "LEU" "NLEU" } { 1 "LEU" "CLEU" }
>>   { 0 "LYS" "NLYS" } { 1 "LYS" "CLYS" }
>>   { 0 "MET" "NMET" } { 1 "MET" "CMET" }
>>   { 0 "PHE" "NPHE" } { 1 "PHE" "CPHE" }
>>   { 0 "PRO" "NPRO" } { 1 "PRO" "CPRO" }
>>   { 0 "SER" "NSER" } { 1 "SER" "CSER" }
>>   { 0 "THR" "NTHR" } { 1 "THR" "CTHR" }
>>   { 0 "TRP" "NTRP" } { 1 "TRP" "CTRP" }
>>   { 0 "TYR" "NTYR" } { 1 "TYR" "CTYR" }
>>   { 0 "VAL" "NVAL" } { 1 "VAL" "CVAL" }
>>   { 0 "HIS" "NHIS" } { 1 "HIS" "CHIS" }
>> }
>> 
>> #
>> # assume that most often proteins use HIE
>> #
>> NHIS = NHIE
>> HIS = HIE
>> CHIS = CHIE
> 
> source leaprc.gaff
----- Source: /home/johann/miniconda3/dat/leap/cmd/leaprc.gaff
----- Source of /home/johann/miniconda3/dat/leap/cmd/leaprc.gaff done
>> logFile leap.log
log started: Fri Jun  6 11:37:46 2025

Log file: ./leap.log
>> #
>> # ----- leaprc for loading the general Amber Force field.
>> #       This file is mostly for use with Antechamber
>> #
>> #	load atom type hybridizations
>> #
>> addAtomTypes {
>> 	{ "h1"  "H" "sp3" }
>> 	{ "h2"  "H" "sp3" }
>> 	{ "h3"  "H" "sp3" }
>> 	{ "h4"  "H" "sp3" }
>> 	{ "h5"  "H" "sp3" }
>> 	{ "ha"  "H" "sp3" }
>> 	{ "hc"  "H" "sp3" }
>> 	{ "hn"  "H" "sp3" }
>> 	{ "ho"  "H" "sp3" }
>> 	{ "hp"  "H" "sp3" }
>> 	{ "hs"  "H" "sp3" }
>> 	{ "hw"  "H" "sp3" }
>> 	{ "hx"  "H" "sp3" }
>> 	{ "o"  "O" "sp2" }
>> 	{ "o2"  "O" "sp2" }
>> 	{ "oh"  "O" "sp3" }
>> 	{ "op"  "O" "sp3" }
>> 	{ "oq"  "O" "sp3" }
>> 	{ "os"  "O" "sp3" }
>> 	{ "ow"  "O" "sp3" }
>> 	{ "c"  "C" "sp2" }
>> 	{ "c1"  "C" "sp2" }
>> 	{ "c2"  "C" "sp2" }
>> 	{ "c3"  "C" "sp3" }
>> 	{ "ca"  "C" "sp2" }
>> 	{ "cc"  "C" "sp2" }
>> 	{ "cd"  "C" "sp2" }
>> 	{ "ce"  "C" "sp2" }
>> 	{ "cf"  "C" "sp2" }
>> 	{ "cg"  "C" "sp2" }
>> 	{ "ch"  "C" "sp2" }
>> 	{ "cp"  "C" "sp2" }
>> 	{ "cq"  "C" "sp2" }
>> 	{ "cu"  "C" "sp2" }
>> 	{ "cv"  "C" "sp2" }
>> 	{ "cx"  "C" "sp2" }
>> 	{ "cy"  "C" "sp2" }
>> 	{ "cz"  "C" "sp2" }
>> 	{ "n"   "N" "sp2" }
>> 	{ "n1"  "N" "sp2" }
>> 	{ "n2"  "N" "sp2" }
>> 	{ "n3"  "N" "sp3" }
>> 	{ "n4"  "N" "sp3" }
>> 	{ "na"  "N" "sp2" }
>> 	{ "nb"  "N" "sp2" }
>> 	{ "nc"  "N" "sp2" }
>> 	{ "nd"  "N" "sp2" }
>> 	{ "ne"  "N" "sp2" }
>> 	{ "nf"  "N" "sp2" }
>> 	{ "nh"  "N" "sp2" }
>> 	{ "ni"  "N" "sp2" }
>> 	{ "nj"  "N" "sp2" }
>> 	{ "nk"  "N" "sp3" }
>> 	{ "nl"  "N" "sp3" }
>> 	{ "nm"  "N" "sp2" }
>> 	{ "nn"  "N" "sp2" }
>> 	{ "no"  "N" "sp2" }
>> 	{ "np"  "N" "sp3" }
>> 	{ "nq"  "N" "sp3" }
>> 	{ "s"   "S" "sp2" }
>> 	{ "s2"   "S" "sp2" }
>> 	{ "s3"   "S" "sp3" }
>> 	{ "s4"   "S" "sp3" }
>> 	{ "s6"   "S" "sp3" }
>> 	{ "sh"   "S" "sp3" }
>> 	{ "sp"   "S" "sp3" }
>> 	{ "sq"   "S" "sp3" }
>> 	{ "ss"   "S" "sp3" }
>> 	{ "sx"   "S" "sp3" }
>> 	{ "sy"   "S" "sp3" }
>> 	{ "p2"   "P" "sp2" }
>> 	{ "p3"   "P" "sp3" }
>> 	{ "p4"   "P" "sp3" }
>> 	{ "p5"   "P" "sp3" }
>> 	{ "pb"   "P" "sp3" }
>> 	{ "pc"   "P" "sp3" }
>> 	{ "pd"   "P" "sp3" }
>> 	{ "pe"   "P" "sp3" }
>> 	{ "pf"   "P" "sp3" }
>> 	{ "px"   "P" "sp3" }
>> 	{ "py"   "P" "sp3" }
>> 	{ "f"   "F" "sp3" }
>> 	{ "cl"  "Cl" "sp3" }
>> 	{ "br"  "Br" "sp3" }
>> 	{ "i"   "I"  "sp3" }
>> }
>> #
>> #	Load the general force field parameter set.
>> #
>> gaff = loadamberparams gaff.dat
Loading parameters: /home/johann/miniconda3/dat/leap/parm/gaff.dat
Reading title:
AMBER General Force Field for organic molecules (Version 1.81, May 2017)
> 
> loadamberparams ./divided-files/1bzc/LIGAND.frcmod
Loading parameters: ./divided-files/1bzc/LIGAND.frcmod
Reading force field modification type file (frcmod)
Reading title:
Remark line goes here
> LIG = loadmol2 ./divided-files/1bzc/LIGAND.mol2
Loading Mol2 file: ./divided-files/1bzc/LIGAND.mol2
Reading MOLECULE named TPI
> PROT = loadpdb ./divided-files/1bzc/PROTEIN.pdb
Loading PDB file: ./divided-files/1bzc/PROTEIN.pdb
Matching PDB residue names to LEaP variables.
  Added missing heavy atom: .R<ACE 18>.A<CH3 2>
  Added missing heavy atom: .R<NME 20>.A<C 3>
  Added missing heavy atom: .R<ACE 21>.A<CH3 2>
  Added missing heavy atom: .R<NME 23>.A<C 3>
  Added missing heavy atom: .R<ACE 24>.A<CH3 2>
  Added missing heavy atom: .R<NME 32>.A<C 3>
  Added missing heavy atom: .R<ACE 33>.A<CH3 2>
  Added missing heavy atom: .R<NME 38>.A<C 3>
  Added missing heavy atom: .R<ACE 39>.A<CH3 2>
  Added missing heavy atom: .R<NME 43>.A<C 3>
  Added missing heavy atom: .R<ACE 44>.A<CH3 2>
  Added missing heavy atom: .R<NME 52>.A<C 3>
  Added missing heavy atom: .R<ACE 53>.A<CH3 2>
  Added missing heavy atom: .R<NME 59>.A<C 3>
  Added missing heavy atom: .R<ACE 60>.A<CH3 2>
  Added missing heavy atom: .R<NME 74>.A<C 3>
  Added missing heavy atom: .R<ACE 75>.A<CH3 2>
  Added missing heavy atom: .R<NME 83>.A<C 3>
  Added missing heavy atom: .R<ACE 84>.A<CH3 2>
  Added missing heavy atom: .R<NME 86>.A<C 3>
  total atoms in file: 809
  Leap added 82 missing atoms according to residue templates:
       20 Heavy
       62 H / lone pairs
> COMPLEX = combine {PROT LIG}
  Sequence: default_name
  Sequence: TPI
> source leaprc.water.opc
----- Source: /home/johann/miniconda3/dat/leap/cmd/leaprc.water.opc
----- Source of /home/johann/miniconda3/dat/leap/cmd/leaprc.water.opc done
>> #
>> #  Load OPC water model and ions for OPC + Li/Merz ion parameters
>> #  (-1 to +4, 12-6 normal usage set)
>> # 
>> addAtomTypes {
>> 	{ "F-"   "F" "sp3" }
>> 	{ "Cl-"  "Cl" "sp3" }
>> 	{ "Br-"  "Br" "sp3" }
>> 	{ "I-"   "I"  "sp3" }
>> 	{ "Li+"  "Li"  "sp3" }
>> 	{ "Na+"  "Na"  "sp3" }
>> 	{ "K+"  "K"  "sp3" }
>> 	{ "Rb+"  "Rb"  "sp3" }
>> 	{ "Cs+"  "Cs"  "sp3" }
>> 	{ "Mg+"  "Mg"  "sp3" }
>>     { "Tl+"  "Tl"  "sp3" }
>>     { "Cu+"  "Cu"  "sp3" }
>>     { "Ag+"  "Ag"  "sp3" }
>>     { "Be2+" "Be"  "sp3" }
>>     { "Cu2+" "Cu"  "sp3" }
>>     { "Ni2+" "Ni"  "sp3" }
>>     { "Pt2+" "Pt"  "sp3" }
>>     { "Zn2+" "Zn"  "sp3" }
>>     { "Co2+" "Co"  "sp3" }
>>     { "Pd2+" "Pd"  "sp3" }
>>     { "Ag2+" "Ag"  "sp3" }
>>     { "Cr2+" "Cr"  "sp3" }
>>     { "Fe2+" "Fe"  "sp3" }
>>     { "Mg2+" "Mg"  "sp3" }
>>     { "V2+"  "V"   "sp3" }
>>     { "Mn2+" "Mn"  "sp3" }
>>     { "Hg2+" "Hg"  "sp3" }
>>     { "Cd2+" "Cd"  "sp3" }
>>     { "Yb2+" "Yb"  "sp3" }
>>     { "Ca2+" "Ca"  "sp3" }
>>     { "Sn2+" "Sn"  "sp3" }
>>     { "Pb2+" "Pb"  "sp3" }
>>     { "Eu2+" "Eu"  "sp3" }
>>     { "Sr2+" "Sr"  "sp3" }
>>     { "Sm2+" "Sm"  "sp3" }
>>     { "Ba2+" "Ba"  "sp3" }
>>     { "Ra2+" "Ra"  "sp3" }
>>     { "Al3+" "Al"  "sp3" }
>>     { "Fe3+" "Fe"  "sp3" }
>>     { "Cr3+" "Cr"  "sp3" }
>>     { "In3+" "In"  "sp3" }
>>     { "Tl3+" "Tl"  "sp3" }
>>     { "Y3+"  "Y"   "sp3" }
>>     { "La3+" "La"  "sp3" }
>>     { "Ce3+" "Ce"  "sp3" }
>>     { "Pr3+" "Pr"  "sp3" }
>>     { "Nd3+" "Nd"  "sp3" }
>>     { "Sm3+" "Sm"  "sp3" }
>>     { "Eu3+" "Eu"  "sp3" }
>>     { "Gd3+" "Gd"  "sp3" }
>>     { "Tb3+" "Tb"  "sp3" }
>>     { "Dy3+" "Dy"  "sp3" }
>>     { "Er3+" "Er"  "sp3" }
>>     { "Tm3+" "Tm"  "sp3" }
>>     { "Lu3+" "Lu"  "sp3" }
>>     { "Hf4+" "Hf"  "sp3" }
>>     { "Zr4+" "Zr"  "sp3" }
>>     { "Ce4+" "Ce"  "sp3" }
>>     { "U4+"  "U"   "sp3" }
>>     { "Pu4+" "Pu"  "sp3" }
>>     { "Th4+" "Th"  "sp3" }
>>     { "OW"   "O"   "sp3" }
>>     { "HW"   "H"   "sp3" }
>>     { "EP"   ""    "sp3" }
>> }
>> loadOff atomic_ions.lib
Loading library: /home/johann/miniconda3/dat/leap/lib/atomic_ions.lib
Loading: AG
Loading: AL
Loading: Ag
Loading: BA
Loading: BR
Loading: Be
Loading: CA
Loading: CD
Loading: CE
Loading: CL
Loading: CO
Loading: CR
Loading: CS
Loading: CU
Loading: CU1
Loading: Ce
Loading: Cl-
Loading: Cr
Loading: Dy
Loading: EU
Loading: EU3
Loading: Er
Loading: F
Loading: FE
Loading: FE2
Loading: GD3
Loading: H3O+
Loading: HE+
Loading: HG
Loading: HZ+
Loading: Hf
Loading: IN
Loading: IOD
Loading: K
Loading: K+
Loading: LA
Loading: LI
Loading: LU
Loading: MG
Loading: MN
Loading: NA
Loading: NH4
Loading: NI
Loading: Na+
Loading: Nd
Loading: PB
Loading: PD
Loading: PR
Loading: PT
Loading: Pu
Loading: RB
Loading: Ra
Loading: SM
Loading: SR
Loading: Sm
Loading: Sn
Loading: TB
Loading: TL
Loading: Th
Loading: Tl
Loading: Tm
Loading: U4+
Loading: V2+
Loading: Y
Loading: YB2
Loading: ZN
Loading: Zr
>> loadOff solvents.lib
Loading library: /home/johann/miniconda3/dat/leap/lib/solvents.lib
Loading: CHCL3BOX
Loading: DC4
Loading: FB3
Loading: FB3BOX
Loading: FB4
Loading: FB4BOX
Loading: MEOHBOX
Loading: NMABOX
Loading: O3P
Loading: OP3
Loading: OPC
Loading: OPC3BOX
Loading: OPC3POLBOX
Loading: OPCBOX
Loading: PL3
Loading: POL3BOX
Loading: QSPCFWBOX
Loading: SPC
Loading: SPCBOX
Loading: SPCFWBOX
Loading: SPF
Loading: SPG
Loading: T4E
Loading: TIP3PBOX
Loading: TIP3PFBOX
Loading: TIP4PBOX
Loading: TIP4PEWBOX
Loading: TIP5PBOX
Loading: TP3
Loading: TP4
Loading: TP5
Loading: TPF
>> HOH = OPC
>> WAT = OPC
>> loadAmberParams frcmod.opc
Loading parameters: /home/johann/miniconda3/dat/leap/parm/frcmod.opc
Reading force field modification type file (frcmod)
Reading title:
Parameters for OPC water (JPCL, 2014, 5 (21), pp 3863-3871)
(UNKNOWN ATOM TYPE: EP)
>> loadAmberParams frcmod.ionslm_126_opc
Loading parameters: /home/johann/miniconda3/dat/leap/parm/frcmod.ionslm_126_opc
Reading force field modification type file (frcmod)
Reading title:
Li/Merz ion parameters of atomic ions for the OPC water model (12-6 set)
>> 
> 
> solvateOct COMPLEX OPCBOX 10
Scaling up box by a factor of 1.523344 to meet diagonal cut criterion
  Solute vdw bounding box:              37.510 27.539 33.014
  Total bounding box for atom centers:  67.977 67.977 67.977
      (box expansion for 'iso' is  25.5%)
  Solvent unit box:                     18.865 18.478 19.006
The number of boxes:  x= 4  y= 4  z= 4
  Volume: 164087.867 A^3 (oct)
  Total mass 85951.050 amu,  Density 0.870 g/cc
  Added 4400 residues.
> addions COMPLEX Na+ 10
Adding 10 counter ions to "COMPLEX" using 1A grid
Total solute charge:   4.00  Max atom radius:   2.10
Grid extends from solute vdw + 3.26  to  9.36
Box:
   enclosing:  -23.63 -23.94 -27.61   23.90 24.43 22.06
   sized:			      40.37 40.06 36.39
   edge:        64.00
Resolution:      1.00 Angstrom.
Tree depth: 6
Volume = 10.79% of box, grid points 28284
Solvent present: replacing closest with ion
	 when steric overlaps occur
Calculating grid charges
(Replacing solvent molecule)
Placed Na+ in COMPLEX at (9.86, -0.17, -7.75).
(Replacing solvent molecule)
Placed Na+ in COMPLEX at (-4.16, 16.87, -7.81).
(Replacing solvent molecule)
Placed Na+ in COMPLEX at (8.00, 14.73, -10.83).
(Replacing solvent molecule)
Placed Na+ in COMPLEX at (16.71, -3.86, -7.13).
(Replacing solvent molecule)
Placed Na+ in COMPLEX at (-12.98, 15.71, -5.61).
(Replacing solvent molecule)
Placed Na+ in COMPLEX at (19.90, -3.66, 19.93).
(Replacing solvent molecule)
Placed Na+ in COMPLEX at (-10.74, -20.82, -10.45).
(No solvent overlap)
Placed Na+ in COMPLEX at (6.37, 18.06, -26.61).
(Replacing solvent molecule)
Placed Na+ in COMPLEX at (-14.32, 11.84, 13.13).
(Replacing solvent molecule)
Placed Na+ in COMPLEX at (-21.19, 1.90, -14.14).

Done adding ions.
> addions COMPLEX Cl- 14
Adding 14 counter ions to "COMPLEX" using 1A grid
Total solute charge:  14.00  Max atom radius:   2.10
Grid extends from solute vdw + 5.82  to  11.92
Box:
   enclosing:  -33.11 -32.74 -38.53   31.82 29.98 31.85
   sized:			      94.89 95.26 89.47
   edge:        128.00
Resolution:      1.00 Angstrom.
Tree depth: 7
Volume =  2.32% of box, grid points 48602
Solvent present: replacing closest with ion
	 when steric overlaps occur
Calculating grid charges
(Replacing solvent molecule)
Placed Cl- in COMPLEX at (4.31, 19.35, -6.89).
(Replacing solvent molecule)
Placed Cl- in COMPLEX at (6.26, -8.32, -12.79).
(Replacing solvent molecule)
Placed Cl- in COMPLEX at (-9.47, 21.12, -11.37).
(Replacing solvent molecule)
Placed Cl- in COMPLEX at (-18.68, -6.52, -15.03).
(Replacing solvent molecule)
Placed Cl- in COMPLEX at (16.33, 4.12, -4.89).
(Replacing solvent molecule)
Placed Cl- in COMPLEX at (2.83, -12.81, 2.31).
(Replacing solvent molecule)
Placed Cl- in COMPLEX at (-18.38, 8.23, -9.35).
(Replacing solvent molecule)
Placed Cl- in COMPLEX at (-6.36, 11.29, 14.23).
(No solvent overlap)
Placed Cl- in COMPLEX at (9.89, 12.26, -23.53).
(Replacing solvent molecule)
Placed Cl- in COMPLEX at (16.51, -8.40, 17.15).
(Replacing solvent molecule)
Placed Cl- in COMPLEX at (-11.94, -18.82, -3.50).
(Replacing solvent molecule)
Placed Cl- in COMPLEX at (19.38, -11.15, -4.52).
(Replacing solvent molecule)
Placed Cl- in COMPLEX at (-15.67, 13.36, 7.21).
(Replacing solvent molecule)
Placed Cl- in COMPLEX at (-9.26, -18.00, -14.27).

Done adding ions.
> saveamberparm COMPLEX ./divided-files/1bzc/1bzc.top ./divided-files/1bzc/1bzc.crd
Checking Unit.

/home/johann/miniconda3/bin/teLeap: Note.
Ignoring the warnings from Unit Checking.

Building topology.
Building atom parameters.
Building bond parameters.
Building angle parameters.
Building proper torsion parameters.
Building improper torsion parameters.
 total 203 improper torsions applied
Building H-Bond parameters.
Incorporating Non-Bonded adjustments.
Not Marking per-residue atom chain types.
Marking per-residue atom chain types.
  (Residues lacking connect0/connect1 - 
   these don't have chain types marked:

	res	total affected

	TPI	1
  )
 (no restraints)
> savepdb COMPLEX ./divided-files/1bzc/1bzcti.pdb
Writing pdb file: ./divided-files/1bzc/1bzcti.pdb
   printing CRYST1 record to PDB file with box info
 quit
	Quit

Exiting LEaP: Errors = 0; Warnings = 0; Notes = 1.
log started: Fri Jun  6 11:40:48 2025

Log file: ./leap.log
>> #
>> # ----- leaprc for loading the ff19SB force field
>> # ----- NOTE: this is designed for PDB format 3!
>> #
>> #	load atom type hybridizations
>> #
>> addAtomTypes {
>> 	{ "H"   "H" "sp3" }
>> 	{ "HO"  "H" "sp3" }
>> 	{ "HS"  "H" "sp3" }
>> 	{ "H1"  "H" "sp3" }
>> 	{ "H2"  "H" "sp3" }
>> 	{ "H3"  "H" "sp3" }
>> 	{ "H4"  "H" "sp3" }
>> 	{ "H5"  "H" "sp3" }
>> 	{ "HW"  "H" "sp3" }
>> 	{ "HC"  "H" "sp3" }
>> 	{ "HA"  "H" "sp3" }
>> 	{ "HP"  "H" "sp3" }
>> 	{ "HZ"  "H" "sp3" }
>> 	{ "OH"  "O" "sp3" }
>> 	{ "OS"  "O" "sp3" }
>> 	{ "O"   "O" "sp2" }
>> 	{ "O2"  "O" "sp2" }
>> 	{ "OP"  "O" "sp2" }
>> 	{ "OW"  "O" "sp3" }
>> 	{ "CT"  "C" "sp3" }
>> 	{ "CX"  "C" "sp3" }
>> 	{ "XC"  "C" "sp3" }
>> 	{ "C8"  "C" "sp3" }
>> 	{ "2C"  "C" "sp3" }
>> 	{ "3C"  "C" "sp3" }
>> 	{ "CH"  "C" "sp3" }
>> 	{ "CS"  "C" "sp2" }
>> 	{ "C"   "C" "sp2" }
>> 	{ "CO"   "C" "sp2" }
>> 	{ "C*"  "C" "sp2" }
>> 	{ "CA"  "C" "sp2" }
>> 	{ "CB"  "C" "sp2" }
>> 	{ "CC"  "C" "sp2" }
>> 	{ "CN"  "C" "sp2" }
>> 	{ "CM"  "C" "sp2" }
>> 	{ "CK"  "C" "sp2" }
>> 	{ "CQ"  "C" "sp2" }
>> 	{ "CD"  "C" "sp2" }
>> 	{ "C5"  "C" "sp2" }
>> 	{ "C4"  "C" "sp2" }
>> 	{ "CP"  "C" "sp2" }
>> 	{ "CI"  "C" "sp3" }
>> 	{ "CJ"  "C" "sp2" }
>> 	{ "CW"  "C" "sp2" }
>> 	{ "CV"  "C" "sp2" }
>> 	{ "CR"  "C" "sp2" }
>> 	{ "CA"  "C" "sp2" }
>> 	{ "CY"  "C" "sp2" }
>> 	{ "C0"  "Ca" "sp3" }
>> 	{ "MG"  "Mg" "sp3" }
>> 	{ "N"   "N" "sp2" }
>> 	{ "NA"  "N" "sp2" }
>> 	{ "N2"  "N" "sp2" }
>> 	{ "N*"  "N" "sp2" }
>> 	{ "NP"  "N" "sp2" }
>> 	{ "NQ"  "N" "sp2" }
>> 	{ "NB"  "N" "sp2" }
>> 	{ "NC"  "N" "sp2" }
>> 	{ "NT"  "N" "sp3" }
>> 	{ "NY"  "N" "sp2" }
>> 	{ "N3"  "N" "sp3" }
>> 	{ "S"   "S" "sp3" }
>> 	{ "SH"  "S" "sp3" }
>> 	{ "P"   "P" "sp3" }
>> 	{ "LP"  ""  "sp3" }
>> 	{ "EP"  ""  "sp3" }
>> 	{ "F"   "F" "sp3" }
>> 	{ "Cl"  "Cl" "sp3" }
>> 	{ "Br"  "Br" "sp3" }
>> 	{ "I"   "I"  "sp3" }
>> }
>> #
>> #	Load the main parameter set.
>> #
>> set default cmap on
>> parm19 = loadamberparams parm19.dat
Loading parameters: /home/johann/miniconda3/dat/leap/parm/parm19.dat
Reading title:
PARM99 + frcmod.ff99SB + frcmod.parmbsc0 + OL3 for RNA + ff19SB
(UNKNOWN ATOM TYPE: Zn)
(UNKNOWN ATOM TYPE: EP)
>> frcmod19SB = loadamberparams frcmod.ff19SB
Loading parameters: /home/johann/miniconda3/dat/leap/parm/frcmod.ff19SB
Reading force field modification type file (frcmod)
Reading title:
ff19SB AA-specific backbone CMAPs for protein 07/25/2019
>> #
>> #	Load main chain and terminating amino acid libraries
>> #
>> loadOff amino19.lib
Loading library: /home/johann/miniconda3/dat/leap/lib/amino19.lib
Loading: ALA
Loading: ARG
Loading: ASH
Loading: ASN
Loading: ASP
Loading: CYM
Loading: CYS
Loading: CYX
Loading: GLH
Loading: GLN
Loading: GLU
Loading: GLY
Loading: HID
Loading: HIE
Loading: HIP
Loading: HYP
Loading: ILE
Loading: LEU
Loading: LYN
Loading: LYS
Loading: MET
Loading: PHE
Loading: PRO
Loading: SER
Loading: THR
Loading: TRP
Loading: TYR
Loading: VAL
>> loadOff aminoct12.lib
Loading library: /home/johann/miniconda3/dat/leap/lib/aminoct12.lib
Loading: CALA
Loading: CARG
Loading: CASN
Loading: CASP
Loading: CCYS
Loading: CCYX
Loading: CGLN
Loading: CGLU
Loading: CGLY
Loading: CHID
Loading: CHIE
Loading: CHIP
Loading: CHYP
Loading: CILE
Loading: CLEU
Loading: CLYS
Loading: CMET
Loading: CPHE
Loading: CPRO
Loading: CSER
Loading: CTHR
Loading: CTRP
Loading: CTYR
Loading: CVAL
Loading: NHE
Loading: NME
>> loadOff aminont12.lib
Loading library: /home/johann/miniconda3/dat/leap/lib/aminont12.lib
Loading: ACE
Loading: NALA
Loading: NARG
Loading: NASN
Loading: NASP
Loading: NCYS
Loading: NCYX
Loading: NGLN
Loading: NGLU
Loading: NGLY
Loading: NHID
Loading: NHIE
Loading: NHIP
Loading: NILE
Loading: NLEU
Loading: NLYS
Loading: NMET
Loading: NPHE
Loading: NPRO
Loading: NSER
Loading: NTHR
Loading: NTRP
Loading: NTYR
Loading: NVAL
>> 
>> #
>> #	Define the PDB name map for the amino acids
>> #
>> addPdbResMap {
>>   { 0 "HYP" "NHYP" } { 1 "HYP" "CHYP" }
>>   { 0 "ALA" "NALA" } { 1 "ALA" "CALA" }
>>   { 0 "ARG" "NARG" } { 1 "ARG" "CARG" }
>>   { 0 "ASN" "NASN" } { 1 "ASN" "CASN" }
>>   { 0 "ASP" "NASP" } { 1 "ASP" "CASP" }
>>   { 0 "CYS" "NCYS" } { 1 "CYS" "CCYS" }
>>   { 0 "CYX" "NCYX" } { 1 "CYX" "CCYX" }
>>   { 0 "GLN" "NGLN" } { 1 "GLN" "CGLN" }
>>   { 0 "GLU" "NGLU" } { 1 "GLU" "CGLU" }
>>   { 0 "GLY" "NGLY" } { 1 "GLY" "CGLY" }
>>   { 0 "HID" "NHID" } { 1 "HID" "CHID" }
>>   { 0 "HIE" "NHIE" } { 1 "HIE" "CHIE" }
>>   { 0 "HIP" "NHIP" } { 1 "HIP" "CHIP" }
>>   { 0 "ILE" "NILE" } { 1 "ILE" "CILE" }
>>   { 0 "LEU" "NLEU" } { 1 "LEU" "CLEU" }
>>   { 0 "LYS" "NLYS" } { 1 "LYS" "CLYS" }
>>   { 0 "MET" "NMET" } { 1 "MET" "CMET" }
>>   { 0 "PHE" "NPHE" } { 1 "PHE" "CPHE" }
>>   { 0 "PRO" "NPRO" } { 1 "PRO" "CPRO" }
>>   { 0 "SER" "NSER" } { 1 "SER" "CSER" }
>>   { 0 "THR" "NTHR" } { 1 "THR" "CTHR" }
>>   { 0 "TRP" "NTRP" } { 1 "TRP" "CTRP" }
>>   { 0 "TYR" "NTYR" } { 1 "TYR" "CTYR" }
>>   { 0 "VAL" "NVAL" } { 1 "VAL" "CVAL" }
>>   { 0 "HIS" "NHIS" } { 1 "HIS" "CHIS" }
>> }
>> 
>> #
>> # assume that most often proteins use HIE
>> #
>> NHIS = NHIE
>> HIS = HIE
>> CHIS = CHIE
> 
> source leaprc.gaff
----- Source: /home/johann/miniconda3/dat/leap/cmd/leaprc.gaff
----- Source of /home/johann/miniconda3/dat/leap/cmd/leaprc.gaff done
>> logFile leap.log
log started: Fri Jun  6 11:40:48 2025

Log file: ./leap.log
>> #
>> # ----- leaprc for loading the general Amber Force field.
>> #       This file is mostly for use with Antechamber
>> #
>> #	load atom type hybridizations
>> #
>> addAtomTypes {
>> 	{ "h1"  "H" "sp3" }
>> 	{ "h2"  "H" "sp3" }
>> 	{ "h3"  "H" "sp3" }
>> 	{ "h4"  "H" "sp3" }
>> 	{ "h5"  "H" "sp3" }
>> 	{ "ha"  "H" "sp3" }
>> 	{ "hc"  "H" "sp3" }
>> 	{ "hn"  "H" "sp3" }
>> 	{ "ho"  "H" "sp3" }
>> 	{ "hp"  "H" "sp3" }
>> 	{ "hs"  "H" "sp3" }
>> 	{ "hw"  "H" "sp3" }
>> 	{ "hx"  "H" "sp3" }
>> 	{ "o"  "O" "sp2" }
>> 	{ "o2"  "O" "sp2" }
>> 	{ "oh"  "O" "sp3" }
>> 	{ "op"  "O" "sp3" }
>> 	{ "oq"  "O" "sp3" }
>> 	{ "os"  "O" "sp3" }
>> 	{ "ow"  "O" "sp3" }
>> 	{ "c"  "C" "sp2" }
>> 	{ "c1"  "C" "sp2" }
>> 	{ "c2"  "C" "sp2" }
>> 	{ "c3"  "C" "sp3" }
>> 	{ "ca"  "C" "sp2" }
>> 	{ "cc"  "C" "sp2" }
>> 	{ "cd"  "C" "sp2" }
>> 	{ "ce"  "C" "sp2" }
>> 	{ "cf"  "C" "sp2" }
>> 	{ "cg"  "C" "sp2" }
>> 	{ "ch"  "C" "sp2" }
>> 	{ "cp"  "C" "sp2" }
>> 	{ "cq"  "C" "sp2" }
>> 	{ "cu"  "C" "sp2" }
>> 	{ "cv"  "C" "sp2" }
>> 	{ "cx"  "C" "sp2" }
>> 	{ "cy"  "C" "sp2" }
>> 	{ "cz"  "C" "sp2" }
>> 	{ "n"   "N" "sp2" }
>> 	{ "n1"  "N" "sp2" }
>> 	{ "n2"  "N" "sp2" }
>> 	{ "n3"  "N" "sp3" }
>> 	{ "n4"  "N" "sp3" }
>> 	{ "na"  "N" "sp2" }
>> 	{ "nb"  "N" "sp2" }
>> 	{ "nc"  "N" "sp2" }
>> 	{ "nd"  "N" "sp2" }
>> 	{ "ne"  "N" "sp2" }
>> 	{ "nf"  "N" "sp2" }
>> 	{ "nh"  "N" "sp2" }
>> 	{ "ni"  "N" "sp2" }
>> 	{ "nj"  "N" "sp2" }
>> 	{ "nk"  "N" "sp3" }
>> 	{ "nl"  "N" "sp3" }
>> 	{ "nm"  "N" "sp2" }
>> 	{ "nn"  "N" "sp2" }
>> 	{ "no"  "N" "sp2" }
>> 	{ "np"  "N" "sp3" }
>> 	{ "nq"  "N" "sp3" }
>> 	{ "s"   "S" "sp2" }
>> 	{ "s2"   "S" "sp2" }
>> 	{ "s3"   "S" "sp3" }
>> 	{ "s4"   "S" "sp3" }
>> 	{ "s6"   "S" "sp3" }
>> 	{ "sh"   "S" "sp3" }
>> 	{ "sp"   "S" "sp3" }
>> 	{ "sq"   "S" "sp3" }
>> 	{ "ss"   "S" "sp3" }
>> 	{ "sx"   "S" "sp3" }
>> 	{ "sy"   "S" "sp3" }
>> 	{ "p2"   "P" "sp2" }
>> 	{ "p3"   "P" "sp3" }
>> 	{ "p4"   "P" "sp3" }
>> 	{ "p5"   "P" "sp3" }
>> 	{ "pb"   "P" "sp3" }
>> 	{ "pc"   "P" "sp3" }
>> 	{ "pd"   "P" "sp3" }
>> 	{ "pe"   "P" "sp3" }
>> 	{ "pf"   "P" "sp3" }
>> 	{ "px"   "P" "sp3" }
>> 	{ "py"   "P" "sp3" }
>> 	{ "f"   "F" "sp3" }
>> 	{ "cl"  "Cl" "sp3" }
>> 	{ "br"  "Br" "sp3" }
>> 	{ "i"   "I"  "sp3" }
>> }
>> #
>> #	Load the general force field parameter set.
>> #
>> gaff = loadamberparams gaff.dat
Loading parameters: /home/johann/miniconda3/dat/leap/parm/gaff.dat
Reading title:
AMBER General Force Field for organic molecules (Version 1.81, May 2017)
> 
> loadamberparams ./divided-files/2f1g/LIGAND.frcmod
Loading parameters: ./divided-files/2f1g/LIGAND.frcmod
Reading force field modification type file (frcmod)
Reading title:
Remark line goes here
> LIG = loadmol2 ./divided-files/2f1g/LIGAND.mol2
Loading Mol2 file: ./divided-files/2f1g/LIGAND.mol2
Reading MOLECULE named GNF
> PROT = loadpdb ./divided-files/2f1g/PROTEIN.pdb
Loading PDB file: ./divided-files/2f1g/PROTEIN.pdb
Matching PDB residue names to LEaP variables.
  Added missing heavy atom: .R<ACE 20>.A<CH3 2>
  Added missing heavy atom: .R<NME 34>.A<C 3>
  Added missing heavy atom: .R<ACE 35>.A<CH3 2>
  Added missing heavy atom: .R<NME 52>.A<C 3>
  Added missing heavy atom: .R<ACE 53>.A<CH3 2>
  Added missing heavy atom: .R<NME 55>.A<C 3>
  Added missing heavy atom: .R<ACE 56>.A<CH3 2>
  Added missing heavy atom: .R<NME 58>.A<C 3>
  Added missing heavy atom: .R<ACE 59>.A<CH3 2>
  Added missing heavy atom: .R<NME 61>.A<C 3>
  Added missing heavy atom: .R<ACE 62>.A<CH3 2>
  Added missing heavy atom: .R<NME 70>.A<C 3>
  Added missing heavy atom: .R<ACE 71>.A<CH3 2>
  Added missing heavy atom: .R<NME 74>.A<C 3>
  Added missing heavy atom: .R<ACE 75>.A<CH3 2>
  Added missing heavy atom: .R<NME 84>.A<C 3>
  Added missing heavy atom: .R<ACE 85>.A<CH3 2>
  Added missing heavy atom: .R<NME 89>.A<C 3>
  Added missing heavy atom: .R<ACE 90>.A<CH3 2>
  Added missing heavy atom: .R<NME 98>.A<C 3>
  total atoms in file: 888
  Leap added 80 missing atoms according to residue templates:
       20 Heavy
       60 H / lone pairs
> COMPLEX = combine {PROT LIG}
  Sequence: default_name
  Sequence: GNF
> source leaprc.water.opc
----- Source: /home/johann/miniconda3/dat/leap/cmd/leaprc.water.opc
----- Source of /home/johann/miniconda3/dat/leap/cmd/leaprc.water.opc done
>> #
>> #  Load OPC water model and ions for OPC + Li/Merz ion parameters
>> #  (-1 to +4, 12-6 normal usage set)
>> # 
>> addAtomTypes {
>> 	{ "F-"   "F" "sp3" }
>> 	{ "Cl-"  "Cl" "sp3" }
>> 	{ "Br-"  "Br" "sp3" }
>> 	{ "I-"   "I"  "sp3" }
>> 	{ "Li+"  "Li"  "sp3" }
>> 	{ "Na+"  "Na"  "sp3" }
>> 	{ "K+"  "K"  "sp3" }
>> 	{ "Rb+"  "Rb"  "sp3" }
>> 	{ "Cs+"  "Cs"  "sp3" }
>> 	{ "Mg+"  "Mg"  "sp3" }
>>     { "Tl+"  "Tl"  "sp3" }
>>     { "Cu+"  "Cu"  "sp3" }
>>     { "Ag+"  "Ag"  "sp3" }
>>     { "Be2+" "Be"  "sp3" }
>>     { "Cu2+" "Cu"  "sp3" }
>>     { "Ni2+" "Ni"  "sp3" }
>>     { "Pt2+" "Pt"  "sp3" }
>>     { "Zn2+" "Zn"  "sp3" }
>>     { "Co2+" "Co"  "sp3" }
>>     { "Pd2+" "Pd"  "sp3" }
>>     { "Ag2+" "Ag"  "sp3" }
>>     { "Cr2+" "Cr"  "sp3" }
>>     { "Fe2+" "Fe"  "sp3" }
>>     { "Mg2+" "Mg"  "sp3" }
>>     { "V2+"  "V"   "sp3" }
>>     { "Mn2+" "Mn"  "sp3" }
>>     { "Hg2+" "Hg"  "sp3" }
>>     { "Cd2+" "Cd"  "sp3" }
>>     { "Yb2+" "Yb"  "sp3" }
>>     { "Ca2+" "Ca"  "sp3" }
>>     { "Sn2+" "Sn"  "sp3" }
>>     { "Pb2+" "Pb"  "sp3" }
>>     { "Eu2+" "Eu"  "sp3" }
>>     { "Sr2+" "Sr"  "sp3" }
>>     { "Sm2+" "Sm"  "sp3" }
>>     { "Ba2+" "Ba"  "sp3" }
>>     { "Ra2+" "Ra"  "sp3" }
>>     { "Al3+" "Al"  "sp3" }
>>     { "Fe3+" "Fe"  "sp3" }
>>     { "Cr3+" "Cr"  "sp3" }
>>     { "In3+" "In"  "sp3" }
>>     { "Tl3+" "Tl"  "sp3" }
>>     { "Y3+"  "Y"   "sp3" }
>>     { "La3+" "La"  "sp3" }
>>     { "Ce3+" "Ce"  "sp3" }
>>     { "Pr3+" "Pr"  "sp3" }
>>     { "Nd3+" "Nd"  "sp3" }
>>     { "Sm3+" "Sm"  "sp3" }
>>     { "Eu3+" "Eu"  "sp3" }
>>     { "Gd3+" "Gd"  "sp3" }
>>     { "Tb3+" "Tb"  "sp3" }
>>     { "Dy3+" "Dy"  "sp3" }
>>     { "Er3+" "Er"  "sp3" }
>>     { "Tm3+" "Tm"  "sp3" }
>>     { "Lu3+" "Lu"  "sp3" }
>>     { "Hf4+" "Hf"  "sp3" }
>>     { "Zr4+" "Zr"  "sp3" }
>>     { "Ce4+" "Ce"  "sp3" }
>>     { "U4+"  "U"   "sp3" }
>>     { "Pu4+" "Pu"  "sp3" }
>>     { "Th4+" "Th"  "sp3" }
>>     { "OW"   "O"   "sp3" }
>>     { "HW"   "H"   "sp3" }
>>     { "EP"   ""    "sp3" }
>> }
>> loadOff atomic_ions.lib
Loading library: /home/johann/miniconda3/dat/leap/lib/atomic_ions.lib
Loading: AG
Loading: AL
Loading: Ag
Loading: BA
Loading: BR
Loading: Be
Loading: CA
Loading: CD
Loading: CE
Loading: CL
Loading: CO
Loading: CR
Loading: CS
Loading: CU
Loading: CU1
Loading: Ce
Loading: Cl-
Loading: Cr
Loading: Dy
Loading: EU
Loading: EU3
Loading: Er
Loading: F
Loading: FE
Loading: FE2
Loading: GD3
Loading: H3O+
Loading: HE+
Loading: HG
Loading: HZ+
Loading: Hf
Loading: IN
Loading: IOD
Loading: K
Loading: K+
Loading: LA
Loading: LI
Loading: LU
Loading: MG
Loading: MN
Loading: NA
Loading: NH4
Loading: NI
Loading: Na+
Loading: Nd
Loading: PB
Loading: PD
Loading: PR
Loading: PT
Loading: Pu
Loading: RB
Loading: Ra
Loading: SM
Loading: SR
Loading: Sm
Loading: Sn
Loading: TB
Loading: TL
Loading: Th
Loading: Tl
Loading: Tm
Loading: U4+
Loading: V2+
Loading: Y
Loading: YB2
Loading: ZN
Loading: Zr
>> loadOff solvents.lib
Loading library: /home/johann/miniconda3/dat/leap/lib/solvents.lib
Loading: CHCL3BOX
Loading: DC4
Loading: FB3
Loading: FB3BOX
Loading: FB4
Loading: FB4BOX
Loading: MEOHBOX
Loading: NMABOX
Loading: O3P
Loading: OP3
Loading: OPC
Loading: OPC3BOX
Loading: OPC3POLBOX
Loading: OPCBOX
Loading: PL3
Loading: POL3BOX
Loading: QSPCFWBOX
Loading: SPC
Loading: SPCBOX
Loading: SPCFWBOX
Loading: SPF
Loading: SPG
Loading: T4E
Loading: TIP3PBOX
Loading: TIP3PFBOX
Loading: TIP4PBOX
Loading: TIP4PEWBOX
Loading: TIP5PBOX
Loading: TP3
Loading: TP4
Loading: TP5
Loading: TPF
>> HOH = OPC
>> WAT = OPC
>> loadAmberParams frcmod.opc
Loading parameters: /home/johann/miniconda3/dat/leap/parm/frcmod.opc
Reading force field modification type file (frcmod)
Reading title:
Parameters for OPC water (JPCL, 2014, 5 (21), pp 3863-3871)
(UNKNOWN ATOM TYPE: EP)
>> loadAmberParams frcmod.ionslm_126_opc
Loading parameters: /home/johann/miniconda3/dat/leap/parm/frcmod.ionslm_126_opc
Reading force field modification type file (frcmod)
Reading title:
Li/Merz ion parameters of atomic ions for the OPC water model (12-6 set)
>> 
> 
> solvateOct COMPLEX OPCBOX 10
Scaling up box by a factor of 1.256294 to meet diagonal cut criterion
  Solute vdw bounding box:              26.362 34.746 37.147
  Total bounding box for atom centers:  62.273 62.273 62.273
      (box expansion for 'iso' is  25.8%)
  Solvent unit box:                     18.865 18.478 19.006
The number of boxes:  x= 4  y= 4  z= 4
  Volume: 126653.648 A^3 (oct)
  Total mass 65615.122 amu,  Density 0.860 g/cc
  Added 3224 residues.
> saveamberparm COMPLEX ./divided-files/2f1g/2f1g.top ./divided-files/2f1g/2f1g.crd
Checking Unit.

/home/johann/miniconda3/bin/teLeap: Note.
Ignoring the warnings from Unit Checking.

Building topology.
Building atom parameters.
Building bond parameters.
Building angle parameters.
Building proper torsion parameters.
Building improper torsion parameters.
 total 252 improper torsions applied
Building H-Bond parameters.
Incorporating Non-Bonded adjustments.
Not Marking per-residue atom chain types.
Marking per-residue atom chain types.
  (Residues lacking connect0/connect1 - 
   these don't have chain types marked:

	res	total affected

	GNF	1
  )
 (no restraints)
> savepdb COMPLEX ./divided-files/2f1g/2f1gt.pdb
Writing pdb file: ./divided-files/2f1g/2f1gt.pdb
   printing CRYST1 record to PDB file with box info
 quit
	Quit

Exiting LEaP: Errors = 0; Warnings = 0; Notes = 1.
log started: Fri Jun  6 11:42:21 2025

Log file: ./leap.log
>> #
>> # ----- leaprc for loading the ff19SB force field
>> # ----- NOTE: this is designed for PDB format 3!
>> #
>> #	load atom type hybridizations
>> #
>> addAtomTypes {
>> 	{ "H"   "H" "sp3" }
>> 	{ "HO"  "H" "sp3" }
>> 	{ "HS"  "H" "sp3" }
>> 	{ "H1"  "H" "sp3" }
>> 	{ "H2"  "H" "sp3" }
>> 	{ "H3"  "H" "sp3" }
>> 	{ "H4"  "H" "sp3" }
>> 	{ "H5"  "H" "sp3" }
>> 	{ "HW"  "H" "sp3" }
>> 	{ "HC"  "H" "sp3" }
>> 	{ "HA"  "H" "sp3" }
>> 	{ "HP"  "H" "sp3" }
>> 	{ "HZ"  "H" "sp3" }
>> 	{ "OH"  "O" "sp3" }
>> 	{ "OS"  "O" "sp3" }
>> 	{ "O"   "O" "sp2" }
>> 	{ "O2"  "O" "sp2" }
>> 	{ "OP"  "O" "sp2" }
>> 	{ "OW"  "O" "sp3" }
>> 	{ "CT"  "C" "sp3" }
>> 	{ "CX"  "C" "sp3" }
>> 	{ "XC"  "C" "sp3" }
>> 	{ "C8"  "C" "sp3" }
>> 	{ "2C"  "C" "sp3" }
>> 	{ "3C"  "C" "sp3" }
>> 	{ "CH"  "C" "sp3" }
>> 	{ "CS"  "C" "sp2" }
>> 	{ "C"   "C" "sp2" }
>> 	{ "CO"   "C" "sp2" }
>> 	{ "C*"  "C" "sp2" }
>> 	{ "CA"  "C" "sp2" }
>> 	{ "CB"  "C" "sp2" }
>> 	{ "CC"  "C" "sp2" }
>> 	{ "CN"  "C" "sp2" }
>> 	{ "CM"  "C" "sp2" }
>> 	{ "CK"  "C" "sp2" }
>> 	{ "CQ"  "C" "sp2" }
>> 	{ "CD"  "C" "sp2" }
>> 	{ "C5"  "C" "sp2" }
>> 	{ "C4"  "C" "sp2" }
>> 	{ "CP"  "C" "sp2" }
>> 	{ "CI"  "C" "sp3" }
>> 	{ "CJ"  "C" "sp2" }
>> 	{ "CW"  "C" "sp2" }
>> 	{ "CV"  "C" "sp2" }
>> 	{ "CR"  "C" "sp2" }
>> 	{ "CA"  "C" "sp2" }
>> 	{ "CY"  "C" "sp2" }
>> 	{ "C0"  "Ca" "sp3" }
>> 	{ "MG"  "Mg" "sp3" }
>> 	{ "N"   "N" "sp2" }
>> 	{ "NA"  "N" "sp2" }
>> 	{ "N2"  "N" "sp2" }
>> 	{ "N*"  "N" "sp2" }
>> 	{ "NP"  "N" "sp2" }
>> 	{ "NQ"  "N" "sp2" }
>> 	{ "NB"  "N" "sp2" }
>> 	{ "NC"  "N" "sp2" }
>> 	{ "NT"  "N" "sp3" }
>> 	{ "NY"  "N" "sp2" }
>> 	{ "N3"  "N" "sp3" }
>> 	{ "S"   "S" "sp3" }
>> 	{ "SH"  "S" "sp3" }
>> 	{ "P"   "P" "sp3" }
>> 	{ "LP"  ""  "sp3" }
>> 	{ "EP"  ""  "sp3" }
>> 	{ "F"   "F" "sp3" }
>> 	{ "Cl"  "Cl" "sp3" }
>> 	{ "Br"  "Br" "sp3" }
>> 	{ "I"   "I"  "sp3" }
>> }
>> #
>> #	Load the main parameter set.
>> #
>> set default cmap on
>> parm19 = loadamberparams parm19.dat
Loading parameters: /home/johann/miniconda3/dat/leap/parm/parm19.dat
Reading title:
PARM99 + frcmod.ff99SB + frcmod.parmbsc0 + OL3 for RNA + ff19SB
(UNKNOWN ATOM TYPE: Zn)
(UNKNOWN ATOM TYPE: EP)
>> frcmod19SB = loadamberparams frcmod.ff19SB
Loading parameters: /home/johann/miniconda3/dat/leap/parm/frcmod.ff19SB
Reading force field modification type file (frcmod)
Reading title:
ff19SB AA-specific backbone CMAPs for protein 07/25/2019
>> #
>> #	Load main chain and terminating amino acid libraries
>> #
>> loadOff amino19.lib
Loading library: /home/johann/miniconda3/dat/leap/lib/amino19.lib
Loading: ALA
Loading: ARG
Loading: ASH
Loading: ASN
Loading: ASP
Loading: CYM
Loading: CYS
Loading: CYX
Loading: GLH
Loading: GLN
Loading: GLU
Loading: GLY
Loading: HID
Loading: HIE
Loading: HIP
Loading: HYP
Loading: ILE
Loading: LEU
Loading: LYN
Loading: LYS
Loading: MET
Loading: PHE
Loading: PRO
Loading: SER
Loading: THR
Loading: TRP
Loading: TYR
Loading: VAL
>> loadOff aminoct12.lib
Loading library: /home/johann/miniconda3/dat/leap/lib/aminoct12.lib
Loading: CALA
Loading: CARG
Loading: CASN
Loading: CASP
Loading: CCYS
Loading: CCYX
Loading: CGLN
Loading: CGLU
Loading: CGLY
Loading: CHID
Loading: CHIE
Loading: CHIP
Loading: CHYP
Loading: CILE
Loading: CLEU
Loading: CLYS
Loading: CMET
Loading: CPHE
Loading: CPRO
Loading: CSER
Loading: CTHR
Loading: CTRP
Loading: CTYR
Loading: CVAL
Loading: NHE
Loading: NME
>> loadOff aminont12.lib
Loading library: /home/johann/miniconda3/dat/leap/lib/aminont12.lib
Loading: ACE
Loading: NALA
Loading: NARG
Loading: NASN
Loading: NASP
Loading: NCYS
Loading: NCYX
Loading: NGLN
Loading: NGLU
Loading: NGLY
Loading: NHID
Loading: NHIE
Loading: NHIP
Loading: NILE
Loading: NLEU
Loading: NLYS
Loading: NMET
Loading: NPHE
Loading: NPRO
Loading: NSER
Loading: NTHR
Loading: NTRP
Loading: NTYR
Loading: NVAL
>> 
>> #
>> #	Define the PDB name map for the amino acids
>> #
>> addPdbResMap {
>>   { 0 "HYP" "NHYP" } { 1 "HYP" "CHYP" }
>>   { 0 "ALA" "NALA" } { 1 "ALA" "CALA" }
>>   { 0 "ARG" "NARG" } { 1 "ARG" "CARG" }
>>   { 0 "ASN" "NASN" } { 1 "ASN" "CASN" }
>>   { 0 "ASP" "NASP" } { 1 "ASP" "CASP" }
>>   { 0 "CYS" "NCYS" } { 1 "CYS" "CCYS" }
>>   { 0 "CYX" "NCYX" } { 1 "CYX" "CCYX" }
>>   { 0 "GLN" "NGLN" } { 1 "GLN" "CGLN" }
>>   { 0 "GLU" "NGLU" } { 1 "GLU" "CGLU" }
>>   { 0 "GLY" "NGLY" } { 1 "GLY" "CGLY" }
>>   { 0 "HID" "NHID" } { 1 "HID" "CHID" }
>>   { 0 "HIE" "NHIE" } { 1 "HIE" "CHIE" }
>>   { 0 "HIP" "NHIP" } { 1 "HIP" "CHIP" }
>>   { 0 "ILE" "NILE" } { 1 "ILE" "CILE" }
>>   { 0 "LEU" "NLEU" } { 1 "LEU" "CLEU" }
>>   { 0 "LYS" "NLYS" } { 1 "LYS" "CLYS" }
>>   { 0 "MET" "NMET" } { 1 "MET" "CMET" }
>>   { 0 "PHE" "NPHE" } { 1 "PHE" "CPHE" }
>>   { 0 "PRO" "NPRO" } { 1 "PRO" "CPRO" }
>>   { 0 "SER" "NSER" } { 1 "SER" "CSER" }
>>   { 0 "THR" "NTHR" } { 1 "THR" "CTHR" }
>>   { 0 "TRP" "NTRP" } { 1 "TRP" "CTRP" }
>>   { 0 "TYR" "NTYR" } { 1 "TYR" "CTYR" }
>>   { 0 "VAL" "NVAL" } { 1 "VAL" "CVAL" }
>>   { 0 "HIS" "NHIS" } { 1 "HIS" "CHIS" }
>> }
>> 
>> #
>> # assume that most often proteins use HIE
>> #
>> NHIS = NHIE
>> HIS = HIE
>> CHIS = CHIE
> 
> source leaprc.gaff
----- Source: /home/johann/miniconda3/dat/leap/cmd/leaprc.gaff
----- Source of /home/johann/miniconda3/dat/leap/cmd/leaprc.gaff done
>> logFile leap.log
log started: Fri Jun  6 11:42:21 2025

Log file: ./leap.log
>> #
>> # ----- leaprc for loading the general Amber Force field.
>> #       This file is mostly for use with Antechamber
>> #
>> #	load atom type hybridizations
>> #
>> addAtomTypes {
>> 	{ "h1"  "H" "sp3" }
>> 	{ "h2"  "H" "sp3" }
>> 	{ "h3"  "H" "sp3" }
>> 	{ "h4"  "H" "sp3" }
>> 	{ "h5"  "H" "sp3" }
>> 	{ "ha"  "H" "sp3" }
>> 	{ "hc"  "H" "sp3" }
>> 	{ "hn"  "H" "sp3" }
>> 	{ "ho"  "H" "sp3" }
>> 	{ "hp"  "H" "sp3" }
>> 	{ "hs"  "H" "sp3" }
>> 	{ "hw"  "H" "sp3" }
>> 	{ "hx"  "H" "sp3" }
>> 	{ "o"  "O" "sp2" }
>> 	{ "o2"  "O" "sp2" }
>> 	{ "oh"  "O" "sp3" }
>> 	{ "op"  "O" "sp3" }
>> 	{ "oq"  "O" "sp3" }
>> 	{ "os"  "O" "sp3" }
>> 	{ "ow"  "O" "sp3" }
>> 	{ "c"  "C" "sp2" }
>> 	{ "c1"  "C" "sp2" }
>> 	{ "c2"  "C" "sp2" }
>> 	{ "c3"  "C" "sp3" }
>> 	{ "ca"  "C" "sp2" }
>> 	{ "cc"  "C" "sp2" }
>> 	{ "cd"  "C" "sp2" }
>> 	{ "ce"  "C" "sp2" }
>> 	{ "cf"  "C" "sp2" }
>> 	{ "cg"  "C" "sp2" }
>> 	{ "ch"  "C" "sp2" }
>> 	{ "cp"  "C" "sp2" }
>> 	{ "cq"  "C" "sp2" }
>> 	{ "cu"  "C" "sp2" }
>> 	{ "cv"  "C" "sp2" }
>> 	{ "cx"  "C" "sp2" }
>> 	{ "cy"  "C" "sp2" }
>> 	{ "cz"  "C" "sp2" }
>> 	{ "n"   "N" "sp2" }
>> 	{ "n1"  "N" "sp2" }
>> 	{ "n2"  "N" "sp2" }
>> 	{ "n3"  "N" "sp3" }
>> 	{ "n4"  "N" "sp3" }
>> 	{ "na"  "N" "sp2" }
>> 	{ "nb"  "N" "sp2" }
>> 	{ "nc"  "N" "sp2" }
>> 	{ "nd"  "N" "sp2" }
>> 	{ "ne"  "N" "sp2" }
>> 	{ "nf"  "N" "sp2" }
>> 	{ "nh"  "N" "sp2" }
>> 	{ "ni"  "N" "sp2" }
>> 	{ "nj"  "N" "sp2" }
>> 	{ "nk"  "N" "sp3" }
>> 	{ "nl"  "N" "sp3" }
>> 	{ "nm"  "N" "sp2" }
>> 	{ "nn"  "N" "sp2" }
>> 	{ "no"  "N" "sp2" }
>> 	{ "np"  "N" "sp3" }
>> 	{ "nq"  "N" "sp3" }
>> 	{ "s"   "S" "sp2" }
>> 	{ "s2"   "S" "sp2" }
>> 	{ "s3"   "S" "sp3" }
>> 	{ "s4"   "S" "sp3" }
>> 	{ "s6"   "S" "sp3" }
>> 	{ "sh"   "S" "sp3" }
>> 	{ "sp"   "S" "sp3" }
>> 	{ "sq"   "S" "sp3" }
>> 	{ "ss"   "S" "sp3" }
>> 	{ "sx"   "S" "sp3" }
>> 	{ "sy"   "S" "sp3" }
>> 	{ "p2"   "P" "sp2" }
>> 	{ "p3"   "P" "sp3" }
>> 	{ "p4"   "P" "sp3" }
>> 	{ "p5"   "P" "sp3" }
>> 	{ "pb"   "P" "sp3" }
>> 	{ "pc"   "P" "sp3" }
>> 	{ "pd"   "P" "sp3" }
>> 	{ "pe"   "P" "sp3" }
>> 	{ "pf"   "P" "sp3" }
>> 	{ "px"   "P" "sp3" }
>> 	{ "py"   "P" "sp3" }
>> 	{ "f"   "F" "sp3" }
>> 	{ "cl"  "Cl" "sp3" }
>> 	{ "br"  "Br" "sp3" }
>> 	{ "i"   "I"  "sp3" }
>> }
>> #
>> #	Load the general force field parameter set.
>> #
>> gaff = loadamberparams gaff.dat
Loading parameters: /home/johann/miniconda3/dat/leap/parm/gaff.dat
Reading title:
AMBER General Force Field for organic molecules (Version 1.81, May 2017)
> 
> loadamberparams ./divided-files/2f1g/LIGAND.frcmod
Loading parameters: ./divided-files/2f1g/LIGAND.frcmod
Reading force field modification type file (frcmod)
Reading title:
Remark line goes here
> LIG = loadmol2 ./divided-files/2f1g/LIGAND.mol2
Loading Mol2 file: ./divided-files/2f1g/LIGAND.mol2
Reading MOLECULE named GNF
> PROT = loadpdb ./divided-files/2f1g/PROTEIN.pdb
Loading PDB file: ./divided-files/2f1g/PROTEIN.pdb
Matching PDB residue names to LEaP variables.
  Added missing heavy atom: .R<ACE 20>.A<CH3 2>
  Added missing heavy atom: .R<NME 34>.A<C 3>
  Added missing heavy atom: .R<ACE 35>.A<CH3 2>
  Added missing heavy atom: .R<NME 52>.A<C 3>
  Added missing heavy atom: .R<ACE 53>.A<CH3 2>
  Added missing heavy atom: .R<NME 55>.A<C 3>
  Added missing heavy atom: .R<ACE 56>.A<CH3 2>
  Added missing heavy atom: .R<NME 58>.A<C 3>
  Added missing heavy atom: .R<ACE 59>.A<CH3 2>
  Added missing heavy atom: .R<NME 61>.A<C 3>
  Added missing heavy atom: .R<ACE 62>.A<CH3 2>
  Added missing heavy atom: .R<NME 70>.A<C 3>
  Added missing heavy atom: .R<ACE 71>.A<CH3 2>
  Added missing heavy atom: .R<NME 74>.A<C 3>
  Added missing heavy atom: .R<ACE 75>.A<CH3 2>
  Added missing heavy atom: .R<NME 84>.A<C 3>
  Added missing heavy atom: .R<ACE 85>.A<CH3 2>
  Added missing heavy atom: .R<NME 89>.A<C 3>
  Added missing heavy atom: .R<ACE 90>.A<CH3 2>
  Added missing heavy atom: .R<NME 98>.A<C 3>
  total atoms in file: 888
  Leap added 80 missing atoms according to residue templates:
       20 Heavy
       60 H / lone pairs
> COMPLEX = combine {PROT LIG}
  Sequence: default_name
  Sequence: GNF
> source leaprc.water.opc
----- Source: /home/johann/miniconda3/dat/leap/cmd/leaprc.water.opc
----- Source of /home/johann/miniconda3/dat/leap/cmd/leaprc.water.opc done
>> #
>> #  Load OPC water model and ions for OPC + Li/Merz ion parameters
>> #  (-1 to +4, 12-6 normal usage set)
>> # 
>> addAtomTypes {
>> 	{ "F-"   "F" "sp3" }
>> 	{ "Cl-"  "Cl" "sp3" }
>> 	{ "Br-"  "Br" "sp3" }
>> 	{ "I-"   "I"  "sp3" }
>> 	{ "Li+"  "Li"  "sp3" }
>> 	{ "Na+"  "Na"  "sp3" }
>> 	{ "K+"  "K"  "sp3" }
>> 	{ "Rb+"  "Rb"  "sp3" }
>> 	{ "Cs+"  "Cs"  "sp3" }
>> 	{ "Mg+"  "Mg"  "sp3" }
>>     { "Tl+"  "Tl"  "sp3" }
>>     { "Cu+"  "Cu"  "sp3" }
>>     { "Ag+"  "Ag"  "sp3" }
>>     { "Be2+" "Be"  "sp3" }
>>     { "Cu2+" "Cu"  "sp3" }
>>     { "Ni2+" "Ni"  "sp3" }
>>     { "Pt2+" "Pt"  "sp3" }
>>     { "Zn2+" "Zn"  "sp3" }
>>     { "Co2+" "Co"  "sp3" }
>>     { "Pd2+" "Pd"  "sp3" }
>>     { "Ag2+" "Ag"  "sp3" }
>>     { "Cr2+" "Cr"  "sp3" }
>>     { "Fe2+" "Fe"  "sp3" }
>>     { "Mg2+" "Mg"  "sp3" }
>>     { "V2+"  "V"   "sp3" }
>>     { "Mn2+" "Mn"  "sp3" }
>>     { "Hg2+" "Hg"  "sp3" }
>>     { "Cd2+" "Cd"  "sp3" }
>>     { "Yb2+" "Yb"  "sp3" }
>>     { "Ca2+" "Ca"  "sp3" }
>>     { "Sn2+" "Sn"  "sp3" }
>>     { "Pb2+" "Pb"  "sp3" }
>>     { "Eu2+" "Eu"  "sp3" }
>>     { "Sr2+" "Sr"  "sp3" }
>>     { "Sm2+" "Sm"  "sp3" }
>>     { "Ba2+" "Ba"  "sp3" }
>>     { "Ra2+" "Ra"  "sp3" }
>>     { "Al3+" "Al"  "sp3" }
>>     { "Fe3+" "Fe"  "sp3" }
>>     { "Cr3+" "Cr"  "sp3" }
>>     { "In3+" "In"  "sp3" }
>>     { "Tl3+" "Tl"  "sp3" }
>>     { "Y3+"  "Y"   "sp3" }
>>     { "La3+" "La"  "sp3" }
>>     { "Ce3+" "Ce"  "sp3" }
>>     { "Pr3+" "Pr"  "sp3" }
>>     { "Nd3+" "Nd"  "sp3" }
>>     { "Sm3+" "Sm"  "sp3" }
>>     { "Eu3+" "Eu"  "sp3" }
>>     { "Gd3+" "Gd"  "sp3" }
>>     { "Tb3+" "Tb"  "sp3" }
>>     { "Dy3+" "Dy"  "sp3" }
>>     { "Er3+" "Er"  "sp3" }
>>     { "Tm3+" "Tm"  "sp3" }
>>     { "Lu3+" "Lu"  "sp3" }
>>     { "Hf4+" "Hf"  "sp3" }
>>     { "Zr4+" "Zr"  "sp3" }
>>     { "Ce4+" "Ce"  "sp3" }
>>     { "U4+"  "U"   "sp3" }
>>     { "Pu4+" "Pu"  "sp3" }
>>     { "Th4+" "Th"  "sp3" }
>>     { "OW"   "O"   "sp3" }
>>     { "HW"   "H"   "sp3" }
>>     { "EP"   ""    "sp3" }
>> }
>> loadOff atomic_ions.lib
Loading library: /home/johann/miniconda3/dat/leap/lib/atomic_ions.lib
Loading: AG
Loading: AL
Loading: Ag
Loading: BA
Loading: BR
Loading: Be
Loading: CA
Loading: CD
Loading: CE
Loading: CL
Loading: CO
Loading: CR
Loading: CS
Loading: CU
Loading: CU1
Loading: Ce
Loading: Cl-
Loading: Cr
Loading: Dy
Loading: EU
Loading: EU3
Loading: Er
Loading: F
Loading: FE
Loading: FE2
Loading: GD3
Loading: H3O+
Loading: HE+
Loading: HG
Loading: HZ+
Loading: Hf
Loading: IN
Loading: IOD
Loading: K
Loading: K+
Loading: LA
Loading: LI
Loading: LU
Loading: MG
Loading: MN
Loading: NA
Loading: NH4
Loading: NI
Loading: Na+
Loading: Nd
Loading: PB
Loading: PD
Loading: PR
Loading: PT
Loading: Pu
Loading: RB
Loading: Ra
Loading: SM
Loading: SR
Loading: Sm
Loading: Sn
Loading: TB
Loading: TL
Loading: Th
Loading: Tl
Loading: Tm
Loading: U4+
Loading: V2+
Loading: Y
Loading: YB2
Loading: ZN
Loading: Zr
>> loadOff solvents.lib
Loading library: /home/johann/miniconda3/dat/leap/lib/solvents.lib
Loading: CHCL3BOX
Loading: DC4
Loading: FB3
Loading: FB3BOX
Loading: FB4
Loading: FB4BOX
Loading: MEOHBOX
Loading: NMABOX
Loading: O3P
Loading: OP3
Loading: OPC
Loading: OPC3BOX
Loading: OPC3POLBOX
Loading: OPCBOX
Loading: PL3
Loading: POL3BOX
Loading: QSPCFWBOX
Loading: SPC
Loading: SPCBOX
Loading: SPCFWBOX
Loading: SPF
Loading: SPG
Loading: T4E
Loading: TIP3PBOX
Loading: TIP3PFBOX
Loading: TIP4PBOX
Loading: TIP4PEWBOX
Loading: TIP5PBOX
Loading: TP3
Loading: TP4
Loading: TP5
Loading: TPF
>> HOH = OPC
>> WAT = OPC
>> loadAmberParams frcmod.opc
Loading parameters: /home/johann/miniconda3/dat/leap/parm/frcmod.opc
Reading force field modification type file (frcmod)
Reading title:
Parameters for OPC water (JPCL, 2014, 5 (21), pp 3863-3871)
(UNKNOWN ATOM TYPE: EP)
>> loadAmberParams frcmod.ionslm_126_opc
Loading parameters: /home/johann/miniconda3/dat/leap/parm/frcmod.ionslm_126_opc
Reading force field modification type file (frcmod)
Reading title:
Li/Merz ion parameters of atomic ions for the OPC water model (12-6 set)
>> 
> 
> solvateOct COMPLEX OPCBOX 12
Scaling up box by a factor of 1.250623 to meet diagonal cut criterion
  Solute vdw bounding box:              26.362 34.746 37.147
  Total bounding box for atom centers:  67.162 67.162 67.162
      (box expansion for 'iso' is  23.5%)
  Solvent unit box:                     18.865 18.478 19.006
The number of boxes:  x= 4  y= 4  z= 4
  Volume: 158340.328 A^3 (oct)
  Total mass 82496.114 amu,  Density 0.865 g/cc
  Added 4161 residues.
> saveamberparm COMPLEX ./divided-files/2f1g/2f1g.top ./divided-files/2f1g/2f1g.crd
Checking Unit.

/home/johann/miniconda3/bin/teLeap: Note.
Ignoring the warnings from Unit Checking.

Building topology.
Building atom parameters.
Building bond parameters.
Building angle parameters.
Building proper torsion parameters.
Building improper torsion parameters.
 total 252 improper torsions applied
Building H-Bond parameters.
Incorporating Non-Bonded adjustments.
Not Marking per-residue atom chain types.
Marking per-residue atom chain types.
  (Residues lacking connect0/connect1 - 
   these don't have chain types marked:

	res	total affected

	GNF	1
  )
 (no restraints)
> savepdb COMPLEX ./divided-files/2f1g/2f1gt.pdb
Writing pdb file: ./divided-files/2f1g/2f1gt.pdb
   printing CRYST1 record to PDB file with box info
 quit
	Quit

Exiting LEaP: Errors = 0; Warnings = 0; Notes = 1.
log started: Fri Jun  6 11:48:12 2025

Log file: ./leap.log
>> #
>> # ----- leaprc for loading the ff19SB force field
>> # ----- NOTE: this is designed for PDB format 3!
>> #
>> #	load atom type hybridizations
>> #
>> addAtomTypes {
>> 	{ "H"   "H" "sp3" }
>> 	{ "HO"  "H" "sp3" }
>> 	{ "HS"  "H" "sp3" }
>> 	{ "H1"  "H" "sp3" }
>> 	{ "H2"  "H" "sp3" }
>> 	{ "H3"  "H" "sp3" }
>> 	{ "H4"  "H" "sp3" }
>> 	{ "H5"  "H" "sp3" }
>> 	{ "HW"  "H" "sp3" }
>> 	{ "HC"  "H" "sp3" }
>> 	{ "HA"  "H" "sp3" }
>> 	{ "HP"  "H" "sp3" }
>> 	{ "HZ"  "H" "sp3" }
>> 	{ "OH"  "O" "sp3" }
>> 	{ "OS"  "O" "sp3" }
>> 	{ "O"   "O" "sp2" }
>> 	{ "O2"  "O" "sp2" }
>> 	{ "OP"  "O" "sp2" }
>> 	{ "OW"  "O" "sp3" }
>> 	{ "CT"  "C" "sp3" }
>> 	{ "CX"  "C" "sp3" }
>> 	{ "XC"  "C" "sp3" }
>> 	{ "C8"  "C" "sp3" }
>> 	{ "2C"  "C" "sp3" }
>> 	{ "3C"  "C" "sp3" }
>> 	{ "CH"  "C" "sp3" }
>> 	{ "CS"  "C" "sp2" }
>> 	{ "C"   "C" "sp2" }
>> 	{ "CO"   "C" "sp2" }
>> 	{ "C*"  "C" "sp2" }
>> 	{ "CA"  "C" "sp2" }
>> 	{ "CB"  "C" "sp2" }
>> 	{ "CC"  "C" "sp2" }
>> 	{ "CN"  "C" "sp2" }
>> 	{ "CM"  "C" "sp2" }
>> 	{ "CK"  "C" "sp2" }
>> 	{ "CQ"  "C" "sp2" }
>> 	{ "CD"  "C" "sp2" }
>> 	{ "C5"  "C" "sp2" }
>> 	{ "C4"  "C" "sp2" }
>> 	{ "CP"  "C" "sp2" }
>> 	{ "CI"  "C" "sp3" }
>> 	{ "CJ"  "C" "sp2" }
>> 	{ "CW"  "C" "sp2" }
>> 	{ "CV"  "C" "sp2" }
>> 	{ "CR"  "C" "sp2" }
>> 	{ "CA"  "C" "sp2" }
>> 	{ "CY"  "C" "sp2" }
>> 	{ "C0"  "Ca" "sp3" }
>> 	{ "MG"  "Mg" "sp3" }
>> 	{ "N"   "N" "sp2" }
>> 	{ "NA"  "N" "sp2" }
>> 	{ "N2"  "N" "sp2" }
>> 	{ "N*"  "N" "sp2" }
>> 	{ "NP"  "N" "sp2" }
>> 	{ "NQ"  "N" "sp2" }
>> 	{ "NB"  "N" "sp2" }
>> 	{ "NC"  "N" "sp2" }
>> 	{ "NT"  "N" "sp3" }
>> 	{ "NY"  "N" "sp2" }
>> 	{ "N3"  "N" "sp3" }
>> 	{ "S"   "S" "sp3" }
>> 	{ "SH"  "S" "sp3" }
>> 	{ "P"   "P" "sp3" }
>> 	{ "LP"  ""  "sp3" }
>> 	{ "EP"  ""  "sp3" }
>> 	{ "F"   "F" "sp3" }
>> 	{ "Cl"  "Cl" "sp3" }
>> 	{ "Br"  "Br" "sp3" }
>> 	{ "I"   "I"  "sp3" }
>> }
>> #
>> #	Load the main parameter set.
>> #
>> set default cmap on
>> parm19 = loadamberparams parm19.dat
Loading parameters: /home/johann/miniconda3/dat/leap/parm/parm19.dat
Reading title:
PARM99 + frcmod.ff99SB + frcmod.parmbsc0 + OL3 for RNA + ff19SB
(UNKNOWN ATOM TYPE: Zn)
(UNKNOWN ATOM TYPE: EP)
>> frcmod19SB = loadamberparams frcmod.ff19SB
Loading parameters: /home/johann/miniconda3/dat/leap/parm/frcmod.ff19SB
Reading force field modification type file (frcmod)
Reading title:
ff19SB AA-specific backbone CMAPs for protein 07/25/2019
>> #
>> #	Load main chain and terminating amino acid libraries
>> #
>> loadOff amino19.lib
Loading library: /home/johann/miniconda3/dat/leap/lib/amino19.lib
Loading: ALA
Loading: ARG
Loading: ASH
Loading: ASN
Loading: ASP
Loading: CYM
Loading: CYS
Loading: CYX
Loading: GLH
Loading: GLN
Loading: GLU
Loading: GLY
Loading: HID
Loading: HIE
Loading: HIP
Loading: HYP
Loading: ILE
Loading: LEU
Loading: LYN
Loading: LYS
Loading: MET
Loading: PHE
Loading: PRO
Loading: SER
Loading: THR
Loading: TRP
Loading: TYR
Loading: VAL
>> loadOff aminoct12.lib
Loading library: /home/johann/miniconda3/dat/leap/lib/aminoct12.lib
Loading: CALA
Loading: CARG
Loading: CASN
Loading: CASP
Loading: CCYS
Loading: CCYX
Loading: CGLN
Loading: CGLU
Loading: CGLY
Loading: CHID
Loading: CHIE
Loading: CHIP
Loading: CHYP
Loading: CILE
Loading: CLEU
Loading: CLYS
Loading: CMET
Loading: CPHE
Loading: CPRO
Loading: CSER
Loading: CTHR
Loading: CTRP
Loading: CTYR
Loading: CVAL
Loading: NHE
Loading: NME
>> loadOff aminont12.lib
Loading library: /home/johann/miniconda3/dat/leap/lib/aminont12.lib
Loading: ACE
Loading: NALA
Loading: NARG
Loading: NASN
Loading: NASP
Loading: NCYS
Loading: NCYX
Loading: NGLN
Loading: NGLU
Loading: NGLY
Loading: NHID
Loading: NHIE
Loading: NHIP
Loading: NILE
Loading: NLEU
Loading: NLYS
Loading: NMET
Loading: NPHE
Loading: NPRO
Loading: NSER
Loading: NTHR
Loading: NTRP
Loading: NTYR
Loading: NVAL
>> 
>> #
>> #	Define the PDB name map for the amino acids
>> #
>> addPdbResMap {
>>   { 0 "HYP" "NHYP" } { 1 "HYP" "CHYP" }
>>   { 0 "ALA" "NALA" } { 1 "ALA" "CALA" }
>>   { 0 "ARG" "NARG" } { 1 "ARG" "CARG" }
>>   { 0 "ASN" "NASN" } { 1 "ASN" "CASN" }
>>   { 0 "ASP" "NASP" } { 1 "ASP" "CASP" }
>>   { 0 "CYS" "NCYS" } { 1 "CYS" "CCYS" }
>>   { 0 "CYX" "NCYX" } { 1 "CYX" "CCYX" }
>>   { 0 "GLN" "NGLN" } { 1 "GLN" "CGLN" }
>>   { 0 "GLU" "NGLU" } { 1 "GLU" "CGLU" }
>>   { 0 "GLY" "NGLY" } { 1 "GLY" "CGLY" }
>>   { 0 "HID" "NHID" } { 1 "HID" "CHID" }
>>   { 0 "HIE" "NHIE" } { 1 "HIE" "CHIE" }
>>   { 0 "HIP" "NHIP" } { 1 "HIP" "CHIP" }
>>   { 0 "ILE" "NILE" } { 1 "ILE" "CILE" }
>>   { 0 "LEU" "NLEU" } { 1 "LEU" "CLEU" }
>>   { 0 "LYS" "NLYS" } { 1 "LYS" "CLYS" }
>>   { 0 "MET" "NMET" } { 1 "MET" "CMET" }
>>   { 0 "PHE" "NPHE" } { 1 "PHE" "CPHE" }
>>   { 0 "PRO" "NPRO" } { 1 "PRO" "CPRO" }
>>   { 0 "SER" "NSER" } { 1 "SER" "CSER" }
>>   { 0 "THR" "NTHR" } { 1 "THR" "CTHR" }
>>   { 0 "TRP" "NTRP" } { 1 "TRP" "CTRP" }
>>   { 0 "TYR" "NTYR" } { 1 "TYR" "CTYR" }
>>   { 0 "VAL" "NVAL" } { 1 "VAL" "CVAL" }
>>   { 0 "HIS" "NHIS" } { 1 "HIS" "CHIS" }
>> }
>> 
>> #
>> # assume that most often proteins use HIE
>> #
>> NHIS = NHIE
>> HIS = HIE
>> CHIS = CHIE
> 
> source leaprc.gaff
----- Source: /home/johann/miniconda3/dat/leap/cmd/leaprc.gaff
----- Source of /home/johann/miniconda3/dat/leap/cmd/leaprc.gaff done
>> logFile leap.log
log started: Fri Jun  6 11:48:12 2025

Log file: ./leap.log
>> #
>> # ----- leaprc for loading the general Amber Force field.
>> #       This file is mostly for use with Antechamber
>> #
>> #	load atom type hybridizations
>> #
>> addAtomTypes {
>> 	{ "h1"  "H" "sp3" }
>> 	{ "h2"  "H" "sp3" }
>> 	{ "h3"  "H" "sp3" }
>> 	{ "h4"  "H" "sp3" }
>> 	{ "h5"  "H" "sp3" }
>> 	{ "ha"  "H" "sp3" }
>> 	{ "hc"  "H" "sp3" }
>> 	{ "hn"  "H" "sp3" }
>> 	{ "ho"  "H" "sp3" }
>> 	{ "hp"  "H" "sp3" }
>> 	{ "hs"  "H" "sp3" }
>> 	{ "hw"  "H" "sp3" }
>> 	{ "hx"  "H" "sp3" }
>> 	{ "o"  "O" "sp2" }
>> 	{ "o2"  "O" "sp2" }
>> 	{ "oh"  "O" "sp3" }
>> 	{ "op"  "O" "sp3" }
>> 	{ "oq"  "O" "sp3" }
>> 	{ "os"  "O" "sp3" }
>> 	{ "ow"  "O" "sp3" }
>> 	{ "c"  "C" "sp2" }
>> 	{ "c1"  "C" "sp2" }
>> 	{ "c2"  "C" "sp2" }
>> 	{ "c3"  "C" "sp3" }
>> 	{ "ca"  "C" "sp2" }
>> 	{ "cc"  "C" "sp2" }
>> 	{ "cd"  "C" "sp2" }
>> 	{ "ce"  "C" "sp2" }
>> 	{ "cf"  "C" "sp2" }
>> 	{ "cg"  "C" "sp2" }
>> 	{ "ch"  "C" "sp2" }
>> 	{ "cp"  "C" "sp2" }
>> 	{ "cq"  "C" "sp2" }
>> 	{ "cu"  "C" "sp2" }
>> 	{ "cv"  "C" "sp2" }
>> 	{ "cx"  "C" "sp2" }
>> 	{ "cy"  "C" "sp2" }
>> 	{ "cz"  "C" "sp2" }
>> 	{ "n"   "N" "sp2" }
>> 	{ "n1"  "N" "sp2" }
>> 	{ "n2"  "N" "sp2" }
>> 	{ "n3"  "N" "sp3" }
>> 	{ "n4"  "N" "sp3" }
>> 	{ "na"  "N" "sp2" }
>> 	{ "nb"  "N" "sp2" }
>> 	{ "nc"  "N" "sp2" }
>> 	{ "nd"  "N" "sp2" }
>> 	{ "ne"  "N" "sp2" }
>> 	{ "nf"  "N" "sp2" }
>> 	{ "nh"  "N" "sp2" }
>> 	{ "ni"  "N" "sp2" }
>> 	{ "nj"  "N" "sp2" }
>> 	{ "nk"  "N" "sp3" }
>> 	{ "nl"  "N" "sp3" }
>> 	{ "nm"  "N" "sp2" }
>> 	{ "nn"  "N" "sp2" }
>> 	{ "no"  "N" "sp2" }
>> 	{ "np"  "N" "sp3" }
>> 	{ "nq"  "N" "sp3" }
>> 	{ "s"   "S" "sp2" }
>> 	{ "s2"   "S" "sp2" }
>> 	{ "s3"   "S" "sp3" }
>> 	{ "s4"   "S" "sp3" }
>> 	{ "s6"   "S" "sp3" }
>> 	{ "sh"   "S" "sp3" }
>> 	{ "sp"   "S" "sp3" }
>> 	{ "sq"   "S" "sp3" }
>> 	{ "ss"   "S" "sp3" }
>> 	{ "sx"   "S" "sp3" }
>> 	{ "sy"   "S" "sp3" }
>> 	{ "p2"   "P" "sp2" }
>> 	{ "p3"   "P" "sp3" }
>> 	{ "p4"   "P" "sp3" }
>> 	{ "p5"   "P" "sp3" }
>> 	{ "pb"   "P" "sp3" }
>> 	{ "pc"   "P" "sp3" }
>> 	{ "pd"   "P" "sp3" }
>> 	{ "pe"   "P" "sp3" }
>> 	{ "pf"   "P" "sp3" }
>> 	{ "px"   "P" "sp3" }
>> 	{ "py"   "P" "sp3" }
>> 	{ "f"   "F" "sp3" }
>> 	{ "cl"  "Cl" "sp3" }
>> 	{ "br"  "Br" "sp3" }
>> 	{ "i"   "I"  "sp3" }
>> }
>> #
>> #	Load the general force field parameter set.
>> #
>> gaff = loadamberparams gaff.dat
Loading parameters: /home/johann/miniconda3/dat/leap/parm/gaff.dat
Reading title:
AMBER General Force Field for organic molecules (Version 1.81, May 2017)
> 
> loadamberparams ./divided-files/2f1g/LIGAND.frcmod
Loading parameters: ./divided-files/2f1g/LIGAND.frcmod
Reading force field modification type file (frcmod)
Reading title:
Remark line goes here
> LIG = loadmol2 ./divided-files/2f1g/LIGAND.mol2
Loading Mol2 file: ./divided-files/2f1g/LIGAND.mol2
Reading MOLECULE named GNF
> PROT = loadpdb ./divided-files/2f1g/PROTEIN.pdb
Loading PDB file: ./divided-files/2f1g/PROTEIN.pdb
Matching PDB residue names to LEaP variables.
  Added missing heavy atom: .R<ACE 20>.A<CH3 2>
  Added missing heavy atom: .R<NME 34>.A<C 3>
  Added missing heavy atom: .R<ACE 35>.A<CH3 2>
  Added missing heavy atom: .R<NME 52>.A<C 3>
  Added missing heavy atom: .R<ACE 53>.A<CH3 2>
  Added missing heavy atom: .R<NME 55>.A<C 3>
  Added missing heavy atom: .R<ACE 56>.A<CH3 2>
  Added missing heavy atom: .R<NME 58>.A<C 3>
  Added missing heavy atom: .R<ACE 59>.A<CH3 2>
  Added missing heavy atom: .R<NME 61>.A<C 3>
  Added missing heavy atom: .R<ACE 62>.A<CH3 2>
  Added missing heavy atom: .R<NME 70>.A<C 3>
  Added missing heavy atom: .R<ACE 71>.A<CH3 2>
  Added missing heavy atom: .R<NME 74>.A<C 3>
  Added missing heavy atom: .R<ACE 75>.A<CH3 2>
  Added missing heavy atom: .R<NME 84>.A<C 3>
  Added missing heavy atom: .R<ACE 85>.A<CH3 2>
  Added missing heavy atom: .R<NME 89>.A<C 3>
  Added missing heavy atom: .R<ACE 90>.A<CH3 2>
  Added missing heavy atom: .R<NME 98>.A<C 3>
  total atoms in file: 888
  Leap added 80 missing atoms according to residue templates:
       20 Heavy
       60 H / lone pairs
> COMPLEX = combine {PROT LIG}
  Sequence: default_name
  Sequence: GNF
> source leaprc.water.opc
----- Source: /home/johann/miniconda3/dat/leap/cmd/leaprc.water.opc
----- Source of /home/johann/miniconda3/dat/leap/cmd/leaprc.water.opc done
>> #
>> #  Load OPC water model and ions for OPC + Li/Merz ion parameters
>> #  (-1 to +4, 12-6 normal usage set)
>> # 
>> addAtomTypes {
>> 	{ "F-"   "F" "sp3" }
>> 	{ "Cl-"  "Cl" "sp3" }
>> 	{ "Br-"  "Br" "sp3" }
>> 	{ "I-"   "I"  "sp3" }
>> 	{ "Li+"  "Li"  "sp3" }
>> 	{ "Na+"  "Na"  "sp3" }
>> 	{ "K+"  "K"  "sp3" }
>> 	{ "Rb+"  "Rb"  "sp3" }
>> 	{ "Cs+"  "Cs"  "sp3" }
>> 	{ "Mg+"  "Mg"  "sp3" }
>>     { "Tl+"  "Tl"  "sp3" }
>>     { "Cu+"  "Cu"  "sp3" }
>>     { "Ag+"  "Ag"  "sp3" }
>>     { "Be2+" "Be"  "sp3" }
>>     { "Cu2+" "Cu"  "sp3" }
>>     { "Ni2+" "Ni"  "sp3" }
>>     { "Pt2+" "Pt"  "sp3" }
>>     { "Zn2+" "Zn"  "sp3" }
>>     { "Co2+" "Co"  "sp3" }
>>     { "Pd2+" "Pd"  "sp3" }
>>     { "Ag2+" "Ag"  "sp3" }
>>     { "Cr2+" "Cr"  "sp3" }
>>     { "Fe2+" "Fe"  "sp3" }
>>     { "Mg2+" "Mg"  "sp3" }
>>     { "V2+"  "V"   "sp3" }
>>     { "Mn2+" "Mn"  "sp3" }
>>     { "Hg2+" "Hg"  "sp3" }
>>     { "Cd2+" "Cd"  "sp3" }
>>     { "Yb2+" "Yb"  "sp3" }
>>     { "Ca2+" "Ca"  "sp3" }
>>     { "Sn2+" "Sn"  "sp3" }
>>     { "Pb2+" "Pb"  "sp3" }
>>     { "Eu2+" "Eu"  "sp3" }
>>     { "Sr2+" "Sr"  "sp3" }
>>     { "Sm2+" "Sm"  "sp3" }
>>     { "Ba2+" "Ba"  "sp3" }
>>     { "Ra2+" "Ra"  "sp3" }
>>     { "Al3+" "Al"  "sp3" }
>>     { "Fe3+" "Fe"  "sp3" }
>>     { "Cr3+" "Cr"  "sp3" }
>>     { "In3+" "In"  "sp3" }
>>     { "Tl3+" "Tl"  "sp3" }
>>     { "Y3+"  "Y"   "sp3" }
>>     { "La3+" "La"  "sp3" }
>>     { "Ce3+" "Ce"  "sp3" }
>>     { "Pr3+" "Pr"  "sp3" }
>>     { "Nd3+" "Nd"  "sp3" }
>>     { "Sm3+" "Sm"  "sp3" }
>>     { "Eu3+" "Eu"  "sp3" }
>>     { "Gd3+" "Gd"  "sp3" }
>>     { "Tb3+" "Tb"  "sp3" }
>>     { "Dy3+" "Dy"  "sp3" }
>>     { "Er3+" "Er"  "sp3" }
>>     { "Tm3+" "Tm"  "sp3" }
>>     { "Lu3+" "Lu"  "sp3" }
>>     { "Hf4+" "Hf"  "sp3" }
>>     { "Zr4+" "Zr"  "sp3" }
>>     { "Ce4+" "Ce"  "sp3" }
>>     { "U4+"  "U"   "sp3" }
>>     { "Pu4+" "Pu"  "sp3" }
>>     { "Th4+" "Th"  "sp3" }
>>     { "OW"   "O"   "sp3" }
>>     { "HW"   "H"   "sp3" }
>>     { "EP"   ""    "sp3" }
>> }
>> loadOff atomic_ions.lib
Loading library: /home/johann/miniconda3/dat/leap/lib/atomic_ions.lib
Loading: AG
Loading: AL
Loading: Ag
Loading: BA
Loading: BR
Loading: Be
Loading: CA
Loading: CD
Loading: CE
Loading: CL
Loading: CO
Loading: CR
Loading: CS
Loading: CU
Loading: CU1
Loading: Ce
Loading: Cl-
Loading: Cr
Loading: Dy
Loading: EU
Loading: EU3
Loading: Er
Loading: F
Loading: FE
Loading: FE2
Loading: GD3
Loading: H3O+
Loading: HE+
Loading: HG
Loading: HZ+
Loading: Hf
Loading: IN
Loading: IOD
Loading: K
Loading: K+
Loading: LA
Loading: LI
Loading: LU
Loading: MG
Loading: MN
Loading: NA
Loading: NH4
Loading: NI
Loading: Na+
Loading: Nd
Loading: PB
Loading: PD
Loading: PR
Loading: PT
Loading: Pu
Loading: RB
Loading: Ra
Loading: SM
Loading: SR
Loading: Sm
Loading: Sn
Loading: TB
Loading: TL
Loading: Th
Loading: Tl
Loading: Tm
Loading: U4+
Loading: V2+
Loading: Y
Loading: YB2
Loading: ZN
Loading: Zr
>> loadOff solvents.lib
Loading library: /home/johann/miniconda3/dat/leap/lib/solvents.lib
Loading: CHCL3BOX
Loading: DC4
Loading: FB3
Loading: FB3BOX
Loading: FB4
Loading: FB4BOX
Loading: MEOHBOX
Loading: NMABOX
Loading: O3P
Loading: OP3
Loading: OPC
Loading: OPC3BOX
Loading: OPC3POLBOX
Loading: OPCBOX
Loading: PL3
Loading: POL3BOX
Loading: QSPCFWBOX
Loading: SPC
Loading: SPCBOX
Loading: SPCFWBOX
Loading: SPF
Loading: SPG
Loading: T4E
Loading: TIP3PBOX
Loading: TIP3PFBOX
Loading: TIP4PBOX
Loading: TIP4PEWBOX
Loading: TIP5PBOX
Loading: TP3
Loading: TP4
Loading: TP5
Loading: TPF
>> HOH = OPC
>> WAT = OPC
>> loadAmberParams frcmod.opc
Loading parameters: /home/johann/miniconda3/dat/leap/parm/frcmod.opc
Reading force field modification type file (frcmod)
Reading title:
Parameters for OPC water (JPCL, 2014, 5 (21), pp 3863-3871)
(UNKNOWN ATOM TYPE: EP)
>> loadAmberParams frcmod.ionslm_126_opc
Loading parameters: /home/johann/miniconda3/dat/leap/parm/frcmod.ionslm_126_opc
Reading force field modification type file (frcmod)
Reading title:
Li/Merz ion parameters of atomic ions for the OPC water model (12-6 set)
>> 
> 
> solvateOct COMPLEX OPCBOX 12
Scaling up box by a factor of 1.250623 to meet diagonal cut criterion
  Solute vdw bounding box:              26.362 34.746 37.147
  Total bounding box for atom centers:  67.162 67.162 67.162
      (box expansion for 'iso' is  23.5%)
  Solvent unit box:                     18.865 18.478 19.006
The number of boxes:  x= 4  y= 4  z= 4
  Volume: 158340.328 A^3 (oct)
  Total mass 82496.114 amu,  Density 0.865 g/cc
  Added 4161 residues.
> addions COMPLEX Na+ 11
Adding 11 counter ions to "COMPLEX" using 1A grid
Total solute charge:   0.00  Max atom radius:   1.98
Grid extends from solute vdw + 3.36  to  9.34
Box:
   enclosing:  -27.15 -29.36 -24.56   26.44 25.73 22.10
   sized:			      36.85 34.64 39.44
   edge:        64.00
Resolution:      1.00 Angstrom.
Tree depth: 6
Volume = 11.39% of box, grid points 29864
Solvent present: replacing closest with ion
	 when steric overlaps occur
Calculating grid charges
(Replacing solvent molecule)
Placed Na+ in COMPLEX at (-2.12, -4.33, -13.61).
(Replacing solvent molecule)
Placed Na+ in COMPLEX at (-6.28, -21.91, 4.63).
(Replacing solvent molecule)
Placed Na+ in COMPLEX at (13.35, 8.41, -14.89).
(Replacing solvent molecule)
Placed Na+ in COMPLEX at (8.53, -6.54, -7.55).
(Replacing solvent molecule)
Placed Na+ in COMPLEX at (1.07, 16.92, 5.12).
(Replacing solvent molecule)
Placed Na+ in COMPLEX at (-9.02, 6.25, -5.96).
(Replacing solvent molecule)
Placed Na+ in COMPLEX at (-17.58, -9.37, 1.15).
(Replacing solvent molecule)
Placed Na+ in COMPLEX at (11.64, 11.59, 7.90).
(Replacing solvent molecule)
Placed Na+ in COMPLEX at (12.01, -0.54, -18.33).
(Replacing solvent molecule)
Placed Na+ in COMPLEX at (-12.80, 8.55, 18.58).
(Replacing solvent molecule)
Placed Na+ in COMPLEX at (27.07, 2.49, 3.42).

Done adding ions.
> addions COMPLEX Cl- 11
Adding 11 counter ions to "COMPLEX" using 1A grid
Total solute charge:  11.00  Max atom radius:   1.98
Grid extends from solute vdw + 5.40  to  11.39
Box:
   enclosing:  -29.19 -33.29 -29.71   38.46 28.31 29.97
   sized:			      98.81 94.71 98.29
   edge:        128.00
Resolution:      1.00 Angstrom.
Tree depth: 7
Volume =  2.02% of box, grid points 42428
Solvent present: replacing closest with ion
	 when steric overlaps occur
Calculating grid charges
(Replacing solvent molecule)
Placed Cl- in COMPLEX at (8.84, 16.52, 5.52).
(Replacing solvent molecule)
Placed Cl- in COMPLEX at (16.67, 5.22, -21.88).
(Replacing solvent molecule)
Placed Cl- in COMPLEX at (-11.20, -11.29, 2.59).
(Replacing solvent molecule)
Placed Cl- in COMPLEX at (21.32, 6.86, 3.95).
(Replacing solvent molecule)
Placed Cl- in COMPLEX at (2.54, -8.81, -18.23).
(Replacing solvent molecule)
Placed Cl- in COMPLEX at (-7.67, 9.13, 17.13).
(Replacing solvent molecule)
Placed Cl- in COMPLEX at (-16.18, 3.69, -5.53).
(Replacing solvent molecule)
Placed Cl- in COMPLEX at (10.29, -5.41, 12.09).
(Replacing solvent molecule)
Placed Cl- in COMPLEX at (-3.24, -24.96, -1.15).
(Replacing solvent molecule)
Placed Cl- in COMPLEX at (-6.00, 16.27, 0.35).
(Replacing solvent molecule)
Placed Cl- in COMPLEX at (15.06, -9.19, -12.47).

Done adding ions.
> saveamberparm COMPLEX ./divided-files/2f1g/2f1g.top ./divided-files/2f1g/2f1g.crd
Checking Unit.

/home/johann/miniconda3/bin/teLeap: Note.
Ignoring the warnings from Unit Checking.

Building topology.
Building atom parameters.
Building bond parameters.
Building angle parameters.
Building proper torsion parameters.
Building improper torsion parameters.
 total 252 improper torsions applied
Building H-Bond parameters.
Incorporating Non-Bonded adjustments.
Not Marking per-residue atom chain types.
Marking per-residue atom chain types.
  (Residues lacking connect0/connect1 - 
   these don't have chain types marked:

	res	total affected

	GNF	1
  )
 (no restraints)
> savepdb COMPLEX ./divided-files/2f1g/2f1gti.pdb
Writing pdb file: ./divided-files/2f1g/2f1gti.pdb
   printing CRYST1 record to PDB file with box info
 quit
	Quit

Exiting LEaP: Errors = 0; Warnings = 0; Notes = 1.
log started: Fri Jun  6 11:49:50 2025

Log file: ./leap.log
>> #
>> # ----- leaprc for loading the ff19SB force field
>> # ----- NOTE: this is designed for PDB format 3!
>> #
>> #	load atom type hybridizations
>> #
>> addAtomTypes {
>> 	{ "H"   "H" "sp3" }
>> 	{ "HO"  "H" "sp3" }
>> 	{ "HS"  "H" "sp3" }
>> 	{ "H1"  "H" "sp3" }
>> 	{ "H2"  "H" "sp3" }
>> 	{ "H3"  "H" "sp3" }
>> 	{ "H4"  "H" "sp3" }
>> 	{ "H5"  "H" "sp3" }
>> 	{ "HW"  "H" "sp3" }
>> 	{ "HC"  "H" "sp3" }
>> 	{ "HA"  "H" "sp3" }
>> 	{ "HP"  "H" "sp3" }
>> 	{ "HZ"  "H" "sp3" }
>> 	{ "OH"  "O" "sp3" }
>> 	{ "OS"  "O" "sp3" }
>> 	{ "O"   "O" "sp2" }
>> 	{ "O2"  "O" "sp2" }
>> 	{ "OP"  "O" "sp2" }
>> 	{ "OW"  "O" "sp3" }
>> 	{ "CT"  "C" "sp3" }
>> 	{ "CX"  "C" "sp3" }
>> 	{ "XC"  "C" "sp3" }
>> 	{ "C8"  "C" "sp3" }
>> 	{ "2C"  "C" "sp3" }
>> 	{ "3C"  "C" "sp3" }
>> 	{ "CH"  "C" "sp3" }
>> 	{ "CS"  "C" "sp2" }
>> 	{ "C"   "C" "sp2" }
>> 	{ "CO"   "C" "sp2" }
>> 	{ "C*"  "C" "sp2" }
>> 	{ "CA"  "C" "sp2" }
>> 	{ "CB"  "C" "sp2" }
>> 	{ "CC"  "C" "sp2" }
>> 	{ "CN"  "C" "sp2" }
>> 	{ "CM"  "C" "sp2" }
>> 	{ "CK"  "C" "sp2" }
>> 	{ "CQ"  "C" "sp2" }
>> 	{ "CD"  "C" "sp2" }
>> 	{ "C5"  "C" "sp2" }
>> 	{ "C4"  "C" "sp2" }
>> 	{ "CP"  "C" "sp2" }
>> 	{ "CI"  "C" "sp3" }
>> 	{ "CJ"  "C" "sp2" }
>> 	{ "CW"  "C" "sp2" }
>> 	{ "CV"  "C" "sp2" }
>> 	{ "CR"  "C" "sp2" }
>> 	{ "CA"  "C" "sp2" }
>> 	{ "CY"  "C" "sp2" }
>> 	{ "C0"  "Ca" "sp3" }
>> 	{ "MG"  "Mg" "sp3" }
>> 	{ "N"   "N" "sp2" }
>> 	{ "NA"  "N" "sp2" }
>> 	{ "N2"  "N" "sp2" }
>> 	{ "N*"  "N" "sp2" }
>> 	{ "NP"  "N" "sp2" }
>> 	{ "NQ"  "N" "sp2" }
>> 	{ "NB"  "N" "sp2" }
>> 	{ "NC"  "N" "sp2" }
>> 	{ "NT"  "N" "sp3" }
>> 	{ "NY"  "N" "sp2" }
>> 	{ "N3"  "N" "sp3" }
>> 	{ "S"   "S" "sp3" }
>> 	{ "SH"  "S" "sp3" }
>> 	{ "P"   "P" "sp3" }
>> 	{ "LP"  ""  "sp3" }
>> 	{ "EP"  ""  "sp3" }
>> 	{ "F"   "F" "sp3" }
>> 	{ "Cl"  "Cl" "sp3" }
>> 	{ "Br"  "Br" "sp3" }
>> 	{ "I"   "I"  "sp3" }
>> }
>> #
>> #	Load the main parameter set.
>> #
>> set default cmap on
>> parm19 = loadamberparams parm19.dat
Loading parameters: /home/johann/miniconda3/dat/leap/parm/parm19.dat
Reading title:
PARM99 + frcmod.ff99SB + frcmod.parmbsc0 + OL3 for RNA + ff19SB
(UNKNOWN ATOM TYPE: Zn)
(UNKNOWN ATOM TYPE: EP)
>> frcmod19SB = loadamberparams frcmod.ff19SB
Loading parameters: /home/johann/miniconda3/dat/leap/parm/frcmod.ff19SB
Reading force field modification type file (frcmod)
Reading title:
ff19SB AA-specific backbone CMAPs for protein 07/25/2019
>> #
>> #	Load main chain and terminating amino acid libraries
>> #
>> loadOff amino19.lib
Loading library: /home/johann/miniconda3/dat/leap/lib/amino19.lib
Loading: ALA
Loading: ARG
Loading: ASH
Loading: ASN
Loading: ASP
Loading: CYM
Loading: CYS
Loading: CYX
Loading: GLH
Loading: GLN
Loading: GLU
Loading: GLY
Loading: HID
Loading: HIE
Loading: HIP
Loading: HYP
Loading: ILE
Loading: LEU
Loading: LYN
Loading: LYS
Loading: MET
Loading: PHE
Loading: PRO
Loading: SER
Loading: THR
Loading: TRP
Loading: TYR
Loading: VAL
>> loadOff aminoct12.lib
Loading library: /home/johann/miniconda3/dat/leap/lib/aminoct12.lib
Loading: CALA
Loading: CARG
Loading: CASN
Loading: CASP
Loading: CCYS
Loading: CCYX
Loading: CGLN
Loading: CGLU
Loading: CGLY
Loading: CHID
Loading: CHIE
Loading: CHIP
Loading: CHYP
Loading: CILE
Loading: CLEU
Loading: CLYS
Loading: CMET
Loading: CPHE
Loading: CPRO
Loading: CSER
Loading: CTHR
Loading: CTRP
Loading: CTYR
Loading: CVAL
Loading: NHE
Loading: NME
>> loadOff aminont12.lib
Loading library: /home/johann/miniconda3/dat/leap/lib/aminont12.lib
Loading: ACE
Loading: NALA
Loading: NARG
Loading: NASN
Loading: NASP
Loading: NCYS
Loading: NCYX
Loading: NGLN
Loading: NGLU
Loading: NGLY
Loading: NHID
Loading: NHIE
Loading: NHIP
Loading: NILE
Loading: NLEU
Loading: NLYS
Loading: NMET
Loading: NPHE
Loading: NPRO
Loading: NSER
Loading: NTHR
Loading: NTRP
Loading: NTYR
Loading: NVAL
>> 
>> #
>> #	Define the PDB name map for the amino acids
>> #
>> addPdbResMap {
>>   { 0 "HYP" "NHYP" } { 1 "HYP" "CHYP" }
>>   { 0 "ALA" "NALA" } { 1 "ALA" "CALA" }
>>   { 0 "ARG" "NARG" } { 1 "ARG" "CARG" }
>>   { 0 "ASN" "NASN" } { 1 "ASN" "CASN" }
>>   { 0 "ASP" "NASP" } { 1 "ASP" "CASP" }
>>   { 0 "CYS" "NCYS" } { 1 "CYS" "CCYS" }
>>   { 0 "CYX" "NCYX" } { 1 "CYX" "CCYX" }
>>   { 0 "GLN" "NGLN" } { 1 "GLN" "CGLN" }
>>   { 0 "GLU" "NGLU" } { 1 "GLU" "CGLU" }
>>   { 0 "GLY" "NGLY" } { 1 "GLY" "CGLY" }
>>   { 0 "HID" "NHID" } { 1 "HID" "CHID" }
>>   { 0 "HIE" "NHIE" } { 1 "HIE" "CHIE" }
>>   { 0 "HIP" "NHIP" } { 1 "HIP" "CHIP" }
>>   { 0 "ILE" "NILE" } { 1 "ILE" "CILE" }
>>   { 0 "LEU" "NLEU" } { 1 "LEU" "CLEU" }
>>   { 0 "LYS" "NLYS" } { 1 "LYS" "CLYS" }
>>   { 0 "MET" "NMET" } { 1 "MET" "CMET" }
>>   { 0 "PHE" "NPHE" } { 1 "PHE" "CPHE" }
>>   { 0 "PRO" "NPRO" } { 1 "PRO" "CPRO" }
>>   { 0 "SER" "NSER" } { 1 "SER" "CSER" }
>>   { 0 "THR" "NTHR" } { 1 "THR" "CTHR" }
>>   { 0 "TRP" "NTRP" } { 1 "TRP" "CTRP" }
>>   { 0 "TYR" "NTYR" } { 1 "TYR" "CTYR" }
>>   { 0 "VAL" "NVAL" } { 1 "VAL" "CVAL" }
>>   { 0 "HIS" "NHIS" } { 1 "HIS" "CHIS" }
>> }
>> 
>> #
>> # assume that most often proteins use HIE
>> #
>> NHIS = NHIE
>> HIS = HIE
>> CHIS = CHIE
> 
> source leaprc.gaff
----- Source: /home/johann/miniconda3/dat/leap/cmd/leaprc.gaff
----- Source of /home/johann/miniconda3/dat/leap/cmd/leaprc.gaff done
>> logFile leap.log
log started: Fri Jun  6 11:49:50 2025

Log file: ./leap.log
>> #
>> # ----- leaprc for loading the general Amber Force field.
>> #       This file is mostly for use with Antechamber
>> #
>> #	load atom type hybridizations
>> #
>> addAtomTypes {
>> 	{ "h1"  "H" "sp3" }
>> 	{ "h2"  "H" "sp3" }
>> 	{ "h3"  "H" "sp3" }
>> 	{ "h4"  "H" "sp3" }
>> 	{ "h5"  "H" "sp3" }
>> 	{ "ha"  "H" "sp3" }
>> 	{ "hc"  "H" "sp3" }
>> 	{ "hn"  "H" "sp3" }
>> 	{ "ho"  "H" "sp3" }
>> 	{ "hp"  "H" "sp3" }
>> 	{ "hs"  "H" "sp3" }
>> 	{ "hw"  "H" "sp3" }
>> 	{ "hx"  "H" "sp3" }
>> 	{ "o"  "O" "sp2" }
>> 	{ "o2"  "O" "sp2" }
>> 	{ "oh"  "O" "sp3" }
>> 	{ "op"  "O" "sp3" }
>> 	{ "oq"  "O" "sp3" }
>> 	{ "os"  "O" "sp3" }
>> 	{ "ow"  "O" "sp3" }
>> 	{ "c"  "C" "sp2" }
>> 	{ "c1"  "C" "sp2" }
>> 	{ "c2"  "C" "sp2" }
>> 	{ "c3"  "C" "sp3" }
>> 	{ "ca"  "C" "sp2" }
>> 	{ "cc"  "C" "sp2" }
>> 	{ "cd"  "C" "sp2" }
>> 	{ "ce"  "C" "sp2" }
>> 	{ "cf"  "C" "sp2" }
>> 	{ "cg"  "C" "sp2" }
>> 	{ "ch"  "C" "sp2" }
>> 	{ "cp"  "C" "sp2" }
>> 	{ "cq"  "C" "sp2" }
>> 	{ "cu"  "C" "sp2" }
>> 	{ "cv"  "C" "sp2" }
>> 	{ "cx"  "C" "sp2" }
>> 	{ "cy"  "C" "sp2" }
>> 	{ "cz"  "C" "sp2" }
>> 	{ "n"   "N" "sp2" }
>> 	{ "n1"  "N" "sp2" }
>> 	{ "n2"  "N" "sp2" }
>> 	{ "n3"  "N" "sp3" }
>> 	{ "n4"  "N" "sp3" }
>> 	{ "na"  "N" "sp2" }
>> 	{ "nb"  "N" "sp2" }
>> 	{ "nc"  "N" "sp2" }
>> 	{ "nd"  "N" "sp2" }
>> 	{ "ne"  "N" "sp2" }
>> 	{ "nf"  "N" "sp2" }
>> 	{ "nh"  "N" "sp2" }
>> 	{ "ni"  "N" "sp2" }
>> 	{ "nj"  "N" "sp2" }
>> 	{ "nk"  "N" "sp3" }
>> 	{ "nl"  "N" "sp3" }
>> 	{ "nm"  "N" "sp2" }
>> 	{ "nn"  "N" "sp2" }
>> 	{ "no"  "N" "sp2" }
>> 	{ "np"  "N" "sp3" }
>> 	{ "nq"  "N" "sp3" }
>> 	{ "s"   "S" "sp2" }
>> 	{ "s2"   "S" "sp2" }
>> 	{ "s3"   "S" "sp3" }
>> 	{ "s4"   "S" "sp3" }
>> 	{ "s6"   "S" "sp3" }
>> 	{ "sh"   "S" "sp3" }
>> 	{ "sp"   "S" "sp3" }
>> 	{ "sq"   "S" "sp3" }
>> 	{ "ss"   "S" "sp3" }
>> 	{ "sx"   "S" "sp3" }
>> 	{ "sy"   "S" "sp3" }
>> 	{ "p2"   "P" "sp2" }
>> 	{ "p3"   "P" "sp3" }
>> 	{ "p4"   "P" "sp3" }
>> 	{ "p5"   "P" "sp3" }
>> 	{ "pb"   "P" "sp3" }
>> 	{ "pc"   "P" "sp3" }
>> 	{ "pd"   "P" "sp3" }
>> 	{ "pe"   "P" "sp3" }
>> 	{ "pf"   "P" "sp3" }
>> 	{ "px"   "P" "sp3" }
>> 	{ "py"   "P" "sp3" }
>> 	{ "f"   "F" "sp3" }
>> 	{ "cl"  "Cl" "sp3" }
>> 	{ "br"  "Br" "sp3" }
>> 	{ "i"   "I"  "sp3" }
>> }
>> #
>> #	Load the general force field parameter set.
>> #
>> gaff = loadamberparams gaff.dat
Loading parameters: /home/johann/miniconda3/dat/leap/parm/gaff.dat
Reading title:
AMBER General Force Field for organic molecules (Version 1.81, May 2017)
> 
> loadamberparams ./divided-files/2hb1/LIGAND.frcmod
Loading parameters: ./divided-files/2hb1/LIGAND.frcmod
Reading force field modification type file (frcmod)
Reading title:
Remark line goes here
> LIG = loadmol2 ./divided-files/2hb1/LIGAND.mol2
Loading Mol2 file: ./divided-files/2hb1/LIGAND.mol2
Reading MOLECULE named LIG
> PROT = loadpdb ./divided-files/2hb1/PROTEIN.pdb
Loading PDB file: ./divided-files/2hb1/PROTEIN.pdb
Matching PDB residue names to LEaP variables.
  Added missing heavy atom: .R<ACE 18>.A<CH3 2>
  Added missing heavy atom: .R<NME 20>.A<C 3>
  Added missing heavy atom: .R<ACE 21>.A<CH3 2>
  Added missing heavy atom: .R<NME 27>.A<C 3>
  Added missing heavy atom: .R<ACE 28>.A<CH3 2>
  Added missing heavy atom: .R<NME 30>.A<C 3>
  Added missing heavy atom: .R<ACE 31>.A<CH3 2>
  Added missing heavy atom: .R<NME 35>.A<C 3>
  Added missing heavy atom: .R<ACE 36>.A<CH3 2>
  Added missing heavy atom: .R<NME 43>.A<C 3>
  Added missing heavy atom: .R<ACE 44>.A<CH3 2>
  Added missing heavy atom: .R<NME 51>.A<C 3>
  Added missing heavy atom: .R<ACE 52>.A<CH3 2>
  Added missing heavy atom: .R<NME 64>.A<C 3>
  Added missing heavy atom: .R<ACE 65>.A<CH3 2>
  Added missing heavy atom: .R<NME 73>.A<C 3>
  Added missing heavy atom: .R<ACE 74>.A<CH3 2>
  Added missing heavy atom: .R<NME 76>.A<C 3>
  total atoms in file: 688
  Leap added 73 missing atoms according to residue templates:
       18 Heavy
       55 H / lone pairs
> COMPLEX = combine {PROT LIG}
  Sequence: default_name
  Sequence: LIG
> source leaprc.water.opc
----- Source: /home/johann/miniconda3/dat/leap/cmd/leaprc.water.opc
----- Source of /home/johann/miniconda3/dat/leap/cmd/leaprc.water.opc done
>> #
>> #  Load OPC water model and ions for OPC + Li/Merz ion parameters
>> #  (-1 to +4, 12-6 normal usage set)
>> # 
>> addAtomTypes {
>> 	{ "F-"   "F" "sp3" }
>> 	{ "Cl-"  "Cl" "sp3" }
>> 	{ "Br-"  "Br" "sp3" }
>> 	{ "I-"   "I"  "sp3" }
>> 	{ "Li+"  "Li"  "sp3" }
>> 	{ "Na+"  "Na"  "sp3" }
>> 	{ "K+"  "K"  "sp3" }
>> 	{ "Rb+"  "Rb"  "sp3" }
>> 	{ "Cs+"  "Cs"  "sp3" }
>> 	{ "Mg+"  "Mg"  "sp3" }
>>     { "Tl+"  "Tl"  "sp3" }
>>     { "Cu+"  "Cu"  "sp3" }
>>     { "Ag+"  "Ag"  "sp3" }
>>     { "Be2+" "Be"  "sp3" }
>>     { "Cu2+" "Cu"  "sp3" }
>>     { "Ni2+" "Ni"  "sp3" }
>>     { "Pt2+" "Pt"  "sp3" }
>>     { "Zn2+" "Zn"  "sp3" }
>>     { "Co2+" "Co"  "sp3" }
>>     { "Pd2+" "Pd"  "sp3" }
>>     { "Ag2+" "Ag"  "sp3" }
>>     { "Cr2+" "Cr"  "sp3" }
>>     { "Fe2+" "Fe"  "sp3" }
>>     { "Mg2+" "Mg"  "sp3" }
>>     { "V2+"  "V"   "sp3" }
>>     { "Mn2+" "Mn"  "sp3" }
>>     { "Hg2+" "Hg"  "sp3" }
>>     { "Cd2+" "Cd"  "sp3" }
>>     { "Yb2+" "Yb"  "sp3" }
>>     { "Ca2+" "Ca"  "sp3" }
>>     { "Sn2+" "Sn"  "sp3" }
>>     { "Pb2+" "Pb"  "sp3" }
>>     { "Eu2+" "Eu"  "sp3" }
>>     { "Sr2+" "Sr"  "sp3" }
>>     { "Sm2+" "Sm"  "sp3" }
>>     { "Ba2+" "Ba"  "sp3" }
>>     { "Ra2+" "Ra"  "sp3" }
>>     { "Al3+" "Al"  "sp3" }
>>     { "Fe3+" "Fe"  "sp3" }
>>     { "Cr3+" "Cr"  "sp3" }
>>     { "In3+" "In"  "sp3" }
>>     { "Tl3+" "Tl"  "sp3" }
>>     { "Y3+"  "Y"   "sp3" }
>>     { "La3+" "La"  "sp3" }
>>     { "Ce3+" "Ce"  "sp3" }
>>     { "Pr3+" "Pr"  "sp3" }
>>     { "Nd3+" "Nd"  "sp3" }
>>     { "Sm3+" "Sm"  "sp3" }
>>     { "Eu3+" "Eu"  "sp3" }
>>     { "Gd3+" "Gd"  "sp3" }
>>     { "Tb3+" "Tb"  "sp3" }
>>     { "Dy3+" "Dy"  "sp3" }
>>     { "Er3+" "Er"  "sp3" }
>>     { "Tm3+" "Tm"  "sp3" }
>>     { "Lu3+" "Lu"  "sp3" }
>>     { "Hf4+" "Hf"  "sp3" }
>>     { "Zr4+" "Zr"  "sp3" }
>>     { "Ce4+" "Ce"  "sp3" }
>>     { "U4+"  "U"   "sp3" }
>>     { "Pu4+" "Pu"  "sp3" }
>>     { "Th4+" "Th"  "sp3" }
>>     { "OW"   "O"   "sp3" }
>>     { "HW"   "H"   "sp3" }
>>     { "EP"   ""    "sp3" }
>> }
>> loadOff atomic_ions.lib
Loading library: /home/johann/miniconda3/dat/leap/lib/atomic_ions.lib
Loading: AG
Loading: AL
Loading: Ag
Loading: BA
Loading: BR
Loading: Be
Loading: CA
Loading: CD
Loading: CE
Loading: CL
Loading: CO
Loading: CR
Loading: CS
Loading: CU
Loading: CU1
Loading: Ce
Loading: Cl-
Loading: Cr
Loading: Dy
Loading: EU
Loading: EU3
Loading: Er
Loading: F
Loading: FE
Loading: FE2
Loading: GD3
Loading: H3O+
Loading: HE+
Loading: HG
Loading: HZ+
Loading: Hf
Loading: IN
Loading: IOD
Loading: K
Loading: K+
Loading: LA
Loading: LI
Loading: LU
Loading: MG
Loading: MN
Loading: NA
Loading: NH4
Loading: NI
Loading: Na+
Loading: Nd
Loading: PB
Loading: PD
Loading: PR
Loading: PT
Loading: Pu
Loading: RB
Loading: Ra
Loading: SM
Loading: SR
Loading: Sm
Loading: Sn
Loading: TB
Loading: TL
Loading: Th
Loading: Tl
Loading: Tm
Loading: U4+
Loading: V2+
Loading: Y
Loading: YB2
Loading: ZN
Loading: Zr
>> loadOff solvents.lib
Loading library: /home/johann/miniconda3/dat/leap/lib/solvents.lib
Loading: CHCL3BOX
Loading: DC4
Loading: FB3
Loading: FB3BOX
Loading: FB4
Loading: FB4BOX
Loading: MEOHBOX
Loading: NMABOX
Loading: O3P
Loading: OP3
Loading: OPC
Loading: OPC3BOX
Loading: OPC3POLBOX
Loading: OPCBOX
Loading: PL3
Loading: POL3BOX
Loading: QSPCFWBOX
Loading: SPC
Loading: SPCBOX
Loading: SPCFWBOX
Loading: SPF
Loading: SPG
Loading: T4E
Loading: TIP3PBOX
Loading: TIP3PFBOX
Loading: TIP4PBOX
Loading: TIP4PEWBOX
Loading: TIP5PBOX
Loading: TP3
Loading: TP4
Loading: TP5
Loading: TPF
>> HOH = OPC
>> WAT = OPC
>> loadAmberParams frcmod.opc
Loading parameters: /home/johann/miniconda3/dat/leap/parm/frcmod.opc
Reading force field modification type file (frcmod)
Reading title:
Parameters for OPC water (JPCL, 2014, 5 (21), pp 3863-3871)
(UNKNOWN ATOM TYPE: EP)
>> loadAmberParams frcmod.ionslm_126_opc
Loading parameters: /home/johann/miniconda3/dat/leap/parm/frcmod.ionslm_126_opc
Reading force field modification type file (frcmod)
Reading title:
Li/Merz ion parameters of atomic ions for the OPC water model (12-6 set)
>> 
> 
> solvateOct COMPLEX OPCBOX 10
Scaling up box by a factor of 1.206683 to meet diagonal cut criterion
  Solute vdw bounding box:              24.547 38.232 31.400
  Total bounding box for atom centers:  62.366 62.366 62.366
      (box expansion for 'iso' is  43.9%)
  Solvent unit box:                     18.865 18.478 19.006
The number of boxes:  x= 4  y= 4  z= 4
  Volume: 127215.261 A^3 (oct)
  Total mass 66535.430 amu,  Density 0.869 g/cc
  Added 3382 residues.
> saveamberparm COMPLEX ./divided-files/2hb1/2hb1.top ./divided-files/2hb1/2hb1.crd
Checking Unit.

/home/johann/miniconda3/bin/teLeap: Warning!
The unperturbed charge of the unit (2.001000) is not zero.

/home/johann/miniconda3/bin/teLeap: Note.
Ignoring the warnings from Unit Checking.

Building topology.
Building atom parameters.
Building bond parameters.
Building angle parameters.
Building proper torsion parameters.
Building improper torsion parameters.
 total 168 improper torsions applied
Building H-Bond parameters.
Incorporating Non-Bonded adjustments.
Not Marking per-residue atom chain types.
Marking per-residue atom chain types.
  (Residues lacking connect0/connect1 - 
   these don't have chain types marked:

	res	total affected

	LIG	1
  )
 (no restraints)
> savepdb COMPLEX ./divided-files/2hb1/2hb1t.pdb
Writing pdb file: ./divided-files/2hb1/2hb1t.pdb
   printing CRYST1 record to PDB file with box info
 quit
	Quit

Exiting LEaP: Errors = 0; Warnings = 1; Notes = 1.
log started: Fri Jun  6 11:53:54 2025

Log file: ./leap.log
>> #
>> # ----- leaprc for loading the ff19SB force field
>> # ----- NOTE: this is designed for PDB format 3!
>> #
>> #	load atom type hybridizations
>> #
>> addAtomTypes {
>> 	{ "H"   "H" "sp3" }
>> 	{ "HO"  "H" "sp3" }
>> 	{ "HS"  "H" "sp3" }
>> 	{ "H1"  "H" "sp3" }
>> 	{ "H2"  "H" "sp3" }
>> 	{ "H3"  "H" "sp3" }
>> 	{ "H4"  "H" "sp3" }
>> 	{ "H5"  "H" "sp3" }
>> 	{ "HW"  "H" "sp3" }
>> 	{ "HC"  "H" "sp3" }
>> 	{ "HA"  "H" "sp3" }
>> 	{ "HP"  "H" "sp3" }
>> 	{ "HZ"  "H" "sp3" }
>> 	{ "OH"  "O" "sp3" }
>> 	{ "OS"  "O" "sp3" }
>> 	{ "O"   "O" "sp2" }
>> 	{ "O2"  "O" "sp2" }
>> 	{ "OP"  "O" "sp2" }
>> 	{ "OW"  "O" "sp3" }
>> 	{ "CT"  "C" "sp3" }
>> 	{ "CX"  "C" "sp3" }
>> 	{ "XC"  "C" "sp3" }
>> 	{ "C8"  "C" "sp3" }
>> 	{ "2C"  "C" "sp3" }
>> 	{ "3C"  "C" "sp3" }
>> 	{ "CH"  "C" "sp3" }
>> 	{ "CS"  "C" "sp2" }
>> 	{ "C"   "C" "sp2" }
>> 	{ "CO"   "C" "sp2" }
>> 	{ "C*"  "C" "sp2" }
>> 	{ "CA"  "C" "sp2" }
>> 	{ "CB"  "C" "sp2" }
>> 	{ "CC"  "C" "sp2" }
>> 	{ "CN"  "C" "sp2" }
>> 	{ "CM"  "C" "sp2" }
>> 	{ "CK"  "C" "sp2" }
>> 	{ "CQ"  "C" "sp2" }
>> 	{ "CD"  "C" "sp2" }
>> 	{ "C5"  "C" "sp2" }
>> 	{ "C4"  "C" "sp2" }
>> 	{ "CP"  "C" "sp2" }
>> 	{ "CI"  "C" "sp3" }
>> 	{ "CJ"  "C" "sp2" }
>> 	{ "CW"  "C" "sp2" }
>> 	{ "CV"  "C" "sp2" }
>> 	{ "CR"  "C" "sp2" }
>> 	{ "CA"  "C" "sp2" }
>> 	{ "CY"  "C" "sp2" }
>> 	{ "C0"  "Ca" "sp3" }
>> 	{ "MG"  "Mg" "sp3" }
>> 	{ "N"   "N" "sp2" }
>> 	{ "NA"  "N" "sp2" }
>> 	{ "N2"  "N" "sp2" }
>> 	{ "N*"  "N" "sp2" }
>> 	{ "NP"  "N" "sp2" }
>> 	{ "NQ"  "N" "sp2" }
>> 	{ "NB"  "N" "sp2" }
>> 	{ "NC"  "N" "sp2" }
>> 	{ "NT"  "N" "sp3" }
>> 	{ "NY"  "N" "sp2" }
>> 	{ "N3"  "N" "sp3" }
>> 	{ "S"   "S" "sp3" }
>> 	{ "SH"  "S" "sp3" }
>> 	{ "P"   "P" "sp3" }
>> 	{ "LP"  ""  "sp3" }
>> 	{ "EP"  ""  "sp3" }
>> 	{ "F"   "F" "sp3" }
>> 	{ "Cl"  "Cl" "sp3" }
>> 	{ "Br"  "Br" "sp3" }
>> 	{ "I"   "I"  "sp3" }
>> }
>> #
>> #	Load the main parameter set.
>> #
>> set default cmap on
>> parm19 = loadamberparams parm19.dat
Loading parameters: /home/johann/miniconda3/dat/leap/parm/parm19.dat
Reading title:
PARM99 + frcmod.ff99SB + frcmod.parmbsc0 + OL3 for RNA + ff19SB
(UNKNOWN ATOM TYPE: Zn)
(UNKNOWN ATOM TYPE: EP)
>> frcmod19SB = loadamberparams frcmod.ff19SB
Loading parameters: /home/johann/miniconda3/dat/leap/parm/frcmod.ff19SB
Reading force field modification type file (frcmod)
Reading title:
ff19SB AA-specific backbone CMAPs for protein 07/25/2019
>> #
>> #	Load main chain and terminating amino acid libraries
>> #
>> loadOff amino19.lib
Loading library: /home/johann/miniconda3/dat/leap/lib/amino19.lib
Loading: ALA
Loading: ARG
Loading: ASH
Loading: ASN
Loading: ASP
Loading: CYM
Loading: CYS
Loading: CYX
Loading: GLH
Loading: GLN
Loading: GLU
Loading: GLY
Loading: HID
Loading: HIE
Loading: HIP
Loading: HYP
Loading: ILE
Loading: LEU
Loading: LYN
Loading: LYS
Loading: MET
Loading: PHE
Loading: PRO
Loading: SER
Loading: THR
Loading: TRP
Loading: TYR
Loading: VAL
>> loadOff aminoct12.lib
Loading library: /home/johann/miniconda3/dat/leap/lib/aminoct12.lib
Loading: CALA
Loading: CARG
Loading: CASN
Loading: CASP
Loading: CCYS
Loading: CCYX
Loading: CGLN
Loading: CGLU
Loading: CGLY
Loading: CHID
Loading: CHIE
Loading: CHIP
Loading: CHYP
Loading: CILE
Loading: CLEU
Loading: CLYS
Loading: CMET
Loading: CPHE
Loading: CPRO
Loading: CSER
Loading: CTHR
Loading: CTRP
Loading: CTYR
Loading: CVAL
Loading: NHE
Loading: NME
>> loadOff aminont12.lib
Loading library: /home/johann/miniconda3/dat/leap/lib/aminont12.lib
Loading: ACE
Loading: NALA
Loading: NARG
Loading: NASN
Loading: NASP
Loading: NCYS
Loading: NCYX
Loading: NGLN
Loading: NGLU
Loading: NGLY
Loading: NHID
Loading: NHIE
Loading: NHIP
Loading: NILE
Loading: NLEU
Loading: NLYS
Loading: NMET
Loading: NPHE
Loading: NPRO
Loading: NSER
Loading: NTHR
Loading: NTRP
Loading: NTYR
Loading: NVAL
>> 
>> #
>> #	Define the PDB name map for the amino acids
>> #
>> addPdbResMap {
>>   { 0 "HYP" "NHYP" } { 1 "HYP" "CHYP" }
>>   { 0 "ALA" "NALA" } { 1 "ALA" "CALA" }
>>   { 0 "ARG" "NARG" } { 1 "ARG" "CARG" }
>>   { 0 "ASN" "NASN" } { 1 "ASN" "CASN" }
>>   { 0 "ASP" "NASP" } { 1 "ASP" "CASP" }
>>   { 0 "CYS" "NCYS" } { 1 "CYS" "CCYS" }
>>   { 0 "CYX" "NCYX" } { 1 "CYX" "CCYX" }
>>   { 0 "GLN" "NGLN" } { 1 "GLN" "CGLN" }
>>   { 0 "GLU" "NGLU" } { 1 "GLU" "CGLU" }
>>   { 0 "GLY" "NGLY" } { 1 "GLY" "CGLY" }
>>   { 0 "HID" "NHID" } { 1 "HID" "CHID" }
>>   { 0 "HIE" "NHIE" } { 1 "HIE" "CHIE" }
>>   { 0 "HIP" "NHIP" } { 1 "HIP" "CHIP" }
>>   { 0 "ILE" "NILE" } { 1 "ILE" "CILE" }
>>   { 0 "LEU" "NLEU" } { 1 "LEU" "CLEU" }
>>   { 0 "LYS" "NLYS" } { 1 "LYS" "CLYS" }
>>   { 0 "MET" "NMET" } { 1 "MET" "CMET" }
>>   { 0 "PHE" "NPHE" } { 1 "PHE" "CPHE" }
>>   { 0 "PRO" "NPRO" } { 1 "PRO" "CPRO" }
>>   { 0 "SER" "NSER" } { 1 "SER" "CSER" }
>>   { 0 "THR" "NTHR" } { 1 "THR" "CTHR" }
>>   { 0 "TRP" "NTRP" } { 1 "TRP" "CTRP" }
>>   { 0 "TYR" "NTYR" } { 1 "TYR" "CTYR" }
>>   { 0 "VAL" "NVAL" } { 1 "VAL" "CVAL" }
>>   { 0 "HIS" "NHIS" } { 1 "HIS" "CHIS" }
>> }
>> 
>> #
>> # assume that most often proteins use HIE
>> #
>> NHIS = NHIE
>> HIS = HIE
>> CHIS = CHIE
> 
> source leaprc.gaff
----- Source: /home/johann/miniconda3/dat/leap/cmd/leaprc.gaff
----- Source of /home/johann/miniconda3/dat/leap/cmd/leaprc.gaff done
>> logFile leap.log
log started: Fri Jun  6 11:53:54 2025

Log file: ./leap.log
>> #
>> # ----- leaprc for loading the general Amber Force field.
>> #       This file is mostly for use with Antechamber
>> #
>> #	load atom type hybridizations
>> #
>> addAtomTypes {
>> 	{ "h1"  "H" "sp3" }
>> 	{ "h2"  "H" "sp3" }
>> 	{ "h3"  "H" "sp3" }
>> 	{ "h4"  "H" "sp3" }
>> 	{ "h5"  "H" "sp3" }
>> 	{ "ha"  "H" "sp3" }
>> 	{ "hc"  "H" "sp3" }
>> 	{ "hn"  "H" "sp3" }
>> 	{ "ho"  "H" "sp3" }
>> 	{ "hp"  "H" "sp3" }
>> 	{ "hs"  "H" "sp3" }
>> 	{ "hw"  "H" "sp3" }
>> 	{ "hx"  "H" "sp3" }
>> 	{ "o"  "O" "sp2" }
>> 	{ "o2"  "O" "sp2" }
>> 	{ "oh"  "O" "sp3" }
>> 	{ "op"  "O" "sp3" }
>> 	{ "oq"  "O" "sp3" }
>> 	{ "os"  "O" "sp3" }
>> 	{ "ow"  "O" "sp3" }
>> 	{ "c"  "C" "sp2" }
>> 	{ "c1"  "C" "sp2" }
>> 	{ "c2"  "C" "sp2" }
>> 	{ "c3"  "C" "sp3" }
>> 	{ "ca"  "C" "sp2" }
>> 	{ "cc"  "C" "sp2" }
>> 	{ "cd"  "C" "sp2" }
>> 	{ "ce"  "C" "sp2" }
>> 	{ "cf"  "C" "sp2" }
>> 	{ "cg"  "C" "sp2" }
>> 	{ "ch"  "C" "sp2" }
>> 	{ "cp"  "C" "sp2" }
>> 	{ "cq"  "C" "sp2" }
>> 	{ "cu"  "C" "sp2" }
>> 	{ "cv"  "C" "sp2" }
>> 	{ "cx"  "C" "sp2" }
>> 	{ "cy"  "C" "sp2" }
>> 	{ "cz"  "C" "sp2" }
>> 	{ "n"   "N" "sp2" }
>> 	{ "n1"  "N" "sp2" }
>> 	{ "n2"  "N" "sp2" }
>> 	{ "n3"  "N" "sp3" }
>> 	{ "n4"  "N" "sp3" }
>> 	{ "na"  "N" "sp2" }
>> 	{ "nb"  "N" "sp2" }
>> 	{ "nc"  "N" "sp2" }
>> 	{ "nd"  "N" "sp2" }
>> 	{ "ne"  "N" "sp2" }
>> 	{ "nf"  "N" "sp2" }
>> 	{ "nh"  "N" "sp2" }
>> 	{ "ni"  "N" "sp2" }
>> 	{ "nj"  "N" "sp2" }
>> 	{ "nk"  "N" "sp3" }
>> 	{ "nl"  "N" "sp3" }
>> 	{ "nm"  "N" "sp2" }
>> 	{ "nn"  "N" "sp2" }
>> 	{ "no"  "N" "sp2" }
>> 	{ "np"  "N" "sp3" }
>> 	{ "nq"  "N" "sp3" }
>> 	{ "s"   "S" "sp2" }
>> 	{ "s2"   "S" "sp2" }
>> 	{ "s3"   "S" "sp3" }
>> 	{ "s4"   "S" "sp3" }
>> 	{ "s6"   "S" "sp3" }
>> 	{ "sh"   "S" "sp3" }
>> 	{ "sp"   "S" "sp3" }
>> 	{ "sq"   "S" "sp3" }
>> 	{ "ss"   "S" "sp3" }
>> 	{ "sx"   "S" "sp3" }
>> 	{ "sy"   "S" "sp3" }
>> 	{ "p2"   "P" "sp2" }
>> 	{ "p3"   "P" "sp3" }
>> 	{ "p4"   "P" "sp3" }
>> 	{ "p5"   "P" "sp3" }
>> 	{ "pb"   "P" "sp3" }
>> 	{ "pc"   "P" "sp3" }
>> 	{ "pd"   "P" "sp3" }
>> 	{ "pe"   "P" "sp3" }
>> 	{ "pf"   "P" "sp3" }
>> 	{ "px"   "P" "sp3" }
>> 	{ "py"   "P" "sp3" }
>> 	{ "f"   "F" "sp3" }
>> 	{ "cl"  "Cl" "sp3" }
>> 	{ "br"  "Br" "sp3" }
>> 	{ "i"   "I"  "sp3" }
>> }
>> #
>> #	Load the general force field parameter set.
>> #
>> gaff = loadamberparams gaff.dat
Loading parameters: /home/johann/miniconda3/dat/leap/parm/gaff.dat
Reading title:
AMBER General Force Field for organic molecules (Version 1.81, May 2017)
> 
> loadamberparams ./divided-files/2hb1/LIGAND.frcmod
Loading parameters: ./divided-files/2hb1/LIGAND.frcmod
Reading force field modification type file (frcmod)
Reading title:
Remark line goes here
> LIG = loadmol2 ./divided-files/2hb1/LIGAND.mol2
Loading Mol2 file: ./divided-files/2hb1/LIGAND.mol2
Reading MOLECULE named LIG
> PROT = loadpdb ./divided-files/2hb1/PROTEIN.pdb
Loading PDB file: ./divided-files/2hb1/PROTEIN.pdb
Matching PDB residue names to LEaP variables.
  Added missing heavy atom: .R<ACE 18>.A<CH3 2>
  Added missing heavy atom: .R<NME 20>.A<C 3>
  Added missing heavy atom: .R<ACE 21>.A<CH3 2>
  Added missing heavy atom: .R<NME 27>.A<C 3>
  Added missing heavy atom: .R<ACE 28>.A<CH3 2>
  Added missing heavy atom: .R<NME 30>.A<C 3>
  Added missing heavy atom: .R<ACE 31>.A<CH3 2>
  Added missing heavy atom: .R<NME 35>.A<C 3>
  Added missing heavy atom: .R<ACE 36>.A<CH3 2>
  Added missing heavy atom: .R<NME 43>.A<C 3>
  Added missing heavy atom: .R<ACE 44>.A<CH3 2>
  Added missing heavy atom: .R<NME 51>.A<C 3>
  Added missing heavy atom: .R<ACE 52>.A<CH3 2>
  Added missing heavy atom: .R<NME 64>.A<C 3>
  Added missing heavy atom: .R<ACE 65>.A<CH3 2>
  Added missing heavy atom: .R<NME 73>.A<C 3>
  Added missing heavy atom: .R<ACE 74>.A<CH3 2>
  Added missing heavy atom: .R<NME 76>.A<C 3>
  total atoms in file: 688
  Leap added 73 missing atoms according to residue templates:
       18 Heavy
       55 H / lone pairs
> COMPLEX = combine {PROT LIG}
  Sequence: default_name
  Sequence: LIG
> source leaprc.water.opc
----- Source: /home/johann/miniconda3/dat/leap/cmd/leaprc.water.opc
----- Source of /home/johann/miniconda3/dat/leap/cmd/leaprc.water.opc done
>> #
>> #  Load OPC water model and ions for OPC + Li/Merz ion parameters
>> #  (-1 to +4, 12-6 normal usage set)
>> # 
>> addAtomTypes {
>> 	{ "F-"   "F" "sp3" }
>> 	{ "Cl-"  "Cl" "sp3" }
>> 	{ "Br-"  "Br" "sp3" }
>> 	{ "I-"   "I"  "sp3" }
>> 	{ "Li+"  "Li"  "sp3" }
>> 	{ "Na+"  "Na"  "sp3" }
>> 	{ "K+"  "K"  "sp3" }
>> 	{ "Rb+"  "Rb"  "sp3" }
>> 	{ "Cs+"  "Cs"  "sp3" }
>> 	{ "Mg+"  "Mg"  "sp3" }
>>     { "Tl+"  "Tl"  "sp3" }
>>     { "Cu+"  "Cu"  "sp3" }
>>     { "Ag+"  "Ag"  "sp3" }
>>     { "Be2+" "Be"  "sp3" }
>>     { "Cu2+" "Cu"  "sp3" }
>>     { "Ni2+" "Ni"  "sp3" }
>>     { "Pt2+" "Pt"  "sp3" }
>>     { "Zn2+" "Zn"  "sp3" }
>>     { "Co2+" "Co"  "sp3" }
>>     { "Pd2+" "Pd"  "sp3" }
>>     { "Ag2+" "Ag"  "sp3" }
>>     { "Cr2+" "Cr"  "sp3" }
>>     { "Fe2+" "Fe"  "sp3" }
>>     { "Mg2+" "Mg"  "sp3" }
>>     { "V2+"  "V"   "sp3" }
>>     { "Mn2+" "Mn"  "sp3" }
>>     { "Hg2+" "Hg"  "sp3" }
>>     { "Cd2+" "Cd"  "sp3" }
>>     { "Yb2+" "Yb"  "sp3" }
>>     { "Ca2+" "Ca"  "sp3" }
>>     { "Sn2+" "Sn"  "sp3" }
>>     { "Pb2+" "Pb"  "sp3" }
>>     { "Eu2+" "Eu"  "sp3" }
>>     { "Sr2+" "Sr"  "sp3" }
>>     { "Sm2+" "Sm"  "sp3" }
>>     { "Ba2+" "Ba"  "sp3" }
>>     { "Ra2+" "Ra"  "sp3" }
>>     { "Al3+" "Al"  "sp3" }
>>     { "Fe3+" "Fe"  "sp3" }
>>     { "Cr3+" "Cr"  "sp3" }
>>     { "In3+" "In"  "sp3" }
>>     { "Tl3+" "Tl"  "sp3" }
>>     { "Y3+"  "Y"   "sp3" }
>>     { "La3+" "La"  "sp3" }
>>     { "Ce3+" "Ce"  "sp3" }
>>     { "Pr3+" "Pr"  "sp3" }
>>     { "Nd3+" "Nd"  "sp3" }
>>     { "Sm3+" "Sm"  "sp3" }
>>     { "Eu3+" "Eu"  "sp3" }
>>     { "Gd3+" "Gd"  "sp3" }
>>     { "Tb3+" "Tb"  "sp3" }
>>     { "Dy3+" "Dy"  "sp3" }
>>     { "Er3+" "Er"  "sp3" }
>>     { "Tm3+" "Tm"  "sp3" }
>>     { "Lu3+" "Lu"  "sp3" }
>>     { "Hf4+" "Hf"  "sp3" }
>>     { "Zr4+" "Zr"  "sp3" }
>>     { "Ce4+" "Ce"  "sp3" }
>>     { "U4+"  "U"   "sp3" }
>>     { "Pu4+" "Pu"  "sp3" }
>>     { "Th4+" "Th"  "sp3" }
>>     { "OW"   "O"   "sp3" }
>>     { "HW"   "H"   "sp3" }
>>     { "EP"   ""    "sp3" }
>> }
>> loadOff atomic_ions.lib
Loading library: /home/johann/miniconda3/dat/leap/lib/atomic_ions.lib
Loading: AG
Loading: AL
Loading: Ag
Loading: BA
Loading: BR
Loading: Be
Loading: CA
Loading: CD
Loading: CE
Loading: CL
Loading: CO
Loading: CR
Loading: CS
Loading: CU
Loading: CU1
Loading: Ce
Loading: Cl-
Loading: Cr
Loading: Dy
Loading: EU
Loading: EU3
Loading: Er
Loading: F
Loading: FE
Loading: FE2
Loading: GD3
Loading: H3O+
Loading: HE+
Loading: HG
Loading: HZ+
Loading: Hf
Loading: IN
Loading: IOD
Loading: K
Loading: K+
Loading: LA
Loading: LI
Loading: LU
Loading: MG
Loading: MN
Loading: NA
Loading: NH4
Loading: NI
Loading: Na+
Loading: Nd
Loading: PB
Loading: PD
Loading: PR
Loading: PT
Loading: Pu
Loading: RB
Loading: Ra
Loading: SM
Loading: SR
Loading: Sm
Loading: Sn
Loading: TB
Loading: TL
Loading: Th
Loading: Tl
Loading: Tm
Loading: U4+
Loading: V2+
Loading: Y
Loading: YB2
Loading: ZN
Loading: Zr
>> loadOff solvents.lib
Loading library: /home/johann/miniconda3/dat/leap/lib/solvents.lib
Loading: CHCL3BOX
Loading: DC4
Loading: FB3
Loading: FB3BOX
Loading: FB4
Loading: FB4BOX
Loading: MEOHBOX
Loading: NMABOX
Loading: O3P
Loading: OP3
Loading: OPC
Loading: OPC3BOX
Loading: OPC3POLBOX
Loading: OPCBOX
Loading: PL3
Loading: POL3BOX
Loading: QSPCFWBOX
Loading: SPC
Loading: SPCBOX
Loading: SPCFWBOX
Loading: SPF
Loading: SPG
Loading: T4E
Loading: TIP3PBOX
Loading: TIP3PFBOX
Loading: TIP4PBOX
Loading: TIP4PEWBOX
Loading: TIP5PBOX
Loading: TP3
Loading: TP4
Loading: TP5
Loading: TPF
>> HOH = OPC
>> WAT = OPC
>> loadAmberParams frcmod.opc
Loading parameters: /home/johann/miniconda3/dat/leap/parm/frcmod.opc
Reading force field modification type file (frcmod)
Reading title:
Parameters for OPC water (JPCL, 2014, 5 (21), pp 3863-3871)
(UNKNOWN ATOM TYPE: EP)
>> loadAmberParams frcmod.ionslm_126_opc
Loading parameters: /home/johann/miniconda3/dat/leap/parm/frcmod.ionslm_126_opc
Reading force field modification type file (frcmod)
Reading title:
Li/Merz ion parameters of atomic ions for the OPC water model (12-6 set)
>> 
> 
> solvateOct COMPLEX OPCBOX 10
Scaling up box by a factor of 1.206683 to meet diagonal cut criterion
  Solute vdw bounding box:              24.547 38.232 31.400
  Total bounding box for atom centers:  62.366 62.366 62.366
      (box expansion for 'iso' is  43.9%)
  Solvent unit box:                     18.865 18.478 19.006
The number of boxes:  x= 4  y= 4  z= 4
  Volume: 127215.261 A^3 (oct)
  Total mass 66535.430 amu,  Density 0.869 g/cc
  Added 3382 residues.
> addions COMPLEX Na+ 8
Adding 8 counter ions to "COMPLEX" using 1A grid
Total solute charge:   2.00  Max atom radius:   2.02
Grid extends from solute vdw + 3.05  to  9.07
Box:
   enclosing:  -22.74 -22.80 -20.81   22.41 21.40 24.16
   sized:			      41.26 41.20 43.19
   edge:        64.00
Resolution:      1.00 Angstrom.
Tree depth: 6
Volume =  9.15% of box, grid points 23988
Solvent present: replacing closest with ion
	 when steric overlaps occur
Calculating grid charges
(Replacing solvent molecule)
Placed Na+ in COMPLEX at (8.72, -0.67, 2.92).
(Replacing solvent molecule)
Placed Na+ in COMPLEX at (-2.19, -4.38, -13.36).
(Replacing solvent molecule)
Placed Na+ in COMPLEX at (11.61, -5.43, -11.56).
(Replacing solvent molecule)
Placed Na+ in COMPLEX at (-2.88, -14.44, -9.72).
(Replacing solvent molecule)
Placed Na+ in COMPLEX at (14.32, 7.29, 1.65).
(Replacing solvent molecule)
Placed Na+ in COMPLEX at (-6.50, 3.47, 19.40).
(Replacing solvent molecule)
Placed Na+ in COMPLEX at (-15.22, 0.57, -5.09).
(Replacing solvent molecule)
Placed Na+ in COMPLEX at (20.89, -16.95, -5.50).

Done adding ions.
> addions COMPLEX Cl- 10
Adding 10 counter ions to "COMPLEX" using 1A grid
Total solute charge:  10.00  Max atom radius:   2.02
Grid extends from solute vdw + 5.25  to  11.27
Box:
   enclosing:  -26.49 -28.22 -24.63   32.16 23.59 30.67
   sized:			      37.51 35.78 39.37
   edge:        64.00
Resolution:      1.00 Angstrom.
Tree depth: 6
Volume = 13.07% of box, grid points 34263
Solvent present: replacing closest with ion
	 when steric overlaps occur
Calculating grid charges
(Replacing solvent molecule)
Placed Cl- in COMPLEX at (15.48, 0.97, 0.88).
(Replacing solvent molecule)
Placed Cl- in COMPLEX at (-2.34, -11.93, -17.16).
(Replacing solvent molecule)
Placed Cl- in COMPLEX at (-16.94, 5.09, -1.11).
(Replacing solvent molecule)
Placed Cl- in COMPLEX at (-9.08, -9.26, 12.36).
(Replacing solvent molecule)
Placed Cl- in COMPLEX at (13.19, -14.86, -1.30).
(Replacing solvent molecule)
Placed Cl- in COMPLEX at (11.29, 1.96, -13.98).
(Replacing solvent molecule)
Placed Cl- in COMPLEX at (-0.69, 9.07, 18.21).
(Replacing solvent molecule)
Placed Cl- in COMPLEX at (-13.73, -3.53, -9.52).
(Replacing solvent molecule)
Placed Cl- in COMPLEX at (19.63, 9.58, 6.50).
(Replacing solvent molecule)
Placed Cl- in COMPLEX at (-12.43, 1.83, 18.08).

Done adding ions.
> saveamberparm COMPLEX ./divided-files/2hb1/2hb1.top ./divided-files/2hb1/2hb1.crd
Checking Unit.

/home/johann/miniconda3/bin/teLeap: Note.
Ignoring the warnings from Unit Checking.

Building topology.
Building atom parameters.
Building bond parameters.
Building angle parameters.
Building proper torsion parameters.
Building improper torsion parameters.
 total 168 improper torsions applied
Building H-Bond parameters.
Incorporating Non-Bonded adjustments.
Not Marking per-residue atom chain types.
Marking per-residue atom chain types.
  (Residues lacking connect0/connect1 - 
   these don't have chain types marked:

	res	total affected

	LIG	1
  )
 (no restraints)
> savepdb COMPLEX ./divided-files/2hb1/2hb1ti.pdb
Writing pdb file: ./divided-files/2hb1/2hb1ti.pdb
   printing CRYST1 record to PDB file with box info
 quit
	Quit

Exiting LEaP: Errors = 0; Warnings = 0; Notes = 1.
log started: Fri Jun  6 11:54:59 2025

Log file: ./leap.log
>> #
>> # ----- leaprc for loading the ff19SB force field
>> # ----- NOTE: this is designed for PDB format 3!
>> #
>> #	load atom type hybridizations
>> #
>> addAtomTypes {
>> 	{ "H"   "H" "sp3" }
>> 	{ "HO"  "H" "sp3" }
>> 	{ "HS"  "H" "sp3" }
>> 	{ "H1"  "H" "sp3" }
>> 	{ "H2"  "H" "sp3" }
>> 	{ "H3"  "H" "sp3" }
>> 	{ "H4"  "H" "sp3" }
>> 	{ "H5"  "H" "sp3" }
>> 	{ "HW"  "H" "sp3" }
>> 	{ "HC"  "H" "sp3" }
>> 	{ "HA"  "H" "sp3" }
>> 	{ "HP"  "H" "sp3" }
>> 	{ "HZ"  "H" "sp3" }
>> 	{ "OH"  "O" "sp3" }
>> 	{ "OS"  "O" "sp3" }
>> 	{ "O"   "O" "sp2" }
>> 	{ "O2"  "O" "sp2" }
>> 	{ "OP"  "O" "sp2" }
>> 	{ "OW"  "O" "sp3" }
>> 	{ "CT"  "C" "sp3" }
>> 	{ "CX"  "C" "sp3" }
>> 	{ "XC"  "C" "sp3" }
>> 	{ "C8"  "C" "sp3" }
>> 	{ "2C"  "C" "sp3" }
>> 	{ "3C"  "C" "sp3" }
>> 	{ "CH"  "C" "sp3" }
>> 	{ "CS"  "C" "sp2" }
>> 	{ "C"   "C" "sp2" }
>> 	{ "CO"   "C" "sp2" }
>> 	{ "C*"  "C" "sp2" }
>> 	{ "CA"  "C" "sp2" }
>> 	{ "CB"  "C" "sp2" }
>> 	{ "CC"  "C" "sp2" }
>> 	{ "CN"  "C" "sp2" }
>> 	{ "CM"  "C" "sp2" }
>> 	{ "CK"  "C" "sp2" }
>> 	{ "CQ"  "C" "sp2" }
>> 	{ "CD"  "C" "sp2" }
>> 	{ "C5"  "C" "sp2" }
>> 	{ "C4"  "C" "sp2" }
>> 	{ "CP"  "C" "sp2" }
>> 	{ "CI"  "C" "sp3" }
>> 	{ "CJ"  "C" "sp2" }
>> 	{ "CW"  "C" "sp2" }
>> 	{ "CV"  "C" "sp2" }
>> 	{ "CR"  "C" "sp2" }
>> 	{ "CA"  "C" "sp2" }
>> 	{ "CY"  "C" "sp2" }
>> 	{ "C0"  "Ca" "sp3" }
>> 	{ "MG"  "Mg" "sp3" }
>> 	{ "N"   "N" "sp2" }
>> 	{ "NA"  "N" "sp2" }
>> 	{ "N2"  "N" "sp2" }
>> 	{ "N*"  "N" "sp2" }
>> 	{ "NP"  "N" "sp2" }
>> 	{ "NQ"  "N" "sp2" }
>> 	{ "NB"  "N" "sp2" }
>> 	{ "NC"  "N" "sp2" }
>> 	{ "NT"  "N" "sp3" }
>> 	{ "NY"  "N" "sp2" }
>> 	{ "N3"  "N" "sp3" }
>> 	{ "S"   "S" "sp3" }
>> 	{ "SH"  "S" "sp3" }
>> 	{ "P"   "P" "sp3" }
>> 	{ "LP"  ""  "sp3" }
>> 	{ "EP"  ""  "sp3" }
>> 	{ "F"   "F" "sp3" }
>> 	{ "Cl"  "Cl" "sp3" }
>> 	{ "Br"  "Br" "sp3" }
>> 	{ "I"   "I"  "sp3" }
>> }
>> #
>> #	Load the main parameter set.
>> #
>> set default cmap on
>> parm19 = loadamberparams parm19.dat
Loading parameters: /home/johann/miniconda3/dat/leap/parm/parm19.dat
Reading title:
PARM99 + frcmod.ff99SB + frcmod.parmbsc0 + OL3 for RNA + ff19SB
(UNKNOWN ATOM TYPE: Zn)
(UNKNOWN ATOM TYPE: EP)
>> frcmod19SB = loadamberparams frcmod.ff19SB
Loading parameters: /home/johann/miniconda3/dat/leap/parm/frcmod.ff19SB
Reading force field modification type file (frcmod)
Reading title:
ff19SB AA-specific backbone CMAPs for protein 07/25/2019
>> #
>> #	Load main chain and terminating amino acid libraries
>> #
>> loadOff amino19.lib
Loading library: /home/johann/miniconda3/dat/leap/lib/amino19.lib
Loading: ALA
Loading: ARG
Loading: ASH
Loading: ASN
Loading: ASP
Loading: CYM
Loading: CYS
Loading: CYX
Loading: GLH
Loading: GLN
Loading: GLU
Loading: GLY
Loading: HID
Loading: HIE
Loading: HIP
Loading: HYP
Loading: ILE
Loading: LEU
Loading: LYN
Loading: LYS
Loading: MET
Loading: PHE
Loading: PRO
Loading: SER
Loading: THR
Loading: TRP
Loading: TYR
Loading: VAL
>> loadOff aminoct12.lib
Loading library: /home/johann/miniconda3/dat/leap/lib/aminoct12.lib
Loading: CALA
Loading: CARG
Loading: CASN
Loading: CASP
Loading: CCYS
Loading: CCYX
Loading: CGLN
Loading: CGLU
Loading: CGLY
Loading: CHID
Loading: CHIE
Loading: CHIP
Loading: CHYP
Loading: CILE
Loading: CLEU
Loading: CLYS
Loading: CMET
Loading: CPHE
Loading: CPRO
Loading: CSER
Loading: CTHR
Loading: CTRP
Loading: CTYR
Loading: CVAL
Loading: NHE
Loading: NME
>> loadOff aminont12.lib
Loading library: /home/johann/miniconda3/dat/leap/lib/aminont12.lib
Loading: ACE
Loading: NALA
Loading: NARG
Loading: NASN
Loading: NASP
Loading: NCYS
Loading: NCYX
Loading: NGLN
Loading: NGLU
Loading: NGLY
Loading: NHID
Loading: NHIE
Loading: NHIP
Loading: NILE
Loading: NLEU
Loading: NLYS
Loading: NMET
Loading: NPHE
Loading: NPRO
Loading: NSER
Loading: NTHR
Loading: NTRP
Loading: NTYR
Loading: NVAL
>> 
>> #
>> #	Define the PDB name map for the amino acids
>> #
>> addPdbResMap {
>>   { 0 "HYP" "NHYP" } { 1 "HYP" "CHYP" }
>>   { 0 "ALA" "NALA" } { 1 "ALA" "CALA" }
>>   { 0 "ARG" "NARG" } { 1 "ARG" "CARG" }
>>   { 0 "ASN" "NASN" } { 1 "ASN" "CASN" }
>>   { 0 "ASP" "NASP" } { 1 "ASP" "CASP" }
>>   { 0 "CYS" "NCYS" } { 1 "CYS" "CCYS" }
>>   { 0 "CYX" "NCYX" } { 1 "CYX" "CCYX" }
>>   { 0 "GLN" "NGLN" } { 1 "GLN" "CGLN" }
>>   { 0 "GLU" "NGLU" } { 1 "GLU" "CGLU" }
>>   { 0 "GLY" "NGLY" } { 1 "GLY" "CGLY" }
>>   { 0 "HID" "NHID" } { 1 "HID" "CHID" }
>>   { 0 "HIE" "NHIE" } { 1 "HIE" "CHIE" }
>>   { 0 "HIP" "NHIP" } { 1 "HIP" "CHIP" }
>>   { 0 "ILE" "NILE" } { 1 "ILE" "CILE" }
>>   { 0 "LEU" "NLEU" } { 1 "LEU" "CLEU" }
>>   { 0 "LYS" "NLYS" } { 1 "LYS" "CLYS" }
>>   { 0 "MET" "NMET" } { 1 "MET" "CMET" }
>>   { 0 "PHE" "NPHE" } { 1 "PHE" "CPHE" }
>>   { 0 "PRO" "NPRO" } { 1 "PRO" "CPRO" }
>>   { 0 "SER" "NSER" } { 1 "SER" "CSER" }
>>   { 0 "THR" "NTHR" } { 1 "THR" "CTHR" }
>>   { 0 "TRP" "NTRP" } { 1 "TRP" "CTRP" }
>>   { 0 "TYR" "NTYR" } { 1 "TYR" "CTYR" }
>>   { 0 "VAL" "NVAL" } { 1 "VAL" "CVAL" }
>>   { 0 "HIS" "NHIS" } { 1 "HIS" "CHIS" }
>> }
>> 
>> #
>> # assume that most often proteins use HIE
>> #
>> NHIS = NHIE
>> HIS = HIE
>> CHIS = CHIE
> 
> source leaprc.gaff
----- Source: /home/johann/miniconda3/dat/leap/cmd/leaprc.gaff
----- Source of /home/johann/miniconda3/dat/leap/cmd/leaprc.gaff done
>> logFile leap.log
log started: Fri Jun  6 11:54:59 2025

Log file: ./leap.log
>> #
>> # ----- leaprc for loading the general Amber Force field.
>> #       This file is mostly for use with Antechamber
>> #
>> #	load atom type hybridizations
>> #
>> addAtomTypes {
>> 	{ "h1"  "H" "sp3" }
>> 	{ "h2"  "H" "sp3" }
>> 	{ "h3"  "H" "sp3" }
>> 	{ "h4"  "H" "sp3" }
>> 	{ "h5"  "H" "sp3" }
>> 	{ "ha"  "H" "sp3" }
>> 	{ "hc"  "H" "sp3" }
>> 	{ "hn"  "H" "sp3" }
>> 	{ "ho"  "H" "sp3" }
>> 	{ "hp"  "H" "sp3" }
>> 	{ "hs"  "H" "sp3" }
>> 	{ "hw"  "H" "sp3" }
>> 	{ "hx"  "H" "sp3" }
>> 	{ "o"  "O" "sp2" }
>> 	{ "o2"  "O" "sp2" }
>> 	{ "oh"  "O" "sp3" }
>> 	{ "op"  "O" "sp3" }
>> 	{ "oq"  "O" "sp3" }
>> 	{ "os"  "O" "sp3" }
>> 	{ "ow"  "O" "sp3" }
>> 	{ "c"  "C" "sp2" }
>> 	{ "c1"  "C" "sp2" }
>> 	{ "c2"  "C" "sp2" }
>> 	{ "c3"  "C" "sp3" }
>> 	{ "ca"  "C" "sp2" }
>> 	{ "cc"  "C" "sp2" }
>> 	{ "cd"  "C" "sp2" }
>> 	{ "ce"  "C" "sp2" }
>> 	{ "cf"  "C" "sp2" }
>> 	{ "cg"  "C" "sp2" }
>> 	{ "ch"  "C" "sp2" }
>> 	{ "cp"  "C" "sp2" }
>> 	{ "cq"  "C" "sp2" }
>> 	{ "cu"  "C" "sp2" }
>> 	{ "cv"  "C" "sp2" }
>> 	{ "cx"  "C" "sp2" }
>> 	{ "cy"  "C" "sp2" }
>> 	{ "cz"  "C" "sp2" }
>> 	{ "n"   "N" "sp2" }
>> 	{ "n1"  "N" "sp2" }
>> 	{ "n2"  "N" "sp2" }
>> 	{ "n3"  "N" "sp3" }
>> 	{ "n4"  "N" "sp3" }
>> 	{ "na"  "N" "sp2" }
>> 	{ "nb"  "N" "sp2" }
>> 	{ "nc"  "N" "sp2" }
>> 	{ "nd"  "N" "sp2" }
>> 	{ "ne"  "N" "sp2" }
>> 	{ "nf"  "N" "sp2" }
>> 	{ "nh"  "N" "sp2" }
>> 	{ "ni"  "N" "sp2" }
>> 	{ "nj"  "N" "sp2" }
>> 	{ "nk"  "N" "sp3" }
>> 	{ "nl"  "N" "sp3" }
>> 	{ "nm"  "N" "sp2" }
>> 	{ "nn"  "N" "sp2" }
>> 	{ "no"  "N" "sp2" }
>> 	{ "np"  "N" "sp3" }
>> 	{ "nq"  "N" "sp3" }
>> 	{ "s"   "S" "sp2" }
>> 	{ "s2"   "S" "sp2" }
>> 	{ "s3"   "S" "sp3" }
>> 	{ "s4"   "S" "sp3" }
>> 	{ "s6"   "S" "sp3" }
>> 	{ "sh"   "S" "sp3" }
>> 	{ "sp"   "S" "sp3" }
>> 	{ "sq"   "S" "sp3" }
>> 	{ "ss"   "S" "sp3" }
>> 	{ "sx"   "S" "sp3" }
>> 	{ "sy"   "S" "sp3" }
>> 	{ "p2"   "P" "sp2" }
>> 	{ "p3"   "P" "sp3" }
>> 	{ "p4"   "P" "sp3" }
>> 	{ "p5"   "P" "sp3" }
>> 	{ "pb"   "P" "sp3" }
>> 	{ "pc"   "P" "sp3" }
>> 	{ "pd"   "P" "sp3" }
>> 	{ "pe"   "P" "sp3" }
>> 	{ "pf"   "P" "sp3" }
>> 	{ "px"   "P" "sp3" }
>> 	{ "py"   "P" "sp3" }
>> 	{ "f"   "F" "sp3" }
>> 	{ "cl"  "Cl" "sp3" }
>> 	{ "br"  "Br" "sp3" }
>> 	{ "i"   "I"  "sp3" }
>> }
>> #
>> #	Load the general force field parameter set.
>> #
>> gaff = loadamberparams gaff.dat
Loading parameters: /home/johann/miniconda3/dat/leap/parm/gaff.dat
Reading title:
AMBER General Force Field for organic molecules (Version 1.81, May 2017)
> 
> loadamberparams ./divided-files/2iwx/LIGAND.frcmod
Loading parameters: ./divided-files/2iwx/LIGAND.frcmod
Reading force field modification type file (frcmod)
Reading title:
Remark line goes here
> LIG = loadmol2 ./divided-files/2iwx/LIGAND.mol2
Loading Mol2 file: ./divided-files/2iwx/LIGAND.mol2
Reading MOLECULE named M1S
> PROT = loadpdb ./divided-files/2iwx/PROTEIN.pdb
Loading PDB file: ./divided-files/2iwx/PROTEIN.pdb
Matching PDB residue names to LEaP variables.
  Added missing heavy atom: .R<ACE 29>.A<CH3 2>
  Added missing heavy atom: .R<NME 46>.A<C 3>
  Added missing heavy atom: .R<ACE 47>.A<CH3 2>
  Added missing heavy atom: .R<NME 49>.A<C 3>
  Added missing heavy atom: .R<ACE 50>.A<CH3 2>
  Added missing heavy atom: .R<NME 52>.A<C 3>
  Added missing heavy atom: .R<ACE 53>.A<CH3 2>
  Added missing heavy atom: .R<NME 63>.A<C 3>
  Added missing heavy atom: .R<ACE 64>.A<CH3 2>
  Added missing heavy atom: .R<NME 71>.A<C 3>
  Added missing heavy atom: .R<ACE 72>.A<CH3 2>
  Added missing heavy atom: .R<NME 76>.A<C 3>
  Added missing heavy atom: .R<ACE 77>.A<CH3 2>
  Added missing heavy atom: .R<NME 79>.A<C 3>
  Added missing heavy atom: .R<ACE 80>.A<CH3 2>
  Added missing heavy atom: .R<NME 88>.A<C 3>
  Added missing heavy atom: .R<ACE 89>.A<CH3 2>
  Added missing heavy atom: .R<NME 97>.A<C 3>
  Added missing heavy atom: .R<ACE 98>.A<CH3 2>
  Added missing heavy atom: .R<NME 108>.A<C 3>
  total atoms in file: 982
  Leap added 80 missing atoms according to residue templates:
       20 Heavy
       60 H / lone pairs
> COMPLEX = combine {PROT LIG}
  Sequence: default_name
  Sequence: M1S
> source leaprc.water.opc
----- Source: /home/johann/miniconda3/dat/leap/cmd/leaprc.water.opc
----- Source of /home/johann/miniconda3/dat/leap/cmd/leaprc.water.opc done
>> #
>> #  Load OPC water model and ions for OPC + Li/Merz ion parameters
>> #  (-1 to +4, 12-6 normal usage set)
>> # 
>> addAtomTypes {
>> 	{ "F-"   "F" "sp3" }
>> 	{ "Cl-"  "Cl" "sp3" }
>> 	{ "Br-"  "Br" "sp3" }
>> 	{ "I-"   "I"  "sp3" }
>> 	{ "Li+"  "Li"  "sp3" }
>> 	{ "Na+"  "Na"  "sp3" }
>> 	{ "K+"  "K"  "sp3" }
>> 	{ "Rb+"  "Rb"  "sp3" }
>> 	{ "Cs+"  "Cs"  "sp3" }
>> 	{ "Mg+"  "Mg"  "sp3" }
>>     { "Tl+"  "Tl"  "sp3" }
>>     { "Cu+"  "Cu"  "sp3" }
>>     { "Ag+"  "Ag"  "sp3" }
>>     { "Be2+" "Be"  "sp3" }
>>     { "Cu2+" "Cu"  "sp3" }
>>     { "Ni2+" "Ni"  "sp3" }
>>     { "Pt2+" "Pt"  "sp3" }
>>     { "Zn2+" "Zn"  "sp3" }
>>     { "Co2+" "Co"  "sp3" }
>>     { "Pd2+" "Pd"  "sp3" }
>>     { "Ag2+" "Ag"  "sp3" }
>>     { "Cr2+" "Cr"  "sp3" }
>>     { "Fe2+" "Fe"  "sp3" }
>>     { "Mg2+" "Mg"  "sp3" }
>>     { "V2+"  "V"   "sp3" }
>>     { "Mn2+" "Mn"  "sp3" }
>>     { "Hg2+" "Hg"  "sp3" }
>>     { "Cd2+" "Cd"  "sp3" }
>>     { "Yb2+" "Yb"  "sp3" }
>>     { "Ca2+" "Ca"  "sp3" }
>>     { "Sn2+" "Sn"  "sp3" }
>>     { "Pb2+" "Pb"  "sp3" }
>>     { "Eu2+" "Eu"  "sp3" }
>>     { "Sr2+" "Sr"  "sp3" }
>>     { "Sm2+" "Sm"  "sp3" }
>>     { "Ba2+" "Ba"  "sp3" }
>>     { "Ra2+" "Ra"  "sp3" }
>>     { "Al3+" "Al"  "sp3" }
>>     { "Fe3+" "Fe"  "sp3" }
>>     { "Cr3+" "Cr"  "sp3" }
>>     { "In3+" "In"  "sp3" }
>>     { "Tl3+" "Tl"  "sp3" }
>>     { "Y3+"  "Y"   "sp3" }
>>     { "La3+" "La"  "sp3" }
>>     { "Ce3+" "Ce"  "sp3" }
>>     { "Pr3+" "Pr"  "sp3" }
>>     { "Nd3+" "Nd"  "sp3" }
>>     { "Sm3+" "Sm"  "sp3" }
>>     { "Eu3+" "Eu"  "sp3" }
>>     { "Gd3+" "Gd"  "sp3" }
>>     { "Tb3+" "Tb"  "sp3" }
>>     { "Dy3+" "Dy"  "sp3" }
>>     { "Er3+" "Er"  "sp3" }
>>     { "Tm3+" "Tm"  "sp3" }
>>     { "Lu3+" "Lu"  "sp3" }
>>     { "Hf4+" "Hf"  "sp3" }
>>     { "Zr4+" "Zr"  "sp3" }
>>     { "Ce4+" "Ce"  "sp3" }
>>     { "U4+"  "U"   "sp3" }
>>     { "Pu4+" "Pu"  "sp3" }
>>     { "Th4+" "Th"  "sp3" }
>>     { "OW"   "O"   "sp3" }
>>     { "HW"   "H"   "sp3" }
>>     { "EP"   ""    "sp3" }
>> }
>> loadOff atomic_ions.lib
Loading library: /home/johann/miniconda3/dat/leap/lib/atomic_ions.lib
Loading: AG
Loading: AL
Loading: Ag
Loading: BA
Loading: BR
Loading: Be
Loading: CA
Loading: CD
Loading: CE
Loading: CL
Loading: CO
Loading: CR
Loading: CS
Loading: CU
Loading: CU1
Loading: Ce
Loading: Cl-
Loading: Cr
Loading: Dy
Loading: EU
Loading: EU3
Loading: Er
Loading: F
Loading: FE
Loading: FE2
Loading: GD3
Loading: H3O+
Loading: HE+
Loading: HG
Loading: HZ+
Loading: Hf
Loading: IN
Loading: IOD
Loading: K
Loading: K+
Loading: LA
Loading: LI
Loading: LU
Loading: MG
Loading: MN
Loading: NA
Loading: NH4
Loading: NI
Loading: Na+
Loading: Nd
Loading: PB
Loading: PD
Loading: PR
Loading: PT
Loading: Pu
Loading: RB
Loading: Ra
Loading: SM
Loading: SR
Loading: Sm
Loading: Sn
Loading: TB
Loading: TL
Loading: Th
Loading: Tl
Loading: Tm
Loading: U4+
Loading: V2+
Loading: Y
Loading: YB2
Loading: ZN
Loading: Zr
>> loadOff solvents.lib
Loading library: /home/johann/miniconda3/dat/leap/lib/solvents.lib
Loading: CHCL3BOX
Loading: DC4
Loading: FB3
Loading: FB3BOX
Loading: FB4
Loading: FB4BOX
Loading: MEOHBOX
Loading: NMABOX
Loading: O3P
Loading: OP3
Loading: OPC
Loading: OPC3BOX
Loading: OPC3POLBOX
Loading: OPCBOX
Loading: PL3
Loading: POL3BOX
Loading: QSPCFWBOX
Loading: SPC
Loading: SPCBOX
Loading: SPCFWBOX
Loading: SPF
Loading: SPG
Loading: T4E
Loading: TIP3PBOX
Loading: TIP3PFBOX
Loading: TIP4PBOX
Loading: TIP4PEWBOX
Loading: TIP5PBOX
Loading: TP3
Loading: TP4
Loading: TP5
Loading: TPF
>> HOH = OPC
>> WAT = OPC
>> loadAmberParams frcmod.opc
Loading parameters: /home/johann/miniconda3/dat/leap/parm/frcmod.opc
Reading force field modification type file (frcmod)
Reading title:
Parameters for OPC water (JPCL, 2014, 5 (21), pp 3863-3871)
(UNKNOWN ATOM TYPE: EP)
>> loadAmberParams frcmod.ionslm_126_opc
Loading parameters: /home/johann/miniconda3/dat/leap/parm/frcmod.ionslm_126_opc
Reading force field modification type file (frcmod)
Reading title:
Li/Merz ion parameters of atomic ions for the OPC water model (12-6 set)
>> 
> 
> solvateOct COMPLEX OPCBOX 10
Scaling up box by a factor of 1.404886 to meet diagonal cut criterion
  Solute vdw bounding box:              35.315 33.244 31.722
  Total bounding box for atom centers:  63.413 63.413 63.413
      (box expansion for 'iso' is   9.6%)
  Solvent unit box:                     18.865 18.478 19.006
The number of boxes:  x= 4  y= 4  z= 4
  Volume: 133627.128 A^3 (oct)
  Total mass 69039.034 amu,  Density 0.858 g/cc
  Added 3414 residues.
> saveamberparm COMPLEX ./divided-files/2iwx/2iwx.top ./divided-files/2iwx/2iwx.crd
Checking Unit.

/home/johann/miniconda3/bin/teLeap: Warning!
The unperturbed charge of the unit (3.000000) is not zero.

/home/johann/miniconda3/bin/teLeap: Note.
Ignoring the warnings from Unit Checking.

Building topology.
Building atom parameters.
Building bond parameters.
Building angle parameters.
Building proper torsion parameters.
Building improper torsion parameters.
 total 197 improper torsions applied
Building H-Bond parameters.
Incorporating Non-Bonded adjustments.
Not Marking per-residue atom chain types.
Marking per-residue atom chain types.
  (Residues lacking connect0/connect1 - 
   these don't have chain types marked:

	res	total affected

	M1S	1
  )
 (no restraints)
> savepdb COMPLEX ./divided-files/2iwx/2iwxt.pdb
Writing pdb file: ./divided-files/2iwx/2iwxt.pdb
   printing CRYST1 record to PDB file with box info
 quit
	Quit

Exiting LEaP: Errors = 0; Warnings = 1; Notes = 1.
log started: Fri Jun  6 11:56:37 2025

Log file: ./leap.log
>> #
>> # ----- leaprc for loading the ff19SB force field
>> # ----- NOTE: this is designed for PDB format 3!
>> #
>> #	load atom type hybridizations
>> #
>> addAtomTypes {
>> 	{ "H"   "H" "sp3" }
>> 	{ "HO"  "H" "sp3" }
>> 	{ "HS"  "H" "sp3" }
>> 	{ "H1"  "H" "sp3" }
>> 	{ "H2"  "H" "sp3" }
>> 	{ "H3"  "H" "sp3" }
>> 	{ "H4"  "H" "sp3" }
>> 	{ "H5"  "H" "sp3" }
>> 	{ "HW"  "H" "sp3" }
>> 	{ "HC"  "H" "sp3" }
>> 	{ "HA"  "H" "sp3" }
>> 	{ "HP"  "H" "sp3" }
>> 	{ "HZ"  "H" "sp3" }
>> 	{ "OH"  "O" "sp3" }
>> 	{ "OS"  "O" "sp3" }
>> 	{ "O"   "O" "sp2" }
>> 	{ "O2"  "O" "sp2" }
>> 	{ "OP"  "O" "sp2" }
>> 	{ "OW"  "O" "sp3" }
>> 	{ "CT"  "C" "sp3" }
>> 	{ "CX"  "C" "sp3" }
>> 	{ "XC"  "C" "sp3" }
>> 	{ "C8"  "C" "sp3" }
>> 	{ "2C"  "C" "sp3" }
>> 	{ "3C"  "C" "sp3" }
>> 	{ "CH"  "C" "sp3" }
>> 	{ "CS"  "C" "sp2" }
>> 	{ "C"   "C" "sp2" }
>> 	{ "CO"   "C" "sp2" }
>> 	{ "C*"  "C" "sp2" }
>> 	{ "CA"  "C" "sp2" }
>> 	{ "CB"  "C" "sp2" }
>> 	{ "CC"  "C" "sp2" }
>> 	{ "CN"  "C" "sp2" }
>> 	{ "CM"  "C" "sp2" }
>> 	{ "CK"  "C" "sp2" }
>> 	{ "CQ"  "C" "sp2" }
>> 	{ "CD"  "C" "sp2" }
>> 	{ "C5"  "C" "sp2" }
>> 	{ "C4"  "C" "sp2" }
>> 	{ "CP"  "C" "sp2" }
>> 	{ "CI"  "C" "sp3" }
>> 	{ "CJ"  "C" "sp2" }
>> 	{ "CW"  "C" "sp2" }
>> 	{ "CV"  "C" "sp2" }
>> 	{ "CR"  "C" "sp2" }
>> 	{ "CA"  "C" "sp2" }
>> 	{ "CY"  "C" "sp2" }
>> 	{ "C0"  "Ca" "sp3" }
>> 	{ "MG"  "Mg" "sp3" }
>> 	{ "N"   "N" "sp2" }
>> 	{ "NA"  "N" "sp2" }
>> 	{ "N2"  "N" "sp2" }
>> 	{ "N*"  "N" "sp2" }
>> 	{ "NP"  "N" "sp2" }
>> 	{ "NQ"  "N" "sp2" }
>> 	{ "NB"  "N" "sp2" }
>> 	{ "NC"  "N" "sp2" }
>> 	{ "NT"  "N" "sp3" }
>> 	{ "NY"  "N" "sp2" }
>> 	{ "N3"  "N" "sp3" }
>> 	{ "S"   "S" "sp3" }
>> 	{ "SH"  "S" "sp3" }
>> 	{ "P"   "P" "sp3" }
>> 	{ "LP"  ""  "sp3" }
>> 	{ "EP"  ""  "sp3" }
>> 	{ "F"   "F" "sp3" }
>> 	{ "Cl"  "Cl" "sp3" }
>> 	{ "Br"  "Br" "sp3" }
>> 	{ "I"   "I"  "sp3" }
>> }
>> #
>> #	Load the main parameter set.
>> #
>> set default cmap on
>> parm19 = loadamberparams parm19.dat
Loading parameters: /home/johann/miniconda3/dat/leap/parm/parm19.dat
Reading title:
PARM99 + frcmod.ff99SB + frcmod.parmbsc0 + OL3 for RNA + ff19SB
(UNKNOWN ATOM TYPE: Zn)
(UNKNOWN ATOM TYPE: EP)
>> frcmod19SB = loadamberparams frcmod.ff19SB
Loading parameters: /home/johann/miniconda3/dat/leap/parm/frcmod.ff19SB
Reading force field modification type file (frcmod)
Reading title:
ff19SB AA-specific backbone CMAPs for protein 07/25/2019
>> #
>> #	Load main chain and terminating amino acid libraries
>> #
>> loadOff amino19.lib
Loading library: /home/johann/miniconda3/dat/leap/lib/amino19.lib
Loading: ALA
Loading: ARG
Loading: ASH
Loading: ASN
Loading: ASP
Loading: CYM
Loading: CYS
Loading: CYX
Loading: GLH
Loading: GLN
Loading: GLU
Loading: GLY
Loading: HID
Loading: HIE
Loading: HIP
Loading: HYP
Loading: ILE
Loading: LEU
Loading: LYN
Loading: LYS
Loading: MET
Loading: PHE
Loading: PRO
Loading: SER
Loading: THR
Loading: TRP
Loading: TYR
Loading: VAL
>> loadOff aminoct12.lib
Loading library: /home/johann/miniconda3/dat/leap/lib/aminoct12.lib
Loading: CALA
Loading: CARG
Loading: CASN
Loading: CASP
Loading: CCYS
Loading: CCYX
Loading: CGLN
Loading: CGLU
Loading: CGLY
Loading: CHID
Loading: CHIE
Loading: CHIP
Loading: CHYP
Loading: CILE
Loading: CLEU
Loading: CLYS
Loading: CMET
Loading: CPHE
Loading: CPRO
Loading: CSER
Loading: CTHR
Loading: CTRP
Loading: CTYR
Loading: CVAL
Loading: NHE
Loading: NME
>> loadOff aminont12.lib
Loading library: /home/johann/miniconda3/dat/leap/lib/aminont12.lib
Loading: ACE
Loading: NALA
Loading: NARG
Loading: NASN
Loading: NASP
Loading: NCYS
Loading: NCYX
Loading: NGLN
Loading: NGLU
Loading: NGLY
Loading: NHID
Loading: NHIE
Loading: NHIP
Loading: NILE
Loading: NLEU
Loading: NLYS
Loading: NMET
Loading: NPHE
Loading: NPRO
Loading: NSER
Loading: NTHR
Loading: NTRP
Loading: NTYR
Loading: NVAL
>> 
>> #
>> #	Define the PDB name map for the amino acids
>> #
>> addPdbResMap {
>>   { 0 "HYP" "NHYP" } { 1 "HYP" "CHYP" }
>>   { 0 "ALA" "NALA" } { 1 "ALA" "CALA" }
>>   { 0 "ARG" "NARG" } { 1 "ARG" "CARG" }
>>   { 0 "ASN" "NASN" } { 1 "ASN" "CASN" }
>>   { 0 "ASP" "NASP" } { 1 "ASP" "CASP" }
>>   { 0 "CYS" "NCYS" } { 1 "CYS" "CCYS" }
>>   { 0 "CYX" "NCYX" } { 1 "CYX" "CCYX" }
>>   { 0 "GLN" "NGLN" } { 1 "GLN" "CGLN" }
>>   { 0 "GLU" "NGLU" } { 1 "GLU" "CGLU" }
>>   { 0 "GLY" "NGLY" } { 1 "GLY" "CGLY" }
>>   { 0 "HID" "NHID" } { 1 "HID" "CHID" }
>>   { 0 "HIE" "NHIE" } { 1 "HIE" "CHIE" }
>>   { 0 "HIP" "NHIP" } { 1 "HIP" "CHIP" }
>>   { 0 "ILE" "NILE" } { 1 "ILE" "CILE" }
>>   { 0 "LEU" "NLEU" } { 1 "LEU" "CLEU" }
>>   { 0 "LYS" "NLYS" } { 1 "LYS" "CLYS" }
>>   { 0 "MET" "NMET" } { 1 "MET" "CMET" }
>>   { 0 "PHE" "NPHE" } { 1 "PHE" "CPHE" }
>>   { 0 "PRO" "NPRO" } { 1 "PRO" "CPRO" }
>>   { 0 "SER" "NSER" } { 1 "SER" "CSER" }
>>   { 0 "THR" "NTHR" } { 1 "THR" "CTHR" }
>>   { 0 "TRP" "NTRP" } { 1 "TRP" "CTRP" }
>>   { 0 "TYR" "NTYR" } { 1 "TYR" "CTYR" }
>>   { 0 "VAL" "NVAL" } { 1 "VAL" "CVAL" }
>>   { 0 "HIS" "NHIS" } { 1 "HIS" "CHIS" }
>> }
>> 
>> #
>> # assume that most often proteins use HIE
>> #
>> NHIS = NHIE
>> HIS = HIE
>> CHIS = CHIE
> 
> source leaprc.gaff
----- Source: /home/johann/miniconda3/dat/leap/cmd/leaprc.gaff
----- Source of /home/johann/miniconda3/dat/leap/cmd/leaprc.gaff done
>> logFile leap.log
log started: Fri Jun  6 11:56:37 2025

Log file: ./leap.log
>> #
>> # ----- leaprc for loading the general Amber Force field.
>> #       This file is mostly for use with Antechamber
>> #
>> #	load atom type hybridizations
>> #
>> addAtomTypes {
>> 	{ "h1"  "H" "sp3" }
>> 	{ "h2"  "H" "sp3" }
>> 	{ "h3"  "H" "sp3" }
>> 	{ "h4"  "H" "sp3" }
>> 	{ "h5"  "H" "sp3" }
>> 	{ "ha"  "H" "sp3" }
>> 	{ "hc"  "H" "sp3" }
>> 	{ "hn"  "H" "sp3" }
>> 	{ "ho"  "H" "sp3" }
>> 	{ "hp"  "H" "sp3" }
>> 	{ "hs"  "H" "sp3" }
>> 	{ "hw"  "H" "sp3" }
>> 	{ "hx"  "H" "sp3" }
>> 	{ "o"  "O" "sp2" }
>> 	{ "o2"  "O" "sp2" }
>> 	{ "oh"  "O" "sp3" }
>> 	{ "op"  "O" "sp3" }
>> 	{ "oq"  "O" "sp3" }
>> 	{ "os"  "O" "sp3" }
>> 	{ "ow"  "O" "sp3" }
>> 	{ "c"  "C" "sp2" }
>> 	{ "c1"  "C" "sp2" }
>> 	{ "c2"  "C" "sp2" }
>> 	{ "c3"  "C" "sp3" }
>> 	{ "ca"  "C" "sp2" }
>> 	{ "cc"  "C" "sp2" }
>> 	{ "cd"  "C" "sp2" }
>> 	{ "ce"  "C" "sp2" }
>> 	{ "cf"  "C" "sp2" }
>> 	{ "cg"  "C" "sp2" }
>> 	{ "ch"  "C" "sp2" }
>> 	{ "cp"  "C" "sp2" }
>> 	{ "cq"  "C" "sp2" }
>> 	{ "cu"  "C" "sp2" }
>> 	{ "cv"  "C" "sp2" }
>> 	{ "cx"  "C" "sp2" }
>> 	{ "cy"  "C" "sp2" }
>> 	{ "cz"  "C" "sp2" }
>> 	{ "n"   "N" "sp2" }
>> 	{ "n1"  "N" "sp2" }
>> 	{ "n2"  "N" "sp2" }
>> 	{ "n3"  "N" "sp3" }
>> 	{ "n4"  "N" "sp3" }
>> 	{ "na"  "N" "sp2" }
>> 	{ "nb"  "N" "sp2" }
>> 	{ "nc"  "N" "sp2" }
>> 	{ "nd"  "N" "sp2" }
>> 	{ "ne"  "N" "sp2" }
>> 	{ "nf"  "N" "sp2" }
>> 	{ "nh"  "N" "sp2" }
>> 	{ "ni"  "N" "sp2" }
>> 	{ "nj"  "N" "sp2" }
>> 	{ "nk"  "N" "sp3" }
>> 	{ "nl"  "N" "sp3" }
>> 	{ "nm"  "N" "sp2" }
>> 	{ "nn"  "N" "sp2" }
>> 	{ "no"  "N" "sp2" }
>> 	{ "np"  "N" "sp3" }
>> 	{ "nq"  "N" "sp3" }
>> 	{ "s"   "S" "sp2" }
>> 	{ "s2"   "S" "sp2" }
>> 	{ "s3"   "S" "sp3" }
>> 	{ "s4"   "S" "sp3" }
>> 	{ "s6"   "S" "sp3" }
>> 	{ "sh"   "S" "sp3" }
>> 	{ "sp"   "S" "sp3" }
>> 	{ "sq"   "S" "sp3" }
>> 	{ "ss"   "S" "sp3" }
>> 	{ "sx"   "S" "sp3" }
>> 	{ "sy"   "S" "sp3" }
>> 	{ "p2"   "P" "sp2" }
>> 	{ "p3"   "P" "sp3" }
>> 	{ "p4"   "P" "sp3" }
>> 	{ "p5"   "P" "sp3" }
>> 	{ "pb"   "P" "sp3" }
>> 	{ "pc"   "P" "sp3" }
>> 	{ "pd"   "P" "sp3" }
>> 	{ "pe"   "P" "sp3" }
>> 	{ "pf"   "P" "sp3" }
>> 	{ "px"   "P" "sp3" }
>> 	{ "py"   "P" "sp3" }
>> 	{ "f"   "F" "sp3" }
>> 	{ "cl"  "Cl" "sp3" }
>> 	{ "br"  "Br" "sp3" }
>> 	{ "i"   "I"  "sp3" }
>> }
>> #
>> #	Load the general force field parameter set.
>> #
>> gaff = loadamberparams gaff.dat
Loading parameters: /home/johann/miniconda3/dat/leap/parm/gaff.dat
Reading title:
AMBER General Force Field for organic molecules (Version 1.81, May 2017)
> 
> loadamberparams ./divided-files/2iwx/LIGAND.frcmod
Loading parameters: ./divided-files/2iwx/LIGAND.frcmod
Reading force field modification type file (frcmod)
Reading title:
Remark line goes here
> LIG = loadmol2 ./divided-files/2iwx/LIGAND.mol2
Loading Mol2 file: ./divided-files/2iwx/LIGAND.mol2
Reading MOLECULE named M1S
> PROT = loadpdb ./divided-files/2iwx/PROTEIN.pdb
Loading PDB file: ./divided-files/2iwx/PROTEIN.pdb
Matching PDB residue names to LEaP variables.
  Added missing heavy atom: .R<ACE 29>.A<CH3 2>
  Added missing heavy atom: .R<NME 46>.A<C 3>
  Added missing heavy atom: .R<ACE 47>.A<CH3 2>
  Added missing heavy atom: .R<NME 49>.A<C 3>
  Added missing heavy atom: .R<ACE 50>.A<CH3 2>
  Added missing heavy atom: .R<NME 52>.A<C 3>
  Added missing heavy atom: .R<ACE 53>.A<CH3 2>
  Added missing heavy atom: .R<NME 63>.A<C 3>
  Added missing heavy atom: .R<ACE 64>.A<CH3 2>
  Added missing heavy atom: .R<NME 71>.A<C 3>
  Added missing heavy atom: .R<ACE 72>.A<CH3 2>
  Added missing heavy atom: .R<NME 76>.A<C 3>
  Added missing heavy atom: .R<ACE 77>.A<CH3 2>
  Added missing heavy atom: .R<NME 79>.A<C 3>
  Added missing heavy atom: .R<ACE 80>.A<CH3 2>
  Added missing heavy atom: .R<NME 88>.A<C 3>
  Added missing heavy atom: .R<ACE 89>.A<CH3 2>
  Added missing heavy atom: .R<NME 97>.A<C 3>
  Added missing heavy atom: .R<ACE 98>.A<CH3 2>
  Added missing heavy atom: .R<NME 108>.A<C 3>
  total atoms in file: 982
  Leap added 80 missing atoms according to residue templates:
       20 Heavy
       60 H / lone pairs
> COMPLEX = combine {PROT LIG}
  Sequence: default_name
  Sequence: M1S
> source leaprc.water.opc
----- Source: /home/johann/miniconda3/dat/leap/cmd/leaprc.water.opc
----- Source of /home/johann/miniconda3/dat/leap/cmd/leaprc.water.opc done
>> #
>> #  Load OPC water model and ions for OPC + Li/Merz ion parameters
>> #  (-1 to +4, 12-6 normal usage set)
>> # 
>> addAtomTypes {
>> 	{ "F-"   "F" "sp3" }
>> 	{ "Cl-"  "Cl" "sp3" }
>> 	{ "Br-"  "Br" "sp3" }
>> 	{ "I-"   "I"  "sp3" }
>> 	{ "Li+"  "Li"  "sp3" }
>> 	{ "Na+"  "Na"  "sp3" }
>> 	{ "K+"  "K"  "sp3" }
>> 	{ "Rb+"  "Rb"  "sp3" }
>> 	{ "Cs+"  "Cs"  "sp3" }
>> 	{ "Mg+"  "Mg"  "sp3" }
>>     { "Tl+"  "Tl"  "sp3" }
>>     { "Cu+"  "Cu"  "sp3" }
>>     { "Ag+"  "Ag"  "sp3" }
>>     { "Be2+" "Be"  "sp3" }
>>     { "Cu2+" "Cu"  "sp3" }
>>     { "Ni2+" "Ni"  "sp3" }
>>     { "Pt2+" "Pt"  "sp3" }
>>     { "Zn2+" "Zn"  "sp3" }
>>     { "Co2+" "Co"  "sp3" }
>>     { "Pd2+" "Pd"  "sp3" }
>>     { "Ag2+" "Ag"  "sp3" }
>>     { "Cr2+" "Cr"  "sp3" }
>>     { "Fe2+" "Fe"  "sp3" }
>>     { "Mg2+" "Mg"  "sp3" }
>>     { "V2+"  "V"   "sp3" }
>>     { "Mn2+" "Mn"  "sp3" }
>>     { "Hg2+" "Hg"  "sp3" }
>>     { "Cd2+" "Cd"  "sp3" }
>>     { "Yb2+" "Yb"  "sp3" }
>>     { "Ca2+" "Ca"  "sp3" }
>>     { "Sn2+" "Sn"  "sp3" }
>>     { "Pb2+" "Pb"  "sp3" }
>>     { "Eu2+" "Eu"  "sp3" }
>>     { "Sr2+" "Sr"  "sp3" }
>>     { "Sm2+" "Sm"  "sp3" }
>>     { "Ba2+" "Ba"  "sp3" }
>>     { "Ra2+" "Ra"  "sp3" }
>>     { "Al3+" "Al"  "sp3" }
>>     { "Fe3+" "Fe"  "sp3" }
>>     { "Cr3+" "Cr"  "sp3" }
>>     { "In3+" "In"  "sp3" }
>>     { "Tl3+" "Tl"  "sp3" }
>>     { "Y3+"  "Y"   "sp3" }
>>     { "La3+" "La"  "sp3" }
>>     { "Ce3+" "Ce"  "sp3" }
>>     { "Pr3+" "Pr"  "sp3" }
>>     { "Nd3+" "Nd"  "sp3" }
>>     { "Sm3+" "Sm"  "sp3" }
>>     { "Eu3+" "Eu"  "sp3" }
>>     { "Gd3+" "Gd"  "sp3" }
>>     { "Tb3+" "Tb"  "sp3" }
>>     { "Dy3+" "Dy"  "sp3" }
>>     { "Er3+" "Er"  "sp3" }
>>     { "Tm3+" "Tm"  "sp3" }
>>     { "Lu3+" "Lu"  "sp3" }
>>     { "Hf4+" "Hf"  "sp3" }
>>     { "Zr4+" "Zr"  "sp3" }
>>     { "Ce4+" "Ce"  "sp3" }
>>     { "U4+"  "U"   "sp3" }
>>     { "Pu4+" "Pu"  "sp3" }
>>     { "Th4+" "Th"  "sp3" }
>>     { "OW"   "O"   "sp3" }
>>     { "HW"   "H"   "sp3" }
>>     { "EP"   ""    "sp3" }
>> }
>> loadOff atomic_ions.lib
Loading library: /home/johann/miniconda3/dat/leap/lib/atomic_ions.lib
Loading: AG
Loading: AL
Loading: Ag
Loading: BA
Loading: BR
Loading: Be
Loading: CA
Loading: CD
Loading: CE
Loading: CL
Loading: CO
Loading: CR
Loading: CS
Loading: CU
Loading: CU1
Loading: Ce
Loading: Cl-
Loading: Cr
Loading: Dy
Loading: EU
Loading: EU3
Loading: Er
Loading: F
Loading: FE
Loading: FE2
Loading: GD3
Loading: H3O+
Loading: HE+
Loading: HG
Loading: HZ+
Loading: Hf
Loading: IN
Loading: IOD
Loading: K
Loading: K+
Loading: LA
Loading: LI
Loading: LU
Loading: MG
Loading: MN
Loading: NA
Loading: NH4
Loading: NI
Loading: Na+
Loading: Nd
Loading: PB
Loading: PD
Loading: PR
Loading: PT
Loading: Pu
Loading: RB
Loading: Ra
Loading: SM
Loading: SR
Loading: Sm
Loading: Sn
Loading: TB
Loading: TL
Loading: Th
Loading: Tl
Loading: Tm
Loading: U4+
Loading: V2+
Loading: Y
Loading: YB2
Loading: ZN
Loading: Zr
>> loadOff solvents.lib
Loading library: /home/johann/miniconda3/dat/leap/lib/solvents.lib
Loading: CHCL3BOX
Loading: DC4
Loading: FB3
Loading: FB3BOX
Loading: FB4
Loading: FB4BOX
Loading: MEOHBOX
Loading: NMABOX
Loading: O3P
Loading: OP3
Loading: OPC
Loading: OPC3BOX
Loading: OPC3POLBOX
Loading: OPCBOX
Loading: PL3
Loading: POL3BOX
Loading: QSPCFWBOX
Loading: SPC
Loading: SPCBOX
Loading: SPCFWBOX
Loading: SPF
Loading: SPG
Loading: T4E
Loading: TIP3PBOX
Loading: TIP3PFBOX
Loading: TIP4PBOX
Loading: TIP4PEWBOX
Loading: TIP5PBOX
Loading: TP3
Loading: TP4
Loading: TP5
Loading: TPF
>> HOH = OPC
>> WAT = OPC
>> loadAmberParams frcmod.opc
Loading parameters: /home/johann/miniconda3/dat/leap/parm/frcmod.opc
Reading force field modification type file (frcmod)
Reading title:
Parameters for OPC water (JPCL, 2014, 5 (21), pp 3863-3871)
(UNKNOWN ATOM TYPE: EP)
>> loadAmberParams frcmod.ionslm_126_opc
Loading parameters: /home/johann/miniconda3/dat/leap/parm/frcmod.ionslm_126_opc
Reading force field modification type file (frcmod)
Reading title:
Li/Merz ion parameters of atomic ions for the OPC water model (12-6 set)
>> 
> 
> solvateOct COMPLEX OPCBOX 12
Scaling up box by a factor of 1.386368 to meet diagonal cut criterion
  Solute vdw bounding box:              35.315 33.244 31.722
  Total bounding box for atom centers:  68.588 68.588 68.588
      (box expansion for 'iso' is   8.8%)
  Solvent unit box:                     18.865 18.478 19.006
The number of boxes:  x= 4  y= 4  z= 4
  Volume: 168491.864 A^3 (oct)
  Total mass 88244.090 amu,  Density 0.870 g/cc
  Added 4480 residues.
> saveamberparm COMPLEX ./divided-files/2iwx/2iwx.top ./divided-files/2iwx/2iwx.crd
Checking Unit.

/home/johann/miniconda3/bin/teLeap: Warning!
The unperturbed charge of the unit (3.000000) is not zero.

/home/johann/miniconda3/bin/teLeap: Note.
Ignoring the warnings from Unit Checking.

Building topology.
Building atom parameters.
Building bond parameters.
Building angle parameters.
Building proper torsion parameters.
Building improper torsion parameters.
 total 197 improper torsions applied
Building H-Bond parameters.
Incorporating Non-Bonded adjustments.
Not Marking per-residue atom chain types.
Marking per-residue atom chain types.
  (Residues lacking connect0/connect1 - 
   these don't have chain types marked:

	res	total affected

	M1S	1
  )
 (no restraints)
> savepdb COMPLEX ./divided-files/2iwx/2iwxt.pdb
Writing pdb file: ./divided-files/2iwx/2iwxt.pdb
   printing CRYST1 record to PDB file with box info
 quit
	Quit

Exiting LEaP: Errors = 0; Warnings = 1; Notes = 1.
log started: Fri Jun  6 11:59:49 2025

Log file: ./leap.log
>> #
>> # ----- leaprc for loading the ff19SB force field
>> # ----- NOTE: this is designed for PDB format 3!
>> #
>> #	load atom type hybridizations
>> #
>> addAtomTypes {
>> 	{ "H"   "H" "sp3" }
>> 	{ "HO"  "H" "sp3" }
>> 	{ "HS"  "H" "sp3" }
>> 	{ "H1"  "H" "sp3" }
>> 	{ "H2"  "H" "sp3" }
>> 	{ "H3"  "H" "sp3" }
>> 	{ "H4"  "H" "sp3" }
>> 	{ "H5"  "H" "sp3" }
>> 	{ "HW"  "H" "sp3" }
>> 	{ "HC"  "H" "sp3" }
>> 	{ "HA"  "H" "sp3" }
>> 	{ "HP"  "H" "sp3" }
>> 	{ "HZ"  "H" "sp3" }
>> 	{ "OH"  "O" "sp3" }
>> 	{ "OS"  "O" "sp3" }
>> 	{ "O"   "O" "sp2" }
>> 	{ "O2"  "O" "sp2" }
>> 	{ "OP"  "O" "sp2" }
>> 	{ "OW"  "O" "sp3" }
>> 	{ "CT"  "C" "sp3" }
>> 	{ "CX"  "C" "sp3" }
>> 	{ "XC"  "C" "sp3" }
>> 	{ "C8"  "C" "sp3" }
>> 	{ "2C"  "C" "sp3" }
>> 	{ "3C"  "C" "sp3" }
>> 	{ "CH"  "C" "sp3" }
>> 	{ "CS"  "C" "sp2" }
>> 	{ "C"   "C" "sp2" }
>> 	{ "CO"   "C" "sp2" }
>> 	{ "C*"  "C" "sp2" }
>> 	{ "CA"  "C" "sp2" }
>> 	{ "CB"  "C" "sp2" }
>> 	{ "CC"  "C" "sp2" }
>> 	{ "CN"  "C" "sp2" }
>> 	{ "CM"  "C" "sp2" }
>> 	{ "CK"  "C" "sp2" }
>> 	{ "CQ"  "C" "sp2" }
>> 	{ "CD"  "C" "sp2" }
>> 	{ "C5"  "C" "sp2" }
>> 	{ "C4"  "C" "sp2" }
>> 	{ "CP"  "C" "sp2" }
>> 	{ "CI"  "C" "sp3" }
>> 	{ "CJ"  "C" "sp2" }
>> 	{ "CW"  "C" "sp2" }
>> 	{ "CV"  "C" "sp2" }
>> 	{ "CR"  "C" "sp2" }
>> 	{ "CA"  "C" "sp2" }
>> 	{ "CY"  "C" "sp2" }
>> 	{ "C0"  "Ca" "sp3" }
>> 	{ "MG"  "Mg" "sp3" }
>> 	{ "N"   "N" "sp2" }
>> 	{ "NA"  "N" "sp2" }
>> 	{ "N2"  "N" "sp2" }
>> 	{ "N*"  "N" "sp2" }
>> 	{ "NP"  "N" "sp2" }
>> 	{ "NQ"  "N" "sp2" }
>> 	{ "NB"  "N" "sp2" }
>> 	{ "NC"  "N" "sp2" }
>> 	{ "NT"  "N" "sp3" }
>> 	{ "NY"  "N" "sp2" }
>> 	{ "N3"  "N" "sp3" }
>> 	{ "S"   "S" "sp3" }
>> 	{ "SH"  "S" "sp3" }
>> 	{ "P"   "P" "sp3" }
>> 	{ "LP"  ""  "sp3" }
>> 	{ "EP"  ""  "sp3" }
>> 	{ "F"   "F" "sp3" }
>> 	{ "Cl"  "Cl" "sp3" }
>> 	{ "Br"  "Br" "sp3" }
>> 	{ "I"   "I"  "sp3" }
>> }
>> #
>> #	Load the main parameter set.
>> #
>> set default cmap on
>> parm19 = loadamberparams parm19.dat
Loading parameters: /home/johann/miniconda3/dat/leap/parm/parm19.dat
Reading title:
PARM99 + frcmod.ff99SB + frcmod.parmbsc0 + OL3 for RNA + ff19SB
(UNKNOWN ATOM TYPE: Zn)
(UNKNOWN ATOM TYPE: EP)
>> frcmod19SB = loadamberparams frcmod.ff19SB
Loading parameters: /home/johann/miniconda3/dat/leap/parm/frcmod.ff19SB
Reading force field modification type file (frcmod)
Reading title:
ff19SB AA-specific backbone CMAPs for protein 07/25/2019
>> #
>> #	Load main chain and terminating amino acid libraries
>> #
>> loadOff amino19.lib
Loading library: /home/johann/miniconda3/dat/leap/lib/amino19.lib
Loading: ALA
Loading: ARG
Loading: ASH
Loading: ASN
Loading: ASP
Loading: CYM
Loading: CYS
Loading: CYX
Loading: GLH
Loading: GLN
Loading: GLU
Loading: GLY
Loading: HID
Loading: HIE
Loading: HIP
Loading: HYP
Loading: ILE
Loading: LEU
Loading: LYN
Loading: LYS
Loading: MET
Loading: PHE
Loading: PRO
Loading: SER
Loading: THR
Loading: TRP
Loading: TYR
Loading: VAL
>> loadOff aminoct12.lib
Loading library: /home/johann/miniconda3/dat/leap/lib/aminoct12.lib
Loading: CALA
Loading: CARG
Loading: CASN
Loading: CASP
Loading: CCYS
Loading: CCYX
Loading: CGLN
Loading: CGLU
Loading: CGLY
Loading: CHID
Loading: CHIE
Loading: CHIP
Loading: CHYP
Loading: CILE
Loading: CLEU
Loading: CLYS
Loading: CMET
Loading: CPHE
Loading: CPRO
Loading: CSER
Loading: CTHR
Loading: CTRP
Loading: CTYR
Loading: CVAL
Loading: NHE
Loading: NME
>> loadOff aminont12.lib
Loading library: /home/johann/miniconda3/dat/leap/lib/aminont12.lib
Loading: ACE
Loading: NALA
Loading: NARG
Loading: NASN
Loading: NASP
Loading: NCYS
Loading: NCYX
Loading: NGLN
Loading: NGLU
Loading: NGLY
Loading: NHID
Loading: NHIE
Loading: NHIP
Loading: NILE
Loading: NLEU
Loading: NLYS
Loading: NMET
Loading: NPHE
Loading: NPRO
Loading: NSER
Loading: NTHR
Loading: NTRP
Loading: NTYR
Loading: NVAL
>> 
>> #
>> #	Define the PDB name map for the amino acids
>> #
>> addPdbResMap {
>>   { 0 "HYP" "NHYP" } { 1 "HYP" "CHYP" }
>>   { 0 "ALA" "NALA" } { 1 "ALA" "CALA" }
>>   { 0 "ARG" "NARG" } { 1 "ARG" "CARG" }
>>   { 0 "ASN" "NASN" } { 1 "ASN" "CASN" }
>>   { 0 "ASP" "NASP" } { 1 "ASP" "CASP" }
>>   { 0 "CYS" "NCYS" } { 1 "CYS" "CCYS" }
>>   { 0 "CYX" "NCYX" } { 1 "CYX" "CCYX" }
>>   { 0 "GLN" "NGLN" } { 1 "GLN" "CGLN" }
>>   { 0 "GLU" "NGLU" } { 1 "GLU" "CGLU" }
>>   { 0 "GLY" "NGLY" } { 1 "GLY" "CGLY" }
>>   { 0 "HID" "NHID" } { 1 "HID" "CHID" }
>>   { 0 "HIE" "NHIE" } { 1 "HIE" "CHIE" }
>>   { 0 "HIP" "NHIP" } { 1 "HIP" "CHIP" }
>>   { 0 "ILE" "NILE" } { 1 "ILE" "CILE" }
>>   { 0 "LEU" "NLEU" } { 1 "LEU" "CLEU" }
>>   { 0 "LYS" "NLYS" } { 1 "LYS" "CLYS" }
>>   { 0 "MET" "NMET" } { 1 "MET" "CMET" }
>>   { 0 "PHE" "NPHE" } { 1 "PHE" "CPHE" }
>>   { 0 "PRO" "NPRO" } { 1 "PRO" "CPRO" }
>>   { 0 "SER" "NSER" } { 1 "SER" "CSER" }
>>   { 0 "THR" "NTHR" } { 1 "THR" "CTHR" }
>>   { 0 "TRP" "NTRP" } { 1 "TRP" "CTRP" }
>>   { 0 "TYR" "NTYR" } { 1 "TYR" "CTYR" }
>>   { 0 "VAL" "NVAL" } { 1 "VAL" "CVAL" }
>>   { 0 "HIS" "NHIS" } { 1 "HIS" "CHIS" }
>> }
>> 
>> #
>> # assume that most often proteins use HIE
>> #
>> NHIS = NHIE
>> HIS = HIE
>> CHIS = CHIE
> 
> source leaprc.gaff
----- Source: /home/johann/miniconda3/dat/leap/cmd/leaprc.gaff
----- Source of /home/johann/miniconda3/dat/leap/cmd/leaprc.gaff done
>> logFile leap.log
log started: Fri Jun  6 11:59:49 2025

Log file: ./leap.log
>> #
>> # ----- leaprc for loading the general Amber Force field.
>> #       This file is mostly for use with Antechamber
>> #
>> #	load atom type hybridizations
>> #
>> addAtomTypes {
>> 	{ "h1"  "H" "sp3" }
>> 	{ "h2"  "H" "sp3" }
>> 	{ "h3"  "H" "sp3" }
>> 	{ "h4"  "H" "sp3" }
>> 	{ "h5"  "H" "sp3" }
>> 	{ "ha"  "H" "sp3" }
>> 	{ "hc"  "H" "sp3" }
>> 	{ "hn"  "H" "sp3" }
>> 	{ "ho"  "H" "sp3" }
>> 	{ "hp"  "H" "sp3" }
>> 	{ "hs"  "H" "sp3" }
>> 	{ "hw"  "H" "sp3" }
>> 	{ "hx"  "H" "sp3" }
>> 	{ "o"  "O" "sp2" }
>> 	{ "o2"  "O" "sp2" }
>> 	{ "oh"  "O" "sp3" }
>> 	{ "op"  "O" "sp3" }
>> 	{ "oq"  "O" "sp3" }
>> 	{ "os"  "O" "sp3" }
>> 	{ "ow"  "O" "sp3" }
>> 	{ "c"  "C" "sp2" }
>> 	{ "c1"  "C" "sp2" }
>> 	{ "c2"  "C" "sp2" }
>> 	{ "c3"  "C" "sp3" }
>> 	{ "ca"  "C" "sp2" }
>> 	{ "cc"  "C" "sp2" }
>> 	{ "cd"  "C" "sp2" }
>> 	{ "ce"  "C" "sp2" }
>> 	{ "cf"  "C" "sp2" }
>> 	{ "cg"  "C" "sp2" }
>> 	{ "ch"  "C" "sp2" }
>> 	{ "cp"  "C" "sp2" }
>> 	{ "cq"  "C" "sp2" }
>> 	{ "cu"  "C" "sp2" }
>> 	{ "cv"  "C" "sp2" }
>> 	{ "cx"  "C" "sp2" }
>> 	{ "cy"  "C" "sp2" }
>> 	{ "cz"  "C" "sp2" }
>> 	{ "n"   "N" "sp2" }
>> 	{ "n1"  "N" "sp2" }
>> 	{ "n2"  "N" "sp2" }
>> 	{ "n3"  "N" "sp3" }
>> 	{ "n4"  "N" "sp3" }
>> 	{ "na"  "N" "sp2" }
>> 	{ "nb"  "N" "sp2" }
>> 	{ "nc"  "N" "sp2" }
>> 	{ "nd"  "N" "sp2" }
>> 	{ "ne"  "N" "sp2" }
>> 	{ "nf"  "N" "sp2" }
>> 	{ "nh"  "N" "sp2" }
>> 	{ "ni"  "N" "sp2" }
>> 	{ "nj"  "N" "sp2" }
>> 	{ "nk"  "N" "sp3" }
>> 	{ "nl"  "N" "sp3" }
>> 	{ "nm"  "N" "sp2" }
>> 	{ "nn"  "N" "sp2" }
>> 	{ "no"  "N" "sp2" }
>> 	{ "np"  "N" "sp3" }
>> 	{ "nq"  "N" "sp3" }
>> 	{ "s"   "S" "sp2" }
>> 	{ "s2"   "S" "sp2" }
>> 	{ "s3"   "S" "sp3" }
>> 	{ "s4"   "S" "sp3" }
>> 	{ "s6"   "S" "sp3" }
>> 	{ "sh"   "S" "sp3" }
>> 	{ "sp"   "S" "sp3" }
>> 	{ "sq"   "S" "sp3" }
>> 	{ "ss"   "S" "sp3" }
>> 	{ "sx"   "S" "sp3" }
>> 	{ "sy"   "S" "sp3" }
>> 	{ "p2"   "P" "sp2" }
>> 	{ "p3"   "P" "sp3" }
>> 	{ "p4"   "P" "sp3" }
>> 	{ "p5"   "P" "sp3" }
>> 	{ "pb"   "P" "sp3" }
>> 	{ "pc"   "P" "sp3" }
>> 	{ "pd"   "P" "sp3" }
>> 	{ "pe"   "P" "sp3" }
>> 	{ "pf"   "P" "sp3" }
>> 	{ "px"   "P" "sp3" }
>> 	{ "py"   "P" "sp3" }
>> 	{ "f"   "F" "sp3" }
>> 	{ "cl"  "Cl" "sp3" }
>> 	{ "br"  "Br" "sp3" }
>> 	{ "i"   "I"  "sp3" }
>> }
>> #
>> #	Load the general force field parameter set.
>> #
>> gaff = loadamberparams gaff.dat
Loading parameters: /home/johann/miniconda3/dat/leap/parm/gaff.dat
Reading title:
AMBER General Force Field for organic molecules (Version 1.81, May 2017)
> 
> loadamberparams ./divided-files/2iwx/LIGAND.frcmod
Loading parameters: ./divided-files/2iwx/LIGAND.frcmod
Reading force field modification type file (frcmod)
Reading title:
Remark line goes here
> LIG = loadmol2 ./divided-files/2iwx/LIGAND.mol2
Loading Mol2 file: ./divided-files/2iwx/LIGAND.mol2
Reading MOLECULE named M1S
> PROT = loadpdb ./divided-files/2iwx/PROTEIN.pdb
Loading PDB file: ./divided-files/2iwx/PROTEIN.pdb
Matching PDB residue names to LEaP variables.
  Added missing heavy atom: .R<ACE 29>.A<CH3 2>
  Added missing heavy atom: .R<NME 46>.A<C 3>
  Added missing heavy atom: .R<ACE 47>.A<CH3 2>
  Added missing heavy atom: .R<NME 49>.A<C 3>
  Added missing heavy atom: .R<ACE 50>.A<CH3 2>
  Added missing heavy atom: .R<NME 52>.A<C 3>
  Added missing heavy atom: .R<ACE 53>.A<CH3 2>
  Added missing heavy atom: .R<NME 63>.A<C 3>
  Added missing heavy atom: .R<ACE 64>.A<CH3 2>
  Added missing heavy atom: .R<NME 71>.A<C 3>
  Added missing heavy atom: .R<ACE 72>.A<CH3 2>
  Added missing heavy atom: .R<NME 76>.A<C 3>
  Added missing heavy atom: .R<ACE 77>.A<CH3 2>
  Added missing heavy atom: .R<NME 79>.A<C 3>
  Added missing heavy atom: .R<ACE 80>.A<CH3 2>
  Added missing heavy atom: .R<NME 88>.A<C 3>
  Added missing heavy atom: .R<ACE 89>.A<CH3 2>
  Added missing heavy atom: .R<NME 97>.A<C 3>
  Added missing heavy atom: .R<ACE 98>.A<CH3 2>
  Added missing heavy atom: .R<NME 108>.A<C 3>
  total atoms in file: 982
  Leap added 80 missing atoms according to residue templates:
       20 Heavy
       60 H / lone pairs
> COMPLEX = combine {PROT LIG}
  Sequence: default_name
  Sequence: M1S
> source leaprc.water.opc
----- Source: /home/johann/miniconda3/dat/leap/cmd/leaprc.water.opc
----- Source of /home/johann/miniconda3/dat/leap/cmd/leaprc.water.opc done
>> #
>> #  Load OPC water model and ions for OPC + Li/Merz ion parameters
>> #  (-1 to +4, 12-6 normal usage set)
>> # 
>> addAtomTypes {
>> 	{ "F-"   "F" "sp3" }
>> 	{ "Cl-"  "Cl" "sp3" }
>> 	{ "Br-"  "Br" "sp3" }
>> 	{ "I-"   "I"  "sp3" }
>> 	{ "Li+"  "Li"  "sp3" }
>> 	{ "Na+"  "Na"  "sp3" }
>> 	{ "K+"  "K"  "sp3" }
>> 	{ "Rb+"  "Rb"  "sp3" }
>> 	{ "Cs+"  "Cs"  "sp3" }
>> 	{ "Mg+"  "Mg"  "sp3" }
>>     { "Tl+"  "Tl"  "sp3" }
>>     { "Cu+"  "Cu"  "sp3" }
>>     { "Ag+"  "Ag"  "sp3" }
>>     { "Be2+" "Be"  "sp3" }
>>     { "Cu2+" "Cu"  "sp3" }
>>     { "Ni2+" "Ni"  "sp3" }
>>     { "Pt2+" "Pt"  "sp3" }
>>     { "Zn2+" "Zn"  "sp3" }
>>     { "Co2+" "Co"  "sp3" }
>>     { "Pd2+" "Pd"  "sp3" }
>>     { "Ag2+" "Ag"  "sp3" }
>>     { "Cr2+" "Cr"  "sp3" }
>>     { "Fe2+" "Fe"  "sp3" }
>>     { "Mg2+" "Mg"  "sp3" }
>>     { "V2+"  "V"   "sp3" }
>>     { "Mn2+" "Mn"  "sp3" }
>>     { "Hg2+" "Hg"  "sp3" }
>>     { "Cd2+" "Cd"  "sp3" }
>>     { "Yb2+" "Yb"  "sp3" }
>>     { "Ca2+" "Ca"  "sp3" }
>>     { "Sn2+" "Sn"  "sp3" }
>>     { "Pb2+" "Pb"  "sp3" }
>>     { "Eu2+" "Eu"  "sp3" }
>>     { "Sr2+" "Sr"  "sp3" }
>>     { "Sm2+" "Sm"  "sp3" }
>>     { "Ba2+" "Ba"  "sp3" }
>>     { "Ra2+" "Ra"  "sp3" }
>>     { "Al3+" "Al"  "sp3" }
>>     { "Fe3+" "Fe"  "sp3" }
>>     { "Cr3+" "Cr"  "sp3" }
>>     { "In3+" "In"  "sp3" }
>>     { "Tl3+" "Tl"  "sp3" }
>>     { "Y3+"  "Y"   "sp3" }
>>     { "La3+" "La"  "sp3" }
>>     { "Ce3+" "Ce"  "sp3" }
>>     { "Pr3+" "Pr"  "sp3" }
>>     { "Nd3+" "Nd"  "sp3" }
>>     { "Sm3+" "Sm"  "sp3" }
>>     { "Eu3+" "Eu"  "sp3" }
>>     { "Gd3+" "Gd"  "sp3" }
>>     { "Tb3+" "Tb"  "sp3" }
>>     { "Dy3+" "Dy"  "sp3" }
>>     { "Er3+" "Er"  "sp3" }
>>     { "Tm3+" "Tm"  "sp3" }
>>     { "Lu3+" "Lu"  "sp3" }
>>     { "Hf4+" "Hf"  "sp3" }
>>     { "Zr4+" "Zr"  "sp3" }
>>     { "Ce4+" "Ce"  "sp3" }
>>     { "U4+"  "U"   "sp3" }
>>     { "Pu4+" "Pu"  "sp3" }
>>     { "Th4+" "Th"  "sp3" }
>>     { "OW"   "O"   "sp3" }
>>     { "HW"   "H"   "sp3" }
>>     { "EP"   ""    "sp3" }
>> }
>> loadOff atomic_ions.lib
Loading library: /home/johann/miniconda3/dat/leap/lib/atomic_ions.lib
Loading: AG
Loading: AL
Loading: Ag
Loading: BA
Loading: BR
Loading: Be
Loading: CA
Loading: CD
Loading: CE
Loading: CL
Loading: CO
Loading: CR
Loading: CS
Loading: CU
Loading: CU1
Loading: Ce
Loading: Cl-
Loading: Cr
Loading: Dy
Loading: EU
Loading: EU3
Loading: Er
Loading: F
Loading: FE
Loading: FE2
Loading: GD3
Loading: H3O+
Loading: HE+
Loading: HG
Loading: HZ+
Loading: Hf
Loading: IN
Loading: IOD
Loading: K
Loading: K+
Loading: LA
Loading: LI
Loading: LU
Loading: MG
Loading: MN
Loading: NA
Loading: NH4
Loading: NI
Loading: Na+
Loading: Nd
Loading: PB
Loading: PD
Loading: PR
Loading: PT
Loading: Pu
Loading: RB
Loading: Ra
Loading: SM
Loading: SR
Loading: Sm
Loading: Sn
Loading: TB
Loading: TL
Loading: Th
Loading: Tl
Loading: Tm
Loading: U4+
Loading: V2+
Loading: Y
Loading: YB2
Loading: ZN
Loading: Zr
>> loadOff solvents.lib
Loading library: /home/johann/miniconda3/dat/leap/lib/solvents.lib
Loading: CHCL3BOX
Loading: DC4
Loading: FB3
Loading: FB3BOX
Loading: FB4
Loading: FB4BOX
Loading: MEOHBOX
Loading: NMABOX
Loading: O3P
Loading: OP3
Loading: OPC
Loading: OPC3BOX
Loading: OPC3POLBOX
Loading: OPCBOX
Loading: PL3
Loading: POL3BOX
Loading: QSPCFWBOX
Loading: SPC
Loading: SPCBOX
Loading: SPCFWBOX
Loading: SPF
Loading: SPG
Loading: T4E
Loading: TIP3PBOX
Loading: TIP3PFBOX
Loading: TIP4PBOX
Loading: TIP4PEWBOX
Loading: TIP5PBOX
Loading: TP3
Loading: TP4
Loading: TP5
Loading: TPF
>> HOH = OPC
>> WAT = OPC
>> loadAmberParams frcmod.opc
Loading parameters: /home/johann/miniconda3/dat/leap/parm/frcmod.opc
Reading force field modification type file (frcmod)
Reading title:
Parameters for OPC water (JPCL, 2014, 5 (21), pp 3863-3871)
(UNKNOWN ATOM TYPE: EP)
>> loadAmberParams frcmod.ionslm_126_opc
Loading parameters: /home/johann/miniconda3/dat/leap/parm/frcmod.ionslm_126_opc
Reading force field modification type file (frcmod)
Reading title:
Li/Merz ion parameters of atomic ions for the OPC water model (12-6 set)
>> 
> 
> solvateOct COMPLEX OPCBOX 12
Scaling up box by a factor of 1.386368 to meet diagonal cut criterion
  Solute vdw bounding box:              35.315 33.244 31.722
  Total bounding box for atom centers:  68.588 68.588 68.588
      (box expansion for 'iso' is   8.8%)
  Solvent unit box:                     18.865 18.478 19.006
The number of boxes:  x= 4  y= 4  z= 4
  Volume: 168491.864 A^3 (oct)
  Total mass 88244.090 amu,  Density 0.870 g/cc
  Added 4480 residues.
> addions COMPLEX Na+ 11
Adding 11 counter ions to "COMPLEX" using 1A grid
Total solute charge:   3.00  Max atom radius:   1.98
Grid extends from solute vdw + 3.36  to  9.34
Box:
   enclosing:  -25.00 -24.40 -28.36   26.41 25.31 21.48
   sized:			      39.00 39.60 35.64
   edge:        64.00
Resolution:      1.00 Angstrom.
Tree depth: 6
Volume = 11.50% of box, grid points 30158
Solvent present: replacing closest with ion
	 when steric overlaps occur
Calculating grid charges
(Replacing solvent molecule)
Placed Na+ in COMPLEX at (-8.73, -13.19, -5.35).
(Replacing solvent molecule)
Placed Na+ in COMPLEX at (-14.96, -6.96, -6.85).
(Replacing solvent molecule)
Placed Na+ in COMPLEX at (-17.45, -9.22, 1.49).
(Replacing solvent molecule)
Placed Na+ in COMPLEX at (4.83, -6.25, 4.96).
(Replacing solvent molecule)
Placed Na+ in COMPLEX at (3.94, 0.69, -19.73).
(Replacing solvent molecule)
Placed Na+ in COMPLEX at (-14.59, -8.28, 13.74).
(Replacing solvent molecule)
Placed Na+ in COMPLEX at (14.07, -4.35, -4.85).
(Replacing solvent molecule)
Placed Na+ in COMPLEX at (16.20, 9.58, 10.99).
(Replacing solvent molecule)
Placed Na+ in COMPLEX at (-1.60, -16.74, -11.59).
(Replacing solvent molecule)
Placed Na+ in COMPLEX at (6.69, 15.90, -21.95).
(Replacing solvent molecule)
Placed Na+ in COMPLEX at (-11.78, 24.37, 2.22).

Done adding ions.
> addions COMPLEX Cl- 14
Adding 14 counter ions to "COMPLEX" using 1A grid
Total solute charge:  14.00  Max atom radius:   1.98
Grid extends from solute vdw + 5.82  to  11.80
Box:
   enclosing:  -29.25 -28.54 -33.75   28.87 36.18 25.55
   sized:			      98.75 99.46 94.25
   edge:        128.00
Resolution:      1.00 Angstrom.
Tree depth: 7
Volume =  2.16% of box, grid points 45298
Solvent present: replacing closest with ion
	 when steric overlaps occur
Calculating grid charges
(Replacing solvent molecule)
Placed Cl- in COMPLEX at (-12.67, -11.84, -12.59).
(Replacing solvent molecule)
Placed Cl- in COMPLEX at (0.58, -9.98, 9.60).
(Replacing solvent molecule)
Placed Cl- in COMPLEX at (-12.40, 19.28, 6.29).
(Replacing solvent molecule)
Placed Cl- in COMPLEX at (6.47, 6.92, -22.54).
(Replacing solvent molecule)
Placed Cl- in COMPLEX at (-18.17, -11.62, 8.89).
(Replacing solvent molecule)
Placed Cl- in COMPLEX at (18.95, -7.45, -3.77).
(Replacing solvent molecule)
Placed Cl- in COMPLEX at (-8.04, -19.26, -10.43).
(Replacing solvent molecule)
Placed Cl- in COMPLEX at (-8.80, 15.31, -12.33).
(Replacing solvent molecule)
Placed Cl- in COMPLEX at (-21.45, -3.19, -2.78).
(Replacing solvent molecule)
Placed Cl- in COMPLEX at (9.52, 7.29, 13.23).
(Replacing solvent molecule)
Placed Cl- in COMPLEX at (6.23, 17.85, -16.01).
(Replacing solvent molecule)
Placed Cl- in COMPLEX at (3.38, -13.20, -17.10).
(Replacing solvent molecule)
Placed Cl- in COMPLEX at (-6.71, -4.65, 18.12).
(Replacing solvent molecule)
Placed Cl- in COMPLEX at (-17.61, 10.08, -1.06).

Done adding ions.
> saveamberparm COMPLEX ./divided-files/2iwx/2iwx.top ./divided-files/2iwx/2iwx.crd
Checking Unit.

/home/johann/miniconda3/bin/teLeap: Note.
Ignoring the warnings from Unit Checking.

Building topology.
Building atom parameters.
Building bond parameters.
Building angle parameters.
Building proper torsion parameters.
Building improper torsion parameters.
 total 197 improper torsions applied
Building H-Bond parameters.
Incorporating Non-Bonded adjustments.
Not Marking per-residue atom chain types.
Marking per-residue atom chain types.
  (Residues lacking connect0/connect1 - 
   these don't have chain types marked:

	res	total affected

	M1S	1
  )
 (no restraints)
> savepdb COMPLEX ./divided-files/2iwx/2iwxti.pdb
Writing pdb file: ./divided-files/2iwx/2iwxti.pdb
   printing CRYST1 record to PDB file with box info
 quit
	Quit

Exiting LEaP: Errors = 0; Warnings = 0; Notes = 1.
log started: Fri Jun  6 12:01:09 2025

Log file: ./leap.log
>> #
>> # ----- leaprc for loading the ff19SB force field
>> # ----- NOTE: this is designed for PDB format 3!
>> #
>> #	load atom type hybridizations
>> #
>> addAtomTypes {
>> 	{ "H"   "H" "sp3" }
>> 	{ "HO"  "H" "sp3" }
>> 	{ "HS"  "H" "sp3" }
>> 	{ "H1"  "H" "sp3" }
>> 	{ "H2"  "H" "sp3" }
>> 	{ "H3"  "H" "sp3" }
>> 	{ "H4"  "H" "sp3" }
>> 	{ "H5"  "H" "sp3" }
>> 	{ "HW"  "H" "sp3" }
>> 	{ "HC"  "H" "sp3" }
>> 	{ "HA"  "H" "sp3" }
>> 	{ "HP"  "H" "sp3" }
>> 	{ "HZ"  "H" "sp3" }
>> 	{ "OH"  "O" "sp3" }
>> 	{ "OS"  "O" "sp3" }
>> 	{ "O"   "O" "sp2" }
>> 	{ "O2"  "O" "sp2" }
>> 	{ "OP"  "O" "sp2" }
>> 	{ "OW"  "O" "sp3" }
>> 	{ "CT"  "C" "sp3" }
>> 	{ "CX"  "C" "sp3" }
>> 	{ "XC"  "C" "sp3" }
>> 	{ "C8"  "C" "sp3" }
>> 	{ "2C"  "C" "sp3" }
>> 	{ "3C"  "C" "sp3" }
>> 	{ "CH"  "C" "sp3" }
>> 	{ "CS"  "C" "sp2" }
>> 	{ "C"   "C" "sp2" }
>> 	{ "CO"   "C" "sp2" }
>> 	{ "C*"  "C" "sp2" }
>> 	{ "CA"  "C" "sp2" }
>> 	{ "CB"  "C" "sp2" }
>> 	{ "CC"  "C" "sp2" }
>> 	{ "CN"  "C" "sp2" }
>> 	{ "CM"  "C" "sp2" }
>> 	{ "CK"  "C" "sp2" }
>> 	{ "CQ"  "C" "sp2" }
>> 	{ "CD"  "C" "sp2" }
>> 	{ "C5"  "C" "sp2" }
>> 	{ "C4"  "C" "sp2" }
>> 	{ "CP"  "C" "sp2" }
>> 	{ "CI"  "C" "sp3" }
>> 	{ "CJ"  "C" "sp2" }
>> 	{ "CW"  "C" "sp2" }
>> 	{ "CV"  "C" "sp2" }
>> 	{ "CR"  "C" "sp2" }
>> 	{ "CA"  "C" "sp2" }
>> 	{ "CY"  "C" "sp2" }
>> 	{ "C0"  "Ca" "sp3" }
>> 	{ "MG"  "Mg" "sp3" }
>> 	{ "N"   "N" "sp2" }
>> 	{ "NA"  "N" "sp2" }
>> 	{ "N2"  "N" "sp2" }
>> 	{ "N*"  "N" "sp2" }
>> 	{ "NP"  "N" "sp2" }
>> 	{ "NQ"  "N" "sp2" }
>> 	{ "NB"  "N" "sp2" }
>> 	{ "NC"  "N" "sp2" }
>> 	{ "NT"  "N" "sp3" }
>> 	{ "NY"  "N" "sp2" }
>> 	{ "N3"  "N" "sp3" }
>> 	{ "S"   "S" "sp3" }
>> 	{ "SH"  "S" "sp3" }
>> 	{ "P"   "P" "sp3" }
>> 	{ "LP"  ""  "sp3" }
>> 	{ "EP"  ""  "sp3" }
>> 	{ "F"   "F" "sp3" }
>> 	{ "Cl"  "Cl" "sp3" }
>> 	{ "Br"  "Br" "sp3" }
>> 	{ "I"   "I"  "sp3" }
>> }
>> #
>> #	Load the main parameter set.
>> #
>> set default cmap on
>> parm19 = loadamberparams parm19.dat
Loading parameters: /home/johann/miniconda3/dat/leap/parm/parm19.dat
Reading title:
PARM99 + frcmod.ff99SB + frcmod.parmbsc0 + OL3 for RNA + ff19SB
(UNKNOWN ATOM TYPE: Zn)
(UNKNOWN ATOM TYPE: EP)
>> frcmod19SB = loadamberparams frcmod.ff19SB
Loading parameters: /home/johann/miniconda3/dat/leap/parm/frcmod.ff19SB
Reading force field modification type file (frcmod)
Reading title:
ff19SB AA-specific backbone CMAPs for protein 07/25/2019
>> #
>> #	Load main chain and terminating amino acid libraries
>> #
>> loadOff amino19.lib
Loading library: /home/johann/miniconda3/dat/leap/lib/amino19.lib
Loading: ALA
Loading: ARG
Loading: ASH
Loading: ASN
Loading: ASP
Loading: CYM
Loading: CYS
Loading: CYX
Loading: GLH
Loading: GLN
Loading: GLU
Loading: GLY
Loading: HID
Loading: HIE
Loading: HIP
Loading: HYP
Loading: ILE
Loading: LEU
Loading: LYN
Loading: LYS
Loading: MET
Loading: PHE
Loading: PRO
Loading: SER
Loading: THR
Loading: TRP
Loading: TYR
Loading: VAL
>> loadOff aminoct12.lib
Loading library: /home/johann/miniconda3/dat/leap/lib/aminoct12.lib
Loading: CALA
Loading: CARG
Loading: CASN
Loading: CASP
Loading: CCYS
Loading: CCYX
Loading: CGLN
Loading: CGLU
Loading: CGLY
Loading: CHID
Loading: CHIE
Loading: CHIP
Loading: CHYP
Loading: CILE
Loading: CLEU
Loading: CLYS
Loading: CMET
Loading: CPHE
Loading: CPRO
Loading: CSER
Loading: CTHR
Loading: CTRP
Loading: CTYR
Loading: CVAL
Loading: NHE
Loading: NME
>> loadOff aminont12.lib
Loading library: /home/johann/miniconda3/dat/leap/lib/aminont12.lib
Loading: ACE
Loading: NALA
Loading: NARG
Loading: NASN
Loading: NASP
Loading: NCYS
Loading: NCYX
Loading: NGLN
Loading: NGLU
Loading: NGLY
Loading: NHID
Loading: NHIE
Loading: NHIP
Loading: NILE
Loading: NLEU
Loading: NLYS
Loading: NMET
Loading: NPHE
Loading: NPRO
Loading: NSER
Loading: NTHR
Loading: NTRP
Loading: NTYR
Loading: NVAL
>> 
>> #
>> #	Define the PDB name map for the amino acids
>> #
>> addPdbResMap {
>>   { 0 "HYP" "NHYP" } { 1 "HYP" "CHYP" }
>>   { 0 "ALA" "NALA" } { 1 "ALA" "CALA" }
>>   { 0 "ARG" "NARG" } { 1 "ARG" "CARG" }
>>   { 0 "ASN" "NASN" } { 1 "ASN" "CASN" }
>>   { 0 "ASP" "NASP" } { 1 "ASP" "CASP" }
>>   { 0 "CYS" "NCYS" } { 1 "CYS" "CCYS" }
>>   { 0 "CYX" "NCYX" } { 1 "CYX" "CCYX" }
>>   { 0 "GLN" "NGLN" } { 1 "GLN" "CGLN" }
>>   { 0 "GLU" "NGLU" } { 1 "GLU" "CGLU" }
>>   { 0 "GLY" "NGLY" } { 1 "GLY" "CGLY" }
>>   { 0 "HID" "NHID" } { 1 "HID" "CHID" }
>>   { 0 "HIE" "NHIE" } { 1 "HIE" "CHIE" }
>>   { 0 "HIP" "NHIP" } { 1 "HIP" "CHIP" }
>>   { 0 "ILE" "NILE" } { 1 "ILE" "CILE" }
>>   { 0 "LEU" "NLEU" } { 1 "LEU" "CLEU" }
>>   { 0 "LYS" "NLYS" } { 1 "LYS" "CLYS" }
>>   { 0 "MET" "NMET" } { 1 "MET" "CMET" }
>>   { 0 "PHE" "NPHE" } { 1 "PHE" "CPHE" }
>>   { 0 "PRO" "NPRO" } { 1 "PRO" "CPRO" }
>>   { 0 "SER" "NSER" } { 1 "SER" "CSER" }
>>   { 0 "THR" "NTHR" } { 1 "THR" "CTHR" }
>>   { 0 "TRP" "NTRP" } { 1 "TRP" "CTRP" }
>>   { 0 "TYR" "NTYR" } { 1 "TYR" "CTYR" }
>>   { 0 "VAL" "NVAL" } { 1 "VAL" "CVAL" }
>>   { 0 "HIS" "NHIS" } { 1 "HIS" "CHIS" }
>> }
>> 
>> #
>> # assume that most often proteins use HIE
>> #
>> NHIS = NHIE
>> HIS = HIE
>> CHIS = CHIE
> 
> source leaprc.gaff
----- Source: /home/johann/miniconda3/dat/leap/cmd/leaprc.gaff
----- Source of /home/johann/miniconda3/dat/leap/cmd/leaprc.gaff done
>> logFile leap.log
log started: Fri Jun  6 12:01:09 2025

Log file: ./leap.log
>> #
>> # ----- leaprc for loading the general Amber Force field.
>> #       This file is mostly for use with Antechamber
>> #
>> #	load atom type hybridizations
>> #
>> addAtomTypes {
>> 	{ "h1"  "H" "sp3" }
>> 	{ "h2"  "H" "sp3" }
>> 	{ "h3"  "H" "sp3" }
>> 	{ "h4"  "H" "sp3" }
>> 	{ "h5"  "H" "sp3" }
>> 	{ "ha"  "H" "sp3" }
>> 	{ "hc"  "H" "sp3" }
>> 	{ "hn"  "H" "sp3" }
>> 	{ "ho"  "H" "sp3" }
>> 	{ "hp"  "H" "sp3" }
>> 	{ "hs"  "H" "sp3" }
>> 	{ "hw"  "H" "sp3" }
>> 	{ "hx"  "H" "sp3" }
>> 	{ "o"  "O" "sp2" }
>> 	{ "o2"  "O" "sp2" }
>> 	{ "oh"  "O" "sp3" }
>> 	{ "op"  "O" "sp3" }
>> 	{ "oq"  "O" "sp3" }
>> 	{ "os"  "O" "sp3" }
>> 	{ "ow"  "O" "sp3" }
>> 	{ "c"  "C" "sp2" }
>> 	{ "c1"  "C" "sp2" }
>> 	{ "c2"  "C" "sp2" }
>> 	{ "c3"  "C" "sp3" }
>> 	{ "ca"  "C" "sp2" }
>> 	{ "cc"  "C" "sp2" }
>> 	{ "cd"  "C" "sp2" }
>> 	{ "ce"  "C" "sp2" }
>> 	{ "cf"  "C" "sp2" }
>> 	{ "cg"  "C" "sp2" }
>> 	{ "ch"  "C" "sp2" }
>> 	{ "cp"  "C" "sp2" }
>> 	{ "cq"  "C" "sp2" }
>> 	{ "cu"  "C" "sp2" }
>> 	{ "cv"  "C" "sp2" }
>> 	{ "cx"  "C" "sp2" }
>> 	{ "cy"  "C" "sp2" }
>> 	{ "cz"  "C" "sp2" }
>> 	{ "n"   "N" "sp2" }
>> 	{ "n1"  "N" "sp2" }
>> 	{ "n2"  "N" "sp2" }
>> 	{ "n3"  "N" "sp3" }
>> 	{ "n4"  "N" "sp3" }
>> 	{ "na"  "N" "sp2" }
>> 	{ "nb"  "N" "sp2" }
>> 	{ "nc"  "N" "sp2" }
>> 	{ "nd"  "N" "sp2" }
>> 	{ "ne"  "N" "sp2" }
>> 	{ "nf"  "N" "sp2" }
>> 	{ "nh"  "N" "sp2" }
>> 	{ "ni"  "N" "sp2" }
>> 	{ "nj"  "N" "sp2" }
>> 	{ "nk"  "N" "sp3" }
>> 	{ "nl"  "N" "sp3" }
>> 	{ "nm"  "N" "sp2" }
>> 	{ "nn"  "N" "sp2" }
>> 	{ "no"  "N" "sp2" }
>> 	{ "np"  "N" "sp3" }
>> 	{ "nq"  "N" "sp3" }
>> 	{ "s"   "S" "sp2" }
>> 	{ "s2"   "S" "sp2" }
>> 	{ "s3"   "S" "sp3" }
>> 	{ "s4"   "S" "sp3" }
>> 	{ "s6"   "S" "sp3" }
>> 	{ "sh"   "S" "sp3" }
>> 	{ "sp"   "S" "sp3" }
>> 	{ "sq"   "S" "sp3" }
>> 	{ "ss"   "S" "sp3" }
>> 	{ "sx"   "S" "sp3" }
>> 	{ "sy"   "S" "sp3" }
>> 	{ "p2"   "P" "sp2" }
>> 	{ "p3"   "P" "sp3" }
>> 	{ "p4"   "P" "sp3" }
>> 	{ "p5"   "P" "sp3" }
>> 	{ "pb"   "P" "sp3" }
>> 	{ "pc"   "P" "sp3" }
>> 	{ "pd"   "P" "sp3" }
>> 	{ "pe"   "P" "sp3" }
>> 	{ "pf"   "P" "sp3" }
>> 	{ "px"   "P" "sp3" }
>> 	{ "py"   "P" "sp3" }
>> 	{ "f"   "F" "sp3" }
>> 	{ "cl"  "Cl" "sp3" }
>> 	{ "br"  "Br" "sp3" }
>> 	{ "i"   "I"  "sp3" }
>> }
>> #
>> #	Load the general force field parameter set.
>> #
>> gaff = loadamberparams gaff.dat
Loading parameters: /home/johann/miniconda3/dat/leap/parm/gaff.dat
Reading title:
AMBER General Force Field for organic molecules (Version 1.81, May 2017)
> 
> loadamberparams ./divided-files/2oxd/LIGAND.frcmod
Loading parameters: ./divided-files/2oxd/LIGAND.frcmod
Reading force field modification type file (frcmod)
Reading title:
Remark line goes here
> LIG = loadmol2 ./divided-files/2oxd/LIGAND.mol2
Loading Mol2 file: ./divided-files/2oxd/LIGAND.mol2
Reading MOLECULE named K32
> PROT = loadpdb ./divided-files/2oxd/PROTEIN.pdb
Loading PDB file: ./divided-files/2oxd/PROTEIN.pdb
Matching PDB residue names to LEaP variables.
  Added missing heavy atom: .R<ACE 37>.A<CH3 2>
  Added missing heavy atom: .R<NME 43>.A<C 3>
  Added missing heavy atom: .R<ACE 44>.A<CH3 2>
  Added missing heavy atom: .R<NME 50>.A<C 3>
  Added missing heavy atom: .R<ACE 51>.A<CH3 2>
  Added missing heavy atom: .R<NME 58>.A<C 3>
  Added missing heavy atom: .R<ACE 59>.A<CH3 2>
  Added missing heavy atom: .R<NME 61>.A<C 3>
  Added missing heavy atom: .R<ACE 62>.A<CH3 2>
  Added missing heavy atom: .R<NME 64>.A<C 3>
  Added missing heavy atom: .R<ACE 65>.A<CH3 2>
  Added missing heavy atom: .R<NME 70>.A<C 3>
  Added missing heavy atom: .R<ACE 71>.A<CH3 2>
  Added missing heavy atom: .R<NME 82>.A<C 3>
  Added missing heavy atom: .R<ACE 83>.A<CH3 2>
  Added missing heavy atom: .R<NME 92>.A<C 3>
  Added missing heavy atom: .R<ACE 93>.A<CH3 2>
  Added missing heavy atom: .R<NME 101>.A<C 3>
  total atoms in file: 842
  Leap added 72 missing atoms according to residue templates:
       18 Heavy
       54 H / lone pairs
> COMPLEX = combine {PROT LIG}
  Sequence: default_name
  Sequence: K32
> source leaprc.water.opc
----- Source: /home/johann/miniconda3/dat/leap/cmd/leaprc.water.opc
----- Source of /home/johann/miniconda3/dat/leap/cmd/leaprc.water.opc done
>> #
>> #  Load OPC water model and ions for OPC + Li/Merz ion parameters
>> #  (-1 to +4, 12-6 normal usage set)
>> # 
>> addAtomTypes {
>> 	{ "F-"   "F" "sp3" }
>> 	{ "Cl-"  "Cl" "sp3" }
>> 	{ "Br-"  "Br" "sp3" }
>> 	{ "I-"   "I"  "sp3" }
>> 	{ "Li+"  "Li"  "sp3" }
>> 	{ "Na+"  "Na"  "sp3" }
>> 	{ "K+"  "K"  "sp3" }
>> 	{ "Rb+"  "Rb"  "sp3" }
>> 	{ "Cs+"  "Cs"  "sp3" }
>> 	{ "Mg+"  "Mg"  "sp3" }
>>     { "Tl+"  "Tl"  "sp3" }
>>     { "Cu+"  "Cu"  "sp3" }
>>     { "Ag+"  "Ag"  "sp3" }
>>     { "Be2+" "Be"  "sp3" }
>>     { "Cu2+" "Cu"  "sp3" }
>>     { "Ni2+" "Ni"  "sp3" }
>>     { "Pt2+" "Pt"  "sp3" }
>>     { "Zn2+" "Zn"  "sp3" }
>>     { "Co2+" "Co"  "sp3" }
>>     { "Pd2+" "Pd"  "sp3" }
>>     { "Ag2+" "Ag"  "sp3" }
>>     { "Cr2+" "Cr"  "sp3" }
>>     { "Fe2+" "Fe"  "sp3" }
>>     { "Mg2+" "Mg"  "sp3" }
>>     { "V2+"  "V"   "sp3" }
>>     { "Mn2+" "Mn"  "sp3" }
>>     { "Hg2+" "Hg"  "sp3" }
>>     { "Cd2+" "Cd"  "sp3" }
>>     { "Yb2+" "Yb"  "sp3" }
>>     { "Ca2+" "Ca"  "sp3" }
>>     { "Sn2+" "Sn"  "sp3" }
>>     { "Pb2+" "Pb"  "sp3" }
>>     { "Eu2+" "Eu"  "sp3" }
>>     { "Sr2+" "Sr"  "sp3" }
>>     { "Sm2+" "Sm"  "sp3" }
>>     { "Ba2+" "Ba"  "sp3" }
>>     { "Ra2+" "Ra"  "sp3" }
>>     { "Al3+" "Al"  "sp3" }
>>     { "Fe3+" "Fe"  "sp3" }
>>     { "Cr3+" "Cr"  "sp3" }
>>     { "In3+" "In"  "sp3" }
>>     { "Tl3+" "Tl"  "sp3" }
>>     { "Y3+"  "Y"   "sp3" }
>>     { "La3+" "La"  "sp3" }
>>     { "Ce3+" "Ce"  "sp3" }
>>     { "Pr3+" "Pr"  "sp3" }
>>     { "Nd3+" "Nd"  "sp3" }
>>     { "Sm3+" "Sm"  "sp3" }
>>     { "Eu3+" "Eu"  "sp3" }
>>     { "Gd3+" "Gd"  "sp3" }
>>     { "Tb3+" "Tb"  "sp3" }
>>     { "Dy3+" "Dy"  "sp3" }
>>     { "Er3+" "Er"  "sp3" }
>>     { "Tm3+" "Tm"  "sp3" }
>>     { "Lu3+" "Lu"  "sp3" }
>>     { "Hf4+" "Hf"  "sp3" }
>>     { "Zr4+" "Zr"  "sp3" }
>>     { "Ce4+" "Ce"  "sp3" }
>>     { "U4+"  "U"   "sp3" }
>>     { "Pu4+" "Pu"  "sp3" }
>>     { "Th4+" "Th"  "sp3" }
>>     { "OW"   "O"   "sp3" }
>>     { "HW"   "H"   "sp3" }
>>     { "EP"   ""    "sp3" }
>> }
>> loadOff atomic_ions.lib
Loading library: /home/johann/miniconda3/dat/leap/lib/atomic_ions.lib
Loading: AG
Loading: AL
Loading: Ag
Loading: BA
Loading: BR
Loading: Be
Loading: CA
Loading: CD
Loading: CE
Loading: CL
Loading: CO
Loading: CR
Loading: CS
Loading: CU
Loading: CU1
Loading: Ce
Loading: Cl-
Loading: Cr
Loading: Dy
Loading: EU
Loading: EU3
Loading: Er
Loading: F
Loading: FE
Loading: FE2
Loading: GD3
Loading: H3O+
Loading: HE+
Loading: HG
Loading: HZ+
Loading: Hf
Loading: IN
Loading: IOD
Loading: K
Loading: K+
Loading: LA
Loading: LI
Loading: LU
Loading: MG
Loading: MN
Loading: NA
Loading: NH4
Loading: NI
Loading: Na+
Loading: Nd
Loading: PB
Loading: PD
Loading: PR
Loading: PT
Loading: Pu
Loading: RB
Loading: Ra
Loading: SM
Loading: SR
Loading: Sm
Loading: Sn
Loading: TB
Loading: TL
Loading: Th
Loading: Tl
Loading: Tm
Loading: U4+
Loading: V2+
Loading: Y
Loading: YB2
Loading: ZN
Loading: Zr
>> loadOff solvents.lib
Loading library: /home/johann/miniconda3/dat/leap/lib/solvents.lib
Loading: CHCL3BOX
Loading: DC4
Loading: FB3
Loading: FB3BOX
Loading: FB4
Loading: FB4BOX
Loading: MEOHBOX
Loading: NMABOX
Loading: O3P
Loading: OP3
Loading: OPC
Loading: OPC3BOX
Loading: OPC3POLBOX
Loading: OPCBOX
Loading: PL3
Loading: POL3BOX
Loading: QSPCFWBOX
Loading: SPC
Loading: SPCBOX
Loading: SPCFWBOX
Loading: SPF
Loading: SPG
Loading: T4E
Loading: TIP3PBOX
Loading: TIP3PFBOX
Loading: TIP4PBOX
Loading: TIP4PEWBOX
Loading: TIP5PBOX
Loading: TP3
Loading: TP4
Loading: TP5
Loading: TPF
>> HOH = OPC
>> WAT = OPC
>> loadAmberParams frcmod.opc
Loading parameters: /home/johann/miniconda3/dat/leap/parm/frcmod.opc
Reading force field modification type file (frcmod)
Reading title:
Parameters for OPC water (JPCL, 2014, 5 (21), pp 3863-3871)
(UNKNOWN ATOM TYPE: EP)
>> loadAmberParams frcmod.ionslm_126_opc
Loading parameters: /home/johann/miniconda3/dat/leap/parm/frcmod.ionslm_126_opc
Reading force field modification type file (frcmod)
Reading title:
Li/Merz ion parameters of atomic ions for the OPC water model (12-6 set)
>> 
> 
> solvateOct COMPLEX OPCBOX 10
Scaling up box by a factor of 1.254727 to meet diagonal cut criterion
  Solute vdw bounding box:              28.619 32.577 32.910
  Total bounding box for atom centers:  58.005 58.005 58.005
      (box expansion for 'iso' is   8.6%)
  Solvent unit box:                     18.865 18.478 19.006
The number of boxes:  x= 4  y= 4  z= 4
  Volume: 102713.433 A^3 (oct)
  Total mass 52514.964 amu,  Density 0.849 g/cc
  Added 2546 residues.
> saveamberparm COMPLEX ./divided-files/2oxd/2oxd.top ./divided-files/2oxd/2oxd.crd
Checking Unit.

/home/johann/miniconda3/bin/teLeap: Note.
Ignoring the warnings from Unit Checking.

Building topology.
Building atom parameters.
Building bond parameters.
Building angle parameters.
Building proper torsion parameters.
Building improper torsion parameters.
 total 173 improper torsions applied
Building H-Bond parameters.
Incorporating Non-Bonded adjustments.
Not Marking per-residue atom chain types.
Marking per-residue atom chain types.
  (Residues lacking connect0/connect1 - 
   these don't have chain types marked:

	res	total affected

	K32	1
  )
 (no restraints)
> savepdb COMPLEX ./divided-files/2oxd/2oxdt.pdb
Writing pdb file: ./divided-files/2oxd/2oxdt.pdb
   printing CRYST1 record to PDB file with box info
 quit
	Quit

Exiting LEaP: Errors = 0; Warnings = 0; Notes = 1.
log started: Fri Jun  6 12:03:11 2025

Log file: ./leap.log
>> #
>> # ----- leaprc for loading the ff19SB force field
>> # ----- NOTE: this is designed for PDB format 3!
>> #
>> #	load atom type hybridizations
>> #
>> addAtomTypes {
>> 	{ "H"   "H" "sp3" }
>> 	{ "HO"  "H" "sp3" }
>> 	{ "HS"  "H" "sp3" }
>> 	{ "H1"  "H" "sp3" }
>> 	{ "H2"  "H" "sp3" }
>> 	{ "H3"  "H" "sp3" }
>> 	{ "H4"  "H" "sp3" }
>> 	{ "H5"  "H" "sp3" }
>> 	{ "HW"  "H" "sp3" }
>> 	{ "HC"  "H" "sp3" }
>> 	{ "HA"  "H" "sp3" }
>> 	{ "HP"  "H" "sp3" }
>> 	{ "HZ"  "H" "sp3" }
>> 	{ "OH"  "O" "sp3" }
>> 	{ "OS"  "O" "sp3" }
>> 	{ "O"   "O" "sp2" }
>> 	{ "O2"  "O" "sp2" }
>> 	{ "OP"  "O" "sp2" }
>> 	{ "OW"  "O" "sp3" }
>> 	{ "CT"  "C" "sp3" }
>> 	{ "CX"  "C" "sp3" }
>> 	{ "XC"  "C" "sp3" }
>> 	{ "C8"  "C" "sp3" }
>> 	{ "2C"  "C" "sp3" }
>> 	{ "3C"  "C" "sp3" }
>> 	{ "CH"  "C" "sp3" }
>> 	{ "CS"  "C" "sp2" }
>> 	{ "C"   "C" "sp2" }
>> 	{ "CO"   "C" "sp2" }
>> 	{ "C*"  "C" "sp2" }
>> 	{ "CA"  "C" "sp2" }
>> 	{ "CB"  "C" "sp2" }
>> 	{ "CC"  "C" "sp2" }
>> 	{ "CN"  "C" "sp2" }
>> 	{ "CM"  "C" "sp2" }
>> 	{ "CK"  "C" "sp2" }
>> 	{ "CQ"  "C" "sp2" }
>> 	{ "CD"  "C" "sp2" }
>> 	{ "C5"  "C" "sp2" }
>> 	{ "C4"  "C" "sp2" }
>> 	{ "CP"  "C" "sp2" }
>> 	{ "CI"  "C" "sp3" }
>> 	{ "CJ"  "C" "sp2" }
>> 	{ "CW"  "C" "sp2" }
>> 	{ "CV"  "C" "sp2" }
>> 	{ "CR"  "C" "sp2" }
>> 	{ "CA"  "C" "sp2" }
>> 	{ "CY"  "C" "sp2" }
>> 	{ "C0"  "Ca" "sp3" }
>> 	{ "MG"  "Mg" "sp3" }
>> 	{ "N"   "N" "sp2" }
>> 	{ "NA"  "N" "sp2" }
>> 	{ "N2"  "N" "sp2" }
>> 	{ "N*"  "N" "sp2" }
>> 	{ "NP"  "N" "sp2" }
>> 	{ "NQ"  "N" "sp2" }
>> 	{ "NB"  "N" "sp2" }
>> 	{ "NC"  "N" "sp2" }
>> 	{ "NT"  "N" "sp3" }
>> 	{ "NY"  "N" "sp2" }
>> 	{ "N3"  "N" "sp3" }
>> 	{ "S"   "S" "sp3" }
>> 	{ "SH"  "S" "sp3" }
>> 	{ "P"   "P" "sp3" }
>> 	{ "LP"  ""  "sp3" }
>> 	{ "EP"  ""  "sp3" }
>> 	{ "F"   "F" "sp3" }
>> 	{ "Cl"  "Cl" "sp3" }
>> 	{ "Br"  "Br" "sp3" }
>> 	{ "I"   "I"  "sp3" }
>> }
>> #
>> #	Load the main parameter set.
>> #
>> set default cmap on
>> parm19 = loadamberparams parm19.dat
Loading parameters: /home/johann/miniconda3/dat/leap/parm/parm19.dat
Reading title:
PARM99 + frcmod.ff99SB + frcmod.parmbsc0 + OL3 for RNA + ff19SB
(UNKNOWN ATOM TYPE: Zn)
(UNKNOWN ATOM TYPE: EP)
>> frcmod19SB = loadamberparams frcmod.ff19SB
Loading parameters: /home/johann/miniconda3/dat/leap/parm/frcmod.ff19SB
Reading force field modification type file (frcmod)
Reading title:
ff19SB AA-specific backbone CMAPs for protein 07/25/2019
>> #
>> #	Load main chain and terminating amino acid libraries
>> #
>> loadOff amino19.lib
Loading library: /home/johann/miniconda3/dat/leap/lib/amino19.lib
Loading: ALA
Loading: ARG
Loading: ASH
Loading: ASN
Loading: ASP
Loading: CYM
Loading: CYS
Loading: CYX
Loading: GLH
Loading: GLN
Loading: GLU
Loading: GLY
Loading: HID
Loading: HIE
Loading: HIP
Loading: HYP
Loading: ILE
Loading: LEU
Loading: LYN
Loading: LYS
Loading: MET
Loading: PHE
Loading: PRO
Loading: SER
Loading: THR
Loading: TRP
Loading: TYR
Loading: VAL
>> loadOff aminoct12.lib
Loading library: /home/johann/miniconda3/dat/leap/lib/aminoct12.lib
Loading: CALA
Loading: CARG
Loading: CASN
Loading: CASP
Loading: CCYS
Loading: CCYX
Loading: CGLN
Loading: CGLU
Loading: CGLY
Loading: CHID
Loading: CHIE
Loading: CHIP
Loading: CHYP
Loading: CILE
Loading: CLEU
Loading: CLYS
Loading: CMET
Loading: CPHE
Loading: CPRO
Loading: CSER
Loading: CTHR
Loading: CTRP
Loading: CTYR
Loading: CVAL
Loading: NHE
Loading: NME
>> loadOff aminont12.lib
Loading library: /home/johann/miniconda3/dat/leap/lib/aminont12.lib
Loading: ACE
Loading: NALA
Loading: NARG
Loading: NASN
Loading: NASP
Loading: NCYS
Loading: NCYX
Loading: NGLN
Loading: NGLU
Loading: NGLY
Loading: NHID
Loading: NHIE
Loading: NHIP
Loading: NILE
Loading: NLEU
Loading: NLYS
Loading: NMET
Loading: NPHE
Loading: NPRO
Loading: NSER
Loading: NTHR
Loading: NTRP
Loading: NTYR
Loading: NVAL
>> 
>> #
>> #	Define the PDB name map for the amino acids
>> #
>> addPdbResMap {
>>   { 0 "HYP" "NHYP" } { 1 "HYP" "CHYP" }
>>   { 0 "ALA" "NALA" } { 1 "ALA" "CALA" }
>>   { 0 "ARG" "NARG" } { 1 "ARG" "CARG" }
>>   { 0 "ASN" "NASN" } { 1 "ASN" "CASN" }
>>   { 0 "ASP" "NASP" } { 1 "ASP" "CASP" }
>>   { 0 "CYS" "NCYS" } { 1 "CYS" "CCYS" }
>>   { 0 "CYX" "NCYX" } { 1 "CYX" "CCYX" }
>>   { 0 "GLN" "NGLN" } { 1 "GLN" "CGLN" }
>>   { 0 "GLU" "NGLU" } { 1 "GLU" "CGLU" }
>>   { 0 "GLY" "NGLY" } { 1 "GLY" "CGLY" }
>>   { 0 "HID" "NHID" } { 1 "HID" "CHID" }
>>   { 0 "HIE" "NHIE" } { 1 "HIE" "CHIE" }
>>   { 0 "HIP" "NHIP" } { 1 "HIP" "CHIP" }
>>   { 0 "ILE" "NILE" } { 1 "ILE" "CILE" }
>>   { 0 "LEU" "NLEU" } { 1 "LEU" "CLEU" }
>>   { 0 "LYS" "NLYS" } { 1 "LYS" "CLYS" }
>>   { 0 "MET" "NMET" } { 1 "MET" "CMET" }
>>   { 0 "PHE" "NPHE" } { 1 "PHE" "CPHE" }
>>   { 0 "PRO" "NPRO" } { 1 "PRO" "CPRO" }
>>   { 0 "SER" "NSER" } { 1 "SER" "CSER" }
>>   { 0 "THR" "NTHR" } { 1 "THR" "CTHR" }
>>   { 0 "TRP" "NTRP" } { 1 "TRP" "CTRP" }
>>   { 0 "TYR" "NTYR" } { 1 "TYR" "CTYR" }
>>   { 0 "VAL" "NVAL" } { 1 "VAL" "CVAL" }
>>   { 0 "HIS" "NHIS" } { 1 "HIS" "CHIS" }
>> }
>> 
>> #
>> # assume that most often proteins use HIE
>> #
>> NHIS = NHIE
>> HIS = HIE
>> CHIS = CHIE
> 
> source leaprc.gaff
----- Source: /home/johann/miniconda3/dat/leap/cmd/leaprc.gaff
----- Source of /home/johann/miniconda3/dat/leap/cmd/leaprc.gaff done
>> logFile leap.log
log started: Fri Jun  6 12:03:11 2025

Log file: ./leap.log
>> #
>> # ----- leaprc for loading the general Amber Force field.
>> #       This file is mostly for use with Antechamber
>> #
>> #	load atom type hybridizations
>> #
>> addAtomTypes {
>> 	{ "h1"  "H" "sp3" }
>> 	{ "h2"  "H" "sp3" }
>> 	{ "h3"  "H" "sp3" }
>> 	{ "h4"  "H" "sp3" }
>> 	{ "h5"  "H" "sp3" }
>> 	{ "ha"  "H" "sp3" }
>> 	{ "hc"  "H" "sp3" }
>> 	{ "hn"  "H" "sp3" }
>> 	{ "ho"  "H" "sp3" }
>> 	{ "hp"  "H" "sp3" }
>> 	{ "hs"  "H" "sp3" }
>> 	{ "hw"  "H" "sp3" }
>> 	{ "hx"  "H" "sp3" }
>> 	{ "o"  "O" "sp2" }
>> 	{ "o2"  "O" "sp2" }
>> 	{ "oh"  "O" "sp3" }
>> 	{ "op"  "O" "sp3" }
>> 	{ "oq"  "O" "sp3" }
>> 	{ "os"  "O" "sp3" }
>> 	{ "ow"  "O" "sp3" }
>> 	{ "c"  "C" "sp2" }
>> 	{ "c1"  "C" "sp2" }
>> 	{ "c2"  "C" "sp2" }
>> 	{ "c3"  "C" "sp3" }
>> 	{ "ca"  "C" "sp2" }
>> 	{ "cc"  "C" "sp2" }
>> 	{ "cd"  "C" "sp2" }
>> 	{ "ce"  "C" "sp2" }
>> 	{ "cf"  "C" "sp2" }
>> 	{ "cg"  "C" "sp2" }
>> 	{ "ch"  "C" "sp2" }
>> 	{ "cp"  "C" "sp2" }
>> 	{ "cq"  "C" "sp2" }
>> 	{ "cu"  "C" "sp2" }
>> 	{ "cv"  "C" "sp2" }
>> 	{ "cx"  "C" "sp2" }
>> 	{ "cy"  "C" "sp2" }
>> 	{ "cz"  "C" "sp2" }
>> 	{ "n"   "N" "sp2" }
>> 	{ "n1"  "N" "sp2" }
>> 	{ "n2"  "N" "sp2" }
>> 	{ "n3"  "N" "sp3" }
>> 	{ "n4"  "N" "sp3" }
>> 	{ "na"  "N" "sp2" }
>> 	{ "nb"  "N" "sp2" }
>> 	{ "nc"  "N" "sp2" }
>> 	{ "nd"  "N" "sp2" }
>> 	{ "ne"  "N" "sp2" }
>> 	{ "nf"  "N" "sp2" }
>> 	{ "nh"  "N" "sp2" }
>> 	{ "ni"  "N" "sp2" }
>> 	{ "nj"  "N" "sp2" }
>> 	{ "nk"  "N" "sp3" }
>> 	{ "nl"  "N" "sp3" }
>> 	{ "nm"  "N" "sp2" }
>> 	{ "nn"  "N" "sp2" }
>> 	{ "no"  "N" "sp2" }
>> 	{ "np"  "N" "sp3" }
>> 	{ "nq"  "N" "sp3" }
>> 	{ "s"   "S" "sp2" }
>> 	{ "s2"   "S" "sp2" }
>> 	{ "s3"   "S" "sp3" }
>> 	{ "s4"   "S" "sp3" }
>> 	{ "s6"   "S" "sp3" }
>> 	{ "sh"   "S" "sp3" }
>> 	{ "sp"   "S" "sp3" }
>> 	{ "sq"   "S" "sp3" }
>> 	{ "ss"   "S" "sp3" }
>> 	{ "sx"   "S" "sp3" }
>> 	{ "sy"   "S" "sp3" }
>> 	{ "p2"   "P" "sp2" }
>> 	{ "p3"   "P" "sp3" }
>> 	{ "p4"   "P" "sp3" }
>> 	{ "p5"   "P" "sp3" }
>> 	{ "pb"   "P" "sp3" }
>> 	{ "pc"   "P" "sp3" }
>> 	{ "pd"   "P" "sp3" }
>> 	{ "pe"   "P" "sp3" }
>> 	{ "pf"   "P" "sp3" }
>> 	{ "px"   "P" "sp3" }
>> 	{ "py"   "P" "sp3" }
>> 	{ "f"   "F" "sp3" }
>> 	{ "cl"  "Cl" "sp3" }
>> 	{ "br"  "Br" "sp3" }
>> 	{ "i"   "I"  "sp3" }
>> }
>> #
>> #	Load the general force field parameter set.
>> #
>> gaff = loadamberparams gaff.dat
Loading parameters: /home/johann/miniconda3/dat/leap/parm/gaff.dat
Reading title:
AMBER General Force Field for organic molecules (Version 1.81, May 2017)
> 
> loadamberparams ./divided-files/2oxd/LIGAND.frcmod
Loading parameters: ./divided-files/2oxd/LIGAND.frcmod
Reading force field modification type file (frcmod)
Reading title:
Remark line goes here
> LIG = loadmol2 ./divided-files/2oxd/LIGAND.mol2
Loading Mol2 file: ./divided-files/2oxd/LIGAND.mol2
Reading MOLECULE named K32
> PROT = loadpdb ./divided-files/2oxd/PROTEIN.pdb
Loading PDB file: ./divided-files/2oxd/PROTEIN.pdb
Matching PDB residue names to LEaP variables.
  Added missing heavy atom: .R<ACE 37>.A<CH3 2>
  Added missing heavy atom: .R<NME 43>.A<C 3>
  Added missing heavy atom: .R<ACE 44>.A<CH3 2>
  Added missing heavy atom: .R<NME 50>.A<C 3>
  Added missing heavy atom: .R<ACE 51>.A<CH3 2>
  Added missing heavy atom: .R<NME 58>.A<C 3>
  Added missing heavy atom: .R<ACE 59>.A<CH3 2>
  Added missing heavy atom: .R<NME 61>.A<C 3>
  Added missing heavy atom: .R<ACE 62>.A<CH3 2>
  Added missing heavy atom: .R<NME 64>.A<C 3>
  Added missing heavy atom: .R<ACE 65>.A<CH3 2>
  Added missing heavy atom: .R<NME 70>.A<C 3>
  Added missing heavy atom: .R<ACE 71>.A<CH3 2>
  Added missing heavy atom: .R<NME 82>.A<C 3>
  Added missing heavy atom: .R<ACE 83>.A<CH3 2>
  Added missing heavy atom: .R<NME 92>.A<C 3>
  Added missing heavy atom: .R<ACE 93>.A<CH3 2>
  Added missing heavy atom: .R<NME 101>.A<C 3>
  total atoms in file: 842
  Leap added 72 missing atoms according to residue templates:
       18 Heavy
       54 H / lone pairs
> COMPLEX = combine {PROT LIG}
  Sequence: default_name
  Sequence: K32
> source leaprc.water.opc
----- Source: /home/johann/miniconda3/dat/leap/cmd/leaprc.water.opc
----- Source of /home/johann/miniconda3/dat/leap/cmd/leaprc.water.opc done
>> #
>> #  Load OPC water model and ions for OPC + Li/Merz ion parameters
>> #  (-1 to +4, 12-6 normal usage set)
>> # 
>> addAtomTypes {
>> 	{ "F-"   "F" "sp3" }
>> 	{ "Cl-"  "Cl" "sp3" }
>> 	{ "Br-"  "Br" "sp3" }
>> 	{ "I-"   "I"  "sp3" }
>> 	{ "Li+"  "Li"  "sp3" }
>> 	{ "Na+"  "Na"  "sp3" }
>> 	{ "K+"  "K"  "sp3" }
>> 	{ "Rb+"  "Rb"  "sp3" }
>> 	{ "Cs+"  "Cs"  "sp3" }
>> 	{ "Mg+"  "Mg"  "sp3" }
>>     { "Tl+"  "Tl"  "sp3" }
>>     { "Cu+"  "Cu"  "sp3" }
>>     { "Ag+"  "Ag"  "sp3" }
>>     { "Be2+" "Be"  "sp3" }
>>     { "Cu2+" "Cu"  "sp3" }
>>     { "Ni2+" "Ni"  "sp3" }
>>     { "Pt2+" "Pt"  "sp3" }
>>     { "Zn2+" "Zn"  "sp3" }
>>     { "Co2+" "Co"  "sp3" }
>>     { "Pd2+" "Pd"  "sp3" }
>>     { "Ag2+" "Ag"  "sp3" }
>>     { "Cr2+" "Cr"  "sp3" }
>>     { "Fe2+" "Fe"  "sp3" }
>>     { "Mg2+" "Mg"  "sp3" }
>>     { "V2+"  "V"   "sp3" }
>>     { "Mn2+" "Mn"  "sp3" }
>>     { "Hg2+" "Hg"  "sp3" }
>>     { "Cd2+" "Cd"  "sp3" }
>>     { "Yb2+" "Yb"  "sp3" }
>>     { "Ca2+" "Ca"  "sp3" }
>>     { "Sn2+" "Sn"  "sp3" }
>>     { "Pb2+" "Pb"  "sp3" }
>>     { "Eu2+" "Eu"  "sp3" }
>>     { "Sr2+" "Sr"  "sp3" }
>>     { "Sm2+" "Sm"  "sp3" }
>>     { "Ba2+" "Ba"  "sp3" }
>>     { "Ra2+" "Ra"  "sp3" }
>>     { "Al3+" "Al"  "sp3" }
>>     { "Fe3+" "Fe"  "sp3" }
>>     { "Cr3+" "Cr"  "sp3" }
>>     { "In3+" "In"  "sp3" }
>>     { "Tl3+" "Tl"  "sp3" }
>>     { "Y3+"  "Y"   "sp3" }
>>     { "La3+" "La"  "sp3" }
>>     { "Ce3+" "Ce"  "sp3" }
>>     { "Pr3+" "Pr"  "sp3" }
>>     { "Nd3+" "Nd"  "sp3" }
>>     { "Sm3+" "Sm"  "sp3" }
>>     { "Eu3+" "Eu"  "sp3" }
>>     { "Gd3+" "Gd"  "sp3" }
>>     { "Tb3+" "Tb"  "sp3" }
>>     { "Dy3+" "Dy"  "sp3" }
>>     { "Er3+" "Er"  "sp3" }
>>     { "Tm3+" "Tm"  "sp3" }
>>     { "Lu3+" "Lu"  "sp3" }
>>     { "Hf4+" "Hf"  "sp3" }
>>     { "Zr4+" "Zr"  "sp3" }
>>     { "Ce4+" "Ce"  "sp3" }
>>     { "U4+"  "U"   "sp3" }
>>     { "Pu4+" "Pu"  "sp3" }
>>     { "Th4+" "Th"  "sp3" }
>>     { "OW"   "O"   "sp3" }
>>     { "HW"   "H"   "sp3" }
>>     { "EP"   ""    "sp3" }
>> }
>> loadOff atomic_ions.lib
Loading library: /home/johann/miniconda3/dat/leap/lib/atomic_ions.lib
Loading: AG
Loading: AL
Loading: Ag
Loading: BA
Loading: BR
Loading: Be
Loading: CA
Loading: CD
Loading: CE
Loading: CL
Loading: CO
Loading: CR
Loading: CS
Loading: CU
Loading: CU1
Loading: Ce
Loading: Cl-
Loading: Cr
Loading: Dy
Loading: EU
Loading: EU3
Loading: Er
Loading: F
Loading: FE
Loading: FE2
Loading: GD3
Loading: H3O+
Loading: HE+
Loading: HG
Loading: HZ+
Loading: Hf
Loading: IN
Loading: IOD
Loading: K
Loading: K+
Loading: LA
Loading: LI
Loading: LU
Loading: MG
Loading: MN
Loading: NA
Loading: NH4
Loading: NI
Loading: Na+
Loading: Nd
Loading: PB
Loading: PD
Loading: PR
Loading: PT
Loading: Pu
Loading: RB
Loading: Ra
Loading: SM
Loading: SR
Loading: Sm
Loading: Sn
Loading: TB
Loading: TL
Loading: Th
Loading: Tl
Loading: Tm
Loading: U4+
Loading: V2+
Loading: Y
Loading: YB2
Loading: ZN
Loading: Zr
>> loadOff solvents.lib
Loading library: /home/johann/miniconda3/dat/leap/lib/solvents.lib
Loading: CHCL3BOX
Loading: DC4
Loading: FB3
Loading: FB3BOX
Loading: FB4
Loading: FB4BOX
Loading: MEOHBOX
Loading: NMABOX
Loading: O3P
Loading: OP3
Loading: OPC
Loading: OPC3BOX
Loading: OPC3POLBOX
Loading: OPCBOX
Loading: PL3
Loading: POL3BOX
Loading: QSPCFWBOX
Loading: SPC
Loading: SPCBOX
Loading: SPCFWBOX
Loading: SPF
Loading: SPG
Loading: T4E
Loading: TIP3PBOX
Loading: TIP3PFBOX
Loading: TIP4PBOX
Loading: TIP4PEWBOX
Loading: TIP5PBOX
Loading: TP3
Loading: TP4
Loading: TP5
Loading: TPF
>> HOH = OPC
>> WAT = OPC
>> loadAmberParams frcmod.opc
Loading parameters: /home/johann/miniconda3/dat/leap/parm/frcmod.opc
Reading force field modification type file (frcmod)
Reading title:
Parameters for OPC water (JPCL, 2014, 5 (21), pp 3863-3871)
(UNKNOWN ATOM TYPE: EP)
>> loadAmberParams frcmod.ionslm_126_opc
Loading parameters: /home/johann/miniconda3/dat/leap/parm/frcmod.ionslm_126_opc
Reading force field modification type file (frcmod)
Reading title:
Li/Merz ion parameters of atomic ions for the OPC water model (12-6 set)
>> 
> 
> solvateOct COMPLEX OPCBOX 10
Scaling up box by a factor of 1.254727 to meet diagonal cut criterion
  Solute vdw bounding box:              28.619 32.577 32.910
  Total bounding box for atom centers:  58.005 58.005 58.005
      (box expansion for 'iso' is   8.6%)
  Solvent unit box:                     18.865 18.478 19.006
The number of boxes:  x= 4  y= 4  z= 4
  Volume: 102713.433 A^3 (oct)
  Total mass 52514.964 amu,  Density 0.849 g/cc
  Added 2546 residues.
> addions COMPLEX Na+ 7
Adding 7 counter ions to "COMPLEX" using 1A grid
Total solute charge:   0.00  Max atom radius:   2.02
Grid extends from solute vdw + 2.93  to  8.95
Box:
   enclosing:  -23.30 -24.45 -22.46   23.49 23.45 23.09
   sized:			      40.70 39.55 41.54
   edge:        64.00
Resolution:      1.00 Angstrom.
Tree depth: 6
Volume =  9.44% of box, grid points 24757
Solvent present: replacing closest with ion
	 when steric overlaps occur
Calculating grid charges
(Replacing solvent molecule)
Placed Na+ in COMPLEX at (0.08, 4.73, -15.80).
(Replacing solvent molecule)
Placed Na+ in COMPLEX at (17.25, -0.83, -9.15).
(Replacing solvent molecule)
Placed Na+ in COMPLEX at (0.39, -3.14, 14.31).
(Replacing solvent molecule)
Placed Na+ in COMPLEX at (4.80, 16.92, -8.33).
(Replacing solvent molecule)
Placed Na+ in COMPLEX at (-6.18, -2.31, -14.05).
(Replacing solvent molecule)
Placed Na+ in COMPLEX at (-15.62, 4.88, 4.63).
(Replacing solvent molecule)
Placed Na+ in COMPLEX at (-6.22, -16.88, -7.15).

Done adding ions.
> addions COMPLEX Cl- 7
Adding 7 counter ions to "COMPLEX" using 1A grid
Total solute charge:   7.00  Max atom radius:   2.02
Grid extends from solute vdw + 4.72  to  10.74
Box:
   enclosing:  -26.36 -27.62 -26.54   27.99 27.66 25.05
   sized:			      37.64 36.38 37.46
   edge:        64.00
Resolution:      1.00 Angstrom.
Tree depth: 6
Volume = 12.15% of box, grid points 31846
Solvent present: replacing closest with ion
	 when steric overlaps occur
Calculating grid charges
(Replacing solvent molecule)
Placed Cl- in COMPLEX at (-1.71, -16.79, -11.55).
(Replacing solvent molecule)
Placed Cl- in COMPLEX at (-5.98, 16.36, 0.73).
(Replacing solvent molecule)
Placed Cl- in COMPLEX at (-2.34, 1.25, -20.51).
(Replacing solvent molecule)
Placed Cl- in COMPLEX at (11.06, -10.69, 1.24).
(Replacing solvent molecule)
Placed Cl- in COMPLEX at (-12.81, 9.45, 6.35).
(Replacing solvent molecule)
Placed Cl- in COMPLEX at (-1.59, 17.65, -8.20).
(Replacing solvent molecule)
Placed Cl- in COMPLEX at (6.37, -0.92, 16.70).

Done adding ions.
> saveamberparm COMPLEX ./divided-files/2oxd/2oxd.top ./divided-files/2oxd/2oxd.crd
Checking Unit.

/home/johann/miniconda3/bin/teLeap: Note.
Ignoring the warnings from Unit Checking.

Building topology.
Building atom parameters.
Building bond parameters.
Building angle parameters.
Building proper torsion parameters.
Building improper torsion parameters.
 total 173 improper torsions applied
Building H-Bond parameters.
Incorporating Non-Bonded adjustments.
Not Marking per-residue atom chain types.
Marking per-residue atom chain types.
  (Residues lacking connect0/connect1 - 
   these don't have chain types marked:

	res	total affected

	K32	1
  )
 (no restraints)
> savepdb COMPLEX ./divided-files/2oxd/2oxdti.pdb
Writing pdb file: ./divided-files/2oxd/2oxdti.pdb
   printing CRYST1 record to PDB file with box info
 quit
	Quit

Exiting LEaP: Errors = 0; Warnings = 0; Notes = 1.
log started: Fri Jun  6 12:04:27 2025

Log file: ./leap.log
>> #
>> # ----- leaprc for loading the ff19SB force field
>> # ----- NOTE: this is designed for PDB format 3!
>> #
>> #	load atom type hybridizations
>> #
>> addAtomTypes {
>> 	{ "H"   "H" "sp3" }
>> 	{ "HO"  "H" "sp3" }
>> 	{ "HS"  "H" "sp3" }
>> 	{ "H1"  "H" "sp3" }
>> 	{ "H2"  "H" "sp3" }
>> 	{ "H3"  "H" "sp3" }
>> 	{ "H4"  "H" "sp3" }
>> 	{ "H5"  "H" "sp3" }
>> 	{ "HW"  "H" "sp3" }
>> 	{ "HC"  "H" "sp3" }
>> 	{ "HA"  "H" "sp3" }
>> 	{ "HP"  "H" "sp3" }
>> 	{ "HZ"  "H" "sp3" }
>> 	{ "OH"  "O" "sp3" }
>> 	{ "OS"  "O" "sp3" }
>> 	{ "O"   "O" "sp2" }
>> 	{ "O2"  "O" "sp2" }
>> 	{ "OP"  "O" "sp2" }
>> 	{ "OW"  "O" "sp3" }
>> 	{ "CT"  "C" "sp3" }
>> 	{ "CX"  "C" "sp3" }
>> 	{ "XC"  "C" "sp3" }
>> 	{ "C8"  "C" "sp3" }
>> 	{ "2C"  "C" "sp3" }
>> 	{ "3C"  "C" "sp3" }
>> 	{ "CH"  "C" "sp3" }
>> 	{ "CS"  "C" "sp2" }
>> 	{ "C"   "C" "sp2" }
>> 	{ "CO"   "C" "sp2" }
>> 	{ "C*"  "C" "sp2" }
>> 	{ "CA"  "C" "sp2" }
>> 	{ "CB"  "C" "sp2" }
>> 	{ "CC"  "C" "sp2" }
>> 	{ "CN"  "C" "sp2" }
>> 	{ "CM"  "C" "sp2" }
>> 	{ "CK"  "C" "sp2" }
>> 	{ "CQ"  "C" "sp2" }
>> 	{ "CD"  "C" "sp2" }
>> 	{ "C5"  "C" "sp2" }
>> 	{ "C4"  "C" "sp2" }
>> 	{ "CP"  "C" "sp2" }
>> 	{ "CI"  "C" "sp3" }
>> 	{ "CJ"  "C" "sp2" }
>> 	{ "CW"  "C" "sp2" }
>> 	{ "CV"  "C" "sp2" }
>> 	{ "CR"  "C" "sp2" }
>> 	{ "CA"  "C" "sp2" }
>> 	{ "CY"  "C" "sp2" }
>> 	{ "C0"  "Ca" "sp3" }
>> 	{ "MG"  "Mg" "sp3" }
>> 	{ "N"   "N" "sp2" }
>> 	{ "NA"  "N" "sp2" }
>> 	{ "N2"  "N" "sp2" }
>> 	{ "N*"  "N" "sp2" }
>> 	{ "NP"  "N" "sp2" }
>> 	{ "NQ"  "N" "sp2" }
>> 	{ "NB"  "N" "sp2" }
>> 	{ "NC"  "N" "sp2" }
>> 	{ "NT"  "N" "sp3" }
>> 	{ "NY"  "N" "sp2" }
>> 	{ "N3"  "N" "sp3" }
>> 	{ "S"   "S" "sp3" }
>> 	{ "SH"  "S" "sp3" }
>> 	{ "P"   "P" "sp3" }
>> 	{ "LP"  ""  "sp3" }
>> 	{ "EP"  ""  "sp3" }
>> 	{ "F"   "F" "sp3" }
>> 	{ "Cl"  "Cl" "sp3" }
>> 	{ "Br"  "Br" "sp3" }
>> 	{ "I"   "I"  "sp3" }
>> }
>> #
>> #	Load the main parameter set.
>> #
>> set default cmap on
>> parm19 = loadamberparams parm19.dat
Loading parameters: /home/johann/miniconda3/dat/leap/parm/parm19.dat
Reading title:
PARM99 + frcmod.ff99SB + frcmod.parmbsc0 + OL3 for RNA + ff19SB
(UNKNOWN ATOM TYPE: Zn)
(UNKNOWN ATOM TYPE: EP)
>> frcmod19SB = loadamberparams frcmod.ff19SB
Loading parameters: /home/johann/miniconda3/dat/leap/parm/frcmod.ff19SB
Reading force field modification type file (frcmod)
Reading title:
ff19SB AA-specific backbone CMAPs for protein 07/25/2019
>> #
>> #	Load main chain and terminating amino acid libraries
>> #
>> loadOff amino19.lib
Loading library: /home/johann/miniconda3/dat/leap/lib/amino19.lib
Loading: ALA
Loading: ARG
Loading: ASH
Loading: ASN
Loading: ASP
Loading: CYM
Loading: CYS
Loading: CYX
Loading: GLH
Loading: GLN
Loading: GLU
Loading: GLY
Loading: HID
Loading: HIE
Loading: HIP
Loading: HYP
Loading: ILE
Loading: LEU
Loading: LYN
Loading: LYS
Loading: MET
Loading: PHE
Loading: PRO
Loading: SER
Loading: THR
Loading: TRP
Loading: TYR
Loading: VAL
>> loadOff aminoct12.lib
Loading library: /home/johann/miniconda3/dat/leap/lib/aminoct12.lib
Loading: CALA
Loading: CARG
Loading: CASN
Loading: CASP
Loading: CCYS
Loading: CCYX
Loading: CGLN
Loading: CGLU
Loading: CGLY
Loading: CHID
Loading: CHIE
Loading: CHIP
Loading: CHYP
Loading: CILE
Loading: CLEU
Loading: CLYS
Loading: CMET
Loading: CPHE
Loading: CPRO
Loading: CSER
Loading: CTHR
Loading: CTRP
Loading: CTYR
Loading: CVAL
Loading: NHE
Loading: NME
>> loadOff aminont12.lib
Loading library: /home/johann/miniconda3/dat/leap/lib/aminont12.lib
Loading: ACE
Loading: NALA
Loading: NARG
Loading: NASN
Loading: NASP
Loading: NCYS
Loading: NCYX
Loading: NGLN
Loading: NGLU
Loading: NGLY
Loading: NHID
Loading: NHIE
Loading: NHIP
Loading: NILE
Loading: NLEU
Loading: NLYS
Loading: NMET
Loading: NPHE
Loading: NPRO
Loading: NSER
Loading: NTHR
Loading: NTRP
Loading: NTYR
Loading: NVAL
>> 
>> #
>> #	Define the PDB name map for the amino acids
>> #
>> addPdbResMap {
>>   { 0 "HYP" "NHYP" } { 1 "HYP" "CHYP" }
>>   { 0 "ALA" "NALA" } { 1 "ALA" "CALA" }
>>   { 0 "ARG" "NARG" } { 1 "ARG" "CARG" }
>>   { 0 "ASN" "NASN" } { 1 "ASN" "CASN" }
>>   { 0 "ASP" "NASP" } { 1 "ASP" "CASP" }
>>   { 0 "CYS" "NCYS" } { 1 "CYS" "CCYS" }
>>   { 0 "CYX" "NCYX" } { 1 "CYX" "CCYX" }
>>   { 0 "GLN" "NGLN" } { 1 "GLN" "CGLN" }
>>   { 0 "GLU" "NGLU" } { 1 "GLU" "CGLU" }
>>   { 0 "GLY" "NGLY" } { 1 "GLY" "CGLY" }
>>   { 0 "HID" "NHID" } { 1 "HID" "CHID" }
>>   { 0 "HIE" "NHIE" } { 1 "HIE" "CHIE" }
>>   { 0 "HIP" "NHIP" } { 1 "HIP" "CHIP" }
>>   { 0 "ILE" "NILE" } { 1 "ILE" "CILE" }
>>   { 0 "LEU" "NLEU" } { 1 "LEU" "CLEU" }
>>   { 0 "LYS" "NLYS" } { 1 "LYS" "CLYS" }
>>   { 0 "MET" "NMET" } { 1 "MET" "CMET" }
>>   { 0 "PHE" "NPHE" } { 1 "PHE" "CPHE" }
>>   { 0 "PRO" "NPRO" } { 1 "PRO" "CPRO" }
>>   { 0 "SER" "NSER" } { 1 "SER" "CSER" }
>>   { 0 "THR" "NTHR" } { 1 "THR" "CTHR" }
>>   { 0 "TRP" "NTRP" } { 1 "TRP" "CTRP" }
>>   { 0 "TYR" "NTYR" } { 1 "TYR" "CTYR" }
>>   { 0 "VAL" "NVAL" } { 1 "VAL" "CVAL" }
>>   { 0 "HIS" "NHIS" } { 1 "HIS" "CHIS" }
>> }
>> 
>> #
>> # assume that most often proteins use HIE
>> #
>> NHIS = NHIE
>> HIS = HIE
>> CHIS = CHIE
> 
> source leaprc.gaff
----- Source: /home/johann/miniconda3/dat/leap/cmd/leaprc.gaff
----- Source of /home/johann/miniconda3/dat/leap/cmd/leaprc.gaff done
>> logFile leap.log
log started: Fri Jun  6 12:04:27 2025

Log file: ./leap.log
>> #
>> # ----- leaprc for loading the general Amber Force field.
>> #       This file is mostly for use with Antechamber
>> #
>> #	load atom type hybridizations
>> #
>> addAtomTypes {
>> 	{ "h1"  "H" "sp3" }
>> 	{ "h2"  "H" "sp3" }
>> 	{ "h3"  "H" "sp3" }
>> 	{ "h4"  "H" "sp3" }
>> 	{ "h5"  "H" "sp3" }
>> 	{ "ha"  "H" "sp3" }
>> 	{ "hc"  "H" "sp3" }
>> 	{ "hn"  "H" "sp3" }
>> 	{ "ho"  "H" "sp3" }
>> 	{ "hp"  "H" "sp3" }
>> 	{ "hs"  "H" "sp3" }
>> 	{ "hw"  "H" "sp3" }
>> 	{ "hx"  "H" "sp3" }
>> 	{ "o"  "O" "sp2" }
>> 	{ "o2"  "O" "sp2" }
>> 	{ "oh"  "O" "sp3" }
>> 	{ "op"  "O" "sp3" }
>> 	{ "oq"  "O" "sp3" }
>> 	{ "os"  "O" "sp3" }
>> 	{ "ow"  "O" "sp3" }
>> 	{ "c"  "C" "sp2" }
>> 	{ "c1"  "C" "sp2" }
>> 	{ "c2"  "C" "sp2" }
>> 	{ "c3"  "C" "sp3" }
>> 	{ "ca"  "C" "sp2" }
>> 	{ "cc"  "C" "sp2" }
>> 	{ "cd"  "C" "sp2" }
>> 	{ "ce"  "C" "sp2" }
>> 	{ "cf"  "C" "sp2" }
>> 	{ "cg"  "C" "sp2" }
>> 	{ "ch"  "C" "sp2" }
>> 	{ "cp"  "C" "sp2" }
>> 	{ "cq"  "C" "sp2" }
>> 	{ "cu"  "C" "sp2" }
>> 	{ "cv"  "C" "sp2" }
>> 	{ "cx"  "C" "sp2" }
>> 	{ "cy"  "C" "sp2" }
>> 	{ "cz"  "C" "sp2" }
>> 	{ "n"   "N" "sp2" }
>> 	{ "n1"  "N" "sp2" }
>> 	{ "n2"  "N" "sp2" }
>> 	{ "n3"  "N" "sp3" }
>> 	{ "n4"  "N" "sp3" }
>> 	{ "na"  "N" "sp2" }
>> 	{ "nb"  "N" "sp2" }
>> 	{ "nc"  "N" "sp2" }
>> 	{ "nd"  "N" "sp2" }
>> 	{ "ne"  "N" "sp2" }
>> 	{ "nf"  "N" "sp2" }
>> 	{ "nh"  "N" "sp2" }
>> 	{ "ni"  "N" "sp2" }
>> 	{ "nj"  "N" "sp2" }
>> 	{ "nk"  "N" "sp3" }
>> 	{ "nl"  "N" "sp3" }
>> 	{ "nm"  "N" "sp2" }
>> 	{ "nn"  "N" "sp2" }
>> 	{ "no"  "N" "sp2" }
>> 	{ "np"  "N" "sp3" }
>> 	{ "nq"  "N" "sp3" }
>> 	{ "s"   "S" "sp2" }
>> 	{ "s2"   "S" "sp2" }
>> 	{ "s3"   "S" "sp3" }
>> 	{ "s4"   "S" "sp3" }
>> 	{ "s6"   "S" "sp3" }
>> 	{ "sh"   "S" "sp3" }
>> 	{ "sp"   "S" "sp3" }
>> 	{ "sq"   "S" "sp3" }
>> 	{ "ss"   "S" "sp3" }
>> 	{ "sx"   "S" "sp3" }
>> 	{ "sy"   "S" "sp3" }
>> 	{ "p2"   "P" "sp2" }
>> 	{ "p3"   "P" "sp3" }
>> 	{ "p4"   "P" "sp3" }
>> 	{ "p5"   "P" "sp3" }
>> 	{ "pb"   "P" "sp3" }
>> 	{ "pc"   "P" "sp3" }
>> 	{ "pd"   "P" "sp3" }
>> 	{ "pe"   "P" "sp3" }
>> 	{ "pf"   "P" "sp3" }
>> 	{ "px"   "P" "sp3" }
>> 	{ "py"   "P" "sp3" }
>> 	{ "f"   "F" "sp3" }
>> 	{ "cl"  "Cl" "sp3" }
>> 	{ "br"  "Br" "sp3" }
>> 	{ "i"   "I"  "sp3" }
>> }
>> #
>> #	Load the general force field parameter set.
>> #
>> gaff = loadamberparams gaff.dat
Loading parameters: /home/johann/miniconda3/dat/leap/parm/gaff.dat
Reading title:
AMBER General Force Field for organic molecules (Version 1.81, May 2017)
> 
> loadamberparams ./divided-files/2r9w/LIGAND.frcmod
Loading parameters: ./divided-files/2r9w/LIGAND.frcmod
Reading force field modification type file (frcmod)
Reading title:
Remark line goes here
> LIG = loadmol2 ./divided-files/2r9w/LIGAND.mol2
Loading Mol2 file: ./divided-files/2r9w/LIGAND.mol2
Reading MOLECULE named 23C
> PROT = loadpdb ./divided-files/2r9w/PROTEIN.pdb
Loading PDB file: ./divided-files/2r9w/PROTEIN.pdb
Matching PDB residue names to LEaP variables.
  Added missing heavy atom: .R<ACE 57>.A<CH3 2>
  Added missing heavy atom: .R<NME 65>.A<C 3>
  Added missing heavy atom: .R<ACE 66>.A<CH3 2>
  Added missing heavy atom: .R<NME 73>.A<C 3>
  Added missing heavy atom: .R<ACE 74>.A<CH3 2>
  Added missing heavy atom: .R<NME 79>.A<C 3>
  Added missing heavy atom: .R<ACE 80>.A<CH3 2>
  Added missing heavy atom: .R<NME 82>.A<C 3>
  Added missing heavy atom: .R<ACE 83>.A<CH3 2>
  Added missing heavy atom: .R<NME 93>.A<C 3>
  Added missing heavy atom: .R<ACE 94>.A<CH3 2>
  Added missing heavy atom: .R<NME 98>.A<C 3>
  Added missing heavy atom: .R<ACE 99>.A<CH3 2>
  Added missing heavy atom: .R<NME 107>.A<C 3>
  Added missing heavy atom: .R<ACE 108>.A<CH3 2>
  Added missing heavy atom: .R<NME 119>.A<C 3>
  Added missing heavy atom: .R<ACE 120>.A<CH3 2>
  Added missing heavy atom: .R<NME 125>.A<C 3>
  Added missing heavy atom: .R<ACE 126>.A<CH3 2>
  Added missing heavy atom: .R<NME 128>.A<C 3>
  total atoms in file: 786
  Leap added 81 missing atoms according to residue templates:
       20 Heavy
       61 H / lone pairs
> COMPLEX = combine {PROT LIG}
  Sequence: default_name
  Sequence: 23C
> source leaprc.water.opc
----- Source: /home/johann/miniconda3/dat/leap/cmd/leaprc.water.opc
----- Source of /home/johann/miniconda3/dat/leap/cmd/leaprc.water.opc done
>> #
>> #  Load OPC water model and ions for OPC + Li/Merz ion parameters
>> #  (-1 to +4, 12-6 normal usage set)
>> # 
>> addAtomTypes {
>> 	{ "F-"   "F" "sp3" }
>> 	{ "Cl-"  "Cl" "sp3" }
>> 	{ "Br-"  "Br" "sp3" }
>> 	{ "I-"   "I"  "sp3" }
>> 	{ "Li+"  "Li"  "sp3" }
>> 	{ "Na+"  "Na"  "sp3" }
>> 	{ "K+"  "K"  "sp3" }
>> 	{ "Rb+"  "Rb"  "sp3" }
>> 	{ "Cs+"  "Cs"  "sp3" }
>> 	{ "Mg+"  "Mg"  "sp3" }
>>     { "Tl+"  "Tl"  "sp3" }
>>     { "Cu+"  "Cu"  "sp3" }
>>     { "Ag+"  "Ag"  "sp3" }
>>     { "Be2+" "Be"  "sp3" }
>>     { "Cu2+" "Cu"  "sp3" }
>>     { "Ni2+" "Ni"  "sp3" }
>>     { "Pt2+" "Pt"  "sp3" }
>>     { "Zn2+" "Zn"  "sp3" }
>>     { "Co2+" "Co"  "sp3" }
>>     { "Pd2+" "Pd"  "sp3" }
>>     { "Ag2+" "Ag"  "sp3" }
>>     { "Cr2+" "Cr"  "sp3" }
>>     { "Fe2+" "Fe"  "sp3" }
>>     { "Mg2+" "Mg"  "sp3" }
>>     { "V2+"  "V"   "sp3" }
>>     { "Mn2+" "Mn"  "sp3" }
>>     { "Hg2+" "Hg"  "sp3" }
>>     { "Cd2+" "Cd"  "sp3" }
>>     { "Yb2+" "Yb"  "sp3" }
>>     { "Ca2+" "Ca"  "sp3" }
>>     { "Sn2+" "Sn"  "sp3" }
>>     { "Pb2+" "Pb"  "sp3" }
>>     { "Eu2+" "Eu"  "sp3" }
>>     { "Sr2+" "Sr"  "sp3" }
>>     { "Sm2+" "Sm"  "sp3" }
>>     { "Ba2+" "Ba"  "sp3" }
>>     { "Ra2+" "Ra"  "sp3" }
>>     { "Al3+" "Al"  "sp3" }
>>     { "Fe3+" "Fe"  "sp3" }
>>     { "Cr3+" "Cr"  "sp3" }
>>     { "In3+" "In"  "sp3" }
>>     { "Tl3+" "Tl"  "sp3" }
>>     { "Y3+"  "Y"   "sp3" }
>>     { "La3+" "La"  "sp3" }
>>     { "Ce3+" "Ce"  "sp3" }
>>     { "Pr3+" "Pr"  "sp3" }
>>     { "Nd3+" "Nd"  "sp3" }
>>     { "Sm3+" "Sm"  "sp3" }
>>     { "Eu3+" "Eu"  "sp3" }
>>     { "Gd3+" "Gd"  "sp3" }
>>     { "Tb3+" "Tb"  "sp3" }
>>     { "Dy3+" "Dy"  "sp3" }
>>     { "Er3+" "Er"  "sp3" }
>>     { "Tm3+" "Tm"  "sp3" }
>>     { "Lu3+" "Lu"  "sp3" }
>>     { "Hf4+" "Hf"  "sp3" }
>>     { "Zr4+" "Zr"  "sp3" }
>>     { "Ce4+" "Ce"  "sp3" }
>>     { "U4+"  "U"   "sp3" }
>>     { "Pu4+" "Pu"  "sp3" }
>>     { "Th4+" "Th"  "sp3" }
>>     { "OW"   "O"   "sp3" }
>>     { "HW"   "H"   "sp3" }
>>     { "EP"   ""    "sp3" }
>> }
>> loadOff atomic_ions.lib
Loading library: /home/johann/miniconda3/dat/leap/lib/atomic_ions.lib
Loading: AG
Loading: AL
Loading: Ag
Loading: BA
Loading: BR
Loading: Be
Loading: CA
Loading: CD
Loading: CE
Loading: CL
Loading: CO
Loading: CR
Loading: CS
Loading: CU
Loading: CU1
Loading: Ce
Loading: Cl-
Loading: Cr
Loading: Dy
Loading: EU
Loading: EU3
Loading: Er
Loading: F
Loading: FE
Loading: FE2
Loading: GD3
Loading: H3O+
Loading: HE+
Loading: HG
Loading: HZ+
Loading: Hf
Loading: IN
Loading: IOD
Loading: K
Loading: K+
Loading: LA
Loading: LI
Loading: LU
Loading: MG
Loading: MN
Loading: NA
Loading: NH4
Loading: NI
Loading: Na+
Loading: Nd
Loading: PB
Loading: PD
Loading: PR
Loading: PT
Loading: Pu
Loading: RB
Loading: Ra
Loading: SM
Loading: SR
Loading: Sm
Loading: Sn
Loading: TB
Loading: TL
Loading: Th
Loading: Tl
Loading: Tm
Loading: U4+
Loading: V2+
Loading: Y
Loading: YB2
Loading: ZN
Loading: Zr
>> loadOff solvents.lib
Loading library: /home/johann/miniconda3/dat/leap/lib/solvents.lib
Loading: CHCL3BOX
Loading: DC4
Loading: FB3
Loading: FB3BOX
Loading: FB4
Loading: FB4BOX
Loading: MEOHBOX
Loading: NMABOX
Loading: O3P
Loading: OP3
Loading: OPC
Loading: OPC3BOX
Loading: OPC3POLBOX
Loading: OPCBOX
Loading: PL3
Loading: POL3BOX
Loading: QSPCFWBOX
Loading: SPC
Loading: SPCBOX
Loading: SPCFWBOX
Loading: SPF
Loading: SPG
Loading: T4E
Loading: TIP3PBOX
Loading: TIP3PFBOX
Loading: TIP4PBOX
Loading: TIP4PEWBOX
Loading: TIP5PBOX
Loading: TP3
Loading: TP4
Loading: TP5
Loading: TPF
>> HOH = OPC
>> WAT = OPC
>> loadAmberParams frcmod.opc
Loading parameters: /home/johann/miniconda3/dat/leap/parm/frcmod.opc
Reading force field modification type file (frcmod)
Reading title:
Parameters for OPC water (JPCL, 2014, 5 (21), pp 3863-3871)
(UNKNOWN ATOM TYPE: EP)
>> loadAmberParams frcmod.ionslm_126_opc
Loading parameters: /home/johann/miniconda3/dat/leap/parm/frcmod.ionslm_126_opc
Reading force field modification type file (frcmod)
Reading title:
Li/Merz ion parameters of atomic ions for the OPC water model (12-6 set)
>> 
> 
> solvateOct COMPLEX OPCBOX 10
Scaling up box by a factor of 1.329129 to meet diagonal cut criterion
  Solute vdw bounding box:              35.513 27.781 33.002
  Total bounding box for atom centers:  62.096 62.096 62.096
      (box expansion for 'iso' is  19.0%)
  Solvent unit box:                     18.865 18.478 19.006
The number of boxes:  x= 4  y= 4  z= 4
  Volume: 125593.433 A^3 (oct)
  Total mass 64617.900 amu,  Density 0.854 g/cc
  Added 3227 residues.
> saveamberparm COMPLEX ./divided-files/2r9w/2r9w.top ./divided-files/2r9w/2r9w.crd
Checking Unit.

/home/johann/miniconda3/bin/teLeap: Note.
Ignoring the warnings from Unit Checking.

Building topology.
Building atom parameters.
Building bond parameters.
Building angle parameters.
Building proper torsion parameters.
Building improper torsion parameters.
 total 196 improper torsions applied
Building H-Bond parameters.
Incorporating Non-Bonded adjustments.
Not Marking per-residue atom chain types.
Marking per-residue atom chain types.
  (Residues lacking connect0/connect1 - 
   these don't have chain types marked:

	res	total affected

	23C	1
  )
 (no restraints)
> savepdb COMPLEX ./divided-files/2r9w/2r9wt.pdb
Writing pdb file: ./divided-files/2r9w/2r9wt.pdb
   printing CRYST1 record to PDB file with box info
 quit
	Quit

Exiting LEaP: Errors = 0; Warnings = 0; Notes = 1.
log started: Fri Jun  6 12:05:21 2025

Log file: ./leap.log
>> #
>> # ----- leaprc for loading the ff19SB force field
>> # ----- NOTE: this is designed for PDB format 3!
>> #
>> #	load atom type hybridizations
>> #
>> addAtomTypes {
>> 	{ "H"   "H" "sp3" }
>> 	{ "HO"  "H" "sp3" }
>> 	{ "HS"  "H" "sp3" }
>> 	{ "H1"  "H" "sp3" }
>> 	{ "H2"  "H" "sp3" }
>> 	{ "H3"  "H" "sp3" }
>> 	{ "H4"  "H" "sp3" }
>> 	{ "H5"  "H" "sp3" }
>> 	{ "HW"  "H" "sp3" }
>> 	{ "HC"  "H" "sp3" }
>> 	{ "HA"  "H" "sp3" }
>> 	{ "HP"  "H" "sp3" }
>> 	{ "HZ"  "H" "sp3" }
>> 	{ "OH"  "O" "sp3" }
>> 	{ "OS"  "O" "sp3" }
>> 	{ "O"   "O" "sp2" }
>> 	{ "O2"  "O" "sp2" }
>> 	{ "OP"  "O" "sp2" }
>> 	{ "OW"  "O" "sp3" }
>> 	{ "CT"  "C" "sp3" }
>> 	{ "CX"  "C" "sp3" }
>> 	{ "XC"  "C" "sp3" }
>> 	{ "C8"  "C" "sp3" }
>> 	{ "2C"  "C" "sp3" }
>> 	{ "3C"  "C" "sp3" }
>> 	{ "CH"  "C" "sp3" }
>> 	{ "CS"  "C" "sp2" }
>> 	{ "C"   "C" "sp2" }
>> 	{ "CO"   "C" "sp2" }
>> 	{ "C*"  "C" "sp2" }
>> 	{ "CA"  "C" "sp2" }
>> 	{ "CB"  "C" "sp2" }
>> 	{ "CC"  "C" "sp2" }
>> 	{ "CN"  "C" "sp2" }
>> 	{ "CM"  "C" "sp2" }
>> 	{ "CK"  "C" "sp2" }
>> 	{ "CQ"  "C" "sp2" }
>> 	{ "CD"  "C" "sp2" }
>> 	{ "C5"  "C" "sp2" }
>> 	{ "C4"  "C" "sp2" }
>> 	{ "CP"  "C" "sp2" }
>> 	{ "CI"  "C" "sp3" }
>> 	{ "CJ"  "C" "sp2" }
>> 	{ "CW"  "C" "sp2" }
>> 	{ "CV"  "C" "sp2" }
>> 	{ "CR"  "C" "sp2" }
>> 	{ "CA"  "C" "sp2" }
>> 	{ "CY"  "C" "sp2" }
>> 	{ "C0"  "Ca" "sp3" }
>> 	{ "MG"  "Mg" "sp3" }
>> 	{ "N"   "N" "sp2" }
>> 	{ "NA"  "N" "sp2" }
>> 	{ "N2"  "N" "sp2" }
>> 	{ "N*"  "N" "sp2" }
>> 	{ "NP"  "N" "sp2" }
>> 	{ "NQ"  "N" "sp2" }
>> 	{ "NB"  "N" "sp2" }
>> 	{ "NC"  "N" "sp2" }
>> 	{ "NT"  "N" "sp3" }
>> 	{ "NY"  "N" "sp2" }
>> 	{ "N3"  "N" "sp3" }
>> 	{ "S"   "S" "sp3" }
>> 	{ "SH"  "S" "sp3" }
>> 	{ "P"   "P" "sp3" }
>> 	{ "LP"  ""  "sp3" }
>> 	{ "EP"  ""  "sp3" }
>> 	{ "F"   "F" "sp3" }
>> 	{ "Cl"  "Cl" "sp3" }
>> 	{ "Br"  "Br" "sp3" }
>> 	{ "I"   "I"  "sp3" }
>> }
>> #
>> #	Load the main parameter set.
>> #
>> set default cmap on
>> parm19 = loadamberparams parm19.dat
Loading parameters: /home/johann/miniconda3/dat/leap/parm/parm19.dat
Reading title:
PARM99 + frcmod.ff99SB + frcmod.parmbsc0 + OL3 for RNA + ff19SB
(UNKNOWN ATOM TYPE: Zn)
(UNKNOWN ATOM TYPE: EP)
>> frcmod19SB = loadamberparams frcmod.ff19SB
Loading parameters: /home/johann/miniconda3/dat/leap/parm/frcmod.ff19SB
Reading force field modification type file (frcmod)
Reading title:
ff19SB AA-specific backbone CMAPs for protein 07/25/2019
>> #
>> #	Load main chain and terminating amino acid libraries
>> #
>> loadOff amino19.lib
Loading library: /home/johann/miniconda3/dat/leap/lib/amino19.lib
Loading: ALA
Loading: ARG
Loading: ASH
Loading: ASN
Loading: ASP
Loading: CYM
Loading: CYS
Loading: CYX
Loading: GLH
Loading: GLN
Loading: GLU
Loading: GLY
Loading: HID
Loading: HIE
Loading: HIP
Loading: HYP
Loading: ILE
Loading: LEU
Loading: LYN
Loading: LYS
Loading: MET
Loading: PHE
Loading: PRO
Loading: SER
Loading: THR
Loading: TRP
Loading: TYR
Loading: VAL
>> loadOff aminoct12.lib
Loading library: /home/johann/miniconda3/dat/leap/lib/aminoct12.lib
Loading: CALA
Loading: CARG
Loading: CASN
Loading: CASP
Loading: CCYS
Loading: CCYX
Loading: CGLN
Loading: CGLU
Loading: CGLY
Loading: CHID
Loading: CHIE
Loading: CHIP
Loading: CHYP
Loading: CILE
Loading: CLEU
Loading: CLYS
Loading: CMET
Loading: CPHE
Loading: CPRO
Loading: CSER
Loading: CTHR
Loading: CTRP
Loading: CTYR
Loading: CVAL
Loading: NHE
Loading: NME
>> loadOff aminont12.lib
Loading library: /home/johann/miniconda3/dat/leap/lib/aminont12.lib
Loading: ACE
Loading: NALA
Loading: NARG
Loading: NASN
Loading: NASP
Loading: NCYS
Loading: NCYX
Loading: NGLN
Loading: NGLU
Loading: NGLY
Loading: NHID
Loading: NHIE
Loading: NHIP
Loading: NILE
Loading: NLEU
Loading: NLYS
Loading: NMET
Loading: NPHE
Loading: NPRO
Loading: NSER
Loading: NTHR
Loading: NTRP
Loading: NTYR
Loading: NVAL
>> 
>> #
>> #	Define the PDB name map for the amino acids
>> #
>> addPdbResMap {
>>   { 0 "HYP" "NHYP" } { 1 "HYP" "CHYP" }
>>   { 0 "ALA" "NALA" } { 1 "ALA" "CALA" }
>>   { 0 "ARG" "NARG" } { 1 "ARG" "CARG" }
>>   { 0 "ASN" "NASN" } { 1 "ASN" "CASN" }
>>   { 0 "ASP" "NASP" } { 1 "ASP" "CASP" }
>>   { 0 "CYS" "NCYS" } { 1 "CYS" "CCYS" }
>>   { 0 "CYX" "NCYX" } { 1 "CYX" "CCYX" }
>>   { 0 "GLN" "NGLN" } { 1 "GLN" "CGLN" }
>>   { 0 "GLU" "NGLU" } { 1 "GLU" "CGLU" }
>>   { 0 "GLY" "NGLY" } { 1 "GLY" "CGLY" }
>>   { 0 "HID" "NHID" } { 1 "HID" "CHID" }
>>   { 0 "HIE" "NHIE" } { 1 "HIE" "CHIE" }
>>   { 0 "HIP" "NHIP" } { 1 "HIP" "CHIP" }
>>   { 0 "ILE" "NILE" } { 1 "ILE" "CILE" }
>>   { 0 "LEU" "NLEU" } { 1 "LEU" "CLEU" }
>>   { 0 "LYS" "NLYS" } { 1 "LYS" "CLYS" }
>>   { 0 "MET" "NMET" } { 1 "MET" "CMET" }
>>   { 0 "PHE" "NPHE" } { 1 "PHE" "CPHE" }
>>   { 0 "PRO" "NPRO" } { 1 "PRO" "CPRO" }
>>   { 0 "SER" "NSER" } { 1 "SER" "CSER" }
>>   { 0 "THR" "NTHR" } { 1 "THR" "CTHR" }
>>   { 0 "TRP" "NTRP" } { 1 "TRP" "CTRP" }
>>   { 0 "TYR" "NTYR" } { 1 "TYR" "CTYR" }
>>   { 0 "VAL" "NVAL" } { 1 "VAL" "CVAL" }
>>   { 0 "HIS" "NHIS" } { 1 "HIS" "CHIS" }
>> }
>> 
>> #
>> # assume that most often proteins use HIE
>> #
>> NHIS = NHIE
>> HIS = HIE
>> CHIS = CHIE
> 
> source leaprc.gaff
----- Source: /home/johann/miniconda3/dat/leap/cmd/leaprc.gaff
----- Source of /home/johann/miniconda3/dat/leap/cmd/leaprc.gaff done
>> logFile leap.log
log started: Fri Jun  6 12:05:21 2025

Log file: ./leap.log
>> #
>> # ----- leaprc for loading the general Amber Force field.
>> #       This file is mostly for use with Antechamber
>> #
>> #	load atom type hybridizations
>> #
>> addAtomTypes {
>> 	{ "h1"  "H" "sp3" }
>> 	{ "h2"  "H" "sp3" }
>> 	{ "h3"  "H" "sp3" }
>> 	{ "h4"  "H" "sp3" }
>> 	{ "h5"  "H" "sp3" }
>> 	{ "ha"  "H" "sp3" }
>> 	{ "hc"  "H" "sp3" }
>> 	{ "hn"  "H" "sp3" }
>> 	{ "ho"  "H" "sp3" }
>> 	{ "hp"  "H" "sp3" }
>> 	{ "hs"  "H" "sp3" }
>> 	{ "hw"  "H" "sp3" }
>> 	{ "hx"  "H" "sp3" }
>> 	{ "o"  "O" "sp2" }
>> 	{ "o2"  "O" "sp2" }
>> 	{ "oh"  "O" "sp3" }
>> 	{ "op"  "O" "sp3" }
>> 	{ "oq"  "O" "sp3" }
>> 	{ "os"  "O" "sp3" }
>> 	{ "ow"  "O" "sp3" }
>> 	{ "c"  "C" "sp2" }
>> 	{ "c1"  "C" "sp2" }
>> 	{ "c2"  "C" "sp2" }
>> 	{ "c3"  "C" "sp3" }
>> 	{ "ca"  "C" "sp2" }
>> 	{ "cc"  "C" "sp2" }
>> 	{ "cd"  "C" "sp2" }
>> 	{ "ce"  "C" "sp2" }
>> 	{ "cf"  "C" "sp2" }
>> 	{ "cg"  "C" "sp2" }
>> 	{ "ch"  "C" "sp2" }
>> 	{ "cp"  "C" "sp2" }
>> 	{ "cq"  "C" "sp2" }
>> 	{ "cu"  "C" "sp2" }
>> 	{ "cv"  "C" "sp2" }
>> 	{ "cx"  "C" "sp2" }
>> 	{ "cy"  "C" "sp2" }
>> 	{ "cz"  "C" "sp2" }
>> 	{ "n"   "N" "sp2" }
>> 	{ "n1"  "N" "sp2" }
>> 	{ "n2"  "N" "sp2" }
>> 	{ "n3"  "N" "sp3" }
>> 	{ "n4"  "N" "sp3" }
>> 	{ "na"  "N" "sp2" }
>> 	{ "nb"  "N" "sp2" }
>> 	{ "nc"  "N" "sp2" }
>> 	{ "nd"  "N" "sp2" }
>> 	{ "ne"  "N" "sp2" }
>> 	{ "nf"  "N" "sp2" }
>> 	{ "nh"  "N" "sp2" }
>> 	{ "ni"  "N" "sp2" }
>> 	{ "nj"  "N" "sp2" }
>> 	{ "nk"  "N" "sp3" }
>> 	{ "nl"  "N" "sp3" }
>> 	{ "nm"  "N" "sp2" }
>> 	{ "nn"  "N" "sp2" }
>> 	{ "no"  "N" "sp2" }
>> 	{ "np"  "N" "sp3" }
>> 	{ "nq"  "N" "sp3" }
>> 	{ "s"   "S" "sp2" }
>> 	{ "s2"   "S" "sp2" }
>> 	{ "s3"   "S" "sp3" }
>> 	{ "s4"   "S" "sp3" }
>> 	{ "s6"   "S" "sp3" }
>> 	{ "sh"   "S" "sp3" }
>> 	{ "sp"   "S" "sp3" }
>> 	{ "sq"   "S" "sp3" }
>> 	{ "ss"   "S" "sp3" }
>> 	{ "sx"   "S" "sp3" }
>> 	{ "sy"   "S" "sp3" }
>> 	{ "p2"   "P" "sp2" }
>> 	{ "p3"   "P" "sp3" }
>> 	{ "p4"   "P" "sp3" }
>> 	{ "p5"   "P" "sp3" }
>> 	{ "pb"   "P" "sp3" }
>> 	{ "pc"   "P" "sp3" }
>> 	{ "pd"   "P" "sp3" }
>> 	{ "pe"   "P" "sp3" }
>> 	{ "pf"   "P" "sp3" }
>> 	{ "px"   "P" "sp3" }
>> 	{ "py"   "P" "sp3" }
>> 	{ "f"   "F" "sp3" }
>> 	{ "cl"  "Cl" "sp3" }
>> 	{ "br"  "Br" "sp3" }
>> 	{ "i"   "I"  "sp3" }
>> }
>> #
>> #	Load the general force field parameter set.
>> #
>> gaff = loadamberparams gaff.dat
Loading parameters: /home/johann/miniconda3/dat/leap/parm/gaff.dat
Reading title:
AMBER General Force Field for organic molecules (Version 1.81, May 2017)
> 
> loadamberparams ./divided-files/2r9w/LIGAND.frcmod
Loading parameters: ./divided-files/2r9w/LIGAND.frcmod
Reading force field modification type file (frcmod)
Reading title:
Remark line goes here
> LIG = loadmol2 ./divided-files/2r9w/LIGAND.mol2
Loading Mol2 file: ./divided-files/2r9w/LIGAND.mol2
Reading MOLECULE named 23C
> PROT = loadpdb ./divided-files/2r9w/PROTEIN.pdb
Loading PDB file: ./divided-files/2r9w/PROTEIN.pdb
Matching PDB residue names to LEaP variables.
  Added missing heavy atom: .R<ACE 57>.A<CH3 2>
  Added missing heavy atom: .R<NME 65>.A<C 3>
  Added missing heavy atom: .R<ACE 66>.A<CH3 2>
  Added missing heavy atom: .R<NME 73>.A<C 3>
  Added missing heavy atom: .R<ACE 74>.A<CH3 2>
  Added missing heavy atom: .R<NME 79>.A<C 3>
  Added missing heavy atom: .R<ACE 80>.A<CH3 2>
  Added missing heavy atom: .R<NME 82>.A<C 3>
  Added missing heavy atom: .R<ACE 83>.A<CH3 2>
  Added missing heavy atom: .R<NME 93>.A<C 3>
  Added missing heavy atom: .R<ACE 94>.A<CH3 2>
  Added missing heavy atom: .R<NME 98>.A<C 3>
  Added missing heavy atom: .R<ACE 99>.A<CH3 2>
  Added missing heavy atom: .R<NME 107>.A<C 3>
  Added missing heavy atom: .R<ACE 108>.A<CH3 2>
  Added missing heavy atom: .R<NME 119>.A<C 3>
  Added missing heavy atom: .R<ACE 120>.A<CH3 2>
  Added missing heavy atom: .R<NME 125>.A<C 3>
  Added missing heavy atom: .R<ACE 126>.A<CH3 2>
  Added missing heavy atom: .R<NME 128>.A<C 3>
  total atoms in file: 786
  Leap added 81 missing atoms according to residue templates:
       20 Heavy
       61 H / lone pairs
> COMPLEX = combine {PROT LIG}
  Sequence: default_name
  Sequence: 23C
> source leaprc.water.opc
----- Source: /home/johann/miniconda3/dat/leap/cmd/leaprc.water.opc
----- Source of /home/johann/miniconda3/dat/leap/cmd/leaprc.water.opc done
>> #
>> #  Load OPC water model and ions for OPC + Li/Merz ion parameters
>> #  (-1 to +4, 12-6 normal usage set)
>> # 
>> addAtomTypes {
>> 	{ "F-"   "F" "sp3" }
>> 	{ "Cl-"  "Cl" "sp3" }
>> 	{ "Br-"  "Br" "sp3" }
>> 	{ "I-"   "I"  "sp3" }
>> 	{ "Li+"  "Li"  "sp3" }
>> 	{ "Na+"  "Na"  "sp3" }
>> 	{ "K+"  "K"  "sp3" }
>> 	{ "Rb+"  "Rb"  "sp3" }
>> 	{ "Cs+"  "Cs"  "sp3" }
>> 	{ "Mg+"  "Mg"  "sp3" }
>>     { "Tl+"  "Tl"  "sp3" }
>>     { "Cu+"  "Cu"  "sp3" }
>>     { "Ag+"  "Ag"  "sp3" }
>>     { "Be2+" "Be"  "sp3" }
>>     { "Cu2+" "Cu"  "sp3" }
>>     { "Ni2+" "Ni"  "sp3" }
>>     { "Pt2+" "Pt"  "sp3" }
>>     { "Zn2+" "Zn"  "sp3" }
>>     { "Co2+" "Co"  "sp3" }
>>     { "Pd2+" "Pd"  "sp3" }
>>     { "Ag2+" "Ag"  "sp3" }
>>     { "Cr2+" "Cr"  "sp3" }
>>     { "Fe2+" "Fe"  "sp3" }
>>     { "Mg2+" "Mg"  "sp3" }
>>     { "V2+"  "V"   "sp3" }
>>     { "Mn2+" "Mn"  "sp3" }
>>     { "Hg2+" "Hg"  "sp3" }
>>     { "Cd2+" "Cd"  "sp3" }
>>     { "Yb2+" "Yb"  "sp3" }
>>     { "Ca2+" "Ca"  "sp3" }
>>     { "Sn2+" "Sn"  "sp3" }
>>     { "Pb2+" "Pb"  "sp3" }
>>     { "Eu2+" "Eu"  "sp3" }
>>     { "Sr2+" "Sr"  "sp3" }
>>     { "Sm2+" "Sm"  "sp3" }
>>     { "Ba2+" "Ba"  "sp3" }
>>     { "Ra2+" "Ra"  "sp3" }
>>     { "Al3+" "Al"  "sp3" }
>>     { "Fe3+" "Fe"  "sp3" }
>>     { "Cr3+" "Cr"  "sp3" }
>>     { "In3+" "In"  "sp3" }
>>     { "Tl3+" "Tl"  "sp3" }
>>     { "Y3+"  "Y"   "sp3" }
>>     { "La3+" "La"  "sp3" }
>>     { "Ce3+" "Ce"  "sp3" }
>>     { "Pr3+" "Pr"  "sp3" }
>>     { "Nd3+" "Nd"  "sp3" }
>>     { "Sm3+" "Sm"  "sp3" }
>>     { "Eu3+" "Eu"  "sp3" }
>>     { "Gd3+" "Gd"  "sp3" }
>>     { "Tb3+" "Tb"  "sp3" }
>>     { "Dy3+" "Dy"  "sp3" }
>>     { "Er3+" "Er"  "sp3" }
>>     { "Tm3+" "Tm"  "sp3" }
>>     { "Lu3+" "Lu"  "sp3" }
>>     { "Hf4+" "Hf"  "sp3" }
>>     { "Zr4+" "Zr"  "sp3" }
>>     { "Ce4+" "Ce"  "sp3" }
>>     { "U4+"  "U"   "sp3" }
>>     { "Pu4+" "Pu"  "sp3" }
>>     { "Th4+" "Th"  "sp3" }
>>     { "OW"   "O"   "sp3" }
>>     { "HW"   "H"   "sp3" }
>>     { "EP"   ""    "sp3" }
>> }
>> loadOff atomic_ions.lib
Loading library: /home/johann/miniconda3/dat/leap/lib/atomic_ions.lib
Loading: AG
Loading: AL
Loading: Ag
Loading: BA
Loading: BR
Loading: Be
Loading: CA
Loading: CD
Loading: CE
Loading: CL
Loading: CO
Loading: CR
Loading: CS
Loading: CU
Loading: CU1
Loading: Ce
Loading: Cl-
Loading: Cr
Loading: Dy
Loading: EU
Loading: EU3
Loading: Er
Loading: F
Loading: FE
Loading: FE2
Loading: GD3
Loading: H3O+
Loading: HE+
Loading: HG
Loading: HZ+
Loading: Hf
Loading: IN
Loading: IOD
Loading: K
Loading: K+
Loading: LA
Loading: LI
Loading: LU
Loading: MG
Loading: MN
Loading: NA
Loading: NH4
Loading: NI
Loading: Na+
Loading: Nd
Loading: PB
Loading: PD
Loading: PR
Loading: PT
Loading: Pu
Loading: RB
Loading: Ra
Loading: SM
Loading: SR
Loading: Sm
Loading: Sn
Loading: TB
Loading: TL
Loading: Th
Loading: Tl
Loading: Tm
Loading: U4+
Loading: V2+
Loading: Y
Loading: YB2
Loading: ZN
Loading: Zr
>> loadOff solvents.lib
Loading library: /home/johann/miniconda3/dat/leap/lib/solvents.lib
Loading: CHCL3BOX
Loading: DC4
Loading: FB3
Loading: FB3BOX
Loading: FB4
Loading: FB4BOX
Loading: MEOHBOX
Loading: NMABOX
Loading: O3P
Loading: OP3
Loading: OPC
Loading: OPC3BOX
Loading: OPC3POLBOX
Loading: OPCBOX
Loading: PL3
Loading: POL3BOX
Loading: QSPCFWBOX
Loading: SPC
Loading: SPCBOX
Loading: SPCFWBOX
Loading: SPF
Loading: SPG
Loading: T4E
Loading: TIP3PBOX
Loading: TIP3PFBOX
Loading: TIP4PBOX
Loading: TIP4PEWBOX
Loading: TIP5PBOX
Loading: TP3
Loading: TP4
Loading: TP5
Loading: TPF
>> HOH = OPC
>> WAT = OPC
>> loadAmberParams frcmod.opc
Loading parameters: /home/johann/miniconda3/dat/leap/parm/frcmod.opc
Reading force field modification type file (frcmod)
Reading title:
Parameters for OPC water (JPCL, 2014, 5 (21), pp 3863-3871)
(UNKNOWN ATOM TYPE: EP)
>> loadAmberParams frcmod.ionslm_126_opc
Loading parameters: /home/johann/miniconda3/dat/leap/parm/frcmod.ionslm_126_opc
Reading force field modification type file (frcmod)
Reading title:
Li/Merz ion parameters of atomic ions for the OPC water model (12-6 set)
>> 
> 
> solvateOct COMPLEX OPCBOX 12
Scaling up box by a factor of 1.316548 to meet diagonal cut criterion
  Solute vdw bounding box:              35.513 27.781 33.002
  Total bounding box for atom centers:  67.110 67.110 67.110
      (box expansion for 'iso' is  17.4%)
  Solvent unit box:                     18.865 18.478 19.006
The number of boxes:  x= 4  y= 4  z= 4
  Volume: 157981.203 A^3 (oct)
  Total mass 81841.196 amu,  Density 0.860 g/cc
  Added 4183 residues.
> saveamberparm COMPLEX ./divided-files/2r9w/2r9w.top ./divided-files/2r9w/2r9w.crd
Checking Unit.

/home/johann/miniconda3/bin/teLeap: Note.
Ignoring the warnings from Unit Checking.

Building topology.
Building atom parameters.
Building bond parameters.
Building angle parameters.
Building proper torsion parameters.
Building improper torsion parameters.
 total 196 improper torsions applied
Building H-Bond parameters.
Incorporating Non-Bonded adjustments.
Not Marking per-residue atom chain types.
Marking per-residue atom chain types.
  (Residues lacking connect0/connect1 - 
   these don't have chain types marked:

	res	total affected

	23C	1
  )
 (no restraints)
> savepdb COMPLEX ./divided-files/2r9w/2r9wt.pdb
Writing pdb file: ./divided-files/2r9w/2r9wt.pdb
   printing CRYST1 record to PDB file with box info
 quit
	Quit

Exiting LEaP: Errors = 0; Warnings = 0; Notes = 1.
log started: Fri Jun  6 12:07:42 2025

Log file: ./leap.log
>> #
>> # ----- leaprc for loading the ff19SB force field
>> # ----- NOTE: this is designed for PDB format 3!
>> #
>> #	load atom type hybridizations
>> #
>> addAtomTypes {
>> 	{ "H"   "H" "sp3" }
>> 	{ "HO"  "H" "sp3" }
>> 	{ "HS"  "H" "sp3" }
>> 	{ "H1"  "H" "sp3" }
>> 	{ "H2"  "H" "sp3" }
>> 	{ "H3"  "H" "sp3" }
>> 	{ "H4"  "H" "sp3" }
>> 	{ "H5"  "H" "sp3" }
>> 	{ "HW"  "H" "sp3" }
>> 	{ "HC"  "H" "sp3" }
>> 	{ "HA"  "H" "sp3" }
>> 	{ "HP"  "H" "sp3" }
>> 	{ "HZ"  "H" "sp3" }
>> 	{ "OH"  "O" "sp3" }
>> 	{ "OS"  "O" "sp3" }
>> 	{ "O"   "O" "sp2" }
>> 	{ "O2"  "O" "sp2" }
>> 	{ "OP"  "O" "sp2" }
>> 	{ "OW"  "O" "sp3" }
>> 	{ "CT"  "C" "sp3" }
>> 	{ "CX"  "C" "sp3" }
>> 	{ "XC"  "C" "sp3" }
>> 	{ "C8"  "C" "sp3" }
>> 	{ "2C"  "C" "sp3" }
>> 	{ "3C"  "C" "sp3" }
>> 	{ "CH"  "C" "sp3" }
>> 	{ "CS"  "C" "sp2" }
>> 	{ "C"   "C" "sp2" }
>> 	{ "CO"   "C" "sp2" }
>> 	{ "C*"  "C" "sp2" }
>> 	{ "CA"  "C" "sp2" }
>> 	{ "CB"  "C" "sp2" }
>> 	{ "CC"  "C" "sp2" }
>> 	{ "CN"  "C" "sp2" }
>> 	{ "CM"  "C" "sp2" }
>> 	{ "CK"  "C" "sp2" }
>> 	{ "CQ"  "C" "sp2" }
>> 	{ "CD"  "C" "sp2" }
>> 	{ "C5"  "C" "sp2" }
>> 	{ "C4"  "C" "sp2" }
>> 	{ "CP"  "C" "sp2" }
>> 	{ "CI"  "C" "sp3" }
>> 	{ "CJ"  "C" "sp2" }
>> 	{ "CW"  "C" "sp2" }
>> 	{ "CV"  "C" "sp2" }
>> 	{ "CR"  "C" "sp2" }
>> 	{ "CA"  "C" "sp2" }
>> 	{ "CY"  "C" "sp2" }
>> 	{ "C0"  "Ca" "sp3" }
>> 	{ "MG"  "Mg" "sp3" }
>> 	{ "N"   "N" "sp2" }
>> 	{ "NA"  "N" "sp2" }
>> 	{ "N2"  "N" "sp2" }
>> 	{ "N*"  "N" "sp2" }
>> 	{ "NP"  "N" "sp2" }
>> 	{ "NQ"  "N" "sp2" }
>> 	{ "NB"  "N" "sp2" }
>> 	{ "NC"  "N" "sp2" }
>> 	{ "NT"  "N" "sp3" }
>> 	{ "NY"  "N" "sp2" }
>> 	{ "N3"  "N" "sp3" }
>> 	{ "S"   "S" "sp3" }
>> 	{ "SH"  "S" "sp3" }
>> 	{ "P"   "P" "sp3" }
>> 	{ "LP"  ""  "sp3" }
>> 	{ "EP"  ""  "sp3" }
>> 	{ "F"   "F" "sp3" }
>> 	{ "Cl"  "Cl" "sp3" }
>> 	{ "Br"  "Br" "sp3" }
>> 	{ "I"   "I"  "sp3" }
>> }
>> #
>> #	Load the main parameter set.
>> #
>> set default cmap on
>> parm19 = loadamberparams parm19.dat
Loading parameters: /home/johann/miniconda3/dat/leap/parm/parm19.dat
Reading title:
PARM99 + frcmod.ff99SB + frcmod.parmbsc0 + OL3 for RNA + ff19SB
(UNKNOWN ATOM TYPE: Zn)
(UNKNOWN ATOM TYPE: EP)
>> frcmod19SB = loadamberparams frcmod.ff19SB
Loading parameters: /home/johann/miniconda3/dat/leap/parm/frcmod.ff19SB
Reading force field modification type file (frcmod)
Reading title:
ff19SB AA-specific backbone CMAPs for protein 07/25/2019
>> #
>> #	Load main chain and terminating amino acid libraries
>> #
>> loadOff amino19.lib
Loading library: /home/johann/miniconda3/dat/leap/lib/amino19.lib
Loading: ALA
Loading: ARG
Loading: ASH
Loading: ASN
Loading: ASP
Loading: CYM
Loading: CYS
Loading: CYX
Loading: GLH
Loading: GLN
Loading: GLU
Loading: GLY
Loading: HID
Loading: HIE
Loading: HIP
Loading: HYP
Loading: ILE
Loading: LEU
Loading: LYN
Loading: LYS
Loading: MET
Loading: PHE
Loading: PRO
Loading: SER
Loading: THR
Loading: TRP
Loading: TYR
Loading: VAL
>> loadOff aminoct12.lib
Loading library: /home/johann/miniconda3/dat/leap/lib/aminoct12.lib
Loading: CALA
Loading: CARG
Loading: CASN
Loading: CASP
Loading: CCYS
Loading: CCYX
Loading: CGLN
Loading: CGLU
Loading: CGLY
Loading: CHID
Loading: CHIE
Loading: CHIP
Loading: CHYP
Loading: CILE
Loading: CLEU
Loading: CLYS
Loading: CMET
Loading: CPHE
Loading: CPRO
Loading: CSER
Loading: CTHR
Loading: CTRP
Loading: CTYR
Loading: CVAL
Loading: NHE
Loading: NME
>> loadOff aminont12.lib
Loading library: /home/johann/miniconda3/dat/leap/lib/aminont12.lib
Loading: ACE
Loading: NALA
Loading: NARG
Loading: NASN
Loading: NASP
Loading: NCYS
Loading: NCYX
Loading: NGLN
Loading: NGLU
Loading: NGLY
Loading: NHID
Loading: NHIE
Loading: NHIP
Loading: NILE
Loading: NLEU
Loading: NLYS
Loading: NMET
Loading: NPHE
Loading: NPRO
Loading: NSER
Loading: NTHR
Loading: NTRP
Loading: NTYR
Loading: NVAL
>> 
>> #
>> #	Define the PDB name map for the amino acids
>> #
>> addPdbResMap {
>>   { 0 "HYP" "NHYP" } { 1 "HYP" "CHYP" }
>>   { 0 "ALA" "NALA" } { 1 "ALA" "CALA" }
>>   { 0 "ARG" "NARG" } { 1 "ARG" "CARG" }
>>   { 0 "ASN" "NASN" } { 1 "ASN" "CASN" }
>>   { 0 "ASP" "NASP" } { 1 "ASP" "CASP" }
>>   { 0 "CYS" "NCYS" } { 1 "CYS" "CCYS" }
>>   { 0 "CYX" "NCYX" } { 1 "CYX" "CCYX" }
>>   { 0 "GLN" "NGLN" } { 1 "GLN" "CGLN" }
>>   { 0 "GLU" "NGLU" } { 1 "GLU" "CGLU" }
>>   { 0 "GLY" "NGLY" } { 1 "GLY" "CGLY" }
>>   { 0 "HID" "NHID" } { 1 "HID" "CHID" }
>>   { 0 "HIE" "NHIE" } { 1 "HIE" "CHIE" }
>>   { 0 "HIP" "NHIP" } { 1 "HIP" "CHIP" }
>>   { 0 "ILE" "NILE" } { 1 "ILE" "CILE" }
>>   { 0 "LEU" "NLEU" } { 1 "LEU" "CLEU" }
>>   { 0 "LYS" "NLYS" } { 1 "LYS" "CLYS" }
>>   { 0 "MET" "NMET" } { 1 "MET" "CMET" }
>>   { 0 "PHE" "NPHE" } { 1 "PHE" "CPHE" }
>>   { 0 "PRO" "NPRO" } { 1 "PRO" "CPRO" }
>>   { 0 "SER" "NSER" } { 1 "SER" "CSER" }
>>   { 0 "THR" "NTHR" } { 1 "THR" "CTHR" }
>>   { 0 "TRP" "NTRP" } { 1 "TRP" "CTRP" }
>>   { 0 "TYR" "NTYR" } { 1 "TYR" "CTYR" }
>>   { 0 "VAL" "NVAL" } { 1 "VAL" "CVAL" }
>>   { 0 "HIS" "NHIS" } { 1 "HIS" "CHIS" }
>> }
>> 
>> #
>> # assume that most often proteins use HIE
>> #
>> NHIS = NHIE
>> HIS = HIE
>> CHIS = CHIE
> 
> source leaprc.gaff
----- Source: /home/johann/miniconda3/dat/leap/cmd/leaprc.gaff
----- Source of /home/johann/miniconda3/dat/leap/cmd/leaprc.gaff done
>> logFile leap.log
log started: Fri Jun  6 12:07:42 2025

Log file: ./leap.log
>> #
>> # ----- leaprc for loading the general Amber Force field.
>> #       This file is mostly for use with Antechamber
>> #
>> #	load atom type hybridizations
>> #
>> addAtomTypes {
>> 	{ "h1"  "H" "sp3" }
>> 	{ "h2"  "H" "sp3" }
>> 	{ "h3"  "H" "sp3" }
>> 	{ "h4"  "H" "sp3" }
>> 	{ "h5"  "H" "sp3" }
>> 	{ "ha"  "H" "sp3" }
>> 	{ "hc"  "H" "sp3" }
>> 	{ "hn"  "H" "sp3" }
>> 	{ "ho"  "H" "sp3" }
>> 	{ "hp"  "H" "sp3" }
>> 	{ "hs"  "H" "sp3" }
>> 	{ "hw"  "H" "sp3" }
>> 	{ "hx"  "H" "sp3" }
>> 	{ "o"  "O" "sp2" }
>> 	{ "o2"  "O" "sp2" }
>> 	{ "oh"  "O" "sp3" }
>> 	{ "op"  "O" "sp3" }
>> 	{ "oq"  "O" "sp3" }
>> 	{ "os"  "O" "sp3" }
>> 	{ "ow"  "O" "sp3" }
>> 	{ "c"  "C" "sp2" }
>> 	{ "c1"  "C" "sp2" }
>> 	{ "c2"  "C" "sp2" }
>> 	{ "c3"  "C" "sp3" }
>> 	{ "ca"  "C" "sp2" }
>> 	{ "cc"  "C" "sp2" }
>> 	{ "cd"  "C" "sp2" }
>> 	{ "ce"  "C" "sp2" }
>> 	{ "cf"  "C" "sp2" }
>> 	{ "cg"  "C" "sp2" }
>> 	{ "ch"  "C" "sp2" }
>> 	{ "cp"  "C" "sp2" }
>> 	{ "cq"  "C" "sp2" }
>> 	{ "cu"  "C" "sp2" }
>> 	{ "cv"  "C" "sp2" }
>> 	{ "cx"  "C" "sp2" }
>> 	{ "cy"  "C" "sp2" }
>> 	{ "cz"  "C" "sp2" }
>> 	{ "n"   "N" "sp2" }
>> 	{ "n1"  "N" "sp2" }
>> 	{ "n2"  "N" "sp2" }
>> 	{ "n3"  "N" "sp3" }
>> 	{ "n4"  "N" "sp3" }
>> 	{ "na"  "N" "sp2" }
>> 	{ "nb"  "N" "sp2" }
>> 	{ "nc"  "N" "sp2" }
>> 	{ "nd"  "N" "sp2" }
>> 	{ "ne"  "N" "sp2" }
>> 	{ "nf"  "N" "sp2" }
>> 	{ "nh"  "N" "sp2" }
>> 	{ "ni"  "N" "sp2" }
>> 	{ "nj"  "N" "sp2" }
>> 	{ "nk"  "N" "sp3" }
>> 	{ "nl"  "N" "sp3" }
>> 	{ "nm"  "N" "sp2" }
>> 	{ "nn"  "N" "sp2" }
>> 	{ "no"  "N" "sp2" }
>> 	{ "np"  "N" "sp3" }
>> 	{ "nq"  "N" "sp3" }
>> 	{ "s"   "S" "sp2" }
>> 	{ "s2"   "S" "sp2" }
>> 	{ "s3"   "S" "sp3" }
>> 	{ "s4"   "S" "sp3" }
>> 	{ "s6"   "S" "sp3" }
>> 	{ "sh"   "S" "sp3" }
>> 	{ "sp"   "S" "sp3" }
>> 	{ "sq"   "S" "sp3" }
>> 	{ "ss"   "S" "sp3" }
>> 	{ "sx"   "S" "sp3" }
>> 	{ "sy"   "S" "sp3" }
>> 	{ "p2"   "P" "sp2" }
>> 	{ "p3"   "P" "sp3" }
>> 	{ "p4"   "P" "sp3" }
>> 	{ "p5"   "P" "sp3" }
>> 	{ "pb"   "P" "sp3" }
>> 	{ "pc"   "P" "sp3" }
>> 	{ "pd"   "P" "sp3" }
>> 	{ "pe"   "P" "sp3" }
>> 	{ "pf"   "P" "sp3" }
>> 	{ "px"   "P" "sp3" }
>> 	{ "py"   "P" "sp3" }
>> 	{ "f"   "F" "sp3" }
>> 	{ "cl"  "Cl" "sp3" }
>> 	{ "br"  "Br" "sp3" }
>> 	{ "i"   "I"  "sp3" }
>> }
>> #
>> #	Load the general force field parameter set.
>> #
>> gaff = loadamberparams gaff.dat
Loading parameters: /home/johann/miniconda3/dat/leap/parm/gaff.dat
Reading title:
AMBER General Force Field for organic molecules (Version 1.81, May 2017)
> 
> loadamberparams ./divided-files/2r9w/LIGAND.frcmod
Loading parameters: ./divided-files/2r9w/LIGAND.frcmod
Reading force field modification type file (frcmod)
Reading title:
Remark line goes here
> LIG = loadmol2 ./divided-files/2r9w/LIGAND.mol2
Loading Mol2 file: ./divided-files/2r9w/LIGAND.mol2
Reading MOLECULE named 23C
> PROT = loadpdb ./divided-files/2r9w/PROTEIN.pdb
Loading PDB file: ./divided-files/2r9w/PROTEIN.pdb
Matching PDB residue names to LEaP variables.
  Added missing heavy atom: .R<ACE 57>.A<CH3 2>
  Added missing heavy atom: .R<NME 65>.A<C 3>
  Added missing heavy atom: .R<ACE 66>.A<CH3 2>
  Added missing heavy atom: .R<NME 73>.A<C 3>
  Added missing heavy atom: .R<ACE 74>.A<CH3 2>
  Added missing heavy atom: .R<NME 79>.A<C 3>
  Added missing heavy atom: .R<ACE 80>.A<CH3 2>
  Added missing heavy atom: .R<NME 82>.A<C 3>
  Added missing heavy atom: .R<ACE 83>.A<CH3 2>
  Added missing heavy atom: .R<NME 93>.A<C 3>
  Added missing heavy atom: .R<ACE 94>.A<CH3 2>
  Added missing heavy atom: .R<NME 98>.A<C 3>
  Added missing heavy atom: .R<ACE 99>.A<CH3 2>
  Added missing heavy atom: .R<NME 107>.A<C 3>
  Added missing heavy atom: .R<ACE 108>.A<CH3 2>
  Added missing heavy atom: .R<NME 119>.A<C 3>
  Added missing heavy atom: .R<ACE 120>.A<CH3 2>
  Added missing heavy atom: .R<NME 125>.A<C 3>
  Added missing heavy atom: .R<ACE 126>.A<CH3 2>
  Added missing heavy atom: .R<NME 128>.A<C 3>
  total atoms in file: 786
  Leap added 81 missing atoms according to residue templates:
       20 Heavy
       61 H / lone pairs
> COMPLEX = combine {PROT LIG}
  Sequence: default_name
  Sequence: 23C
> source leaprc.water.opc
----- Source: /home/johann/miniconda3/dat/leap/cmd/leaprc.water.opc
----- Source of /home/johann/miniconda3/dat/leap/cmd/leaprc.water.opc done
>> #
>> #  Load OPC water model and ions for OPC + Li/Merz ion parameters
>> #  (-1 to +4, 12-6 normal usage set)
>> # 
>> addAtomTypes {
>> 	{ "F-"   "F" "sp3" }
>> 	{ "Cl-"  "Cl" "sp3" }
>> 	{ "Br-"  "Br" "sp3" }
>> 	{ "I-"   "I"  "sp3" }
>> 	{ "Li+"  "Li"  "sp3" }
>> 	{ "Na+"  "Na"  "sp3" }
>> 	{ "K+"  "K"  "sp3" }
>> 	{ "Rb+"  "Rb"  "sp3" }
>> 	{ "Cs+"  "Cs"  "sp3" }
>> 	{ "Mg+"  "Mg"  "sp3" }
>>     { "Tl+"  "Tl"  "sp3" }
>>     { "Cu+"  "Cu"  "sp3" }
>>     { "Ag+"  "Ag"  "sp3" }
>>     { "Be2+" "Be"  "sp3" }
>>     { "Cu2+" "Cu"  "sp3" }
>>     { "Ni2+" "Ni"  "sp3" }
>>     { "Pt2+" "Pt"  "sp3" }
>>     { "Zn2+" "Zn"  "sp3" }
>>     { "Co2+" "Co"  "sp3" }
>>     { "Pd2+" "Pd"  "sp3" }
>>     { "Ag2+" "Ag"  "sp3" }
>>     { "Cr2+" "Cr"  "sp3" }
>>     { "Fe2+" "Fe"  "sp3" }
>>     { "Mg2+" "Mg"  "sp3" }
>>     { "V2+"  "V"   "sp3" }
>>     { "Mn2+" "Mn"  "sp3" }
>>     { "Hg2+" "Hg"  "sp3" }
>>     { "Cd2+" "Cd"  "sp3" }
>>     { "Yb2+" "Yb"  "sp3" }
>>     { "Ca2+" "Ca"  "sp3" }
>>     { "Sn2+" "Sn"  "sp3" }
>>     { "Pb2+" "Pb"  "sp3" }
>>     { "Eu2+" "Eu"  "sp3" }
>>     { "Sr2+" "Sr"  "sp3" }
>>     { "Sm2+" "Sm"  "sp3" }
>>     { "Ba2+" "Ba"  "sp3" }
>>     { "Ra2+" "Ra"  "sp3" }
>>     { "Al3+" "Al"  "sp3" }
>>     { "Fe3+" "Fe"  "sp3" }
>>     { "Cr3+" "Cr"  "sp3" }
>>     { "In3+" "In"  "sp3" }
>>     { "Tl3+" "Tl"  "sp3" }
>>     { "Y3+"  "Y"   "sp3" }
>>     { "La3+" "La"  "sp3" }
>>     { "Ce3+" "Ce"  "sp3" }
>>     { "Pr3+" "Pr"  "sp3" }
>>     { "Nd3+" "Nd"  "sp3" }
>>     { "Sm3+" "Sm"  "sp3" }
>>     { "Eu3+" "Eu"  "sp3" }
>>     { "Gd3+" "Gd"  "sp3" }
>>     { "Tb3+" "Tb"  "sp3" }
>>     { "Dy3+" "Dy"  "sp3" }
>>     { "Er3+" "Er"  "sp3" }
>>     { "Tm3+" "Tm"  "sp3" }
>>     { "Lu3+" "Lu"  "sp3" }
>>     { "Hf4+" "Hf"  "sp3" }
>>     { "Zr4+" "Zr"  "sp3" }
>>     { "Ce4+" "Ce"  "sp3" }
>>     { "U4+"  "U"   "sp3" }
>>     { "Pu4+" "Pu"  "sp3" }
>>     { "Th4+" "Th"  "sp3" }
>>     { "OW"   "O"   "sp3" }
>>     { "HW"   "H"   "sp3" }
>>     { "EP"   ""    "sp3" }
>> }
>> loadOff atomic_ions.lib
Loading library: /home/johann/miniconda3/dat/leap/lib/atomic_ions.lib
Loading: AG
Loading: AL
Loading: Ag
Loading: BA
Loading: BR
Loading: Be
Loading: CA
Loading: CD
Loading: CE
Loading: CL
Loading: CO
Loading: CR
Loading: CS
Loading: CU
Loading: CU1
Loading: Ce
Loading: Cl-
Loading: Cr
Loading: Dy
Loading: EU
Loading: EU3
Loading: Er
Loading: F
Loading: FE
Loading: FE2
Loading: GD3
Loading: H3O+
Loading: HE+
Loading: HG
Loading: HZ+
Loading: Hf
Loading: IN
Loading: IOD
Loading: K
Loading: K+
Loading: LA
Loading: LI
Loading: LU
Loading: MG
Loading: MN
Loading: NA
Loading: NH4
Loading: NI
Loading: Na+
Loading: Nd
Loading: PB
Loading: PD
Loading: PR
Loading: PT
Loading: Pu
Loading: RB
Loading: Ra
Loading: SM
Loading: SR
Loading: Sm
Loading: Sn
Loading: TB
Loading: TL
Loading: Th
Loading: Tl
Loading: Tm
Loading: U4+
Loading: V2+
Loading: Y
Loading: YB2
Loading: ZN
Loading: Zr
>> loadOff solvents.lib
Loading library: /home/johann/miniconda3/dat/leap/lib/solvents.lib
Loading: CHCL3BOX
Loading: DC4
Loading: FB3
Loading: FB3BOX
Loading: FB4
Loading: FB4BOX
Loading: MEOHBOX
Loading: NMABOX
Loading: O3P
Loading: OP3
Loading: OPC
Loading: OPC3BOX
Loading: OPC3POLBOX
Loading: OPCBOX
Loading: PL3
Loading: POL3BOX
Loading: QSPCFWBOX
Loading: SPC
Loading: SPCBOX
Loading: SPCFWBOX
Loading: SPF
Loading: SPG
Loading: T4E
Loading: TIP3PBOX
Loading: TIP3PFBOX
Loading: TIP4PBOX
Loading: TIP4PEWBOX
Loading: TIP5PBOX
Loading: TP3
Loading: TP4
Loading: TP5
Loading: TPF
>> HOH = OPC
>> WAT = OPC
>> loadAmberParams frcmod.opc
Loading parameters: /home/johann/miniconda3/dat/leap/parm/frcmod.opc
Reading force field modification type file (frcmod)
Reading title:
Parameters for OPC water (JPCL, 2014, 5 (21), pp 3863-3871)
(UNKNOWN ATOM TYPE: EP)
>> loadAmberParams frcmod.ionslm_126_opc
Loading parameters: /home/johann/miniconda3/dat/leap/parm/frcmod.ionslm_126_opc
Reading force field modification type file (frcmod)
Reading title:
Li/Merz ion parameters of atomic ions for the OPC water model (12-6 set)
>> 
> 
> solvateOct COMPLEX OPCBOX 12
Scaling up box by a factor of 1.316548 to meet diagonal cut criterion
  Solute vdw bounding box:              35.513 27.781 33.002
  Total bounding box for atom centers:  67.110 67.110 67.110
      (box expansion for 'iso' is  17.4%)
  Solvent unit box:                     18.865 18.478 19.006
The number of boxes:  x= 4  y= 4  z= 4
  Volume: 157981.203 A^3 (oct)
  Total mass 81841.196 amu,  Density 0.860 g/cc
  Added 4183 residues.
> addions COMPLEX Na+ 11
Adding 11 counter ions to "COMPLEX" using 1A grid
Total solute charge:   0.00  Max atom radius:   1.91
Grid extends from solute vdw + 3.36  to  9.27
Box:
   enclosing:  -27.69 -24.53 -23.82   21.52 24.76 27.46
   sized:			      36.31 39.47 40.18
   edge:        64.00
Resolution:      1.00 Angstrom.
Tree depth: 6
Volume = 10.30% of box, grid points 27007
Solvent present: replacing closest with ion
	 when steric overlaps occur
Calculating grid charges
(Replacing solvent molecule)
Placed Na+ in COMPLEX at (-1.54, 0.64, 9.68).
(Replacing solvent molecule)
Placed Na+ in COMPLEX at (13.84, -1.13, 3.36).
(Replacing solvent molecule)
Placed Na+ in COMPLEX at (6.51, -1.11, 16.51).
(Replacing solvent molecule)
Placed Na+ in COMPLEX at (9.30, -10.34, -3.45).
(Replacing solvent molecule)
Placed Na+ in COMPLEX at (-10.59, -14.66, 4.27).
(Replacing solvent molecule)
Placed Na+ in COMPLEX at (-4.61, 8.49, -15.44).
(Replacing solvent molecule)
Placed Na+ in COMPLEX at (11.65, -7.64, 8.99).
(Replacing solvent molecule)
Placed Na+ in COMPLEX at (-23.88, -7.62, -11.52).
(Replacing solvent molecule)
Placed Na+ in COMPLEX at (7.89, 21.67, 9.63).
(Replacing solvent molecule)
Placed Na+ in COMPLEX at (3.07, -17.82, 5.72).
(Replacing solvent molecule)
Placed Na+ in COMPLEX at (-0.95, -6.79, 28.75).

Done adding ions.
> addions COMPLEX Cl- 11
Adding 11 counter ions to "COMPLEX" using 1A grid
Total solute charge:  11.00  Max atom radius:   1.91
Grid extends from solute vdw + 5.40  to  11.31
Box:
   enclosing:  -35.19 -29.13 -26.75   25.15 32.98 40.06
   sized:			      92.81 98.87 101.25
   edge:        128.00
Resolution:      1.00 Angstrom.
Tree depth: 7
Volume =  1.90% of box, grid points 39942
Solvent present: replacing closest with ion
	 when steric overlaps occur
Calculating grid charges
(Replacing solvent molecule)
Placed Cl- in COMPLEX at (16.65, -6.23, 5.34).
(Replacing solvent molecule)
Placed Cl- in COMPLEX at (6.79, -17.52, 0.05).
(Replacing solvent molecule)
Placed Cl- in COMPLEX at (2.77, -1.85, 23.65).
(Replacing solvent molecule)
Placed Cl- in COMPLEX at (-11.05, 6.49, 3.87).
(Replacing solvent molecule)
Placed Cl- in COMPLEX at (11.36, 16.38, 4.27).
(Replacing solvent molecule)
Placed Cl- in COMPLEX at (-19.83, -1.25, -15.43).
(Replacing solvent molecule)
Placed Cl- in COMPLEX at (-10.15, -19.54, 8.08).
(Replacing solvent molecule)
Placed Cl- in COMPLEX at (12.07, -5.64, 14.78).
(Replacing solvent molecule)
Placed Cl- in COMPLEX at (1.67, 6.77, -17.37).
(Replacing solvent molecule)
Placed Cl- in COMPLEX at (1.64, 17.80, 9.96).
(Replacing solvent molecule)
Placed Cl- in COMPLEX at (-27.00, -11.93, -5.35).

Done adding ions.
> saveamberparm COMPLEX ./divided-files/2r9w/2r9w.top ./divided-files/2r9w/2r9w.crd
Checking Unit.

/home/johann/miniconda3/bin/teLeap: Note.
Ignoring the warnings from Unit Checking.

Building topology.
Building atom parameters.
Building bond parameters.
Building angle parameters.
Building proper torsion parameters.
Building improper torsion parameters.
 total 196 improper torsions applied
Building H-Bond parameters.
Incorporating Non-Bonded adjustments.
Not Marking per-residue atom chain types.
Marking per-residue atom chain types.
  (Residues lacking connect0/connect1 - 
   these don't have chain types marked:

	res	total affected

	23C	1
  )
 (no restraints)
> savepdb COMPLEX ./divided-files/2r9w/2r9wti.pdb
Writing pdb file: ./divided-files/2r9w/2r9wti.pdb
   printing CRYST1 record to PDB file with box info
 quit
	Quit

Exiting LEaP: Errors = 0; Warnings = 0; Notes = 1.
