#Res  Name First  Last Natom #Orig  #Mol C I
    1 SER      1    13    13     1     1    
    2 THR     14    27    14     2     1    
    3 GLY     28    34     7     3     1    
    4 SER     35    45    11     4     1    
    5 ALA     46    55    10     5     1    
    6 THR     56    69    14     6     1    
    7 THR     70    83    14     7     1    
    8 THR     84    97    14     8     1    
    9 PRO     98   111    14     9     1    
   10 ILE    112   130    19    10     1    
   11 ASP    131   142    12    11     1    
   12 SER    143   153    11    12     1    
   13 LEU    154   172    19    13     1    
   14 ASP    173   184    12    14     1    
   15 ASH    185   197    13    15     1    
   16 ALA    198   207    10    16     1    
   17 TYR    208   228    21    17     1    
   18 ILE    229   247    19    18     1    
   19 THR    248   261    14    19     1    
   20 PRO    262   275    14    20     1    
   21 VAL    276   291    16    21     1    
   22 GLN    292   308    17    22     1    
   23 ILE    309   327    19    23     1    
   24 GLY    328   334     7    24     1    
   25 THR    335   348    14    25     1    
   26 PRO    349   362    14    26     1    
   27 ALA    363   372    10    27     1    
   28 GLN    373   389    17    28     1    
   29 THR    390   403    14    29     1    
   30 LEU    404   422    19    30     1    
   31 ASN    423   436    14    31     1    
   32 LEU    437   455    19    32     1    
   33 ASH    456   468    13    33     1    
   34 PHE    469   488    20    34     1    
   35 ASP    489   500    12    35     1    
   36 THR    501   514    14    36     1    
   37 GLY    515   521     7    37     1    
   38 SER    522   532    11    38     1    
   39 SER    533   543    11    39     1    
   40 ASP    544   555    12    40     1    
   41 LEU    556   574    19    41     1    
   42 TRP    575   598    24    42     1    
   43 VAL    599   614    16    43     1    
   44 PHE    615   634    20    44     1    
   45 SER    635   645    11    45     1    
   46 SER    646   656    11    46     1    
   47 GLU    657   671    15    47     1    
   48 THR    672   685    14    48     1    
   49 THR    686   699    14    49     1    
   50 ALA    700   709    10    50     1    
   51 SER    710   720    11    51     1    
   52 GLU    721   735    15    52     1    
   53 VAL    736   751    16    53     1    
   54 ASP    752   763    12    54     1    
   55 GLY    764   770     7    55     1    
   56 GLN    771   787    17    56     1    
   57 THR    788   801    14    57     1    
   58 ILE    802   820    19    58     1    
   59 TYR    821   841    21    59     1    
   60 THR    842   855    14    60     1    
   61 PRO    856   869    14    61     1    
   62 SER    870   880    11    62     1    
   63 LYS    881   902    22    63     1    
   64 SER    903   913    11    64     1    
   65 THR    914   927    14    65     1    
   66 THR    928   941    14    66     1    
   67 ALA    942   951    10    67     1    
   68 LYS    952   973    22    68     1    
   69 LEU    974   992    19    69     1    
   70 LEU    993  1011    19    70     1    
   71 SER   1012  1022    11    71     1    
   72 GLY   1023  1029     7    72     1    
   73 ALA   1030  1039    10    73     1    
   74 THR   1040  1053    14    74     1    
   75 TRP   1054  1077    24    75     1    
   76 SER   1078  1088    11    76     1    
   77 ILE   1089  1107    19    77     1    
   78 SER   1108  1118    11    78     1    
   79 TYR   1119  1139    21    79     1    
   80 GLY   1140  1146     7    80     1    
   81 ASP   1147  1158    12    81     1    
   82 GLY   1159  1165     7    82     1    
   83 SER   1166  1176    11    83     1    
   84 SER   1177  1187    11    84     1    
   85 SER   1188  1198    11    85     1    
   86 SER   1199  1209    11    86     1    
   87 GLY   1210  1216     7    87     1    
   88 ASP   1217  1228    12    88     1    
   89 VAL   1229  1244    16    89     1    
   90 TYR   1245  1265    21    90     1    
   91 THR   1266  1279    14    91     1    
   92 ASP   1280  1291    12    92     1    
   93 THR   1292  1305    14    93     1    
   94 VAL   1306  1321    16    94     1    
   95 SER   1322  1332    11    95     1    
   96 VAL   1333  1348    16    96     1    
   97 GLY   1349  1355     7    97     1    
   98 GLY   1356  1362     7    98     1    
   99 LEU   1363  1381    19    99     1    
  100 THR   1382  1395    14   100     1    
  101 VAL   1396  1411    16   101     1    
  102 THR   1412  1425    14   102     1    
  103 GLY   1426  1432     7   103     1    
  104 GLN   1433  1449    17   104     1    
  105 ALA   1450  1459    10   105     1    
  106 VAL   1460  1475    16   106     1    
  107 GLH   1476  1491    16   107     1    
  108 SER   1492  1502    11   108     1    
  109 ALA   1503  1512    10   109     1    
  110 LYS   1513  1534    22   110     1    
  111 LYS   1535  1556    22   111     1    
  112 VAL   1557  1572    16   112     1    
  113 SER   1573  1583    11   113     1    
  114 SER   1584  1594    11   114     1    
  115 SER   1595  1605    11   115     1    
  116 PHE   1606  1625    20   116     1    
  117 THR   1626  1639    14   117     1    
  118 GLU   1640  1654    15   118     1    
  119 ASP   1655  1666    12   119     1    
  120 SER   1667  1677    11   120     1    
  121 THR   1678  1691    14   121     1    
  122 ILE   1692  1710    19   122     1    
  123 ASP   1711  1722    12   123     1    
  124 GLY   1723  1729     7   124     1    
  125 LEU   1730  1748    19   125     1    
  126 LEU   1749  1767    19   126     1    
  127 GLY   1768  1774     7   127     1    
  128 LEU   1775  1793    19   128     1    
  129 ALA   1794  1803    10   129     1    
  130 PHE   1804  1823    20   130     1    
  131 SER   1824  1834    11   131     1    
  132 THR   1835  1848    14   132     1    
  133 LEU   1849  1867    19   133     1    
  134 ASN   1868  1881    14   134     1    
  135 THR   1882  1895    14   135     1    
  136 VAL   1896  1911    16   136     1    
  137 SER   1912  1922    11   137     1    
  138 PRO   1923  1936    14   138     1    
  139 THR   1937  1950    14   139     1    
  140 GLN   1951  1967    17   140     1    
  141 GLN   1968  1984    17   141     1    
  142 LYS   1985  2006    22   142     1    
  143 THR   2007  2020    14   143     1    
  144 PHE   2021  2040    20   144     1    
  145 PHE   2041  2060    20   145     1    
  146 ASP   2061  2072    12   146     1    
  147 ASN   2073  2086    14   147     1    
  148 ALA   2087  2096    10   148     1    
  149 LYS   2097  2118    22   149     1    
  150 ALA   2119  2128    10   150     1    
  151 SER   2129  2139    11   151     1    
  152 LEU   2140  2158    19   152     1    
  153 ASP   2159  2170    12   153     1    
  154 SER   2171  2181    11   154     1    
  155 PRO   2182  2195    14   155     1    
  156 VAL   2196  2211    16   156     1    
  157 PHE   2212  2231    20   157     1    
  158 THR   2232  2245    14   158     1    
  159 ALA   2246  2255    10   159     1    
  160 ASP   2256  2267    12   160     1    
  161 LEU   2268  2286    19   161     1    
  162 GLY   2287  2293     7   162     1    
  163 TYR   2294  2314    21   163     1    
  164 HIP   2315  2332    18   164     1    
  165 ALA   2333  2342    10   165     1    
  166 PRO   2343  2356    14   166     1    
  167 GLY   2357  2363     7   167     1    
  168 THR   2364  2377    14   168     1    
  169 TYR   2378  2398    21   169     1    
  170 ASN   2399  2412    14   170     1    
  171 PHE   2413  2432    20   171     1    
  172 GLY   2433  2439     7   172     1    
  173 PHE   2440  2459    20   173     1    
  174 ILE   2460  2478    19   174     1    
  175 ASP   2479  2490    12   175     1    
  176 THR   2491  2504    14   176     1    
  177 THR   2505  2518    14   177     1    
  178 ALA   2519  2528    10   178     1    
  179 TYR   2529  2549    21   179     1    
  180 THR   2550  2563    14   180     1    
  181 GLY   2564  2570     7   181     1    
  182 SER   2571  2581    11   182     1    
  183 ILE   2582  2600    19   183     1    
  184 THR   2601  2614    14   184     1    
  185 TYR   2615  2635    21   185     1    
  186 THR   2636  2649    14   186     1    
  187 ALA   2650  2659    10   187     1    
  188 VAL   2660  2675    16   188     1    
  189 SER   2676  2686    11   189     1    
  190 THR   2687  2700    14   190     1    
  191 LYS   2701  2722    22   191     1    
  192 GLN   2723  2739    17   192     1    
  193 GLY   2740  2746     7   193     1    
  194 PHE   2747  2766    20   194     1    
  195 TRP   2767  2790    24   195     1    
  196 GLU   2791  2805    15   196     1    
  197 TRP   2806  2829    24   197     1    
  198 THR   2830  2843    14   198     1    
  199 SER   2844  2854    11   199     1    
  200 THR   2855  2868    14   200     1    
  201 GLY   2869  2875     7   201     1    
  202 TYR   2876  2896    21   202     1    
  203 ALA   2897  2906    10   203     1    
  204 VAL   2907  2922    16   204     1    
  205 GLY   2923  2929     7   205     1    
  206 SER   2930  2940    11   206     1    
  207 GLY   2941  2947     7   207     1    
  208 THR   2948  2961    14   208     1    
  209 PHE   2962  2981    20   209     1    
  210 LYS   2982  3003    22   210     1    
  211 SER   3004  3014    11   211     1    
  212 THR   3015  3028    14   212     1    
  213 SER   3029  3039    11   213     1    
  214 ILE   3040  3058    19   214     1    
  215 ASP   3059  3070    12   215     1    
  216 GLY   3071  3077     7   216     1    
  217 ILE   3078  3096    19   217     1    
  218 ALA   3097  3106    10   218     1    
  219 ASH   3107  3119    13   219     1    
  220 THR   3120  3133    14   220     1    
  221 GLY   3134  3140     7   221     1    
  222 THR   3141  3154    14   222     1    
  223 THR   3155  3168    14   223     1    
  224 LEU   3169  3187    19   224     1    
  225 LEU   3188  3206    19   225     1    
  226 TYR   3207  3227    21   226     1    
  227 LEU   3228  3246    19   227     1    
  228 PRO   3247  3260    14   228     1    
  229 ALA   3261  3270    10   229     1    
  230 THR   3271  3284    14   230     1    
  231 VAL   3285  3300    16   231     1    
  232 VAL   3301  3316    16   232     1    
  233 SER   3317  3327    11   233     1    
  234 ALA   3328  3337    10   234     1    
  235 TYR   3338  3358    21   235     1    
  236 TRP   3359  3382    24   236     1    
  237 ALA   3383  3392    10   237     1    
  238 GLN   3393  3409    17   238     1    
  239 VAL   3410  3425    16   239     1    
  240 SER   3426  3436    11   240     1    
  241 GLY   3437  3443     7   241     1    
  242 ALA   3444  3453    10   242     1    
  243 LYS   3454  3475    22   243     1    
  244 SER   3476  3486    11   244     1    
  245 SER   3487  3497    11   245     1    
  246 SER   3498  3508    11   246     1    
  247 SER   3509  3519    11   247     1    
  248 VAL   3520  3535    16   248     1    
  249 GLY   3536  3542     7   249     1    
  250 GLY   3543  3549     7   250     1    
  251 TYR   3550  3570    21   251     1    
  252 VAL   3571  3586    16   252     1    
  253 PHE   3587  3606    20   253     1    
  254 PRO   3607  3620    14   254     1    
  255 CYX   3621  3630    10   255     1    
  256 SER   3631  3641    11   256     1    
  257 ALA   3642  3651    10   257     1    
  258 THR   3652  3665    14   258     1    
  259 LEU   3666  3684    19   259     1    
  260 PRO   3685  3698    14   260     1    
  261 SER   3699  3709    11   261     1    
  262 PHE   3710  3729    20   262     1    
  263 THR   3730  3743    14   263     1    
  264 PHE   3744  3763    20   264     1    
  265 GLY   3764  3770     7   265     1    
  266 VAL   3771  3786    16   266     1    
  267 GLY   3787  3793     7   267     1    
  268 SER   3794  3804    11   268     1    
  269 ALA   3805  3814    10   269     1    
  270 ARG   3815  3838    24   270     1    
  271 ILE   3839  3857    19   271     1    
  272 VAL   3858  3873    16   272     1    
  273 ILE   3874  3892    19   273     1    
  274 PRO   3893  3906    14   274     1    
  275 GLY   3907  3913     7   275     1    
  276 ASP   3914  3925    12   276     1    
  277 TYR   3926  3946    21   277     1    
  278 ILE   3947  3965    19   278     1    
  279 ASP   3966  3977    12   279     1    
  280 PHE   3978  3997    20   280     1    
  281 GLY   3998  4004     7   281     1    
  282 PRO   4005  4018    14   282     1    
  283 ILE   4019  4037    19   283     1    
  284 SER   4038  4048    11   284     1    
  285 THR   4049  4062    14   285     1    
  286 GLY   4063  4069     7   286     1    
  287 SER   4070  4080    11   287     1    
  288 SER   4081  4091    11   288     1    
  289 SER   4092  4102    11   289     1    
  290 CYX   4103  4112    10   290     1    
  291 PHE   4113  4132    20   291     1    
  292 GLY   4133  4139     7   292     1    
  293 GLY   4140  4146     7   293     1    
  294 ILE   4147  4165    19   294     1    
  295 GLN   4166  4182    17   295     1    
  296 SER   4183  4193    11   296     1    
  297 SER   4194  4204    11   297     1    
  298 ALA   4205  4214    10   298     1    
  299 GLY   4215  4221     7   299     1    
  300 ILE   4222  4240    19   300     1    
  301 GLY   4241  4247     7   301     1    
  302 ILE   4248  4266    19   302     1    
  303 ASN   4267  4280    14   303     1    
  304 ILE   4281  4299    19   304     1    
  305 PHE   4300  4319    20   305     1    
  306 GLY   4320  4326     7   306     1    
  307 ASH   4327  4339    13   307     1    
  308 VAL   4340  4355    16   308     1    
  309 ALA   4356  4365    10   309     1    
  310 LEU   4366  4384    19   310     1    
  311 LYS   4385  4406    22   311     1    
  312 ALA   4407  4416    10   312     1    
  313 ALA   4417  4426    10   313     1    
  314 PHE   4427  4446    20   314     1    
  315 VAL   4447  4462    16   315     1    
  316 VAL   4463  4478    16   316     1    
  317 PHE   4479  4498    20   317     1    
  318 ASN   4499  4512    14   318     1    
  319 GLY   4513  4519     7   319     1    
  320 ALA   4520  4529    10   320     1    
  321 THR   4530  4543    14   321     1    
  322 THR   4544  4557    14   322     1    
  323 PRO   4558  4571    14   323     1    
  324 THR   4572  4585    14   324     1    
  325 LEU   4586  4604    19   325     1    
  326 GLY   4605  4611     7   326     1    
  327 PHE   4612  4631    20   327     1    
  328 ALA   4632  4641    10   328     1    
  329 SER   4642  4652    11   329     1    
  330 LYS   4653  4675    23   330     1    
  331 IXV   4676  4733    58   331     2    
  332 Cl-   4734  4734     1   332     3    
  333 Cl-   4735  4735     1   333     4    
  334 Cl-   4736  4736     1   334     5    
  335 Cl-   4737  4737     1   335     6    
  336 Cl-   4738  4738     1   336     7    
  337 Cl-   4739  4739     1   337     8    
  338 Cl-   4740  4740     1   338     9    
  339 Cl-   4741  4741     1   339    10    
  340 Cl-   4742  4742     1   340    11    
  341 Cl-   4743  4743     1   341    12    
  342 Cl-   4744  4744     1   342    13    
  343 Cl-   4745  4745     1   343    14    
  344 Cl-   4746  4746     1   344    15    
  345 Cl-   4747  4747     1   345    16    
  346 Cl-   4748  4748     1   346    17    
  347 Cl-   4749  4749     1   347    18    
  348 Cl-   4750  4750     1   348    19    
  349 Cl-   4751  4751     1   349    20    
  350 Cl-   4752  4752     1   350    21    
  351 Cl-   4753  4753     1   351    22    
  352 Cl-   4754  4754     1   352    23    
  353 Cl-   4755  4755     1   353    24    
  354 Cl-   4756  4756     1   354    25    
  355 Cl-   4757  4757     1   355    26    
  356 Na+   4758  4758     1   356    27    
  357 Na+   4759  4759     1   357    28    
  358 Na+   4760  4760     1   358    29    
  359 Na+   4761  4761     1   359    30    
  360 Na+   4762  4762     1   360    31    
  361 Na+   4763  4763     1   361    32    
  362 Na+   4764  4764     1   362    33    
  363 Na+   4765  4765     1   363    34    
  364 Na+   4766  4766     1   364    35    
  365 Na+   4767  4767     1   365    36    
  366 Na+   4768  4768     1   366    37    
  367 Na+   4769  4769     1   367    38    
  368 Na+   4770  4770     1   368    39    
  369 Na+   4771  4771     1   369    40    
  370 Na+   4772  4772     1   370    41    
  371 Na+   4773  4773     1   371    42    
  372 Na+   4774  4774     1   372    43    
  373 Na+   4775  4775     1   373    44    
  374 Na+   4776  4776     1   374    45    
  375 Na+   4777  4777     1   375    46    
  376 Na+   4778  4778     1   376    47    
  377 Na+   4779  4779     1   377    48    
  378 Na+   4780  4780     1   378    49    
  379 Na+   4781  4781     1   379    50    
  380 Na+   4782  4782     1   380    51    
  381 Na+   4783  4783     1   381    52    
  382 Na+   4784  4784     1   382    53    
  383 Na+   4785  4785     1   383    54    
  384 Na+   4786  4786     1   384    55    
  385 Na+   4787  4787     1   385    56    
  386 Na+   4788  4788     1   386    57    
  387 Na+   4789  4789     1   387    58    
  388 WAT   4790  4792     3   388    59    
  389 WAT   4793  4795     3   389    60    
  390 WAT   4796  4798     3   390    61    
  391 WAT   4799  4801     3   391    62    
  392 WAT   4802  4804     3   392    63    
  393 WAT   4805  4807     3   393    64    
  394 WAT   4808  4810     3   394    65    
  395 WAT   4811  4813     3   395    66    
  396 WAT   4814  4816     3   396    67    
  397 WAT   4817  4819     3   397    68    
  398 WAT   4820  4822     3   398    69    
  399 WAT   4823  4825     3   399    70    
  400 WAT   4826  4828     3   400    71    
  401 WAT   4829  4831     3   401    72    
  402 WAT   4832  4834     3   402    73    
  403 WAT   4835  4837     3   403    74    
  404 WAT   4838  4840     3   404    75    
  405 WAT   4841  4843     3   405    76    
  406 WAT   4844  4846     3   406    77    
  407 WAT   4847  4849     3   407    78    
  408 WAT   4850  4852     3   408    79    
  409 WAT   4853  4855     3   409    80    
  410 WAT   4856  4858     3   410    81    
  411 WAT   4859  4861     3   411    82    
  412 WAT   4862  4864     3   412    83    
  413 WAT   4865  4867     3   413    84    
  414 WAT   4868  4870     3   414    85    
  415 WAT   4871  4873     3   415    86    
  416 WAT   4874  4876     3   416    87    
  417 WAT   4877  4879     3   417    88    
  418 WAT   4880  4882     3   418    89    
  419 WAT   4883  4885     3   419    90    
  420 WAT   4886  4888     3   420    91    
  421 WAT   4889  4891     3   421    92    
  422 WAT   4892  4894     3   422    93    
  423 WAT   4895  4897     3   423    94    
  424 WAT   4898  4900     3   424    95    
  425 WAT   4901  4903     3   425    96    
  426 WAT   4904  4906     3   426    97    
  427 WAT   4907  4909     3   427    98    
  428 WAT   4910  4912     3   428    99    
  429 WAT   4913  4915     3   429   100    
  430 WAT   4916  4918     3   430   101    
  431 WAT   4919  4921     3   431   102    
  432 WAT   4922  4924     3   432   103    
  433 WAT   4925  4927     3   433   104    
  434 WAT   4928  4930     3   434   105    
  435 WAT   4931  4933     3   435   106    
  436 WAT   4934  4936     3   436   107    
  437 WAT   4937  4939     3   437   108    
  438 WAT   4940  4942     3   438   109    
  439 WAT   4943  4945     3   439   110    
  440 WAT   4946  4948     3   440   111    
  441 WAT   4949  4951     3   441   112    
  442 WAT   4952  4954     3   442   113    
  443 WAT   4955  4957     3   443   114    
  444 WAT   4958  4960     3   444   115    
  445 WAT   4961  4963     3   445   116    
  446 WAT   4964  4966     3   446   117    
  447 WAT   4967  4969     3   447   118    
  448 WAT   4970  4972     3   448   119    
  449 WAT   4973  4975     3   449   120    
  450 WAT   4976  4978     3   450   121    
  451 WAT   4979  4981     3   451   122    
  452 WAT   4982  4984     3   452   123    
  453 WAT   4985  4987     3   453   124    
  454 WAT   4988  4990     3   454   125    
  455 WAT   4991  4993     3   455   126    
  456 WAT   4994  4996     3   456   127    
  457 WAT   4997  4999     3   457   128    
  458 WAT   5000  5002     3   458   129    
  459 WAT   5003  5005     3   459   130    
  460 WAT   5006  5008     3   460   131    
  461 WAT   5009  5011     3   461   132    
  462 WAT   5012  5014     3   462   133    
  463 WAT   5015  5017     3   463   134    
  464 WAT   5018  5020     3   464   135    
  465 WAT   5021  5023     3   465   136    
  466 WAT   5024  5026     3   466   137    
  467 WAT   5027  5029     3   467   138    
  468 WAT   5030  5032     3   468   139    
  469 WAT   5033  5035     3   469   140    
  470 WAT   5036  5038     3   470   141    
  471 WAT   5039  5041     3   471   142    
  472 WAT   5042  5044     3   472   143    
  473 WAT   5045  5047     3   473   144    
  474 WAT   5048  5050     3   474   145    
  475 WAT   5051  5053     3   475   146    
  476 WAT   5054  5056     3   476   147    
  477 WAT   5057  5059     3   477   148    
  478 WAT   5060  5062     3   478   149    
  479 WAT   5063  5065     3   479   150    
  480 WAT   5066  5068     3   480   151    
  481 WAT   5069  5071     3   481   152    
  482 WAT   5072  5074     3   482   153    
  483 WAT   5075  5077     3   483   154    
  484 WAT   5078  5080     3   484   155    
  485 WAT   5081  5083     3   485   156    
  486 WAT   5084  5086     3   486   157    
  487 WAT   5087  5089     3   487   158    
  488 WAT   5090  5092     3   488   159    
  489 WAT   5093  5095     3   489   160    
  490 WAT   5096  5098     3   490   161    
  491 WAT   5099  5101     3   491   162    
  492 WAT   5102  5104     3   492   163    
  493 WAT   5105  5107     3   493   164    
  494 WAT   5108  5110     3   494   165    
  495 WAT   5111  5113     3   495   166    
  496 WAT   5114  5116     3   496   167    
  497 WAT   5117  5119     3   497   168    
  498 WAT   5120  5122     3   498   169    
  499 WAT   5123  5125     3   499   170    
  500 WAT   5126  5128     3   500   171    
  501 WAT   5129  5131     3   501   172    
  502 WAT   5132  5134     3   502   173    
  503 WAT   5135  5137     3   503   174    
  504 WAT   5138  5140     3   504   175    
  505 WAT   5141  5143     3   505   176    
  506 WAT   5144  5146     3   506   177    
  507 WAT   5147  5149     3   507   178    
  508 WAT   5150  5152     3   508   179    
  509 WAT   5153  5155     3   509   180    
  510 WAT   5156  5158     3   510   181    
  511 WAT   5159  5161     3   511   182    
  512 WAT   5162  5164     3   512   183    
  513 WAT   5165  5167     3   513   184    
  514 WAT   5168  5170     3   514   185    
  515 WAT   5171  5173     3   515   186    
  516 WAT   5174  5176     3   516   187    
  517 WAT   5177  5179     3   517   188    
  518 WAT   5180  5182     3   518   189    
  519 WAT   5183  5185     3   519   190    
  520 WAT   5186  5188     3   520   191    
  521 WAT   5189  5191     3   521   192    
  522 WAT   5192  5194     3   522   193    
  523 WAT   5195  5197     3   523   194    
  524 WAT   5198  5200     3   524   195    
  525 WAT   5201  5203     3   525   196    
  526 WAT   5204  5206     3   526   197    
  527 WAT   5207  5209     3   527   198    
  528 WAT   5210  5212     3   528   199    
  529 WAT   5213  5215     3   529   200    
  530 WAT   5216  5218     3   530   201    
  531 WAT   5219  5221     3   531   202    
  532 WAT   5222  5224     3   532   203    
  533 WAT   5225  5227     3   533   204    
  534 WAT   5228  5230     3   534   205    
  535 WAT   5231  5233     3   535   206    
  536 WAT   5234  5236     3   536   207    
  537 WAT   5237  5239     3   537   208    
  538 WAT   5240  5242     3   538   209    
  539 WAT   5243  5245     3   539   210    
  540 WAT   5246  5248     3   540   211    
  541 WAT   5249  5251     3   541   212    
  542 WAT   5252  5254     3   542   213    
  543 WAT   5255  5257     3   543   214    
  544 WAT   5258  5260     3   544   215    
  545 WAT   5261  5263     3   545   216    
  546 WAT   5264  5266     3   546   217    
  547 WAT   5267  5269     3   547   218    
  548 WAT   5270  5272     3   548   219    
  549 WAT   5273  5275     3   549   220    
  550 WAT   5276  5278     3   550   221    
  551 WAT   5279  5281     3   551   222    
  552 WAT   5282  5284     3   552   223    
  553 WAT   5285  5287     3   553   224    
  554 WAT   5288  5290     3   554   225    
  555 WAT   5291  5293     3   555   226    
  556 WAT   5294  5296     3   556   227    
  557 WAT   5297  5299     3   557   228    
  558 WAT   5300  5302     3   558   229    
  559 WAT   5303  5305     3   559   230    
  560 WAT   5306  5308     3   560   231    
  561 WAT   5309  5311     3   561   232    
  562 WAT   5312  5314     3   562   233    
  563 WAT   5315  5317     3   563   234    
  564 WAT   5318  5320     3   564   235    
  565 WAT   5321  5323     3   565   236    
  566 WAT   5324  5326     3   566   237    
  567 WAT   5327  5329     3   567   238    
  568 WAT   5330  5332     3   568   239    
  569 WAT   5333  5335     3   569   240    
  570 WAT   5336  5338     3   570   241    
  571 WAT   5339  5341     3   571   242    
  572 WAT   5342  5344     3   572   243    
  573 WAT   5345  5347     3   573   244    
  574 WAT   5348  5350     3   574   245    
  575 WAT   5351  5353     3   575   246    
  576 WAT   5354  5356     3   576   247    
  577 WAT   5357  5359     3   577   248    
  578 WAT   5360  5362     3   578   249    
  579 WAT   5363  5365     3   579   250    
  580 WAT   5366  5368     3   580   251    
  581 WAT   5369  5371     3   581   252    
  582 WAT   5372  5374     3   582   253    
  583 WAT   5375  5377     3   583   254    
  584 WAT   5378  5380     3   584   255    
  585 WAT   5381  5383     3   585   256    
  586 WAT   5384  5386     3   586   257    
  587 WAT   5387  5389     3   587   258    
  588 WAT   5390  5392     3   588   259    
  589 WAT   5393  5395     3   589   260    
  590 WAT   5396  5398     3   590   261    
  591 WAT   5399  5401     3   591   262    
  592 WAT   5402  5404     3   592   263    
  593 WAT   5405  5407     3   593   264    
  594 WAT   5408  5410     3   594   265    
  595 WAT   5411  5413     3   595   266    
  596 WAT   5414  5416     3   596   267    
  597 WAT   5417  5419     3   597   268    
  598 WAT   5420  5422     3   598   269    
  599 WAT   5423  5425     3   599   270    
  600 WAT   5426  5428     3   600   271    
  601 WAT   5429  5431     3   601   272    
  602 WAT   5432  5434     3   602   273    
  603 WAT   5435  5437     3   603   274    
  604 WAT   5438  5440     3   604   275    
  605 WAT   5441  5443     3   605   276    
  606 WAT   5444  5446     3   606   277    
  607 WAT   5447  5449     3   607   278    
  608 WAT   5450  5452     3   608   279    
  609 WAT   5453  5455     3   609   280    
  610 WAT   5456  5458     3   610   281    
  611 WAT   5459  5461     3   611   282    
  612 WAT   5462  5464     3   612   283    
  613 WAT   5465  5467     3   613   284    
  614 WAT   5468  5470     3   614   285    
  615 WAT   5471  5473     3   615   286    
  616 WAT   5474  5476     3   616   287    
  617 WAT   5477  5479     3   617   288    
  618 WAT   5480  5482     3   618   289    
  619 WAT   5483  5485     3   619   290    
  620 WAT   5486  5488     3   620   291    
  621 WAT   5489  5491     3   621   292    
  622 WAT   5492  5494     3   622   293    
  623 WAT   5495  5497     3   623   294    
  624 WAT   5498  5500     3   624   295    
  625 WAT   5501  5503     3   625   296    
  626 WAT   5504  5506     3   626   297    
  627 WAT   5507  5509     3   627   298    
  628 WAT   5510  5512     3   628   299    
  629 WAT   5513  5515     3   629   300    
  630 WAT   5516  5518     3   630   301    
  631 WAT   5519  5521     3   631   302    
  632 WAT   5522  5524     3   632   303    
  633 WAT   5525  5527     3   633   304    
  634 WAT   5528  5530     3   634   305    
  635 WAT   5531  5533     3   635   306    
  636 WAT   5534  5536     3   636   307    
  637 WAT   5537  5539     3   637   308    
  638 WAT   5540  5542     3   638   309    
  639 WAT   5543  5545     3   639   310    
  640 WAT   5546  5548     3   640   311    
  641 WAT   5549  5551     3   641   312    
  642 WAT   5552  5554     3   642   313    
  643 WAT   5555  5557     3   643   314    
  644 WAT   5558  5560     3   644   315    
  645 WAT   5561  5563     3   645   316    
  646 WAT   5564  5566     3   646   317    
  647 WAT   5567  5569     3   647   318    
  648 WAT   5570  5572     3   648   319    
  649 WAT   5573  5575     3   649   320    
  650 WAT   5576  5578     3   650   321    
  651 WAT   5579  5581     3   651   322    
  652 WAT   5582  5584     3   652   323    
  653 WAT   5585  5587     3   653   324    
  654 WAT   5588  5590     3   654   325    
  655 WAT   5591  5593     3   655   326    
  656 WAT   5594  5596     3   656   327    
  657 WAT   5597  5599     3   657   328    
  658 WAT   5600  5602     3   658   329    
  659 WAT   5603  5605     3   659   330    
  660 WAT   5606  5608     3   660   331    
  661 WAT   5609  5611     3   661   332    
  662 WAT   5612  5614     3   662   333    
  663 WAT   5615  5617     3   663   334    
  664 WAT   5618  5620     3   664   335    
  665 WAT   5621  5623     3   665   336    
  666 WAT   5624  5626     3   666   337    
  667 WAT   5627  5629     3   667   338    
  668 WAT   5630  5632     3   668   339    
  669 WAT   5633  5635     3   669   340    
  670 WAT   5636  5638     3   670   341    
  671 WAT   5639  5641     3   671   342    
  672 WAT   5642  5644     3   672   343    
  673 WAT   5645  5647     3   673   344    
  674 WAT   5648  5650     3   674   345    
  675 WAT   5651  5653     3   675   346    
  676 WAT   5654  5656     3   676   347    
  677 WAT   5657  5659     3   677   348    
  678 WAT   5660  5662     3   678   349    
  679 WAT   5663  5665     3   679   350    
  680 WAT   5666  5668     3   680   351    
  681 WAT   5669  5671     3   681   352    
  682 WAT   5672  5674     3   682   353    
  683 WAT   5675  5677     3   683   354    
  684 WAT   5678  5680     3   684   355    
  685 WAT   5681  5683     3   685   356    
  686 WAT   5684  5686     3   686   357    
  687 WAT   5687  5689     3   687   358    
  688 WAT   5690  5692     3   688   359    
  689 WAT   5693  5695     3   689   360    
  690 WAT   5696  5698     3   690   361    
  691 WAT   5699  5701     3   691   362    
  692 WAT   5702  5704     3   692   363    
  693 WAT   5705  5707     3   693   364    
  694 WAT   5708  5710     3   694   365    
  695 WAT   5711  5713     3   695   366    
  696 WAT   5714  5716     3   696   367    
  697 WAT   5717  5719     3   697   368    
  698 WAT   5720  5722     3   698   369    
  699 WAT   5723  5725     3   699   370    
  700 WAT   5726  5728     3   700   371    
  701 WAT   5729  5731     3   701   372    
  702 WAT   5732  5734     3   702   373    
  703 WAT   5735  5737     3   703   374    
  704 WAT   5738  5740     3   704   375    
  705 WAT   5741  5743     3   705   376    
  706 WAT   5744  5746     3   706   377    
  707 WAT   5747  5749     3   707   378    
  708 WAT   5750  5752     3   708   379    
  709 WAT   5753  5755     3   709   380    
  710 WAT   5756  5758     3   710   381    
  711 WAT   5759  5761     3   711   382    
  712 WAT   5762  5764     3   712   383    
  713 WAT   5765  5767     3   713   384    
  714 WAT   5768  5770     3   714   385    
  715 WAT   5771  5773     3   715   386    
  716 WAT   5774  5776     3   716   387    
  717 WAT   5777  5779     3   717   388    
  718 WAT   5780  5782     3   718   389    
  719 WAT   5783  5785     3   719   390    
  720 WAT   5786  5788     3   720   391    
  721 WAT   5789  5791     3   721   392    
  722 WAT   5792  5794     3   722   393    
  723 WAT   5795  5797     3   723   394    
  724 WAT   5798  5800     3   724   395    
  725 WAT   5801  5803     3   725   396    
  726 WAT   5804  5806     3   726   397    
  727 WAT   5807  5809     3   727   398    
  728 WAT   5810  5812     3   728   399    
  729 WAT   5813  5815     3   729   400    
  730 WAT   5816  5818     3   730   401    
  731 WAT   5819  5821     3   731   402    
  732 WAT   5822  5824     3   732   403    
  733 WAT   5825  5827     3   733   404    
  734 WAT   5828  5830     3   734   405    
  735 WAT   5831  5833     3   735   406    
  736 WAT   5834  5836     3   736   407    
  737 WAT   5837  5839     3   737   408    
  738 WAT   5840  5842     3   738   409    
  739 WAT   5843  5845     3   739   410    
  740 WAT   5846  5848     3   740   411    
  741 WAT   5849  5851     3   741   412    
  742 WAT   5852  5854     3   742   413    
  743 WAT   5855  5857     3   743   414    
  744 WAT   5858  5860     3   744   415    
  745 WAT   5861  5863     3   745   416    
  746 WAT   5864  5866     3   746   417    
  747 WAT   5867  5869     3   747   418    
  748 WAT   5870  5872     3   748   419    
  749 WAT   5873  5875     3   749   420    
  750 WAT   5876  5878     3   750   421    
  751 WAT   5879  5881     3   751   422    
  752 WAT   5882  5884     3   752   423    
  753 WAT   5885  5887     3   753   424    
  754 WAT   5888  5890     3   754   425    
  755 WAT   5891  5893     3   755   426    
  756 WAT   5894  5896     3   756   427    
  757 WAT   5897  5899     3   757   428    
  758 WAT   5900  5902     3   758   429    
  759 WAT   5903  5905     3   759   430    
  760 WAT   5906  5908     3   760   431    
  761 WAT   5909  5911     3   761   432    
  762 WAT   5912  5914     3   762   433    
  763 WAT   5915  5917     3   763   434    
  764 WAT   5918  5920     3   764   435    
  765 WAT   5921  5923     3   765   436    
  766 WAT   5924  5926     3   766   437    
  767 WAT   5927  5929     3   767   438    
  768 WAT   5930  5932     3   768   439    
  769 WAT   5933  5935     3   769   440    
  770 WAT   5936  5938     3   770   441    
  771 WAT   5939  5941     3   771   442    
  772 WAT   5942  5944     3   772   443    
  773 WAT   5945  5947     3   773   444    
  774 WAT   5948  5950     3   774   445    
  775 WAT   5951  5953     3   775   446    
  776 WAT   5954  5956     3   776   447    
  777 WAT   5957  5959     3   777   448    
  778 WAT   5960  5962     3   778   449    
  779 WAT   5963  5965     3   779   450    
  780 WAT   5966  5968     3   780   451    
  781 WAT   5969  5971     3   781   452    
  782 WAT   5972  5974     3   782   453    
  783 WAT   5975  5977     3   783   454    
  784 WAT   5978  5980     3   784   455    
  785 WAT   5981  5983     3   785   456    
  786 WAT   5984  5986     3   786   457    
  787 WAT   5987  5989     3   787   458    
  788 WAT   5990  5992     3   788   459    
  789 WAT   5993  5995     3   789   460    
  790 WAT   5996  5998     3   790   461    
  791 WAT   5999  6001     3   791   462    
  792 WAT   6002  6004     3   792   463    
  793 WAT   6005  6007     3   793   464    
  794 WAT   6008  6010     3   794   465    
  795 WAT   6011  6013     3   795   466    
  796 WAT   6014  6016     3   796   467    
  797 WAT   6017  6019     3   797   468    
  798 WAT   6020  6022     3   798   469    
  799 WAT   6023  6025     3   799   470    
  800 WAT   6026  6028     3   800   471    
  801 WAT   6029  6031     3   801   472    
  802 WAT   6032  6034     3   802   473    
  803 WAT   6035  6037     3   803   474    
  804 WAT   6038  6040     3   804   475    
  805 WAT   6041  6043     3   805   476    
  806 WAT   6044  6046     3   806   477    
  807 WAT   6047  6049     3   807   478    
  808 WAT   6050  6052     3   808   479    
  809 WAT   6053  6055     3   809   480    
  810 WAT   6056  6058     3   810   481    
  811 WAT   6059  6061     3   811   482    
  812 WAT   6062  6064     3   812   483    
  813 WAT   6065  6067     3   813   484    
  814 WAT   6068  6070     3   814   485    
  815 WAT   6071  6073     3   815   486    
  816 WAT   6074  6076     3   816   487    
  817 WAT   6077  6079     3   817   488    
  818 WAT   6080  6082     3   818   489    
  819 WAT   6083  6085     3   819   490    
  820 WAT   6086  6088     3   820   491    
  821 WAT   6089  6091     3   821   492    
  822 WAT   6092  6094     3   822   493    
  823 WAT   6095  6097     3   823   494    
  824 WAT   6098  6100     3   824   495    
  825 WAT   6101  6103     3   825   496    
  826 WAT   6104  6106     3   826   497    
  827 WAT   6107  6109     3   827   498    
  828 WAT   6110  6112     3   828   499    
  829 WAT   6113  6115     3   829   500    
  830 WAT   6116  6118     3   830   501    
  831 WAT   6119  6121     3   831   502    
  832 WAT   6122  6124     3   832   503    
  833 WAT   6125  6127     3   833   504    
  834 WAT   6128  6130     3   834   505    
  835 WAT   6131  6133     3   835   506    
  836 WAT   6134  6136     3   836   507    
  837 WAT   6137  6139     3   837   508    
  838 WAT   6140  6142     3   838   509    
  839 WAT   6143  6145     3   839   510    
  840 WAT   6146  6148     3   840   511    
  841 WAT   6149  6151     3   841   512    
  842 WAT   6152  6154     3   842   513    
  843 WAT   6155  6157     3   843   514    
  844 WAT   6158  6160     3   844   515    
  845 WAT   6161  6163     3   845   516    
  846 WAT   6164  6166     3   846   517    
  847 WAT   6167  6169     3   847   518    
  848 WAT   6170  6172     3   848   519    
  849 WAT   6173  6175     3   849   520    
  850 WAT   6176  6178     3   850   521    
  851 WAT   6179  6181     3   851   522    
  852 WAT   6182  6184     3   852   523    
  853 WAT   6185  6187     3   853   524    
  854 WAT   6188  6190     3   854   525    
  855 WAT   6191  6193     3   855   526    
  856 WAT   6194  6196     3   856   527    
  857 WAT   6197  6199     3   857   528    
  858 WAT   6200  6202     3   858   529    
  859 WAT   6203  6205     3   859   530    
  860 WAT   6206  6208     3   860   531    
  861 WAT   6209  6211     3   861   532    
  862 WAT   6212  6214     3   862   533    
  863 WAT   6215  6217     3   863   534    
  864 WAT   6218  6220     3   864   535    
  865 WAT   6221  6223     3   865   536    
  866 WAT   6224  6226     3   866   537    
  867 WAT   6227  6229     3   867   538    
  868 WAT   6230  6232     3   868   539    
  869 WAT   6233  6235     3   869   540    
  870 WAT   6236  6238     3   870   541    
  871 WAT   6239  6241     3   871   542    
  872 WAT   6242  6244     3   872   543    
  873 WAT   6245  6247     3   873   544    
  874 WAT   6248  6250     3   874   545    
  875 WAT   6251  6253     3   875   546    
  876 WAT   6254  6256     3   876   547    
  877 WAT   6257  6259     3   877   548    
  878 WAT   6260  6262     3   878   549    
  879 WAT   6263  6265     3   879   550    
  880 WAT   6266  6268     3   880   551    
  881 WAT   6269  6271     3   881   552    
  882 WAT   6272  6274     3   882   553    
  883 WAT   6275  6277     3   883   554    
  884 WAT   6278  6280     3   884   555    
  885 WAT   6281  6283     3   885   556    
  886 WAT   6284  6286     3   886   557    
  887 WAT   6287  6289     3   887   558    
  888 WAT   6290  6292     3   888   559    
  889 WAT   6293  6295     3   889   560    
  890 WAT   6296  6298     3   890   561    
  891 WAT   6299  6301     3   891   562    
  892 WAT   6302  6304     3   892   563    
  893 WAT   6305  6307     3   893   564    
  894 WAT   6308  6310     3   894   565    
  895 WAT   6311  6313     3   895   566    
  896 WAT   6314  6316     3   896   567    
  897 WAT   6317  6319     3   897   568    
  898 WAT   6320  6322     3   898   569    
  899 WAT   6323  6325     3   899   570    
  900 WAT   6326  6328     3   900   571    
  901 WAT   6329  6331     3   901   572    
  902 WAT   6332  6334     3   902   573    
  903 WAT   6335  6337     3   903   574    
  904 WAT   6338  6340     3   904   575    
  905 WAT   6341  6343     3   905   576    
  906 WAT   6344  6346     3   906   577    
  907 WAT   6347  6349     3   907   578    
  908 WAT   6350  6352     3   908   579    
  909 WAT   6353  6355     3   909   580    
  910 WAT   6356  6358     3   910   581    
  911 WAT   6359  6361     3   911   582    
  912 WAT   6362  6364     3   912   583    
  913 WAT   6365  6367     3   913   584    
  914 WAT   6368  6370     3   914   585    
  915 WAT   6371  6373     3   915   586    
  916 WAT   6374  6376     3   916   587    
  917 WAT   6377  6379     3   917   588    
  918 WAT   6380  6382     3   918   589    
  919 WAT   6383  6385     3   919   590    
  920 WAT   6386  6388     3   920   591    
  921 WAT   6389  6391     3   921   592    
  922 WAT   6392  6394     3   922   593    
  923 WAT   6395  6397     3   923   594    
  924 WAT   6398  6400     3   924   595    
  925 WAT   6401  6403     3   925   596    
  926 WAT   6404  6406     3   926   597    
  927 WAT   6407  6409     3   927   598    
  928 WAT   6410  6412     3   928   599    
  929 WAT   6413  6415     3   929   600    
  930 WAT   6416  6418     3   930   601    
  931 WAT   6419  6421     3   931   602    
  932 WAT   6422  6424     3   932   603    
  933 WAT   6425  6427     3   933   604    
  934 WAT   6428  6430     3   934   605    
  935 WAT   6431  6433     3   935   606    
  936 WAT   6434  6436     3   936   607    
  937 WAT   6437  6439     3   937   608    
  938 WAT   6440  6442     3   938   609    
  939 WAT   6443  6445     3   939   610    
  940 WAT   6446  6448     3   940   611    
  941 WAT   6449  6451     3   941   612    
  942 WAT   6452  6454     3   942   613    
  943 WAT   6455  6457     3   943   614    
  944 WAT   6458  6460     3   944   615    
  945 WAT   6461  6463     3   945   616    
  946 WAT   6464  6466     3   946   617    
  947 WAT   6467  6469     3   947   618    
  948 WAT   6470  6472     3   948   619    
  949 WAT   6473  6475     3   949   620    
  950 WAT   6476  6478     3   950   621    
  951 WAT   6479  6481     3   951   622    
  952 WAT   6482  6484     3   952   623    
  953 WAT   6485  6487     3   953   624    
  954 WAT   6488  6490     3   954   625    
  955 WAT   6491  6493     3   955   626    
  956 WAT   6494  6496     3   956   627    
  957 WAT   6497  6499     3   957   628    
  958 WAT   6500  6502     3   958   629    
  959 WAT   6503  6505     3   959   630    
  960 WAT   6506  6508     3   960   631    
  961 WAT   6509  6511     3   961   632    
  962 WAT   6512  6514     3   962   633    
  963 WAT   6515  6517     3   963   634    
  964 WAT   6518  6520     3   964   635    
  965 WAT   6521  6523     3   965   636    
  966 WAT   6524  6526     3   966   637    
  967 WAT   6527  6529     3   967   638    
  968 WAT   6530  6532     3   968   639    
  969 WAT   6533  6535     3   969   640    
  970 WAT   6536  6538     3   970   641    
  971 WAT   6539  6541     3   971   642    
  972 WAT   6542  6544     3   972   643    
  973 WAT   6545  6547     3   973   644    
  974 WAT   6548  6550     3   974   645    
  975 WAT   6551  6553     3   975   646    
  976 WAT   6554  6556     3   976   647    
  977 WAT   6557  6559     3   977   648    
  978 WAT   6560  6562     3   978   649    
  979 WAT   6563  6565     3   979   650    
  980 WAT   6566  6568     3   980   651    
  981 WAT   6569  6571     3   981   652    
  982 WAT   6572  6574     3   982   653    
  983 WAT   6575  6577     3   983   654    
  984 WAT   6578  6580     3   984   655    
  985 WAT   6581  6583     3   985   656    
  986 WAT   6584  6586     3   986   657    
  987 WAT   6587  6589     3   987   658    
  988 WAT   6590  6592     3   988   659    
  989 WAT   6593  6595     3   989   660    
  990 WAT   6596  6598     3   990   661    
  991 WAT   6599  6601     3   991   662    
  992 WAT   6602  6604     3   992   663    
  993 WAT   6605  6607     3   993   664    
  994 WAT   6608  6610     3   994   665    
  995 WAT   6611  6613     3   995   666    
  996 WAT   6614  6616     3   996   667    
  997 WAT   6617  6619     3   997   668    
  998 WAT   6620  6622     3   998   669    
  999 WAT   6623  6625     3   999   670    
 1000 WAT   6626  6628     3  1000   671    
 1001 WAT   6629  6631     3  1001   672    
 1002 WAT   6632  6634     3  1002   673    
 1003 WAT   6635  6637     3  1003   674    
 1004 WAT   6638  6640     3  1004   675    
 1005 WAT   6641  6643     3  1005   676    
 1006 WAT   6644  6646     3  1006   677    
 1007 WAT   6647  6649     3  1007   678    
 1008 WAT   6650  6652     3  1008   679    
 1009 WAT   6653  6655     3  1009   680    
 1010 WAT   6656  6658     3  1010   681    
 1011 WAT   6659  6661     3  1011   682    
 1012 WAT   6662  6664     3  1012   683    
 1013 WAT   6665  6667     3  1013   684    
 1014 WAT   6668  6670     3  1014   685    
 1015 WAT   6671  6673     3  1015   686    
 1016 WAT   6674  6676     3  1016   687    
 1017 WAT   6677  6679     3  1017   688    
 1018 WAT   6680  6682     3  1018   689    
 1019 WAT   6683  6685     3  1019   690    
 1020 WAT   6686  6688     3  1020   691    
 1021 WAT   6689  6691     3  1021   692    
 1022 WAT   6692  6694     3  1022   693    
 1023 WAT   6695  6697     3  1023   694    
 1024 WAT   6698  6700     3  1024   695    
 1025 WAT   6701  6703     3  1025   696    
 1026 WAT   6704  6706     3  1026   697    
 1027 WAT   6707  6709     3  1027   698    
 1028 WAT   6710  6712     3  1028   699    
 1029 WAT   6713  6715     3  1029   700    
 1030 WAT   6716  6718     3  1030   701    
 1031 WAT   6719  6721     3  1031   702    
 1032 WAT   6722  6724     3  1032   703    
 1033 WAT   6725  6727     3  1033   704    
 1034 WAT   6728  6730     3  1034   705    
 1035 WAT   6731  6733     3  1035   706    
 1036 WAT   6734  6736     3  1036   707    
 1037 WAT   6737  6739     3  1037   708    
 1038 WAT   6740  6742     3  1038   709    
 1039 WAT   6743  6745     3  1039   710    
 1040 WAT   6746  6748     3  1040   711    
 1041 WAT   6749  6751     3  1041   712    
 1042 WAT   6752  6754     3  1042   713    
 1043 WAT   6755  6757     3  1043   714    
 1044 WAT   6758  6760     3  1044   715    
 1045 WAT   6761  6763     3  1045   716    
 1046 WAT   6764  6766     3  1046   717    
 1047 WAT   6767  6769     3  1047   718    
 1048 WAT   6770  6772     3  1048   719    
 1049 WAT   6773  6775     3  1049   720    
 1050 WAT   6776  6778     3  1050   721    
 1051 WAT   6779  6781     3  1051   722    
 1052 WAT   6782  6784     3  1052   723    
 1053 WAT   6785  6787     3  1053   724    
 1054 WAT   6788  6790     3  1054   725    
 1055 WAT   6791  6793     3  1055   726    
 1056 WAT   6794  6796     3  1056   727    
 1057 WAT   6797  6799     3  1057   728    
 1058 WAT   6800  6802     3  1058   729    
 1059 WAT   6803  6805     3  1059   730    
 1060 WAT   6806  6808     3  1060   731    
 1061 WAT   6809  6811     3  1061   732    
 1062 WAT   6812  6814     3  1062   733    
 1063 WAT   6815  6817     3  1063   734    
 1064 WAT   6818  6820     3  1064   735    
 1065 WAT   6821  6823     3  1065   736    
 1066 WAT   6824  6826     3  1066   737    
 1067 WAT   6827  6829     3  1067   738    
 1068 WAT   6830  6832     3  1068   739    
 1069 WAT   6833  6835     3  1069   740    
 1070 WAT   6836  6838     3  1070   741    
 1071 WAT   6839  6841     3  1071   742    
 1072 WAT   6842  6844     3  1072   743    
 1073 WAT   6845  6847     3  1073   744    
 1074 WAT   6848  6850     3  1074   745    
 1075 WAT   6851  6853     3  1075   746    
 1076 WAT   6854  6856     3  1076   747    
 1077 WAT   6857  6859     3  1077   748    
 1078 WAT   6860  6862     3  1078   749    
 1079 WAT   6863  6865     3  1079   750    
 1080 WAT   6866  6868     3  1080   751    
 1081 WAT   6869  6871     3  1081   752    
 1082 WAT   6872  6874     3  1082   753    
 1083 WAT   6875  6877     3  1083   754    
 1084 WAT   6878  6880     3  1084   755    
 1085 WAT   6881  6883     3  1085   756    
 1086 WAT   6884  6886     3  1086   757    
 1087 WAT   6887  6889     3  1087   758    
 1088 WAT   6890  6892     3  1088   759    
 1089 WAT   6893  6895     3  1089   760    
 1090 WAT   6896  6898     3  1090   761    
 1091 WAT   6899  6901     3  1091   762    
 1092 WAT   6902  6904     3  1092   763    
 1093 WAT   6905  6907     3  1093   764    
 1094 WAT   6908  6910     3  1094   765    
 1095 WAT   6911  6913     3  1095   766    
 1096 WAT   6914  6916     3  1096   767    
 1097 WAT   6917  6919     3  1097   768    
 1098 WAT   6920  6922     3  1098   769    
 1099 WAT   6923  6925     3  1099   770    
 1100 WAT   6926  6928     3  1100   771    
 1101 WAT   6929  6931     3  1101   772    
 1102 WAT   6932  6934     3  1102   773    
 1103 WAT   6935  6937     3  1103   774    
 1104 WAT   6938  6940     3  1104   775    
 1105 WAT   6941  6943     3  1105   776    
 1106 WAT   6944  6946     3  1106   777    
 1107 WAT   6947  6949     3  1107   778    
 1108 WAT   6950  6952     3  1108   779    
 1109 WAT   6953  6955     3  1109   780    
 1110 WAT   6956  6958     3  1110   781    
 1111 WAT   6959  6961     3  1111   782    
 1112 WAT   6962  6964     3  1112   783    
 1113 WAT   6965  6967     3  1113   784    
 1114 WAT   6968  6970     3  1114   785    
 1115 WAT   6971  6973     3  1115   786    
 1116 WAT   6974  6976     3  1116   787    
 1117 WAT   6977  6979     3  1117   788    
 1118 WAT   6980  6982     3  1118   789    
 1119 WAT   6983  6985     3  1119   790    
 1120 WAT   6986  6988     3  1120   791    
 1121 WAT   6989  6991     3  1121   792    
 1122 WAT   6992  6994     3  1122   793    
 1123 WAT   6995  6997     3  1123   794    
 1124 WAT   6998  7000     3  1124   795    
 1125 WAT   7001  7003     3  1125   796    
 1126 WAT   7004  7006     3  1126   797    
 1127 WAT   7007  7009     3  1127   798    
 1128 WAT   7010  7012     3  1128   799    
 1129 WAT   7013  7015     3  1129   800    
 1130 WAT   7016  7018     3  1130   801    
 1131 WAT   7019  7021     3  1131   802    
 1132 WAT   7022  7024     3  1132   803    
 1133 WAT   7025  7027     3  1133   804    
 1134 WAT   7028  7030     3  1134   805    
 1135 WAT   7031  7033     3  1135   806    
 1136 WAT   7034  7036     3  1136   807    
 1137 WAT   7037  7039     3  1137   808    
 1138 WAT   7040  7042     3  1138   809    
 1139 WAT   7043  7045     3  1139   810    
 1140 WAT   7046  7048     3  1140   811    
 1141 WAT   7049  7051     3  1141   812    
 1142 WAT   7052  7054     3  1142   813    
 1143 WAT   7055  7057     3  1143   814    
 1144 WAT   7058  7060     3  1144   815    
 1145 WAT   7061  7063     3  1145   816    
 1146 WAT   7064  7066     3  1146   817    
 1147 WAT   7067  7069     3  1147   818    
 1148 WAT   7070  7072     3  1148   819    
 1149 WAT   7073  7075     3  1149   820    
 1150 WAT   7076  7078     3  1150   821    
 1151 WAT   7079  7081     3  1151   822    
 1152 WAT   7082  7084     3  1152   823    
 1153 WAT   7085  7087     3  1153   824    
 1154 WAT   7088  7090     3  1154   825    
 1155 WAT   7091  7093     3  1155   826    
 1156 WAT   7094  7096     3  1156   827    
 1157 WAT   7097  7099     3  1157   828    
 1158 WAT   7100  7102     3  1158   829    
 1159 WAT   7103  7105     3  1159   830    
 1160 WAT   7106  7108     3  1160   831    
 1161 WAT   7109  7111     3  1161   832    
 1162 WAT   7112  7114     3  1162   833    
 1163 WAT   7115  7117     3  1163   834    
 1164 WAT   7118  7120     3  1164   835    
 1165 WAT   7121  7123     3  1165   836    
 1166 WAT   7124  7126     3  1166   837    
 1167 WAT   7127  7129     3  1167   838    
 1168 WAT   7130  7132     3  1168   839    
 1169 WAT   7133  7135     3  1169   840    
 1170 WAT   7136  7138     3  1170   841    
 1171 WAT   7139  7141     3  1171   842    
 1172 WAT   7142  7144     3  1172   843    
 1173 WAT   7145  7147     3  1173   844    
 1174 WAT   7148  7150     3  1174   845    
 1175 WAT   7151  7153     3  1175   846    
 1176 WAT   7154  7156     3  1176   847    
 1177 WAT   7157  7159     3  1177   848    
 1178 WAT   7160  7162     3  1178   849    
 1179 WAT   7163  7165     3  1179   850    
 1180 WAT   7166  7168     3  1180   851    
 1181 WAT   7169  7171     3  1181   852    
 1182 WAT   7172  7174     3  1182   853    
 1183 WAT   7175  7177     3  1183   854    
 1184 WAT   7178  7180     3  1184   855    
 1185 WAT   7181  7183     3  1185   856    
 1186 WAT   7184  7186     3  1186   857    
 1187 WAT   7187  7189     3  1187   858    
 1188 WAT   7190  7192     3  1188   859    
 1189 WAT   7193  7195     3  1189   860    
 1190 WAT   7196  7198     3  1190   861    
 1191 WAT   7199  7201     3  1191   862    
 1192 WAT   7202  7204     3  1192   863    
 1193 WAT   7205  7207     3  1193   864    
 1194 WAT   7208  7210     3  1194   865    
 1195 WAT   7211  7213     3  1195   866    
 1196 WAT   7214  7216     3  1196   867    
 1197 WAT   7217  7219     3  1197   868    
 1198 WAT   7220  7222     3  1198   869    
 1199 WAT   7223  7225     3  1199   870    
 1200 WAT   7226  7228     3  1200   871    
 1201 WAT   7229  7231     3  1201   872    
 1202 WAT   7232  7234     3  1202   873    
 1203 WAT   7235  7237     3  1203   874    
 1204 WAT   7238  7240     3  1204   875    
 1205 WAT   7241  7243     3  1205   876    
 1206 WAT   7244  7246     3  1206   877    
 1207 WAT   7247  7249     3  1207   878    
 1208 WAT   7250  7252     3  1208   879    
 1209 WAT   7253  7255     3  1209   880    
 1210 WAT   7256  7258     3  1210   881    
 1211 WAT   7259  7261     3  1211   882    
 1212 WAT   7262  7264     3  1212   883    
 1213 WAT   7265  7267     3  1213   884    
 1214 WAT   7268  7270     3  1214   885    
 1215 WAT   7271  7273     3  1215   886    
 1216 WAT   7274  7276     3  1216   887    
 1217 WAT   7277  7279     3  1217   888    
 1218 WAT   7280  7282     3  1218   889    
 1219 WAT   7283  7285     3  1219   890    
 1220 WAT   7286  7288     3  1220   891    
 1221 WAT   7289  7291     3  1221   892    
 1222 WAT   7292  7294     3  1222   893    
 1223 WAT   7295  7297     3  1223   894    
 1224 WAT   7298  7300     3  1224   895    
 1225 WAT   7301  7303     3  1225   896    
 1226 WAT   7304  7306     3  1226   897    
 1227 WAT   7307  7309     3  1227   898    
 1228 WAT   7310  7312     3  1228   899    
 1229 WAT   7313  7315     3  1229   900    
 1230 WAT   7316  7318     3  1230   901    
 1231 WAT   7319  7321     3  1231   902    
 1232 WAT   7322  7324     3  1232   903    
 1233 WAT   7325  7327     3  1233   904    
 1234 WAT   7328  7330     3  1234   905    
 1235 WAT   7331  7333     3  1235   906    
 1236 WAT   7334  7336     3  1236   907    
 1237 WAT   7337  7339     3  1237   908    
 1238 WAT   7340  7342     3  1238   909    
 1239 WAT   7343  7345     3  1239   910    
 1240 WAT   7346  7348     3  1240   911    
 1241 WAT   7349  7351     3  1241   912    
 1242 WAT   7352  7354     3  1242   913    
 1243 WAT   7355  7357     3  1243   914    
 1244 WAT   7358  7360     3  1244   915    
 1245 WAT   7361  7363     3  1245   916    
 1246 WAT   7364  7366     3  1246   917    
 1247 WAT   7367  7369     3  1247   918    
 1248 WAT   7370  7372     3  1248   919    
 1249 WAT   7373  7375     3  1249   920    
 1250 WAT   7376  7378     3  1250   921    
 1251 WAT   7379  7381     3  1251   922    
 1252 WAT   7382  7384     3  1252   923    
 1253 WAT   7385  7387     3  1253   924    
 1254 WAT   7388  7390     3  1254   925    
 1255 WAT   7391  7393     3  1255   926    
 1256 WAT   7394  7396     3  1256   927    
 1257 WAT   7397  7399     3  1257   928    
 1258 WAT   7400  7402     3  1258   929    
 1259 WAT   7403  7405     3  1259   930    
 1260 WAT   7406  7408     3  1260   931    
 1261 WAT   7409  7411     3  1261   932    
 1262 WAT   7412  7414     3  1262   933    
 1263 WAT   7415  7417     3  1263   934    
 1264 WAT   7418  7420     3  1264   935    
 1265 WAT   7421  7423     3  1265   936    
 1266 WAT   7424  7426     3  1266   937    
 1267 WAT   7427  7429     3  1267   938    
 1268 WAT   7430  7432     3  1268   939    
 1269 WAT   7433  7435     3  1269   940    
 1270 WAT   7436  7438     3  1270   941    
 1271 WAT   7439  7441     3  1271   942    
 1272 WAT   7442  7444     3  1272   943    
 1273 WAT   7445  7447     3  1273   944    
 1274 WAT   7448  7450     3  1274   945    
 1275 WAT   7451  7453     3  1275   946    
 1276 WAT   7454  7456     3  1276   947    
 1277 WAT   7457  7459     3  1277   948    
 1278 WAT   7460  7462     3  1278   949    
 1279 WAT   7463  7465     3  1279   950    
 1280 WAT   7466  7468     3  1280   951    
 1281 WAT   7469  7471     3  1281   952    
 1282 WAT   7472  7474     3  1282   953    
 1283 WAT   7475  7477     3  1283   954    
 1284 WAT   7478  7480     3  1284   955    
 1285 WAT   7481  7483     3  1285   956    
 1286 WAT   7484  7486     3  1286   957    
 1287 WAT   7487  7489     3  1287   958    
 1288 WAT   7490  7492     3  1288   959    
 1289 WAT   7493  7495     3  1289   960    
 1290 WAT   7496  7498     3  1290   961    
 1291 WAT   7499  7501     3  1291   962    
 1292 WAT   7502  7504     3  1292   963    
 1293 WAT   7505  7507     3  1293   964    
 1294 WAT   7508  7510     3  1294   965    
 1295 WAT   7511  7513     3  1295   966    
 1296 WAT   7514  7516     3  1296   967    
 1297 WAT   7517  7519     3  1297   968    
 1298 WAT   7520  7522     3  1298   969    
 1299 WAT   7523  7525     3  1299   970    
 1300 WAT   7526  7528     3  1300   971    
 1301 WAT   7529  7531     3  1301   972    
 1302 WAT   7532  7534     3  1302   973    
 1303 WAT   7535  7537     3  1303   974    
 1304 WAT   7538  7540     3  1304   975    
 1305 WAT   7541  7543     3  1305   976    
 1306 WAT   7544  7546     3  1306   977    
 1307 WAT   7547  7549     3  1307   978    
 1308 WAT   7550  7552     3  1308   979    
 1309 WAT   7553  7555     3  1309   980    
 1310 WAT   7556  7558     3  1310   981    
 1311 WAT   7559  7561     3  1311   982    
 1312 WAT   7562  7564     3  1312   983    
 1313 WAT   7565  7567     3  1313   984    
 1314 WAT   7568  7570     3  1314   985    
 1315 WAT   7571  7573     3  1315   986    
 1316 WAT   7574  7576     3  1316   987    
 1317 WAT   7577  7579     3  1317   988    
 1318 WAT   7580  7582     3  1318   989    
 1319 WAT   7583  7585     3  1319   990    
 1320 WAT   7586  7588     3  1320   991    
 1321 WAT   7589  7591     3  1321   992    
 1322 WAT   7592  7594     3  1322   993    
 1323 WAT   7595  7597     3  1323   994    
 1324 WAT   7598  7600     3  1324   995    
 1325 WAT   7601  7603     3  1325   996    
 1326 WAT   7604  7606     3  1326   997    
 1327 WAT   7607  7609     3  1327   998    
 1328 WAT   7610  7612     3  1328   999    
 1329 WAT   7613  7615     3  1329  1000    
 1330 WAT   7616  7618     3  1330  1001    
 1331 WAT   7619  7621     3  1331  1002    
 1332 WAT   7622  7624     3  1332  1003    
 1333 WAT   7625  7627     3  1333  1004    
 1334 WAT   7628  7630     3  1334  1005    
 1335 WAT   7631  7633     3  1335  1006    
 1336 WAT   7634  7636     3  1336  1007    
 1337 WAT   7637  7639     3  1337  1008    
 1338 WAT   7640  7642     3  1338  1009    
 1339 WAT   7643  7645     3  1339  1010    
 1340 WAT   7646  7648     3  1340  1011    
 1341 WAT   7649  7651     3  1341  1012    
 1342 WAT   7652  7654     3  1342  1013    
 1343 WAT   7655  7657     3  1343  1014    
 1344 WAT   7658  7660     3  1344  1015    
 1345 WAT   7661  7663     3  1345  1016    
 1346 WAT   7664  7666     3  1346  1017    
 1347 WAT   7667  7669     3  1347  1018    
 1348 WAT   7670  7672     3  1348  1019    
 1349 WAT   7673  7675     3  1349  1020    
 1350 WAT   7676  7678     3  1350  1021    
 1351 WAT   7679  7681     3  1351  1022    
 1352 WAT   7682  7684     3  1352  1023    
 1353 WAT   7685  7687     3  1353  1024    
 1354 WAT   7688  7690     3  1354  1025    
 1355 WAT   7691  7693     3  1355  1026    
 1356 WAT   7694  7696     3  1356  1027    
 1357 WAT   7697  7699     3  1357  1028    
 1358 WAT   7700  7702     3  1358  1029    
 1359 WAT   7703  7705     3  1359  1030    
 1360 WAT   7706  7708     3  1360  1031    
 1361 WAT   7709  7711     3  1361  1032    
 1362 WAT   7712  7714     3  1362  1033    
 1363 WAT   7715  7717     3  1363  1034    
 1364 WAT   7718  7720     3  1364  1035    
 1365 WAT   7721  7723     3  1365  1036    
 1366 WAT   7724  7726     3  1366  1037    
 1367 WAT   7727  7729     3  1367  1038    
 1368 WAT   7730  7732     3  1368  1039    
 1369 WAT   7733  7735     3  1369  1040    
 1370 WAT   7736  7738     3  1370  1041    
 1371 WAT   7739  7741     3  1371  1042    
 1372 WAT   7742  7744     3  1372  1043    
 1373 WAT   7745  7747     3  1373  1044    
 1374 WAT   7748  7750     3  1374  1045    
 1375 WAT   7751  7753     3  1375  1046    
 1376 WAT   7754  7756     3  1376  1047    
 1377 WAT   7757  7759     3  1377  1048    
 1378 WAT   7760  7762     3  1378  1049    
 1379 WAT   7763  7765     3  1379  1050    
 1380 WAT   7766  7768     3  1380  1051    
 1381 WAT   7769  7771     3  1381  1052    
 1382 WAT   7772  7774     3  1382  1053    
 1383 WAT   7775  7777     3  1383  1054    
 1384 WAT   7778  7780     3  1384  1055    
 1385 WAT   7781  7783     3  1385  1056    
 1386 WAT   7784  7786     3  1386  1057    
 1387 WAT   7787  7789     3  1387  1058    
 1388 WAT   7790  7792     3  1388  1059    
 1389 WAT   7793  7795     3  1389  1060    
 1390 WAT   7796  7798     3  1390  1061    
 1391 WAT   7799  7801     3  1391  1062    
 1392 WAT   7802  7804     3  1392  1063    
 1393 WAT   7805  7807     3  1393  1064    
 1394 WAT   7808  7810     3  1394  1065    
 1395 WAT   7811  7813     3  1395  1066    
 1396 WAT   7814  7816     3  1396  1067    
 1397 WAT   7817  7819     3  1397  1068    
 1398 WAT   7820  7822     3  1398  1069    
 1399 WAT   7823  7825     3  1399  1070    
 1400 WAT   7826  7828     3  1400  1071    
 1401 WAT   7829  7831     3  1401  1072    
 1402 WAT   7832  7834     3  1402  1073    
 1403 WAT   7835  7837     3  1403  1074    
 1404 WAT   7838  7840     3  1404  1075    
 1405 WAT   7841  7843     3  1405  1076    
 1406 WAT   7844  7846     3  1406  1077    
 1407 WAT   7847  7849     3  1407  1078    
 1408 WAT   7850  7852     3  1408  1079    
 1409 WAT   7853  7855     3  1409  1080    
 1410 WAT   7856  7858     3  1410  1081    
 1411 WAT   7859  7861     3  1411  1082    
 1412 WAT   7862  7864     3  1412  1083    
 1413 WAT   7865  7867     3  1413  1084    
 1414 WAT   7868  7870     3  1414  1085    
 1415 WAT   7871  7873     3  1415  1086    
 1416 WAT   7874  7876     3  1416  1087    
 1417 WAT   7877  7879     3  1417  1088    
 1418 WAT   7880  7882     3  1418  1089    
 1419 WAT   7883  7885     3  1419  1090    
 1420 WAT   7886  7888     3  1420  1091    
 1421 WAT   7889  7891     3  1421  1092    
 1422 WAT   7892  7894     3  1422  1093    
 1423 WAT   7895  7897     3  1423  1094    
 1424 WAT   7898  7900     3  1424  1095    
 1425 WAT   7901  7903     3  1425  1096    
 1426 WAT   7904  7906     3  1426  1097    
 1427 WAT   7907  7909     3  1427  1098    
 1428 WAT   7910  7912     3  1428  1099    
 1429 WAT   7913  7915     3  1429  1100    
 1430 WAT   7916  7918     3  1430  1101    
 1431 WAT   7919  7921     3  1431  1102    
 1432 WAT   7922  7924     3  1432  1103    
 1433 WAT   7925  7927     3  1433  1104    
 1434 WAT   7928  7930     3  1434  1105    
 1435 WAT   7931  7933     3  1435  1106    
 1436 WAT   7934  7936     3  1436  1107    
 1437 WAT   7937  7939     3  1437  1108    
 1438 WAT   7940  7942     3  1438  1109    
 1439 WAT   7943  7945     3  1439  1110    
 1440 WAT   7946  7948     3  1440  1111    
 1441 WAT   7949  7951     3  1441  1112    
 1442 WAT   7952  7954     3  1442  1113    
 1443 WAT   7955  7957     3  1443  1114    
 1444 WAT   7958  7960     3  1444  1115    
 1445 WAT   7961  7963     3  1445  1116    
 1446 WAT   7964  7966     3  1446  1117    
 1447 WAT   7967  7969     3  1447  1118    
 1448 WAT   7970  7972     3  1448  1119    
 1449 WAT   7973  7975     3  1449  1120    
 1450 WAT   7976  7978     3  1450  1121    
 1451 WAT   7979  7981     3  1451  1122    
 1452 WAT   7982  7984     3  1452  1123    
 1453 WAT   7985  7987     3  1453  1124    
 1454 WAT   7988  7990     3  1454  1125    
 1455 WAT   7991  7993     3  1455  1126    
 1456 WAT   7994  7996     3  1456  1127    
 1457 WAT   7997  7999     3  1457  1128    
 1458 WAT   8000  8002     3  1458  1129    
 1459 WAT   8003  8005     3  1459  1130    
 1460 WAT   8006  8008     3  1460  1131    
 1461 WAT   8009  8011     3  1461  1132    
 1462 WAT   8012  8014     3  1462  1133    
 1463 WAT   8015  8017     3  1463  1134    
 1464 WAT   8018  8020     3  1464  1135    
 1465 WAT   8021  8023     3  1465  1136    
 1466 WAT   8024  8026     3  1466  1137    
 1467 WAT   8027  8029     3  1467  1138    
 1468 WAT   8030  8032     3  1468  1139    
 1469 WAT   8033  8035     3  1469  1140    
 1470 WAT   8036  8038     3  1470  1141    
 1471 WAT   8039  8041     3  1471  1142    
 1472 WAT   8042  8044     3  1472  1143    
 1473 WAT   8045  8047     3  1473  1144    
 1474 WAT   8048  8050     3  1474  1145    
 1475 WAT   8051  8053     3  1475  1146    
 1476 WAT   8054  8056     3  1476  1147    
 1477 WAT   8057  8059     3  1477  1148    
 1478 WAT   8060  8062     3  1478  1149    
 1479 WAT   8063  8065     3  1479  1150    
 1480 WAT   8066  8068     3  1480  1151    
 1481 WAT   8069  8071     3  1481  1152    
 1482 WAT   8072  8074     3  1482  1153    
 1483 WAT   8075  8077     3  1483  1154    
 1484 WAT   8078  8080     3  1484  1155    
 1485 WAT   8081  8083     3  1485  1156    
 1486 WAT   8084  8086     3  1486  1157    
 1487 WAT   8087  8089     3  1487  1158    
 1488 WAT   8090  8092     3  1488  1159    
 1489 WAT   8093  8095     3  1489  1160    
 1490 WAT   8096  8098     3  1490  1161    
 1491 WAT   8099  8101     3  1491  1162    
 1492 WAT   8102  8104     3  1492  1163    
 1493 WAT   8105  8107     3  1493  1164    
 1494 WAT   8108  8110     3  1494  1165    
 1495 WAT   8111  8113     3  1495  1166    
 1496 WAT   8114  8116     3  1496  1167    
 1497 WAT   8117  8119     3  1497  1168    
 1498 WAT   8120  8122     3  1498  1169    
 1499 WAT   8123  8125     3  1499  1170    
 1500 WAT   8126  8128     3  1500  1171    
 1501 WAT   8129  8131     3  1501  1172    
 1502 WAT   8132  8134     3  1502  1173    
 1503 WAT   8135  8137     3  1503  1174    
 1504 WAT   8138  8140     3  1504  1175    
 1505 WAT   8141  8143     3  1505  1176    
 1506 WAT   8144  8146     3  1506  1177    
 1507 WAT   8147  8149     3  1507  1178    
 1508 WAT   8150  8152     3  1508  1179    
 1509 WAT   8153  8155     3  1509  1180    
 1510 WAT   8156  8158     3  1510  1181    
 1511 WAT   8159  8161     3  1511  1182    
 1512 WAT   8162  8164     3  1512  1183    
 1513 WAT   8165  8167     3  1513  1184    
 1514 WAT   8168  8170     3  1514  1185    
 1515 WAT   8171  8173     3  1515  1186    
 1516 WAT   8174  8176     3  1516  1187    
 1517 WAT   8177  8179     3  1517  1188    
 1518 WAT   8180  8182     3  1518  1189    
 1519 WAT   8183  8185     3  1519  1190    
 1520 WAT   8186  8188     3  1520  1191    
 1521 WAT   8189  8191     3  1521  1192    
 1522 WAT   8192  8194     3  1522  1193    
 1523 WAT   8195  8197     3  1523  1194    
 1524 WAT   8198  8200     3  1524  1195    
 1525 WAT   8201  8203     3  1525  1196    
 1526 WAT   8204  8206     3  1526  1197    
 1527 WAT   8207  8209     3  1527  1198    
 1528 WAT   8210  8212     3  1528  1199    
 1529 WAT   8213  8215     3  1529  1200    
 1530 WAT   8216  8218     3  1530  1201    
 1531 WAT   8219  8221     3  1531  1202    
 1532 WAT   8222  8224     3  1532  1203    
 1533 WAT   8225  8227     3  1533  1204    
 1534 WAT   8228  8230     3  1534  1205    
 1535 WAT   8231  8233     3  1535  1206    
 1536 WAT   8234  8236     3  1536  1207    
 1537 WAT   8237  8239     3  1537  1208    
 1538 WAT   8240  8242     3  1538  1209    
 1539 WAT   8243  8245     3  1539  1210    
 1540 WAT   8246  8248     3  1540  1211    
 1541 WAT   8249  8251     3  1541  1212    
 1542 WAT   8252  8254     3  1542  1213    
 1543 WAT   8255  8257     3  1543  1214    
 1544 WAT   8258  8260     3  1544  1215    
 1545 WAT   8261  8263     3  1545  1216    
 1546 WAT   8264  8266     3  1546  1217    
 1547 WAT   8267  8269     3  1547  1218    
 1548 WAT   8270  8272     3  1548  1219    
 1549 WAT   8273  8275     3  1549  1220    
 1550 WAT   8276  8278     3  1550  1221    
 1551 WAT   8279  8281     3  1551  1222    
 1552 WAT   8282  8284     3  1552  1223    
 1553 WAT   8285  8287     3  1553  1224    
 1554 WAT   8288  8290     3  1554  1225    
 1555 WAT   8291  8293     3  1555  1226    
 1556 WAT   8294  8296     3  1556  1227    
 1557 WAT   8297  8299     3  1557  1228    
 1558 WAT   8300  8302     3  1558  1229    
 1559 WAT   8303  8305     3  1559  1230    
 1560 WAT   8306  8308     3  1560  1231    
 1561 WAT   8309  8311     3  1561  1232    
 1562 WAT   8312  8314     3  1562  1233    
 1563 WAT   8315  8317     3  1563  1234    
 1564 WAT   8318  8320     3  1564  1235    
 1565 WAT   8321  8323     3  1565  1236    
 1566 WAT   8324  8326     3  1566  1237    
 1567 WAT   8327  8329     3  1567  1238    
 1568 WAT   8330  8332     3  1568  1239    
 1569 WAT   8333  8335     3  1569  1240    
 1570 WAT   8336  8338     3  1570  1241    
 1571 WAT   8339  8341     3  1571  1242    
 1572 WAT   8342  8344     3  1572  1243    
 1573 WAT   8345  8347     3  1573  1244    
 1574 WAT   8348  8350     3  1574  1245    
 1575 WAT   8351  8353     3  1575  1246    
 1576 WAT   8354  8356     3  1576  1247    
 1577 WAT   8357  8359     3  1577  1248    
 1578 WAT   8360  8362     3  1578  1249    
 1579 WAT   8363  8365     3  1579  1250    
 1580 WAT   8366  8368     3  1580  1251    
 1581 WAT   8369  8371     3  1581  1252    
 1582 WAT   8372  8374     3  1582  1253    
 1583 WAT   8375  8377     3  1583  1254    
 1584 WAT   8378  8380     3  1584  1255    
 1585 WAT   8381  8383     3  1585  1256    
 1586 WAT   8384  8386     3  1586  1257    
 1587 WAT   8387  8389     3  1587  1258    
 1588 WAT   8390  8392     3  1588  1259    
 1589 WAT   8393  8395     3  1589  1260    
 1590 WAT   8396  8398     3  1590  1261    
 1591 WAT   8399  8401     3  1591  1262    
 1592 WAT   8402  8404     3  1592  1263    
 1593 WAT   8405  8407     3  1593  1264    
 1594 WAT   8408  8410     3  1594  1265    
 1595 WAT   8411  8413     3  1595  1266    
 1596 WAT   8414  8416     3  1596  1267    
 1597 WAT   8417  8419     3  1597  1268    
 1598 WAT   8420  8422     3  1598  1269    
 1599 WAT   8423  8425     3  1599  1270    
 1600 WAT   8426  8428     3  1600  1271    
 1601 WAT   8429  8431     3  1601  1272    
 1602 WAT   8432  8434     3  1602  1273    
 1603 WAT   8435  8437     3  1603  1274    
 1604 WAT   8438  8440     3  1604  1275    
 1605 WAT   8441  8443     3  1605  1276    
 1606 WAT   8444  8446     3  1606  1277    
 1607 WAT   8447  8449     3  1607  1278    
 1608 WAT   8450  8452     3  1608  1279    
 1609 WAT   8453  8455     3  1609  1280    
 1610 WAT   8456  8458     3  1610  1281    
 1611 WAT   8459  8461     3  1611  1282    
 1612 WAT   8462  8464     3  1612  1283    
 1613 WAT   8465  8467     3  1613  1284    
 1614 WAT   8468  8470     3  1614  1285    
 1615 WAT   8471  8473     3  1615  1286    
 1616 WAT   8474  8476     3  1616  1287    
 1617 WAT   8477  8479     3  1617  1288    
 1618 WAT   8480  8482     3  1618  1289    
 1619 WAT   8483  8485     3  1619  1290    
 1620 WAT   8486  8488     3  1620  1291    
 1621 WAT   8489  8491     3  1621  1292    
 1622 WAT   8492  8494     3  1622  1293    
 1623 WAT   8495  8497     3  1623  1294    
 1624 WAT   8498  8500     3  1624  1295    
 1625 WAT   8501  8503     3  1625  1296    
 1626 WAT   8504  8506     3  1626  1297    
 1627 WAT   8507  8509     3  1627  1298    
 1628 WAT   8510  8512     3  1628  1299    
 1629 WAT   8513  8515     3  1629  1300    
 1630 WAT   8516  8518     3  1630  1301    
 1631 WAT   8519  8521     3  1631  1302    
 1632 WAT   8522  8524     3  1632  1303    
 1633 WAT   8525  8527     3  1633  1304    
 1634 WAT   8528  8530     3  1634  1305    
 1635 WAT   8531  8533     3  1635  1306    
 1636 WAT   8534  8536     3  1636  1307    
 1637 WAT   8537  8539     3  1637  1308    
 1638 WAT   8540  8542     3  1638  1309    
 1639 WAT   8543  8545     3  1639  1310    
 1640 WAT   8546  8548     3  1640  1311    
 1641 WAT   8549  8551     3  1641  1312    
 1642 WAT   8552  8554     3  1642  1313    
 1643 WAT   8555  8557     3  1643  1314    
 1644 WAT   8558  8560     3  1644  1315    
 1645 WAT   8561  8563     3  1645  1316    
 1646 WAT   8564  8566     3  1646  1317    
 1647 WAT   8567  8569     3  1647  1318    
 1648 WAT   8570  8572     3  1648  1319    
 1649 WAT   8573  8575     3  1649  1320    
 1650 WAT   8576  8578     3  1650  1321    
 1651 WAT   8579  8581     3  1651  1322    
 1652 WAT   8582  8584     3  1652  1323    
 1653 WAT   8585  8587     3  1653  1324    
 1654 WAT   8588  8590     3  1654  1325    
 1655 WAT   8591  8593     3  1655  1326    
 1656 WAT   8594  8596     3  1656  1327    
 1657 WAT   8597  8599     3  1657  1328    
 1658 WAT   8600  8602     3  1658  1329    
 1659 WAT   8603  8605     3  1659  1330    
 1660 WAT   8606  8608     3  1660  1331    
 1661 WAT   8609  8611     3  1661  1332    
 1662 WAT   8612  8614     3  1662  1333    
 1663 WAT   8615  8617     3  1663  1334    
 1664 WAT   8618  8620     3  1664  1335    
 1665 WAT   8621  8623     3  1665  1336    
 1666 WAT   8624  8626     3  1666  1337    
 1667 WAT   8627  8629     3  1667  1338    
 1668 WAT   8630  8632     3  1668  1339    
 1669 WAT   8633  8635     3  1669  1340    
 1670 WAT   8636  8638     3  1670  1341    
 1671 WAT   8639  8641     3  1671  1342    
 1672 WAT   8642  8644     3  1672  1343    
 1673 WAT   8645  8647     3  1673  1344    
 1674 WAT   8648  8650     3  1674  1345    
 1675 WAT   8651  8653     3  1675  1346    
 1676 WAT   8654  8656     3  1676  1347    
 1677 WAT   8657  8659     3  1677  1348    
 1678 WAT   8660  8662     3  1678  1349    
 1679 WAT   8663  8665     3  1679  1350    
 1680 WAT   8666  8668     3  1680  1351    
 1681 WAT   8669  8671     3  1681  1352    
 1682 WAT   8672  8674     3  1682  1353    
 1683 WAT   8675  8677     3  1683  1354    
 1684 WAT   8678  8680     3  1684  1355    
 1685 WAT   8681  8683     3  1685  1356    
 1686 WAT   8684  8686     3  1686  1357    
 1687 WAT   8687  8689     3  1687  1358    
 1688 WAT   8690  8692     3  1688  1359    
 1689 WAT   8693  8695     3  1689  1360    
 1690 WAT   8696  8698     3  1690  1361    
 1691 WAT   8699  8701     3  1691  1362    
 1692 WAT   8702  8704     3  1692  1363    
 1693 WAT   8705  8707     3  1693  1364    
 1694 WAT   8708  8710     3  1694  1365    
 1695 WAT   8711  8713     3  1695  1366    
 1696 WAT   8714  8716     3  1696  1367    
 1697 WAT   8717  8719     3  1697  1368    
 1698 WAT   8720  8722     3  1698  1369    
 1699 WAT   8723  8725     3  1699  1370    
 1700 WAT   8726  8728     3  1700  1371    
 1701 WAT   8729  8731     3  1701  1372    
 1702 WAT   8732  8734     3  1702  1373    
 1703 WAT   8735  8737     3  1703  1374    
 1704 WAT   8738  8740     3  1704  1375    
 1705 WAT   8741  8743     3  1705  1376    
 1706 WAT   8744  8746     3  1706  1377    
 1707 WAT   8747  8749     3  1707  1378    
 1708 WAT   8750  8752     3  1708  1379    
 1709 WAT   8753  8755     3  1709  1380    
 1710 WAT   8756  8758     3  1710  1381    
 1711 WAT   8759  8761     3  1711  1382    
 1712 WAT   8762  8764     3  1712  1383    
 1713 WAT   8765  8767     3  1713  1384    
 1714 WAT   8768  8770     3  1714  1385    
 1715 WAT   8771  8773     3  1715  1386    
 1716 WAT   8774  8776     3  1716  1387    
 1717 WAT   8777  8779     3  1717  1388    
 1718 WAT   8780  8782     3  1718  1389    
 1719 WAT   8783  8785     3  1719  1390    
 1720 WAT   8786  8788     3  1720  1391    
 1721 WAT   8789  8791     3  1721  1392    
 1722 WAT   8792  8794     3  1722  1393    
 1723 WAT   8795  8797     3  1723  1394    
 1724 WAT   8798  8800     3  1724  1395    
 1725 WAT   8801  8803     3  1725  1396    
 1726 WAT   8804  8806     3  1726  1397    
 1727 WAT   8807  8809     3  1727  1398    
 1728 WAT   8810  8812     3  1728  1399    
 1729 WAT   8813  8815     3  1729  1400    
 1730 WAT   8816  8818     3  1730  1401    
 1731 WAT   8819  8821     3  1731  1402    
 1732 WAT   8822  8824     3  1732  1403    
 1733 WAT   8825  8827     3  1733  1404    
 1734 WAT   8828  8830     3  1734  1405    
 1735 WAT   8831  8833     3  1735  1406    
 1736 WAT   8834  8836     3  1736  1407    
 1737 WAT   8837  8839     3  1737  1408    
 1738 WAT   8840  8842     3  1738  1409    
 1739 WAT   8843  8845     3  1739  1410    
 1740 WAT   8846  8848     3  1740  1411    
 1741 WAT   8849  8851     3  1741  1412    
 1742 WAT   8852  8854     3  1742  1413    
 1743 WAT   8855  8857     3  1743  1414    
 1744 WAT   8858  8860     3  1744  1415    
 1745 WAT   8861  8863     3  1745  1416    
 1746 WAT   8864  8866     3  1746  1417    
 1747 WAT   8867  8869     3  1747  1418    
 1748 WAT   8870  8872     3  1748  1419    
 1749 WAT   8873  8875     3  1749  1420    
 1750 WAT   8876  8878     3  1750  1421    
 1751 WAT   8879  8881     3  1751  1422    
 1752 WAT   8882  8884     3  1752  1423    
 1753 WAT   8885  8887     3  1753  1424    
 1754 WAT   8888  8890     3  1754  1425    
 1755 WAT   8891  8893     3  1755  1426    
 1756 WAT   8894  8896     3  1756  1427    
 1757 WAT   8897  8899     3  1757  1428    
 1758 WAT   8900  8902     3  1758  1429    
 1759 WAT   8903  8905     3  1759  1430    
 1760 WAT   8906  8908     3  1760  1431    
 1761 WAT   8909  8911     3  1761  1432    
 1762 WAT   8912  8914     3  1762  1433    
 1763 WAT   8915  8917     3  1763  1434    
 1764 WAT   8918  8920     3  1764  1435    
 1765 WAT   8921  8923     3  1765  1436    
 1766 WAT   8924  8926     3  1766  1437    
 1767 WAT   8927  8929     3  1767  1438    
 1768 WAT   8930  8932     3  1768  1439    
 1769 WAT   8933  8935     3  1769  1440    
 1770 WAT   8936  8938     3  1770  1441    
 1771 WAT   8939  8941     3  1771  1442    
 1772 WAT   8942  8944     3  1772  1443    
 1773 WAT   8945  8947     3  1773  1444    
 1774 WAT   8948  8950     3  1774  1445    
 1775 WAT   8951  8953     3  1775  1446    
 1776 WAT   8954  8956     3  1776  1447    
 1777 WAT   8957  8959     3  1777  1448    
 1778 WAT   8960  8962     3  1778  1449    
 1779 WAT   8963  8965     3  1779  1450    
 1780 WAT   8966  8968     3  1780  1451    
 1781 WAT   8969  8971     3  1781  1452    
 1782 WAT   8972  8974     3  1782  1453    
 1783 WAT   8975  8977     3  1783  1454    
 1784 WAT   8978  8980     3  1784  1455    
 1785 WAT   8981  8983     3  1785  1456    
 1786 WAT   8984  8986     3  1786  1457    
 1787 WAT   8987  8989     3  1787  1458    
 1788 WAT   8990  8992     3  1788  1459    
 1789 WAT   8993  8995     3  1789  1460    
 1790 WAT   8996  8998     3  1790  1461    
 1791 WAT   8999  9001     3  1791  1462    
 1792 WAT   9002  9004     3  1792  1463    
 1793 WAT   9005  9007     3  1793  1464    
 1794 WAT   9008  9010     3  1794  1465    
 1795 WAT   9011  9013     3  1795  1466    
 1796 WAT   9014  9016     3  1796  1467    
 1797 WAT   9017  9019     3  1797  1468    
 1798 WAT   9020  9022     3  1798  1469    
 1799 WAT   9023  9025     3  1799  1470    
 1800 WAT   9026  9028     3  1800  1471    
 1801 WAT   9029  9031     3  1801  1472    
 1802 WAT   9032  9034     3  1802  1473    
 1803 WAT   9035  9037     3  1803  1474    
 1804 WAT   9038  9040     3  1804  1475    
 1805 WAT   9041  9043     3  1805  1476    
 1806 WAT   9044  9046     3  1806  1477    
 1807 WAT   9047  9049     3  1807  1478    
 1808 WAT   9050  9052     3  1808  1479    
 1809 WAT   9053  9055     3  1809  1480    
 1810 WAT   9056  9058     3  1810  1481    
 1811 WAT   9059  9061     3  1811  1482    
 1812 WAT   9062  9064     3  1812  1483    
 1813 WAT   9065  9067     3  1813  1484    
 1814 WAT   9068  9070     3  1814  1485    
 1815 WAT   9071  9073     3  1815  1486    
 1816 WAT   9074  9076     3  1816  1487    
 1817 WAT   9077  9079     3  1817  1488    
 1818 WAT   9080  9082     3  1818  1489    
 1819 WAT   9083  9085     3  1819  1490    
 1820 WAT   9086  9088     3  1820  1491    
 1821 WAT   9089  9091     3  1821  1492    
 1822 WAT   9092  9094     3  1822  1493    
 1823 WAT   9095  9097     3  1823  1494    
 1824 WAT   9098  9100     3  1824  1495    
 1825 WAT   9101  9103     3  1825  1496    
 1826 WAT   9104  9106     3  1826  1497    
 1827 WAT   9107  9109     3  1827  1498    
 1828 WAT   9110  9112     3  1828  1499    
 1829 WAT   9113  9115     3  1829  1500    
 1830 WAT   9116  9118     3  1830  1501    
 1831 WAT   9119  9121     3  1831  1502    
 1832 WAT   9122  9124     3  1832  1503    
 1833 WAT   9125  9127     3  1833  1504    
 1834 WAT   9128  9130     3  1834  1505    
 1835 WAT   9131  9133     3  1835  1506    
 1836 WAT   9134  9136     3  1836  1507    
 1837 WAT   9137  9139     3  1837  1508    
 1838 WAT   9140  9142     3  1838  1509    
 1839 WAT   9143  9145     3  1839  1510    
 1840 WAT   9146  9148     3  1840  1511    
 1841 WAT   9149  9151     3  1841  1512    
 1842 WAT   9152  9154     3  1842  1513    
 1843 WAT   9155  9157     3  1843  1514    
 1844 WAT   9158  9160     3  1844  1515    
 1845 WAT   9161  9163     3  1845  1516    
 1846 WAT   9164  9166     3  1846  1517    
 1847 WAT   9167  9169     3  1847  1518    
 1848 WAT   9170  9172     3  1848  1519    
 1849 WAT   9173  9175     3  1849  1520    
 1850 WAT   9176  9178     3  1850  1521    
 1851 WAT   9179  9181     3  1851  1522    
 1852 WAT   9182  9184     3  1852  1523    
 1853 WAT   9185  9187     3  1853  1524    
 1854 WAT   9188  9190     3  1854  1525    
 1855 WAT   9191  9193     3  1855  1526    
 1856 WAT   9194  9196     3  1856  1527    
 1857 WAT   9197  9199     3  1857  1528    
 1858 WAT   9200  9202     3  1858  1529    
 1859 WAT   9203  9205     3  1859  1530    
 1860 WAT   9206  9208     3  1860  1531    
 1861 WAT   9209  9211     3  1861  1532    
 1862 WAT   9212  9214     3  1862  1533    
 1863 WAT   9215  9217     3  1863  1534    
 1864 WAT   9218  9220     3  1864  1535    
 1865 WAT   9221  9223     3  1865  1536    
 1866 WAT   9224  9226     3  1866  1537    
 1867 WAT   9227  9229     3  1867  1538    
 1868 WAT   9230  9232     3  1868  1539    
 1869 WAT   9233  9235     3  1869  1540    
 1870 WAT   9236  9238     3  1870  1541    
 1871 WAT   9239  9241     3  1871  1542    
 1872 WAT   9242  9244     3  1872  1543    
 1873 WAT   9245  9247     3  1873  1544    
 1874 WAT   9248  9250     3  1874  1545    
 1875 WAT   9251  9253     3  1875  1546    
 1876 WAT   9254  9256     3  1876  1547    
 1877 WAT   9257  9259     3  1877  1548    
 1878 WAT   9260  9262     3  1878  1549    
 1879 WAT   9263  9265     3  1879  1550    
 1880 WAT   9266  9268     3  1880  1551    
 1881 WAT   9269  9271     3  1881  1552    
 1882 WAT   9272  9274     3  1882  1553    
 1883 WAT   9275  9277     3  1883  1554    
 1884 WAT   9278  9280     3  1884  1555    
 1885 WAT   9281  9283     3  1885  1556    
 1886 WAT   9284  9286     3  1886  1557    
 1887 WAT   9287  9289     3  1887  1558    
 1888 WAT   9290  9292     3  1888  1559    
 1889 WAT   9293  9295     3  1889  1560    
 1890 WAT   9296  9298     3  1890  1561    
 1891 WAT   9299  9301     3  1891  1562    
 1892 WAT   9302  9304     3  1892  1563    
 1893 WAT   9305  9307     3  1893  1564    
 1894 WAT   9308  9310     3  1894  1565    
 1895 WAT   9311  9313     3  1895  1566    
 1896 WAT   9314  9316     3  1896  1567    
 1897 WAT   9317  9319     3  1897  1568    
 1898 WAT   9320  9322     3  1898  1569    
 1899 WAT   9323  9325     3  1899  1570    
 1900 WAT   9326  9328     3  1900  1571    
 1901 WAT   9329  9331     3  1901  1572    
 1902 WAT   9332  9334     3  1902  1573    
 1903 WAT   9335  9337     3  1903  1574    
 1904 WAT   9338  9340     3  1904  1575    
 1905 WAT   9341  9343     3  1905  1576    
 1906 WAT   9344  9346     3  1906  1577    
 1907 WAT   9347  9349     3  1907  1578    
 1908 WAT   9350  9352     3  1908  1579    
 1909 WAT   9353  9355     3  1909  1580    
 1910 WAT   9356  9358     3  1910  1581    
 1911 WAT   9359  9361     3  1911  1582    
 1912 WAT   9362  9364     3  1912  1583    
 1913 WAT   9365  9367     3  1913  1584    
 1914 WAT   9368  9370     3  1914  1585    
 1915 WAT   9371  9373     3  1915  1586    
 1916 WAT   9374  9376     3  1916  1587    
 1917 WAT   9377  9379     3  1917  1588    
 1918 WAT   9380  9382     3  1918  1589    
 1919 WAT   9383  9385     3  1919  1590    
 1920 WAT   9386  9388     3  1920  1591    
 1921 WAT   9389  9391     3  1921  1592    
 1922 WAT   9392  9394     3  1922  1593    
 1923 WAT   9395  9397     3  1923  1594    
 1924 WAT   9398  9400     3  1924  1595    
 1925 WAT   9401  9403     3  1925  1596    
 1926 WAT   9404  9406     3  1926  1597    
 1927 WAT   9407  9409     3  1927  1598    
 1928 WAT   9410  9412     3  1928  1599    
 1929 WAT   9413  9415     3  1929  1600    
 1930 WAT   9416  9418     3  1930  1601    
 1931 WAT   9419  9421     3  1931  1602    
 1932 WAT   9422  9424     3  1932  1603    
 1933 WAT   9425  9427     3  1933  1604    
 1934 WAT   9428  9430     3  1934  1605    
 1935 WAT   9431  9433     3  1935  1606    
 1936 WAT   9434  9436     3  1936  1607    
 1937 WAT   9437  9439     3  1937  1608    
 1938 WAT   9440  9442     3  1938  1609    
 1939 WAT   9443  9445     3  1939  1610    
 1940 WAT   9446  9448     3  1940  1611    
 1941 WAT   9449  9451     3  1941  1612    
 1942 WAT   9452  9454     3  1942  1613    
 1943 WAT   9455  9457     3  1943  1614    
 1944 WAT   9458  9460     3  1944  1615    
 1945 WAT   9461  9463     3  1945  1616    
 1946 WAT   9464  9466     3  1946  1617    
 1947 WAT   9467  9469     3  1947  1618    
 1948 WAT   9470  9472     3  1948  1619    
 1949 WAT   9473  9475     3  1949  1620    
 1950 WAT   9476  9478     3  1950  1621    
 1951 WAT   9479  9481     3  1951  1622    
 1952 WAT   9482  9484     3  1952  1623    
 1953 WAT   9485  9487     3  1953  1624    
 1954 WAT   9488  9490     3  1954  1625    
 1955 WAT   9491  9493     3  1955  1626    
 1956 WAT   9494  9496     3  1956  1627    
 1957 WAT   9497  9499     3  1957  1628    
 1958 WAT   9500  9502     3  1958  1629    
 1959 WAT   9503  9505     3  1959  1630    
 1960 WAT   9506  9508     3  1960  1631    
 1961 WAT   9509  9511     3  1961  1632    
 1962 WAT   9512  9514     3  1962  1633    
 1963 WAT   9515  9517     3  1963  1634    
 1964 WAT   9518  9520     3  1964  1635    
 1965 WAT   9521  9523     3  1965  1636    
 1966 WAT   9524  9526     3  1966  1637    
 1967 WAT   9527  9529     3  1967  1638    
 1968 WAT   9530  9532     3  1968  1639    
 1969 WAT   9533  9535     3  1969  1640    
 1970 WAT   9536  9538     3  1970  1641    
 1971 WAT   9539  9541     3  1971  1642    
 1972 WAT   9542  9544     3  1972  1643    
 1973 WAT   9545  9547     3  1973  1644    
 1974 WAT   9548  9550     3  1974  1645    
 1975 WAT   9551  9553     3  1975  1646    
 1976 WAT   9554  9556     3  1976  1647    
 1977 WAT   9557  9559     3  1977  1648    
 1978 WAT   9560  9562     3  1978  1649    
 1979 WAT   9563  9565     3  1979  1650    
 1980 WAT   9566  9568     3  1980  1651    
 1981 WAT   9569  9571     3  1981  1652    
 1982 WAT   9572  9574     3  1982  1653    
 1983 WAT   9575  9577     3  1983  1654    
 1984 WAT   9578  9580     3  1984  1655    
 1985 WAT   9581  9583     3  1985  1656    
 1986 WAT   9584  9586     3  1986  1657    
 1987 WAT   9587  9589     3  1987  1658    
 1988 WAT   9590  9592     3  1988  1659    
 1989 WAT   9593  9595     3  1989  1660    
 1990 WAT   9596  9598     3  1990  1661    
 1991 WAT   9599  9601     3  1991  1662    
 1992 WAT   9602  9604     3  1992  1663    
 1993 WAT   9605  9607     3  1993  1664    
 1994 WAT   9608  9610     3  1994  1665    
 1995 WAT   9611  9613     3  1995  1666    
 1996 WAT   9614  9616     3  1996  1667    
 1997 WAT   9617  9619     3  1997  1668    
 1998 WAT   9620  9622     3  1998  1669    
 1999 WAT   9623  9625     3  1999  1670    
 2000 WAT   9626  9628     3  2000  1671    
 2001 WAT   9629  9631     3  2001  1672    
 2002 WAT   9632  9634     3  2002  1673    
 2003 WAT   9635  9637     3  2003  1674    
 2004 WAT   9638  9640     3  2004  1675    
 2005 WAT   9641  9643     3  2005  1676    
 2006 WAT   9644  9646     3  2006  1677    
 2007 WAT   9647  9649     3  2007  1678    
 2008 WAT   9650  9652     3  2008  1679    
 2009 WAT   9653  9655     3  2009  1680    
 2010 WAT   9656  9658     3  2010  1681    
 2011 WAT   9659  9661     3  2011  1682    
 2012 WAT   9662  9664     3  2012  1683    
 2013 WAT   9665  9667     3  2013  1684    
 2014 WAT   9668  9670     3  2014  1685    
 2015 WAT   9671  9673     3  2015  1686    
 2016 WAT   9674  9676     3  2016  1687    
 2017 WAT   9677  9679     3  2017  1688    
 2018 WAT   9680  9682     3  2018  1689    
 2019 WAT   9683  9685     3  2019  1690    
 2020 WAT   9686  9688     3  2020  1691    
 2021 WAT   9689  9691     3  2021  1692    
 2022 WAT   9692  9694     3  2022  1693    
 2023 WAT   9695  9697     3  2023  1694    
 2024 WAT   9698  9700     3  2024  1695    
 2025 WAT   9701  9703     3  2025  1696    
 2026 WAT   9704  9706     3  2026  1697    
 2027 WAT   9707  9709     3  2027  1698    
 2028 WAT   9710  9712     3  2028  1699    
 2029 WAT   9713  9715     3  2029  1700    
 2030 WAT   9716  9718     3  2030  1701    
 2031 WAT   9719  9721     3  2031  1702    
 2032 WAT   9722  9724     3  2032  1703    
 2033 WAT   9725  9727     3  2033  1704    
 2034 WAT   9728  9730     3  2034  1705    
 2035 WAT   9731  9733     3  2035  1706    
 2036 WAT   9734  9736     3  2036  1707    
 2037 WAT   9737  9739     3  2037  1708    
 2038 WAT   9740  9742     3  2038  1709    
 2039 WAT   9743  9745     3  2039  1710    
 2040 WAT   9746  9748     3  2040  1711    
 2041 WAT   9749  9751     3  2041  1712    
 2042 WAT   9752  9754     3  2042  1713    
 2043 WAT   9755  9757     3  2043  1714    
 2044 WAT   9758  9760     3  2044  1715    
 2045 WAT   9761  9763     3  2045  1716    
 2046 WAT   9764  9766     3  2046  1717    
 2047 WAT   9767  9769     3  2047  1718    
 2048 WAT   9770  9772     3  2048  1719    
 2049 WAT   9773  9775     3  2049  1720    
 2050 WAT   9776  9778     3  2050  1721    
 2051 WAT   9779  9781     3  2051  1722    
 2052 WAT   9782  9784     3  2052  1723    
 2053 WAT   9785  9787     3  2053  1724    
 2054 WAT   9788  9790     3  2054  1725    
 2055 WAT   9791  9793     3  2055  1726    
 2056 WAT   9794  9796     3  2056  1727    
 2057 WAT   9797  9799     3  2057  1728    
 2058 WAT   9800  9802     3  2058  1729    
 2059 WAT   9803  9805     3  2059  1730    
 2060 WAT   9806  9808     3  2060  1731    
 2061 WAT   9809  9811     3  2061  1732    
 2062 WAT   9812  9814     3  2062  1733    
 2063 WAT   9815  9817     3  2063  1734    
 2064 WAT   9818  9820     3  2064  1735    
 2065 WAT   9821  9823     3  2065  1736    
 2066 WAT   9824  9826     3  2066  1737    
 2067 WAT   9827  9829     3  2067  1738    
 2068 WAT   9830  9832     3  2068  1739    
 2069 WAT   9833  9835     3  2069  1740    
 2070 WAT   9836  9838     3  2070  1741    
 2071 WAT   9839  9841     3  2071  1742    
 2072 WAT   9842  9844     3  2072  1743    
 2073 WAT   9845  9847     3  2073  1744    
 2074 WAT   9848  9850     3  2074  1745    
 2075 WAT   9851  9853     3  2075  1746    
 2076 WAT   9854  9856     3  2076  1747    
 2077 WAT   9857  9859     3  2077  1748    
 2078 WAT   9860  9862     3  2078  1749    
 2079 WAT   9863  9865     3  2079  1750    
 2080 WAT   9866  9868     3  2080  1751    
 2081 WAT   9869  9871     3  2081  1752    
 2082 WAT   9872  9874     3  2082  1753    
 2083 WAT   9875  9877     3  2083  1754    
 2084 WAT   9878  9880     3  2084  1755    
 2085 WAT   9881  9883     3  2085  1756    
 2086 WAT   9884  9886     3  2086  1757    
 2087 WAT   9887  9889     3  2087  1758    
 2088 WAT   9890  9892     3  2088  1759    
 2089 WAT   9893  9895     3  2089  1760    
 2090 WAT   9896  9898     3  2090  1761    
 2091 WAT   9899  9901     3  2091  1762    
 2092 WAT   9902  9904     3  2092  1763    
 2093 WAT   9905  9907     3  2093  1764    
 2094 WAT   9908  9910     3  2094  1765    
 2095 WAT   9911  9913     3  2095  1766    
 2096 WAT   9914  9916     3  2096  1767    
 2097 WAT   9917  9919     3  2097  1768    
 2098 WAT   9920  9922     3  2098  1769    
 2099 WAT   9923  9925     3  2099  1770    
 2100 WAT   9926  9928     3  2100  1771    
 2101 WAT   9929  9931     3  2101  1772    
 2102 WAT   9932  9934     3  2102  1773    
 2103 WAT   9935  9937     3  2103  1774    
 2104 WAT   9938  9940     3  2104  1775    
 2105 WAT   9941  9943     3  2105  1776    
 2106 WAT   9944  9946     3  2106  1777    
 2107 WAT   9947  9949     3  2107  1778    
 2108 WAT   9950  9952     3  2108  1779    
 2109 WAT   9953  9955     3  2109  1780    
 2110 WAT   9956  9958     3  2110  1781    
 2111 WAT   9959  9961     3  2111  1782    
 2112 WAT   9962  9964     3  2112  1783    
 2113 WAT   9965  9967     3  2113  1784    
 2114 WAT   9968  9970     3  2114  1785    
 2115 WAT   9971  9973     3  2115  1786    
 2116 WAT   9974  9976     3  2116  1787    
 2117 WAT   9977  9979     3  2117  1788    
 2118 WAT   9980  9982     3  2118  1789    
 2119 WAT   9983  9985     3  2119  1790    
 2120 WAT   9986  9988     3  2120  1791    
 2121 WAT   9989  9991     3  2121  1792    
 2122 WAT   9992  9994     3  2122  1793    
 2123 WAT   9995  9997     3  2123  1794    
 2124 WAT   9998 10000     3  2124  1795    
 2125 WAT  10001 10003     3  2125  1796    
 2126 WAT  10004 10006     3  2126  1797    
 2127 WAT  10007 10009     3  2127  1798    
 2128 WAT  10010 10012     3  2128  1799    
 2129 WAT  10013 10015     3  2129  1800    
 2130 WAT  10016 10018     3  2130  1801    
 2131 WAT  10019 10021     3  2131  1802    
 2132 WAT  10022 10024     3  2132  1803    
 2133 WAT  10025 10027     3  2133  1804    
 2134 WAT  10028 10030     3  2134  1805    
 2135 WAT  10031 10033     3  2135  1806    
 2136 WAT  10034 10036     3  2136  1807    
 2137 WAT  10037 10039     3  2137  1808    
 2138 WAT  10040 10042     3  2138  1809    
 2139 WAT  10043 10045     3  2139  1810    
 2140 WAT  10046 10048     3  2140  1811    
 2141 WAT  10049 10051     3  2141  1812    
 2142 WAT  10052 10054     3  2142  1813    
 2143 WAT  10055 10057     3  2143  1814    
 2144 WAT  10058 10060     3  2144  1815    
 2145 WAT  10061 10063     3  2145  1816    
 2146 WAT  10064 10066     3  2146  1817    
 2147 WAT  10067 10069     3  2147  1818    
 2148 WAT  10070 10072     3  2148  1819    
 2149 WAT  10073 10075     3  2149  1820    
 2150 WAT  10076 10078     3  2150  1821    
 2151 WAT  10079 10081     3  2151  1822    
 2152 WAT  10082 10084     3  2152  1823    
 2153 WAT  10085 10087     3  2153  1824    
 2154 WAT  10088 10090     3  2154  1825    
 2155 WAT  10091 10093     3  2155  1826    
 2156 WAT  10094 10096     3  2156  1827    
 2157 WAT  10097 10099     3  2157  1828    
 2158 WAT  10100 10102     3  2158  1829    
 2159 WAT  10103 10105     3  2159  1830    
 2160 WAT  10106 10108     3  2160  1831    
 2161 WAT  10109 10111     3  2161  1832    
 2162 WAT  10112 10114     3  2162  1833    
 2163 WAT  10115 10117     3  2163  1834    
 2164 WAT  10118 10120     3  2164  1835    
 2165 WAT  10121 10123     3  2165  1836    
 2166 WAT  10124 10126     3  2166  1837    
 2167 WAT  10127 10129     3  2167  1838    
 2168 WAT  10130 10132     3  2168  1839    
 2169 WAT  10133 10135     3  2169  1840    
 2170 WAT  10136 10138     3  2170  1841    
 2171 WAT  10139 10141     3  2171  1842    
 2172 WAT  10142 10144     3  2172  1843    
 2173 WAT  10145 10147     3  2173  1844    
 2174 WAT  10148 10150     3  2174  1845    
 2175 WAT  10151 10153     3  2175  1846    
 2176 WAT  10154 10156     3  2176  1847    
 2177 WAT  10157 10159     3  2177  1848    
 2178 WAT  10160 10162     3  2178  1849    
 2179 WAT  10163 10165     3  2179  1850    
 2180 WAT  10166 10168     3  2180  1851    
 2181 WAT  10169 10171     3  2181  1852    
 2182 WAT  10172 10174     3  2182  1853    
 2183 WAT  10175 10177     3  2183  1854    
 2184 WAT  10178 10180     3  2184  1855    
 2185 WAT  10181 10183     3  2185  1856    
 2186 WAT  10184 10186     3  2186  1857    
 2187 WAT  10187 10189     3  2187  1858    
 2188 WAT  10190 10192     3  2188  1859    
 2189 WAT  10193 10195     3  2189  1860    
 2190 WAT  10196 10198     3  2190  1861    
 2191 WAT  10199 10201     3  2191  1862    
 2192 WAT  10202 10204     3  2192  1863    
 2193 WAT  10205 10207     3  2193  1864    
 2194 WAT  10208 10210     3  2194  1865    
 2195 WAT  10211 10213     3  2195  1866    
 2196 WAT  10214 10216     3  2196  1867    
 2197 WAT  10217 10219     3  2197  1868    
 2198 WAT  10220 10222     3  2198  1869    
 2199 WAT  10223 10225     3  2199  1870    
 2200 WAT  10226 10228     3  2200  1871    
 2201 WAT  10229 10231     3  2201  1872    
 2202 WAT  10232 10234     3  2202  1873    
 2203 WAT  10235 10237     3  2203  1874    
 2204 WAT  10238 10240     3  2204  1875    
 2205 WAT  10241 10243     3  2205  1876    
 2206 WAT  10244 10246     3  2206  1877    
 2207 WAT  10247 10249     3  2207  1878    
 2208 WAT  10250 10252     3  2208  1879    
 2209 WAT  10253 10255     3  2209  1880    
 2210 WAT  10256 10258     3  2210  1881    
 2211 WAT  10259 10261     3  2211  1882    
 2212 WAT  10262 10264     3  2212  1883    
 2213 WAT  10265 10267     3  2213  1884    
 2214 WAT  10268 10270     3  2214  1885    
 2215 WAT  10271 10273     3  2215  1886    
 2216 WAT  10274 10276     3  2216  1887    
 2217 WAT  10277 10279     3  2217  1888    
 2218 WAT  10280 10282     3  2218  1889    
 2219 WAT  10283 10285     3  2219  1890    
 2220 WAT  10286 10288     3  2220  1891    
 2221 WAT  10289 10291     3  2221  1892    
 2222 WAT  10292 10294     3  2222  1893    
 2223 WAT  10295 10297     3  2223  1894    
 2224 WAT  10298 10300     3  2224  1895    
 2225 WAT  10301 10303     3  2225  1896    
 2226 WAT  10304 10306     3  2226  1897    
 2227 WAT  10307 10309     3  2227  1898    
 2228 WAT  10310 10312     3  2228  1899    
 2229 WAT  10313 10315     3  2229  1900    
 2230 WAT  10316 10318     3  2230  1901    
 2231 WAT  10319 10321     3  2231  1902    
 2232 WAT  10322 10324     3  2232  1903    
 2233 WAT  10325 10327     3  2233  1904    
 2234 WAT  10328 10330     3  2234  1905    
 2235 WAT  10331 10333     3  2235  1906    
 2236 WAT  10334 10336     3  2236  1907    
 2237 WAT  10337 10339     3  2237  1908    
 2238 WAT  10340 10342     3  2238  1909    
 2239 WAT  10343 10345     3  2239  1910    
 2240 WAT  10346 10348     3  2240  1911    
 2241 WAT  10349 10351     3  2241  1912    
 2242 WAT  10352 10354     3  2242  1913    
 2243 WAT  10355 10357     3  2243  1914    
 2244 WAT  10358 10360     3  2244  1915    
 2245 WAT  10361 10363     3  2245  1916    
 2246 WAT  10364 10366     3  2246  1917    
 2247 WAT  10367 10369     3  2247  1918    
 2248 WAT  10370 10372     3  2248  1919    
 2249 WAT  10373 10375     3  2249  1920    
 2250 WAT  10376 10378     3  2250  1921    
 2251 WAT  10379 10381     3  2251  1922    
 2252 WAT  10382 10384     3  2252  1923    
 2253 WAT  10385 10387     3  2253  1924    
 2254 WAT  10388 10390     3  2254  1925    
 2255 WAT  10391 10393     3  2255  1926    
 2256 WAT  10394 10396     3  2256  1927    
 2257 WAT  10397 10399     3  2257  1928    
 2258 WAT  10400 10402     3  2258  1929    
 2259 WAT  10403 10405     3  2259  1930    
 2260 WAT  10406 10408     3  2260  1931    
 2261 WAT  10409 10411     3  2261  1932    
 2262 WAT  10412 10414     3  2262  1933    
 2263 WAT  10415 10417     3  2263  1934    
 2264 WAT  10418 10420     3  2264  1935    
 2265 WAT  10421 10423     3  2265  1936    
 2266 WAT  10424 10426     3  2266  1937    
 2267 WAT  10427 10429     3  2267  1938    
 2268 WAT  10430 10432     3  2268  1939    
 2269 WAT  10433 10435     3  2269  1940    
 2270 WAT  10436 10438     3  2270  1941    
 2271 WAT  10439 10441     3  2271  1942    
 2272 WAT  10442 10444     3  2272  1943    
 2273 WAT  10445 10447     3  2273  1944    
 2274 WAT  10448 10450     3  2274  1945    
 2275 WAT  10451 10453     3  2275  1946    
 2276 WAT  10454 10456     3  2276  1947    
 2277 WAT  10457 10459     3  2277  1948    
 2278 WAT  10460 10462     3  2278  1949    
 2279 WAT  10463 10465     3  2279  1950    
 2280 WAT  10466 10468     3  2280  1951    
 2281 WAT  10469 10471     3  2281  1952    
 2282 WAT  10472 10474     3  2282  1953    
 2283 WAT  10475 10477     3  2283  1954    
 2284 WAT  10478 10480     3  2284  1955    
 2285 WAT  10481 10483     3  2285  1956    
 2286 WAT  10484 10486     3  2286  1957    
 2287 WAT  10487 10489     3  2287  1958    
 2288 WAT  10490 10492     3  2288  1959    
 2289 WAT  10493 10495     3  2289  1960    
 2290 WAT  10496 10498     3  2290  1961    
 2291 WAT  10499 10501     3  2291  1962    
 2292 WAT  10502 10504     3  2292  1963    
 2293 WAT  10505 10507     3  2293  1964    
 2294 WAT  10508 10510     3  2294  1965    
 2295 WAT  10511 10513     3  2295  1966    
 2296 WAT  10514 10516     3  2296  1967    
 2297 WAT  10517 10519     3  2297  1968    
 2298 WAT  10520 10522     3  2298  1969    
 2299 WAT  10523 10525     3  2299  1970    
 2300 WAT  10526 10528     3  2300  1971    
 2301 WAT  10529 10531     3  2301  1972    
 2302 WAT  10532 10534     3  2302  1973    
 2303 WAT  10535 10537     3  2303  1974    
 2304 WAT  10538 10540     3  2304  1975    
 2305 WAT  10541 10543     3  2305  1976    
 2306 WAT  10544 10546     3  2306  1977    
 2307 WAT  10547 10549     3  2307  1978    
 2308 WAT  10550 10552     3  2308  1979    
 2309 WAT  10553 10555     3  2309  1980    
 2310 WAT  10556 10558     3  2310  1981    
 2311 WAT  10559 10561     3  2311  1982    
 2312 WAT  10562 10564     3  2312  1983    
 2313 WAT  10565 10567     3  2313  1984    
 2314 WAT  10568 10570     3  2314  1985    
 2315 WAT  10571 10573     3  2315  1986    
 2316 WAT  10574 10576     3  2316  1987    
 2317 WAT  10577 10579     3  2317  1988    
 2318 WAT  10580 10582     3  2318  1989    
 2319 WAT  10583 10585     3  2319  1990    
 2320 WAT  10586 10588     3  2320  1991    
 2321 WAT  10589 10591     3  2321  1992    
 2322 WAT  10592 10594     3  2322  1993    
 2323 WAT  10595 10597     3  2323  1994    
 2324 WAT  10598 10600     3  2324  1995    
 2325 WAT  10601 10603     3  2325  1996    
 2326 WAT  10604 10606     3  2326  1997    
 2327 WAT  10607 10609     3  2327  1998    
 2328 WAT  10610 10612     3  2328  1999    
 2329 WAT  10613 10615     3  2329  2000    
 2330 WAT  10616 10618     3  2330  2001    
 2331 WAT  10619 10621     3  2331  2002    
 2332 WAT  10622 10624     3  2332  2003    
 2333 WAT  10625 10627     3  2333  2004    
 2334 WAT  10628 10630     3  2334  2005    
 2335 WAT  10631 10633     3  2335  2006    
 2336 WAT  10634 10636     3  2336  2007    
 2337 WAT  10637 10639     3  2337  2008    
 2338 WAT  10640 10642     3  2338  2009    
 2339 WAT  10643 10645     3  2339  2010    
 2340 WAT  10646 10648     3  2340  2011    
 2341 WAT  10649 10651     3  2341  2012    
 2342 WAT  10652 10654     3  2342  2013    
 2343 WAT  10655 10657     3  2343  2014    
 2344 WAT  10658 10660     3  2344  2015    
 2345 WAT  10661 10663     3  2345  2016    
 2346 WAT  10664 10666     3  2346  2017    
 2347 WAT  10667 10669     3  2347  2018    
 2348 WAT  10670 10672     3  2348  2019    
 2349 WAT  10673 10675     3  2349  2020    
 2350 WAT  10676 10678     3  2350  2021    
 2351 WAT  10679 10681     3  2351  2022    
 2352 WAT  10682 10684     3  2352  2023    
 2353 WAT  10685 10687     3  2353  2024    
 2354 WAT  10688 10690     3  2354  2025    
 2355 WAT  10691 10693     3  2355  2026    
 2356 WAT  10694 10696     3  2356  2027    
 2357 WAT  10697 10699     3  2357  2028    
 2358 WAT  10700 10702     3  2358  2029    
 2359 WAT  10703 10705     3  2359  2030    
 2360 WAT  10706 10708     3  2360  2031    
 2361 WAT  10709 10711     3  2361  2032    
 2362 WAT  10712 10714     3  2362  2033    
 2363 WAT  10715 10717     3  2363  2034    
 2364 WAT  10718 10720     3  2364  2035    
 2365 WAT  10721 10723     3  2365  2036    
 2366 WAT  10724 10726     3  2366  2037    
 2367 WAT  10727 10729     3  2367  2038    
 2368 WAT  10730 10732     3  2368  2039    
 2369 WAT  10733 10735     3  2369  2040    
 2370 WAT  10736 10738     3  2370  2041    
 2371 WAT  10739 10741     3  2371  2042    
 2372 WAT  10742 10744     3  2372  2043    
 2373 WAT  10745 10747     3  2373  2044    
 2374 WAT  10748 10750     3  2374  2045    
 2375 WAT  10751 10753     3  2375  2046    
 2376 WAT  10754 10756     3  2376  2047    
 2377 WAT  10757 10759     3  2377  2048    
 2378 WAT  10760 10762     3  2378  2049    
 2379 WAT  10763 10765     3  2379  2050    
 2380 WAT  10766 10768     3  2380  2051    
 2381 WAT  10769 10771     3  2381  2052    
 2382 WAT  10772 10774     3  2382  2053    
 2383 WAT  10775 10777     3  2383  2054    
 2384 WAT  10778 10780     3  2384  2055    
 2385 WAT  10781 10783     3  2385  2056    
 2386 WAT  10784 10786     3  2386  2057    
 2387 WAT  10787 10789     3  2387  2058    
 2388 WAT  10790 10792     3  2388  2059    
 2389 WAT  10793 10795     3  2389  2060    
 2390 WAT  10796 10798     3  2390  2061    
 2391 WAT  10799 10801     3  2391  2062    
 2392 WAT  10802 10804     3  2392  2063    
 2393 WAT  10805 10807     3  2393  2064    
 2394 WAT  10808 10810     3  2394  2065    
 2395 WAT  10811 10813     3  2395  2066    
 2396 WAT  10814 10816     3  2396  2067    
 2397 WAT  10817 10819     3  2397  2068    
 2398 WAT  10820 10822     3  2398  2069    
 2399 WAT  10823 10825     3  2399  2070    
 2400 WAT  10826 10828     3  2400  2071    
 2401 WAT  10829 10831     3  2401  2072    
 2402 WAT  10832 10834     3  2402  2073    
 2403 WAT  10835 10837     3  2403  2074    
 2404 WAT  10838 10840     3  2404  2075    
 2405 WAT  10841 10843     3  2405  2076    
 2406 WAT  10844 10846     3  2406  2077    
 2407 WAT  10847 10849     3  2407  2078    
 2408 WAT  10850 10852     3  2408  2079    
 2409 WAT  10853 10855     3  2409  2080    
 2410 WAT  10856 10858     3  2410  2081    
 2411 WAT  10859 10861     3  2411  2082    
 2412 WAT  10862 10864     3  2412  2083    
 2413 WAT  10865 10867     3  2413  2084    
 2414 WAT  10868 10870     3  2414  2085    
 2415 WAT  10871 10873     3  2415  2086    
 2416 WAT  10874 10876     3  2416  2087    
 2417 WAT  10877 10879     3  2417  2088    
 2418 WAT  10880 10882     3  2418  2089    
 2419 WAT  10883 10885     3  2419  2090    
 2420 WAT  10886 10888     3  2420  2091    
 2421 WAT  10889 10891     3  2421  2092    
 2422 WAT  10892 10894     3  2422  2093    
 2423 WAT  10895 10897     3  2423  2094    
 2424 WAT  10898 10900     3  2424  2095    
 2425 WAT  10901 10903     3  2425  2096    
 2426 WAT  10904 10906     3  2426  2097    
 2427 WAT  10907 10909     3  2427  2098    
 2428 WAT  10910 10912     3  2428  2099    
 2429 WAT  10913 10915     3  2429  2100    
 2430 WAT  10916 10918     3  2430  2101    
 2431 WAT  10919 10921     3  2431  2102    
 2432 WAT  10922 10924     3  2432  2103    
 2433 WAT  10925 10927     3  2433  2104    
 2434 WAT  10928 10930     3  2434  2105    
 2435 WAT  10931 10933     3  2435  2106    
 2436 WAT  10934 10936     3  2436  2107    
 2437 WAT  10937 10939     3  2437  2108    
 2438 WAT  10940 10942     3  2438  2109    
 2439 WAT  10943 10945     3  2439  2110    
 2440 WAT  10946 10948     3  2440  2111    
 2441 WAT  10949 10951     3  2441  2112    
 2442 WAT  10952 10954     3  2442  2113    
 2443 WAT  10955 10957     3  2443  2114    
 2444 WAT  10958 10960     3  2444  2115    
 2445 WAT  10961 10963     3  2445  2116    
 2446 WAT  10964 10966     3  2446  2117    
 2447 WAT  10967 10969     3  2447  2118    
 2448 WAT  10970 10972     3  2448  2119    
 2449 WAT  10973 10975     3  2449  2120    
 2450 WAT  10976 10978     3  2450  2121    
 2451 WAT  10979 10981     3  2451  2122    
 2452 WAT  10982 10984     3  2452  2123    
 2453 WAT  10985 10987     3  2453  2124    
 2454 WAT  10988 10990     3  2454  2125    
 2455 WAT  10991 10993     3  2455  2126    
 2456 WAT  10994 10996     3  2456  2127    
 2457 WAT  10997 10999     3  2457  2128    
 2458 WAT  11000 11002     3  2458  2129    
 2459 WAT  11003 11005     3  2459  2130    
 2460 WAT  11006 11008     3  2460  2131    
 2461 WAT  11009 11011     3  2461  2132    
 2462 WAT  11012 11014     3  2462  2133    
 2463 WAT  11015 11017     3  2463  2134    
 2464 WAT  11018 11020     3  2464  2135    
 2465 WAT  11021 11023     3  2465  2136    
 2466 WAT  11024 11026     3  2466  2137    
 2467 WAT  11027 11029     3  2467  2138    
 2468 WAT  11030 11032     3  2468  2139    
 2469 WAT  11033 11035     3  2469  2140    
 2470 WAT  11036 11038     3  2470  2141    
 2471 WAT  11039 11041     3  2471  2142    
 2472 WAT  11042 11044     3  2472  2143    
 2473 WAT  11045 11047     3  2473  2144    
 2474 WAT  11048 11050     3  2474  2145    
 2475 WAT  11051 11053     3  2475  2146    
 2476 WAT  11054 11056     3  2476  2147    
 2477 WAT  11057 11059     3  2477  2148    
 2478 WAT  11060 11062     3  2478  2149    
 2479 WAT  11063 11065     3  2479  2150    
 2480 WAT  11066 11068     3  2480  2151    
 2481 WAT  11069 11071     3  2481  2152    
 2482 WAT  11072 11074     3  2482  2153    
 2483 WAT  11075 11077     3  2483  2154    
 2484 WAT  11078 11080     3  2484  2155    
 2485 WAT  11081 11083     3  2485  2156    
 2486 WAT  11084 11086     3  2486  2157    
 2487 WAT  11087 11089     3  2487  2158    
 2488 WAT  11090 11092     3  2488  2159    
 2489 WAT  11093 11095     3  2489  2160    
 2490 WAT  11096 11098     3  2490  2161    
 2491 WAT  11099 11101     3  2491  2162    
 2492 WAT  11102 11104     3  2492  2163    
 2493 WAT  11105 11107     3  2493  2164    
 2494 WAT  11108 11110     3  2494  2165    
 2495 WAT  11111 11113     3  2495  2166    
 2496 WAT  11114 11116     3  2496  2167    
 2497 WAT  11117 11119     3  2497  2168    
 2498 WAT  11120 11122     3  2498  2169    
 2499 WAT  11123 11125     3  2499  2170    
 2500 WAT  11126 11128     3  2500  2171    
 2501 WAT  11129 11131     3  2501  2172    
 2502 WAT  11132 11134     3  2502  2173    
 2503 WAT  11135 11137     3  2503  2174    
 2504 WAT  11138 11140     3  2504  2175    
 2505 WAT  11141 11143     3  2505  2176    
 2506 WAT  11144 11146     3  2506  2177    
 2507 WAT  11147 11149     3  2507  2178    
 2508 WAT  11150 11152     3  2508  2179    
 2509 WAT  11153 11155     3  2509  2180    
 2510 WAT  11156 11158     3  2510  2181    
 2511 WAT  11159 11161     3  2511  2182    
 2512 WAT  11162 11164     3  2512  2183    
 2513 WAT  11165 11167     3  2513  2184    
 2514 WAT  11168 11170     3  2514  2185    
 2515 WAT  11171 11173     3  2515  2186    
 2516 WAT  11174 11176     3  2516  2187    
 2517 WAT  11177 11179     3  2517  2188    
 2518 WAT  11180 11182     3  2518  2189    
 2519 WAT  11183 11185     3  2519  2190    
 2520 WAT  11186 11188     3  2520  2191    
 2521 WAT  11189 11191     3  2521  2192    
 2522 WAT  11192 11194     3  2522  2193    
 2523 WAT  11195 11197     3  2523  2194    
 2524 WAT  11198 11200     3  2524  2195    
 2525 WAT  11201 11203     3  2525  2196    
 2526 WAT  11204 11206     3  2526  2197    
 2527 WAT  11207 11209     3  2527  2198    
 2528 WAT  11210 11212     3  2528  2199    
 2529 WAT  11213 11215     3  2529  2200    
 2530 WAT  11216 11218     3  2530  2201    
 2531 WAT  11219 11221     3  2531  2202    
 2532 WAT  11222 11224     3  2532  2203    
 2533 WAT  11225 11227     3  2533  2204    
 2534 WAT  11228 11230     3  2534  2205    
 2535 WAT  11231 11233     3  2535  2206    
 2536 WAT  11234 11236     3  2536  2207    
 2537 WAT  11237 11239     3  2537  2208    
 2538 WAT  11240 11242     3  2538  2209    
 2539 WAT  11243 11245     3  2539  2210    
 2540 WAT  11246 11248     3  2540  2211    
 2541 WAT  11249 11251     3  2541  2212    
 2542 WAT  11252 11254     3  2542  2213    
 2543 WAT  11255 11257     3  2543  2214    
 2544 WAT  11258 11260     3  2544  2215    
 2545 WAT  11261 11263     3  2545  2216    
 2546 WAT  11264 11266     3  2546  2217    
 2547 WAT  11267 11269     3  2547  2218    
 2548 WAT  11270 11272     3  2548  2219    
 2549 WAT  11273 11275     3  2549  2220    
 2550 WAT  11276 11278     3  2550  2221    
 2551 WAT  11279 11281     3  2551  2222    
 2552 WAT  11282 11284     3  2552  2223    
 2553 WAT  11285 11287     3  2553  2224    
 2554 WAT  11288 11290     3  2554  2225    
 2555 WAT  11291 11293     3  2555  2226    
 2556 WAT  11294 11296     3  2556  2227    
 2557 WAT  11297 11299     3  2557  2228    
 2558 WAT  11300 11302     3  2558  2229    
 2559 WAT  11303 11305     3  2559  2230    
 2560 WAT  11306 11308     3  2560  2231    
 2561 WAT  11309 11311     3  2561  2232    
 2562 WAT  11312 11314     3  2562  2233    
 2563 WAT  11315 11317     3  2563  2234    
 2564 WAT  11318 11320     3  2564  2235    
 2565 WAT  11321 11323     3  2565  2236    
 2566 WAT  11324 11326     3  2566  2237    
 2567 WAT  11327 11329     3  2567  2238    
 2568 WAT  11330 11332     3  2568  2239    
 2569 WAT  11333 11335     3  2569  2240    
 2570 WAT  11336 11338     3  2570  2241    
 2571 WAT  11339 11341     3  2571  2242    
 2572 WAT  11342 11344     3  2572  2243    
 2573 WAT  11345 11347     3  2573  2244    
 2574 WAT  11348 11350     3  2574  2245    
 2575 WAT  11351 11353     3  2575  2246    
 2576 WAT  11354 11356     3  2576  2247    
 2577 WAT  11357 11359     3  2577  2248    
 2578 WAT  11360 11362     3  2578  2249    
 2579 WAT  11363 11365     3  2579  2250    
 2580 WAT  11366 11368     3  2580  2251    
 2581 WAT  11369 11371     3  2581  2252    
 2582 WAT  11372 11374     3  2582  2253    
 2583 WAT  11375 11377     3  2583  2254    
 2584 WAT  11378 11380     3  2584  2255    
 2585 WAT  11381 11383     3  2585  2256    
 2586 WAT  11384 11386     3  2586  2257    
 2587 WAT  11387 11389     3  2587  2258    
 2588 WAT  11390 11392     3  2588  2259    
 2589 WAT  11393 11395     3  2589  2260    
 2590 WAT  11396 11398     3  2590  2261    
 2591 WAT  11399 11401     3  2591  2262    
 2592 WAT  11402 11404     3  2592  2263    
 2593 WAT  11405 11407     3  2593  2264    
 2594 WAT  11408 11410     3  2594  2265    
 2595 WAT  11411 11413     3  2595  2266    
 2596 WAT  11414 11416     3  2596  2267    
 2597 WAT  11417 11419     3  2597  2268    
 2598 WAT  11420 11422     3  2598  2269    
 2599 WAT  11423 11425     3  2599  2270    
 2600 WAT  11426 11428     3  2600  2271    
 2601 WAT  11429 11431     3  2601  2272    
 2602 WAT  11432 11434     3  2602  2273    
 2603 WAT  11435 11437     3  2603  2274    
 2604 WAT  11438 11440     3  2604  2275    
 2605 WAT  11441 11443     3  2605  2276    
 2606 WAT  11444 11446     3  2606  2277    
 2607 WAT  11447 11449     3  2607  2278    
 2608 WAT  11450 11452     3  2608  2279    
 2609 WAT  11453 11455     3  2609  2280    
 2610 WAT  11456 11458     3  2610  2281    
 2611 WAT  11459 11461     3  2611  2282    
 2612 WAT  11462 11464     3  2612  2283    
 2613 WAT  11465 11467     3  2613  2284    
 2614 WAT  11468 11470     3  2614  2285    
 2615 WAT  11471 11473     3  2615  2286    
 2616 WAT  11474 11476     3  2616  2287    
 2617 WAT  11477 11479     3  2617  2288    
 2618 WAT  11480 11482     3  2618  2289    
 2619 WAT  11483 11485     3  2619  2290    
 2620 WAT  11486 11488     3  2620  2291    
 2621 WAT  11489 11491     3  2621  2292    
 2622 WAT  11492 11494     3  2622  2293    
 2623 WAT  11495 11497     3  2623  2294    
 2624 WAT  11498 11500     3  2624  2295    
 2625 WAT  11501 11503     3  2625  2296    
 2626 WAT  11504 11506     3  2626  2297    
 2627 WAT  11507 11509     3  2627  2298    
 2628 WAT  11510 11512     3  2628  2299    
 2629 WAT  11513 11515     3  2629  2300    
 2630 WAT  11516 11518     3  2630  2301    
 2631 WAT  11519 11521     3  2631  2302    
 2632 WAT  11522 11524     3  2632  2303    
 2633 WAT  11525 11527     3  2633  2304    
 2634 WAT  11528 11530     3  2634  2305    
 2635 WAT  11531 11533     3  2635  2306    
 2636 WAT  11534 11536     3  2636  2307    
 2637 WAT  11537 11539     3  2637  2308    
 2638 WAT  11540 11542     3  2638  2309    
 2639 WAT  11543 11545     3  2639  2310    
 2640 WAT  11546 11548     3  2640  2311    
 2641 WAT  11549 11551     3  2641  2312    
 2642 WAT  11552 11554     3  2642  2313    
 2643 WAT  11555 11557     3  2643  2314    
 2644 WAT  11558 11560     3  2644  2315    
 2645 WAT  11561 11563     3  2645  2316    
 2646 WAT  11564 11566     3  2646  2317    
 2647 WAT  11567 11569     3  2647  2318    
 2648 WAT  11570 11572     3  2648  2319    
 2649 WAT  11573 11575     3  2649  2320    
 2650 WAT  11576 11578     3  2650  2321    
 2651 WAT  11579 11581     3  2651  2322    
 2652 WAT  11582 11584     3  2652  2323    
 2653 WAT  11585 11587     3  2653  2324    
 2654 WAT  11588 11590     3  2654  2325    
 2655 WAT  11591 11593     3  2655  2326    
 2656 WAT  11594 11596     3  2656  2327    
 2657 WAT  11597 11599     3  2657  2328    
 2658 WAT  11600 11602     3  2658  2329    
 2659 WAT  11603 11605     3  2659  2330    
 2660 WAT  11606 11608     3  2660  2331    
 2661 WAT  11609 11611     3  2661  2332    
 2662 WAT  11612 11614     3  2662  2333    
 2663 WAT  11615 11617     3  2663  2334    
 2664 WAT  11618 11620     3  2664  2335    
 2665 WAT  11621 11623     3  2665  2336    
 2666 WAT  11624 11626     3  2666  2337    
 2667 WAT  11627 11629     3  2667  2338    
 2668 WAT  11630 11632     3  2668  2339    
 2669 WAT  11633 11635     3  2669  2340    
 2670 WAT  11636 11638     3  2670  2341    
 2671 WAT  11639 11641     3  2671  2342    
 2672 WAT  11642 11644     3  2672  2343    
 2673 WAT  11645 11647     3  2673  2344    
 2674 WAT  11648 11650     3  2674  2345    
 2675 WAT  11651 11653     3  2675  2346    
 2676 WAT  11654 11656     3  2676  2347    
 2677 WAT  11657 11659     3  2677  2348    
 2678 WAT  11660 11662     3  2678  2349    
 2679 WAT  11663 11665     3  2679  2350    
 2680 WAT  11666 11668     3  2680  2351    
 2681 WAT  11669 11671     3  2681  2352    
 2682 WAT  11672 11674     3  2682  2353    
 2683 WAT  11675 11677     3  2683  2354    
 2684 WAT  11678 11680     3  2684  2355    
 2685 WAT  11681 11683     3  2685  2356    
 2686 WAT  11684 11686     3  2686  2357    
 2687 WAT  11687 11689     3  2687  2358    
 2688 WAT  11690 11692     3  2688  2359    
 2689 WAT  11693 11695     3  2689  2360    
 2690 WAT  11696 11698     3  2690  2361    
 2691 WAT  11699 11701     3  2691  2362    
 2692 WAT  11702 11704     3  2692  2363    
 2693 WAT  11705 11707     3  2693  2364    
 2694 WAT  11708 11710     3  2694  2365    
 2695 WAT  11711 11713     3  2695  2366    
 2696 WAT  11714 11716     3  2696  2367    
 2697 WAT  11717 11719     3  2697  2368    
 2698 WAT  11720 11722     3  2698  2369    
 2699 WAT  11723 11725     3  2699  2370    
 2700 WAT  11726 11728     3  2700  2371    
 2701 WAT  11729 11731     3  2701  2372    
 2702 WAT  11732 11734     3  2702  2373    
 2703 WAT  11735 11737     3  2703  2374    
 2704 WAT  11738 11740     3  2704  2375    
 2705 WAT  11741 11743     3  2705  2376    
 2706 WAT  11744 11746     3  2706  2377    
 2707 WAT  11747 11749     3  2707  2378    
 2708 WAT  11750 11752     3  2708  2379    
 2709 WAT  11753 11755     3  2709  2380    
 2710 WAT  11756 11758     3  2710  2381    
 2711 WAT  11759 11761     3  2711  2382    
 2712 WAT  11762 11764     3  2712  2383    
 2713 WAT  11765 11767     3  2713  2384    
 2714 WAT  11768 11770     3  2714  2385    
 2715 WAT  11771 11773     3  2715  2386    
 2716 WAT  11774 11776     3  2716  2387    
 2717 WAT  11777 11779     3  2717  2388    
 2718 WAT  11780 11782     3  2718  2389    
 2719 WAT  11783 11785     3  2719  2390    
 2720 WAT  11786 11788     3  2720  2391    
 2721 WAT  11789 11791     3  2721  2392    
 2722 WAT  11792 11794     3  2722  2393    
 2723 WAT  11795 11797     3  2723  2394    
 2724 WAT  11798 11800     3  2724  2395    
 2725 WAT  11801 11803     3  2725  2396    
 2726 WAT  11804 11806     3  2726  2397    
 2727 WAT  11807 11809     3  2727  2398    
 2728 WAT  11810 11812     3  2728  2399    
 2729 WAT  11813 11815     3  2729  2400    
 2730 WAT  11816 11818     3  2730  2401    
 2731 WAT  11819 11821     3  2731  2402    
 2732 WAT  11822 11824     3  2732  2403    
 2733 WAT  11825 11827     3  2733  2404    
 2734 WAT  11828 11830     3  2734  2405    
 2735 WAT  11831 11833     3  2735  2406    
 2736 WAT  11834 11836     3  2736  2407    
 2737 WAT  11837 11839     3  2737  2408    
 2738 WAT  11840 11842     3  2738  2409    
 2739 WAT  11843 11845     3  2739  2410    
 2740 WAT  11846 11848     3  2740  2411    
 2741 WAT  11849 11851     3  2741  2412    
 2742 WAT  11852 11854     3  2742  2413    
 2743 WAT  11855 11857     3  2743  2414    
 2744 WAT  11858 11860     3  2744  2415    
 2745 WAT  11861 11863     3  2745  2416    
 2746 WAT  11864 11866     3  2746  2417    
 2747 WAT  11867 11869     3  2747  2418    
 2748 WAT  11870 11872     3  2748  2419    
 2749 WAT  11873 11875     3  2749  2420    
 2750 WAT  11876 11878     3  2750  2421    
 2751 WAT  11879 11881     3  2751  2422    
 2752 WAT  11882 11884     3  2752  2423    
 2753 WAT  11885 11887     3  2753  2424    
 2754 WAT  11888 11890     3  2754  2425    
 2755 WAT  11891 11893     3  2755  2426    
 2756 WAT  11894 11896     3  2756  2427    
 2757 WAT  11897 11899     3  2757  2428    
 2758 WAT  11900 11902     3  2758  2429    
 2759 WAT  11903 11905     3  2759  2430    
 2760 WAT  11906 11908     3  2760  2431    
 2761 WAT  11909 11911     3  2761  2432    
 2762 WAT  11912 11914     3  2762  2433    
 2763 WAT  11915 11917     3  2763  2434    
 2764 WAT  11918 11920     3  2764  2435    
 2765 WAT  11921 11923     3  2765  2436    
 2766 WAT  11924 11926     3  2766  2437    
 2767 WAT  11927 11929     3  2767  2438    
 2768 WAT  11930 11932     3  2768  2439    
 2769 WAT  11933 11935     3  2769  2440    
 2770 WAT  11936 11938     3  2770  2441    
 2771 WAT  11939 11941     3  2771  2442    
 2772 WAT  11942 11944     3  2772  2443    
 2773 WAT  11945 11947     3  2773  2444    
 2774 WAT  11948 11950     3  2774  2445    
 2775 WAT  11951 11953     3  2775  2446    
 2776 WAT  11954 11956     3  2776  2447    
 2777 WAT  11957 11959     3  2777  2448    
 2778 WAT  11960 11962     3  2778  2449    
 2779 WAT  11963 11965     3  2779  2450    
 2780 WAT  11966 11968     3  2780  2451    
 2781 WAT  11969 11971     3  2781  2452    
 2782 WAT  11972 11974     3  2782  2453    
 2783 WAT  11975 11977     3  2783  2454    
 2784 WAT  11978 11980     3  2784  2455    
 2785 WAT  11981 11983     3  2785  2456    
 2786 WAT  11984 11986     3  2786  2457    
 2787 WAT  11987 11989     3  2787  2458    
 2788 WAT  11990 11992     3  2788  2459    
 2789 WAT  11993 11995     3  2789  2460    
 2790 WAT  11996 11998     3  2790  2461    
 2791 WAT  11999 12001     3  2791  2462    
 2792 WAT  12002 12004     3  2792  2463    
 2793 WAT  12005 12007     3  2793  2464    
 2794 WAT  12008 12010     3  2794  2465    
 2795 WAT  12011 12013     3  2795  2466    
 2796 WAT  12014 12016     3  2796  2467    
 2797 WAT  12017 12019     3  2797  2468    
 2798 WAT  12020 12022     3  2798  2469    
 2799 WAT  12023 12025     3  2799  2470    
 2800 WAT  12026 12028     3  2800  2471    
 2801 WAT  12029 12031     3  2801  2472    
 2802 WAT  12032 12034     3  2802  2473    
 2803 WAT  12035 12037     3  2803  2474    
 2804 WAT  12038 12040     3  2804  2475    
 2805 WAT  12041 12043     3  2805  2476    
 2806 WAT  12044 12046     3  2806  2477    
 2807 WAT  12047 12049     3  2807  2478    
 2808 WAT  12050 12052     3  2808  2479    
 2809 WAT  12053 12055     3  2809  2480    
 2810 WAT  12056 12058     3  2810  2481    
 2811 WAT  12059 12061     3  2811  2482    
 2812 WAT  12062 12064     3  2812  2483    
 2813 WAT  12065 12067     3  2813  2484    
 2814 WAT  12068 12070     3  2814  2485    
 2815 WAT  12071 12073     3  2815  2486    
 2816 WAT  12074 12076     3  2816  2487    
 2817 WAT  12077 12079     3  2817  2488    
 2818 WAT  12080 12082     3  2818  2489    
 2819 WAT  12083 12085     3  2819  2490    
 2820 WAT  12086 12088     3  2820  2491    
 2821 WAT  12089 12091     3  2821  2492    
 2822 WAT  12092 12094     3  2822  2493    
 2823 WAT  12095 12097     3  2823  2494    
 2824 WAT  12098 12100     3  2824  2495    
 2825 WAT  12101 12103     3  2825  2496    
 2826 WAT  12104 12106     3  2826  2497    
 2827 WAT  12107 12109     3  2827  2498    
 2828 WAT  12110 12112     3  2828  2499    
 2829 WAT  12113 12115     3  2829  2500    
 2830 WAT  12116 12118     3  2830  2501    
 2831 WAT  12119 12121     3  2831  2502    
 2832 WAT  12122 12124     3  2832  2503    
 2833 WAT  12125 12127     3  2833  2504    
 2834 WAT  12128 12130     3  2834  2505    
 2835 WAT  12131 12133     3  2835  2506    
 2836 WAT  12134 12136     3  2836  2507    
 2837 WAT  12137 12139     3  2837  2508    
 2838 WAT  12140 12142     3  2838  2509    
 2839 WAT  12143 12145     3  2839  2510    
 2840 WAT  12146 12148     3  2840  2511    
 2841 WAT  12149 12151     3  2841  2512    
 2842 WAT  12152 12154     3  2842  2513    
 2843 WAT  12155 12157     3  2843  2514    
 2844 WAT  12158 12160     3  2844  2515    
 2845 WAT  12161 12163     3  2845  2516    
 2846 WAT  12164 12166     3  2846  2517    
 2847 WAT  12167 12169     3  2847  2518    
 2848 WAT  12170 12172     3  2848  2519    
 2849 WAT  12173 12175     3  2849  2520    
 2850 WAT  12176 12178     3  2850  2521    
 2851 WAT  12179 12181     3  2851  2522    
 2852 WAT  12182 12184     3  2852  2523    
 2853 WAT  12185 12187     3  2853  2524    
 2854 WAT  12188 12190     3  2854  2525    
 2855 WAT  12191 12193     3  2855  2526    
 2856 WAT  12194 12196     3  2856  2527    
 2857 WAT  12197 12199     3  2857  2528    
 2858 WAT  12200 12202     3  2858  2529    
 2859 WAT  12203 12205     3  2859  2530    
 2860 WAT  12206 12208     3  2860  2531    
 2861 WAT  12209 12211     3  2861  2532    
 2862 WAT  12212 12214     3  2862  2533    
 2863 WAT  12215 12217     3  2863  2534    
 2864 WAT  12218 12220     3  2864  2535    
 2865 WAT  12221 12223     3  2865  2536    
 2866 WAT  12224 12226     3  2866  2537    
 2867 WAT  12227 12229     3  2867  2538    
 2868 WAT  12230 12232     3  2868  2539    
 2869 WAT  12233 12235     3  2869  2540    
 2870 WAT  12236 12238     3  2870  2541    
 2871 WAT  12239 12241     3  2871  2542    
 2872 WAT  12242 12244     3  2872  2543    
 2873 WAT  12245 12247     3  2873  2544    
 2874 WAT  12248 12250     3  2874  2545    
 2875 WAT  12251 12253     3  2875  2546    
 2876 WAT  12254 12256     3  2876  2547    
 2877 WAT  12257 12259     3  2877  2548    
 2878 WAT  12260 12262     3  2878  2549    
 2879 WAT  12263 12265     3  2879  2550    
 2880 WAT  12266 12268     3  2880  2551    
 2881 WAT  12269 12271     3  2881  2552    
 2882 WAT  12272 12274     3  2882  2553    
 2883 WAT  12275 12277     3  2883  2554    
 2884 WAT  12278 12280     3  2884  2555    
 2885 WAT  12281 12283     3  2885  2556    
 2886 WAT  12284 12286     3  2886  2557    
 2887 WAT  12287 12289     3  2887  2558    
 2888 WAT  12290 12292     3  2888  2559    
 2889 WAT  12293 12295     3  2889  2560    
 2890 WAT  12296 12298     3  2890  2561    
 2891 WAT  12299 12301     3  2891  2562    
 2892 WAT  12302 12304     3  2892  2563    
 2893 WAT  12305 12307     3  2893  2564    
 2894 WAT  12308 12310     3  2894  2565    
 2895 WAT  12311 12313     3  2895  2566    
 2896 WAT  12314 12316     3  2896  2567    
 2897 WAT  12317 12319     3  2897  2568    
 2898 WAT  12320 12322     3  2898  2569    
 2899 WAT  12323 12325     3  2899  2570    
 2900 WAT  12326 12328     3  2900  2571    
 2901 WAT  12329 12331     3  2901  2572    
 2902 WAT  12332 12334     3  2902  2573    
 2903 WAT  12335 12337     3  2903  2574    
 2904 WAT  12338 12340     3  2904  2575    
 2905 WAT  12341 12343     3  2905  2576    
 2906 WAT  12344 12346     3  2906  2577    
 2907 WAT  12347 12349     3  2907  2578    
 2908 WAT  12350 12352     3  2908  2579    
 2909 WAT  12353 12355     3  2909  2580    
 2910 WAT  12356 12358     3  2910  2581    
 2911 WAT  12359 12361     3  2911  2582    
 2912 WAT  12362 12364     3  2912  2583    
 2913 WAT  12365 12367     3  2913  2584    
 2914 WAT  12368 12370     3  2914  2585    
 2915 WAT  12371 12373     3  2915  2586    
 2916 WAT  12374 12376     3  2916  2587    
 2917 WAT  12377 12379     3  2917  2588    
 2918 WAT  12380 12382     3  2918  2589    
 2919 WAT  12383 12385     3  2919  2590    
 2920 WAT  12386 12388     3  2920  2591    
 2921 WAT  12389 12391     3  2921  2592    
 2922 WAT  12392 12394     3  2922  2593    
 2923 WAT  12395 12397     3  2923  2594    
 2924 WAT  12398 12400     3  2924  2595    
 2925 WAT  12401 12403     3  2925  2596    
 2926 WAT  12404 12406     3  2926  2597    
 2927 WAT  12407 12409     3  2927  2598    
 2928 WAT  12410 12412     3  2928  2599    
 2929 WAT  12413 12415     3  2929  2600    
 2930 WAT  12416 12418     3  2930  2601    
 2931 WAT  12419 12421     3  2931  2602    
 2932 WAT  12422 12424     3  2932  2603    
 2933 WAT  12425 12427     3  2933  2604    
 2934 WAT  12428 12430     3  2934  2605    
 2935 WAT  12431 12433     3  2935  2606    
 2936 WAT  12434 12436     3  2936  2607    
 2937 WAT  12437 12439     3  2937  2608    
 2938 WAT  12440 12442     3  2938  2609    
 2939 WAT  12443 12445     3  2939  2610    
 2940 WAT  12446 12448     3  2940  2611    
 2941 WAT  12449 12451     3  2941  2612    
 2942 WAT  12452 12454     3  2942  2613    
 2943 WAT  12455 12457     3  2943  2614    
 2944 WAT  12458 12460     3  2944  2615    
 2945 WAT  12461 12463     3  2945  2616    
 2946 WAT  12464 12466     3  2946  2617    
 2947 WAT  12467 12469     3  2947  2618    
 2948 WAT  12470 12472     3  2948  2619    
 2949 WAT  12473 12475     3  2949  2620    
 2950 WAT  12476 12478     3  2950  2621    
 2951 WAT  12479 12481     3  2951  2622    
 2952 WAT  12482 12484     3  2952  2623    
 2953 WAT  12485 12487     3  2953  2624    
 2954 WAT  12488 12490     3  2954  2625    
 2955 WAT  12491 12493     3  2955  2626    
 2956 WAT  12494 12496     3  2956  2627    
 2957 WAT  12497 12499     3  2957  2628    
 2958 WAT  12500 12502     3  2958  2629    
 2959 WAT  12503 12505     3  2959  2630    
 2960 WAT  12506 12508     3  2960  2631    
 2961 WAT  12509 12511     3  2961  2632    
 2962 WAT  12512 12514     3  2962  2633    
 2963 WAT  12515 12517     3  2963  2634    
 2964 WAT  12518 12520     3  2964  2635    
 2965 WAT  12521 12523     3  2965  2636    
 2966 WAT  12524 12526     3  2966  2637    
 2967 WAT  12527 12529     3  2967  2638    
 2968 WAT  12530 12532     3  2968  2639    
 2969 WAT  12533 12535     3  2969  2640    
 2970 WAT  12536 12538     3  2970  2641    
 2971 WAT  12539 12541     3  2971  2642    
 2972 WAT  12542 12544     3  2972  2643    
 2973 WAT  12545 12547     3  2973  2644    
 2974 WAT  12548 12550     3  2974  2645    
 2975 WAT  12551 12553     3  2975  2646    
 2976 WAT  12554 12556     3  2976  2647    
 2977 WAT  12557 12559     3  2977  2648    
 2978 WAT  12560 12562     3  2978  2649    
 2979 WAT  12563 12565     3  2979  2650    
 2980 WAT  12566 12568     3  2980  2651    
 2981 WAT  12569 12571     3  2981  2652    
 2982 WAT  12572 12574     3  2982  2653    
 2983 WAT  12575 12577     3  2983  2654    
 2984 WAT  12578 12580     3  2984  2655    
 2985 WAT  12581 12583     3  2985  2656    
 2986 WAT  12584 12586     3  2986  2657    
 2987 WAT  12587 12589     3  2987  2658    
 2988 WAT  12590 12592     3  2988  2659    
 2989 WAT  12593 12595     3  2989  2660    
 2990 WAT  12596 12598     3  2990  2661    
 2991 WAT  12599 12601     3  2991  2662    
 2992 WAT  12602 12604     3  2992  2663    
 2993 WAT  12605 12607     3  2993  2664    
 2994 WAT  12608 12610     3  2994  2665    
 2995 WAT  12611 12613     3  2995  2666    
 2996 WAT  12614 12616     3  2996  2667    
 2997 WAT  12617 12619     3  2997  2668    
 2998 WAT  12620 12622     3  2998  2669    
 2999 WAT  12623 12625     3  2999  2670    
 3000 WAT  12626 12628     3  3000  2671    
 3001 WAT  12629 12631     3  3001  2672    
 3002 WAT  12632 12634     3  3002  2673    
 3003 WAT  12635 12637     3  3003  2674    
 3004 WAT  12638 12640     3  3004  2675    
 3005 WAT  12641 12643     3  3005  2676    
 3006 WAT  12644 12646     3  3006  2677    
 3007 WAT  12647 12649     3  3007  2678    
 3008 WAT  12650 12652     3  3008  2679    
 3009 WAT  12653 12655     3  3009  2680    
 3010 WAT  12656 12658     3  3010  2681    
 3011 WAT  12659 12661     3  3011  2682    
 3012 WAT  12662 12664     3  3012  2683    
 3013 WAT  12665 12667     3  3013  2684    
 3014 WAT  12668 12670     3  3014  2685    
 3015 WAT  12671 12673     3  3015  2686    
 3016 WAT  12674 12676     3  3016  2687    
 3017 WAT  12677 12679     3  3017  2688    
 3018 WAT  12680 12682     3  3018  2689    
 3019 WAT  12683 12685     3  3019  2690    
 3020 WAT  12686 12688     3  3020  2691    
 3021 WAT  12689 12691     3  3021  2692    
 3022 WAT  12692 12694     3  3022  2693    
 3023 WAT  12695 12697     3  3023  2694    
 3024 WAT  12698 12700     3  3024  2695    
 3025 WAT  12701 12703     3  3025  2696    
 3026 WAT  12704 12706     3  3026  2697    
 3027 WAT  12707 12709     3  3027  2698    
 3028 WAT  12710 12712     3  3028  2699    
 3029 WAT  12713 12715     3  3029  2700    
 3030 WAT  12716 12718     3  3030  2701    
 3031 WAT  12719 12721     3  3031  2702    
 3032 WAT  12722 12724     3  3032  2703    
 3033 WAT  12725 12727     3  3033  2704    
 3034 WAT  12728 12730     3  3034  2705    
 3035 WAT  12731 12733     3  3035  2706    
 3036 WAT  12734 12736     3  3036  2707    
 3037 WAT  12737 12739     3  3037  2708    
 3038 WAT  12740 12742     3  3038  2709    
 3039 WAT  12743 12745     3  3039  2710    
 3040 WAT  12746 12748     3  3040  2711    
 3041 WAT  12749 12751     3  3041  2712    
 3042 WAT  12752 12754     3  3042  2713    
 3043 WAT  12755 12757     3  3043  2714    
 3044 WAT  12758 12760     3  3044  2715    
 3045 WAT  12761 12763     3  3045  2716    
 3046 WAT  12764 12766     3  3046  2717    
 3047 WAT  12767 12769     3  3047  2718    
 3048 WAT  12770 12772     3  3048  2719    
 3049 WAT  12773 12775     3  3049  2720    
 3050 WAT  12776 12778     3  3050  2721    
 3051 WAT  12779 12781     3  3051  2722    
 3052 WAT  12782 12784     3  3052  2723    
 3053 WAT  12785 12787     3  3053  2724    
 3054 WAT  12788 12790     3  3054  2725    
 3055 WAT  12791 12793     3  3055  2726    
 3056 WAT  12794 12796     3  3056  2727    
 3057 WAT  12797 12799     3  3057  2728    
 3058 WAT  12800 12802     3  3058  2729    
 3059 WAT  12803 12805     3  3059  2730    
 3060 WAT  12806 12808     3  3060  2731    
 3061 WAT  12809 12811     3  3061  2732    
 3062 WAT  12812 12814     3  3062  2733    
 3063 WAT  12815 12817     3  3063  2734    
 3064 WAT  12818 12820     3  3064  2735    
 3065 WAT  12821 12823     3  3065  2736    
 3066 WAT  12824 12826     3  3066  2737    
 3067 WAT  12827 12829     3  3067  2738    
 3068 WAT  12830 12832     3  3068  2739    
 3069 WAT  12833 12835     3  3069  2740    
 3070 WAT  12836 12838     3  3070  2741    
 3071 WAT  12839 12841     3  3071  2742    
 3072 WAT  12842 12844     3  3072  2743    
 3073 WAT  12845 12847     3  3073  2744    
 3074 WAT  12848 12850     3  3074  2745    
 3075 WAT  12851 12853     3  3075  2746    
 3076 WAT  12854 12856     3  3076  2747    
 3077 WAT  12857 12859     3  3077  2748    
 3078 WAT  12860 12862     3  3078  2749    
 3079 WAT  12863 12865     3  3079  2750    
 3080 WAT  12866 12868     3  3080  2751    
 3081 WAT  12869 12871     3  3081  2752    
 3082 WAT  12872 12874     3  3082  2753    
 3083 WAT  12875 12877     3  3083  2754    
 3084 WAT  12878 12880     3  3084  2755    
 3085 WAT  12881 12883     3  3085  2756    
 3086 WAT  12884 12886     3  3086  2757    
 3087 WAT  12887 12889     3  3087  2758    
 3088 WAT  12890 12892     3  3088  2759    
 3089 WAT  12893 12895     3  3089  2760    
 3090 WAT  12896 12898     3  3090  2761    
 3091 WAT  12899 12901     3  3091  2762    
 3092 WAT  12902 12904     3  3092  2763    
 3093 WAT  12905 12907     3  3093  2764    
 3094 WAT  12908 12910     3  3094  2765    
 3095 WAT  12911 12913     3  3095  2766    
 3096 WAT  12914 12916     3  3096  2767    
 3097 WAT  12917 12919     3  3097  2768    
 3098 WAT  12920 12922     3  3098  2769    
 3099 WAT  12923 12925     3  3099  2770    
 3100 WAT  12926 12928     3  3100  2771    
 3101 WAT  12929 12931     3  3101  2772    
 3102 WAT  12932 12934     3  3102  2773    
 3103 WAT  12935 12937     3  3103  2774    
 3104 WAT  12938 12940     3  3104  2775    
 3105 WAT  12941 12943     3  3105  2776    
 3106 WAT  12944 12946     3  3106  2777    
 3107 WAT  12947 12949     3  3107  2778    
 3108 WAT  12950 12952     3  3108  2779    
 3109 WAT  12953 12955     3  3109  2780    
 3110 WAT  12956 12958     3  3110  2781    
 3111 WAT  12959 12961     3  3111  2782    
 3112 WAT  12962 12964     3  3112  2783    
 3113 WAT  12965 12967     3  3113  2784    
 3114 WAT  12968 12970     3  3114  2785    
 3115 WAT  12971 12973     3  3115  2786    
 3116 WAT  12974 12976     3  3116  2787    
 3117 WAT  12977 12979     3  3117  2788    
 3118 WAT  12980 12982     3  3118  2789    
 3119 WAT  12983 12985     3  3119  2790    
 3120 WAT  12986 12988     3  3120  2791    
 3121 WAT  12989 12991     3  3121  2792    
 3122 WAT  12992 12994     3  3122  2793    
 3123 WAT  12995 12997     3  3123  2794    
 3124 WAT  12998 13000     3  3124  2795    
 3125 WAT  13001 13003     3  3125  2796    
 3126 WAT  13004 13006     3  3126  2797    
 3127 WAT  13007 13009     3  3127  2798    
 3128 WAT  13010 13012     3  3128  2799    
 3129 WAT  13013 13015     3  3129  2800    
 3130 WAT  13016 13018     3  3130  2801    
 3131 WAT  13019 13021     3  3131  2802    
 3132 WAT  13022 13024     3  3132  2803    
 3133 WAT  13025 13027     3  3133  2804    
 3134 WAT  13028 13030     3  3134  2805    
 3135 WAT  13031 13033     3  3135  2806    
 3136 WAT  13034 13036     3  3136  2807    
 3137 WAT  13037 13039     3  3137  2808    
 3138 WAT  13040 13042     3  3138  2809    
 3139 WAT  13043 13045     3  3139  2810    
 3140 WAT  13046 13048     3  3140  2811    
 3141 WAT  13049 13051     3  3141  2812    
 3142 WAT  13052 13054     3  3142  2813    
 3143 WAT  13055 13057     3  3143  2814    
 3144 WAT  13058 13060     3  3144  2815    
 3145 WAT  13061 13063     3  3145  2816    
 3146 WAT  13064 13066     3  3146  2817    
 3147 WAT  13067 13069     3  3147  2818    
 3148 WAT  13070 13072     3  3148  2819    
 3149 WAT  13073 13075     3  3149  2820    
 3150 WAT  13076 13078     3  3150  2821    
 3151 WAT  13079 13081     3  3151  2822    
 3152 WAT  13082 13084     3  3152  2823    
 3153 WAT  13085 13087     3  3153  2824    
 3154 WAT  13088 13090     3  3154  2825    
 3155 WAT  13091 13093     3  3155  2826    
 3156 WAT  13094 13096     3  3156  2827    
 3157 WAT  13097 13099     3  3157  2828    
 3158 WAT  13100 13102     3  3158  2829    
 3159 WAT  13103 13105     3  3159  2830    
 3160 WAT  13106 13108     3  3160  2831    
 3161 WAT  13109 13111     3  3161  2832    
 3162 WAT  13112 13114     3  3162  2833    
 3163 WAT  13115 13117     3  3163  2834    
 3164 WAT  13118 13120     3  3164  2835    
 3165 WAT  13121 13123     3  3165  2836    
 3166 WAT  13124 13126     3  3166  2837    
 3167 WAT  13127 13129     3  3167  2838    
 3168 WAT  13130 13132     3  3168  2839    
 3169 WAT  13133 13135     3  3169  2840    
 3170 WAT  13136 13138     3  3170  2841    
 3171 WAT  13139 13141     3  3171  2842    
 3172 WAT  13142 13144     3  3172  2843    
 3173 WAT  13145 13147     3  3173  2844    
 3174 WAT  13148 13150     3  3174  2845    
 3175 WAT  13151 13153     3  3175  2846    
 3176 WAT  13154 13156     3  3176  2847    
 3177 WAT  13157 13159     3  3177  2848    
 3178 WAT  13160 13162     3  3178  2849    
 3179 WAT  13163 13165     3  3179  2850    
 3180 WAT  13166 13168     3  3180  2851    
 3181 WAT  13169 13171     3  3181  2852    
 3182 WAT  13172 13174     3  3182  2853    
 3183 WAT  13175 13177     3  3183  2854    
 3184 WAT  13178 13180     3  3184  2855    
 3185 WAT  13181 13183     3  3185  2856    
 3186 WAT  13184 13186     3  3186  2857    
 3187 WAT  13187 13189     3  3187  2858    
 3188 WAT  13190 13192     3  3188  2859    
 3189 WAT  13193 13195     3  3189  2860    
 3190 WAT  13196 13198     3  3190  2861    
 3191 WAT  13199 13201     3  3191  2862    
 3192 WAT  13202 13204     3  3192  2863    
 3193 WAT  13205 13207     3  3193  2864    
 3194 WAT  13208 13210     3  3194  2865    
 3195 WAT  13211 13213     3  3195  2866    
 3196 WAT  13214 13216     3  3196  2867    
 3197 WAT  13217 13219     3  3197  2868    
 3198 WAT  13220 13222     3  3198  2869    
 3199 WAT  13223 13225     3  3199  2870    
 3200 WAT  13226 13228     3  3200  2871    
 3201 WAT  13229 13231     3  3201  2872    
 3202 WAT  13232 13234     3  3202  2873    
 3203 WAT  13235 13237     3  3203  2874    
 3204 WAT  13238 13240     3  3204  2875    
 3205 WAT  13241 13243     3  3205  2876    
 3206 WAT  13244 13246     3  3206  2877    
 3207 WAT  13247 13249     3  3207  2878    
 3208 WAT  13250 13252     3  3208  2879    
 3209 WAT  13253 13255     3  3209  2880    
 3210 WAT  13256 13258     3  3210  2881    
 3211 WAT  13259 13261     3  3211  2882    
 3212 WAT  13262 13264     3  3212  2883    
 3213 WAT  13265 13267     3  3213  2884    
 3214 WAT  13268 13270     3  3214  2885    
 3215 WAT  13271 13273     3  3215  2886    
 3216 WAT  13274 13276     3  3216  2887    
 3217 WAT  13277 13279     3  3217  2888    
 3218 WAT  13280 13282     3  3218  2889    
 3219 WAT  13283 13285     3  3219  2890    
 3220 WAT  13286 13288     3  3220  2891    
 3221 WAT  13289 13291     3  3221  2892    
 3222 WAT  13292 13294     3  3222  2893    
 3223 WAT  13295 13297     3  3223  2894    
 3224 WAT  13298 13300     3  3224  2895    
 3225 WAT  13301 13303     3  3225  2896    
 3226 WAT  13304 13306     3  3226  2897    
 3227 WAT  13307 13309     3  3227  2898    
 3228 WAT  13310 13312     3  3228  2899    
 3229 WAT  13313 13315     3  3229  2900    
 3230 WAT  13316 13318     3  3230  2901    
 3231 WAT  13319 13321     3  3231  2902    
 3232 WAT  13322 13324     3  3232  2903    
 3233 WAT  13325 13327     3  3233  2904    
 3234 WAT  13328 13330     3  3234  2905    
 3235 WAT  13331 13333     3  3235  2906    
 3236 WAT  13334 13336     3  3236  2907    
 3237 WAT  13337 13339     3  3237  2908    
 3238 WAT  13340 13342     3  3238  2909    
 3239 WAT  13343 13345     3  3239  2910    
 3240 WAT  13346 13348     3  3240  2911    
 3241 WAT  13349 13351     3  3241  2912    
 3242 WAT  13352 13354     3  3242  2913    
 3243 WAT  13355 13357     3  3243  2914    
 3244 WAT  13358 13360     3  3244  2915    
 3245 WAT  13361 13363     3  3245  2916    
 3246 WAT  13364 13366     3  3246  2917    
 3247 WAT  13367 13369     3  3247  2918    
 3248 WAT  13370 13372     3  3248  2919    
 3249 WAT  13373 13375     3  3249  2920    
 3250 WAT  13376 13378     3  3250  2921    
 3251 WAT  13379 13381     3  3251  2922    
 3252 WAT  13382 13384     3  3252  2923    
 3253 WAT  13385 13387     3  3253  2924    
 3254 WAT  13388 13390     3  3254  2925    
 3255 WAT  13391 13393     3  3255  2926    
 3256 WAT  13394 13396     3  3256  2927    
 3257 WAT  13397 13399     3  3257  2928    
 3258 WAT  13400 13402     3  3258  2929    
 3259 WAT  13403 13405     3  3259  2930    
 3260 WAT  13406 13408     3  3260  2931    
 3261 WAT  13409 13411     3  3261  2932    
 3262 WAT  13412 13414     3  3262  2933    
 3263 WAT  13415 13417     3  3263  2934    
 3264 WAT  13418 13420     3  3264  2935    
 3265 WAT  13421 13423     3  3265  2936    
 3266 WAT  13424 13426     3  3266  2937    
 3267 WAT  13427 13429     3  3267  2938    
 3268 WAT  13430 13432     3  3268  2939    
 3269 WAT  13433 13435     3  3269  2940    
 3270 WAT  13436 13438     3  3270  2941    
 3271 WAT  13439 13441     3  3271  2942    
 3272 WAT  13442 13444     3  3272  2943    
 3273 WAT  13445 13447     3  3273  2944    
 3274 WAT  13448 13450     3  3274  2945    
 3275 WAT  13451 13453     3  3275  2946    
 3276 WAT  13454 13456     3  3276  2947    
 3277 WAT  13457 13459     3  3277  2948    
 3278 WAT  13460 13462     3  3278  2949    
 3279 WAT  13463 13465     3  3279  2950    
 3280 WAT  13466 13468     3  3280  2951    
 3281 WAT  13469 13471     3  3281  2952    
 3282 WAT  13472 13474     3  3282  2953    
 3283 WAT  13475 13477     3  3283  2954    
 3284 WAT  13478 13480     3  3284  2955    
 3285 WAT  13481 13483     3  3285  2956    
 3286 WAT  13484 13486     3  3286  2957    
 3287 WAT  13487 13489     3  3287  2958    
 3288 WAT  13490 13492     3  3288  2959    
 3289 WAT  13493 13495     3  3289  2960    
 3290 WAT  13496 13498     3  3290  2961    
 3291 WAT  13499 13501     3  3291  2962    
 3292 WAT  13502 13504     3  3292  2963    
 3293 WAT  13505 13507     3  3293  2964    
 3294 WAT  13508 13510     3  3294  2965    
 3295 WAT  13511 13513     3  3295  2966    
 3296 WAT  13514 13516     3  3296  2967    
 3297 WAT  13517 13519     3  3297  2968    
 3298 WAT  13520 13522     3  3298  2969    
 3299 WAT  13523 13525     3  3299  2970    
 3300 WAT  13526 13528     3  3300  2971    
 3301 WAT  13529 13531     3  3301  2972    
 3302 WAT  13532 13534     3  3302  2973    
 3303 WAT  13535 13537     3  3303  2974    
 3304 WAT  13538 13540     3  3304  2975    
 3305 WAT  13541 13543     3  3305  2976    
 3306 WAT  13544 13546     3  3306  2977    
 3307 WAT  13547 13549     3  3307  2978    
 3308 WAT  13550 13552     3  3308  2979    
 3309 WAT  13553 13555     3  3309  2980    
 3310 WAT  13556 13558     3  3310  2981    
 3311 WAT  13559 13561     3  3311  2982    
 3312 WAT  13562 13564     3  3312  2983    
 3313 WAT  13565 13567     3  3313  2984    
 3314 WAT  13568 13570     3  3314  2985    
 3315 WAT  13571 13573     3  3315  2986    
 3316 WAT  13574 13576     3  3316  2987    
 3317 WAT  13577 13579     3  3317  2988    
 3318 WAT  13580 13582     3  3318  2989    
 3319 WAT  13583 13585     3  3319  2990    
 3320 WAT  13586 13588     3  3320  2991    
 3321 WAT  13589 13591     3  3321  2992    
 3322 WAT  13592 13594     3  3322  2993    
 3323 WAT  13595 13597     3  3323  2994    
 3324 WAT  13598 13600     3  3324  2995    
 3325 WAT  13601 13603     3  3325  2996    
 3326 WAT  13604 13606     3  3326  2997    
 3327 WAT  13607 13609     3  3327  2998    
 3328 WAT  13610 13612     3  3328  2999    
 3329 WAT  13613 13615     3  3329  3000    
 3330 WAT  13616 13618     3  3330  3001    
 3331 WAT  13619 13621     3  3331  3002    
 3332 WAT  13622 13624     3  3332  3003    
 3333 WAT  13625 13627     3  3333  3004    
 3334 WAT  13628 13630     3  3334  3005    
 3335 WAT  13631 13633     3  3335  3006    
 3336 WAT  13634 13636     3  3336  3007    
 3337 WAT  13637 13639     3  3337  3008    
 3338 WAT  13640 13642     3  3338  3009    
 3339 WAT  13643 13645     3  3339  3010    
 3340 WAT  13646 13648     3  3340  3011    
 3341 WAT  13649 13651     3  3341  3012    
 3342 WAT  13652 13654     3  3342  3013    
 3343 WAT  13655 13657     3  3343  3014    
 3344 WAT  13658 13660     3  3344  3015    
 3345 WAT  13661 13663     3  3345  3016    
 3346 WAT  13664 13666     3  3346  3017    
 3347 WAT  13667 13669     3  3347  3018    
 3348 WAT  13670 13672     3  3348  3019    
 3349 WAT  13673 13675     3  3349  3020    
 3350 WAT  13676 13678     3  3350  3021    
 3351 WAT  13679 13681     3  3351  3022    
 3352 WAT  13682 13684     3  3352  3023    
 3353 WAT  13685 13687     3  3353  3024    
 3354 WAT  13688 13690     3  3354  3025    
 3355 WAT  13691 13693     3  3355  3026    
 3356 WAT  13694 13696     3  3356  3027    
 3357 WAT  13697 13699     3  3357  3028    
 3358 WAT  13700 13702     3  3358  3029    
 3359 WAT  13703 13705     3  3359  3030    
 3360 WAT  13706 13708     3  3360  3031    
 3361 WAT  13709 13711     3  3361  3032    
 3362 WAT  13712 13714     3  3362  3033    
 3363 WAT  13715 13717     3  3363  3034    
 3364 WAT  13718 13720     3  3364  3035    
 3365 WAT  13721 13723     3  3365  3036    
 3366 WAT  13724 13726     3  3366  3037    
 3367 WAT  13727 13729     3  3367  3038    
 3368 WAT  13730 13732     3  3368  3039    
 3369 WAT  13733 13735     3  3369  3040    
 3370 WAT  13736 13738     3  3370  3041    
 3371 WAT  13739 13741     3  3371  3042    
 3372 WAT  13742 13744     3  3372  3043    
 3373 WAT  13745 13747     3  3373  3044    
 3374 WAT  13748 13750     3  3374  3045    
 3375 WAT  13751 13753     3  3375  3046    
 3376 WAT  13754 13756     3  3376  3047    
 3377 WAT  13757 13759     3  3377  3048    
 3378 WAT  13760 13762     3  3378  3049    
 3379 WAT  13763 13765     3  3379  3050    
 3380 WAT  13766 13768     3  3380  3051    
 3381 WAT  13769 13771     3  3381  3052    
 3382 WAT  13772 13774     3  3382  3053    
 3383 WAT  13775 13777     3  3383  3054    
 3384 WAT  13778 13780     3  3384  3055    
 3385 WAT  13781 13783     3  3385  3056    
 3386 WAT  13784 13786     3  3386  3057    
 3387 WAT  13787 13789     3  3387  3058    
 3388 WAT  13790 13792     3  3388  3059    
 3389 WAT  13793 13795     3  3389  3060    
 3390 WAT  13796 13798     3  3390  3061    
 3391 WAT  13799 13801     3  3391  3062    
 3392 WAT  13802 13804     3  3392  3063    
 3393 WAT  13805 13807     3  3393  3064    
 3394 WAT  13808 13810     3  3394  3065    
 3395 WAT  13811 13813     3  3395  3066    
 3396 WAT  13814 13816     3  3396  3067    
 3397 WAT  13817 13819     3  3397  3068    
 3398 WAT  13820 13822     3  3398  3069    
 3399 WAT  13823 13825     3  3399  3070    
 3400 WAT  13826 13828     3  3400  3071    
 3401 WAT  13829 13831     3  3401  3072    
 3402 WAT  13832 13834     3  3402  3073    
 3403 WAT  13835 13837     3  3403  3074    
 3404 WAT  13838 13840     3  3404  3075    
 3405 WAT  13841 13843     3  3405  3076    
 3406 WAT  13844 13846     3  3406  3077    
 3407 WAT  13847 13849     3  3407  3078    
 3408 WAT  13850 13852     3  3408  3079    
 3409 WAT  13853 13855     3  3409  3080    
 3410 WAT  13856 13858     3  3410  3081    
 3411 WAT  13859 13861     3  3411  3082    
 3412 WAT  13862 13864     3  3412  3083    
 3413 WAT  13865 13867     3  3413  3084    
 3414 WAT  13868 13870     3  3414  3085    
 3415 WAT  13871 13873     3  3415  3086    
 3416 WAT  13874 13876     3  3416  3087    
 3417 WAT  13877 13879     3  3417  3088    
 3418 WAT  13880 13882     3  3418  3089    
 3419 WAT  13883 13885     3  3419  3090    
 3420 WAT  13886 13888     3  3420  3091    
 3421 WAT  13889 13891     3  3421  3092    
 3422 WAT  13892 13894     3  3422  3093    
 3423 WAT  13895 13897     3  3423  3094    
 3424 WAT  13898 13900     3  3424  3095    
 3425 WAT  13901 13903     3  3425  3096    
 3426 WAT  13904 13906     3  3426  3097    
 3427 WAT  13907 13909     3  3427  3098    
 3428 WAT  13910 13912     3  3428  3099    
 3429 WAT  13913 13915     3  3429  3100    
 3430 WAT  13916 13918     3  3430  3101    
 3431 WAT  13919 13921     3  3431  3102    
 3432 WAT  13922 13924     3  3432  3103    
 3433 WAT  13925 13927     3  3433  3104    
 3434 WAT  13928 13930     3  3434  3105    
 3435 WAT  13931 13933     3  3435  3106    
 3436 WAT  13934 13936     3  3436  3107    
 3437 WAT  13937 13939     3  3437  3108    
 3438 WAT  13940 13942     3  3438  3109    
 3439 WAT  13943 13945     3  3439  3110    
 3440 WAT  13946 13948     3  3440  3111    
 3441 WAT  13949 13951     3  3441  3112    
 3442 WAT  13952 13954     3  3442  3113    
 3443 WAT  13955 13957     3  3443  3114    
 3444 WAT  13958 13960     3  3444  3115    
 3445 WAT  13961 13963     3  3445  3116    
 3446 WAT  13964 13966     3  3446  3117    
 3447 WAT  13967 13969     3  3447  3118    
 3448 WAT  13970 13972     3  3448  3119    
 3449 WAT  13973 13975     3  3449  3120    
 3450 WAT  13976 13978     3  3450  3121    
 3451 WAT  13979 13981     3  3451  3122    
 3452 WAT  13982 13984     3  3452  3123    
 3453 WAT  13985 13987     3  3453  3124    
 3454 WAT  13988 13990     3  3454  3125    
 3455 WAT  13991 13993     3  3455  3126    
 3456 WAT  13994 13996     3  3456  3127    
 3457 WAT  13997 13999     3  3457  3128    
 3458 WAT  14000 14002     3  3458  3129    
 3459 WAT  14003 14005     3  3459  3130    
 3460 WAT  14006 14008     3  3460  3131    
 3461 WAT  14009 14011     3  3461  3132    
 3462 WAT  14012 14014     3  3462  3133    
 3463 WAT  14015 14017     3  3463  3134    
 3464 WAT  14018 14020     3  3464  3135    
 3465 WAT  14021 14023     3  3465  3136    
 3466 WAT  14024 14026     3  3466  3137    
 3467 WAT  14027 14029     3  3467  3138    
 3468 WAT  14030 14032     3  3468  3139    
 3469 WAT  14033 14035     3  3469  3140    
 3470 WAT  14036 14038     3  3470  3141    
 3471 WAT  14039 14041     3  3471  3142    
 3472 WAT  14042 14044     3  3472  3143    
 3473 WAT  14045 14047     3  3473  3144    
 3474 WAT  14048 14050     3  3474  3145    
 3475 WAT  14051 14053     3  3475  3146    
 3476 WAT  14054 14056     3  3476  3147    
 3477 WAT  14057 14059     3  3477  3148    
 3478 WAT  14060 14062     3  3478  3149    
 3479 WAT  14063 14065     3  3479  3150    
 3480 WAT  14066 14068     3  3480  3151    
 3481 WAT  14069 14071     3  3481  3152    
 3482 WAT  14072 14074     3  3482  3153    
 3483 WAT  14075 14077     3  3483  3154    
 3484 WAT  14078 14080     3  3484  3155    
 3485 WAT  14081 14083     3  3485  3156    
 3486 WAT  14084 14086     3  3486  3157    
 3487 WAT  14087 14089     3  3487  3158    
 3488 WAT  14090 14092     3  3488  3159    
 3489 WAT  14093 14095     3  3489  3160    
 3490 WAT  14096 14098     3  3490  3161    
 3491 WAT  14099 14101     3  3491  3162    
 3492 WAT  14102 14104     3  3492  3163    
 3493 WAT  14105 14107     3  3493  3164    
 3494 WAT  14108 14110     3  3494  3165    
 3495 WAT  14111 14113     3  3495  3166    
 3496 WAT  14114 14116     3  3496  3167    
 3497 WAT  14117 14119     3  3497  3168    
 3498 WAT  14120 14122     3  3498  3169    
 3499 WAT  14123 14125     3  3499  3170    
 3500 WAT  14126 14128     3  3500  3171    
 3501 WAT  14129 14131     3  3501  3172    
 3502 WAT  14132 14134     3  3502  3173    
 3503 WAT  14135 14137     3  3503  3174    
 3504 WAT  14138 14140     3  3504  3175    
 3505 WAT  14141 14143     3  3505  3176    
 3506 WAT  14144 14146     3  3506  3177    
 3507 WAT  14147 14149     3  3507  3178    
 3508 WAT  14150 14152     3  3508  3179    
 3509 WAT  14153 14155     3  3509  3180    
 3510 WAT  14156 14158     3  3510  3181    
 3511 WAT  14159 14161     3  3511  3182    
 3512 WAT  14162 14164     3  3512  3183    
 3513 WAT  14165 14167     3  3513  3184    
 3514 WAT  14168 14170     3  3514  3185    
 3515 WAT  14171 14173     3  3515  3186    
 3516 WAT  14174 14176     3  3516  3187    
 3517 WAT  14177 14179     3  3517  3188    
 3518 WAT  14180 14182     3  3518  3189    
 3519 WAT  14183 14185     3  3519  3190    
 3520 WAT  14186 14188     3  3520  3191    
 3521 WAT  14189 14191     3  3521  3192    
 3522 WAT  14192 14194     3  3522  3193    
 3523 WAT  14195 14197     3  3523  3194    
 3524 WAT  14198 14200     3  3524  3195    
 3525 WAT  14201 14203     3  3525  3196    
 3526 WAT  14204 14206     3  3526  3197    
 3527 WAT  14207 14209     3  3527  3198    
 3528 WAT  14210 14212     3  3528  3199    
 3529 WAT  14213 14215     3  3529  3200    
 3530 WAT  14216 14218     3  3530  3201    
 3531 WAT  14219 14221     3  3531  3202    
 3532 WAT  14222 14224     3  3532  3203    
 3533 WAT  14225 14227     3  3533  3204    
 3534 WAT  14228 14230     3  3534  3205    
 3535 WAT  14231 14233     3  3535  3206    
 3536 WAT  14234 14236     3  3536  3207    
 3537 WAT  14237 14239     3  3537  3208    
 3538 WAT  14240 14242     3  3538  3209    
 3539 WAT  14243 14245     3  3539  3210    
 3540 WAT  14246 14248     3  3540  3211    
 3541 WAT  14249 14251     3  3541  3212    
 3542 WAT  14252 14254     3  3542  3213    
 3543 WAT  14255 14257     3  3543  3214    
 3544 WAT  14258 14260     3  3544  3215    
 3545 WAT  14261 14263     3  3545  3216    
 3546 WAT  14264 14266     3  3546  3217    
 3547 WAT  14267 14269     3  3547  3218    
 3548 WAT  14270 14272     3  3548  3219    
 3549 WAT  14273 14275     3  3549  3220    
 3550 WAT  14276 14278     3  3550  3221    
 3551 WAT  14279 14281     3  3551  3222    
 3552 WAT  14282 14284     3  3552  3223    
 3553 WAT  14285 14287     3  3553  3224    
 3554 WAT  14288 14290     3  3554  3225    
 3555 WAT  14291 14293     3  3555  3226    
 3556 WAT  14294 14296     3  3556  3227    
 3557 WAT  14297 14299     3  3557  3228    
 3558 WAT  14300 14302     3  3558  3229    
 3559 WAT  14303 14305     3  3559  3230    
 3560 WAT  14306 14308     3  3560  3231    
 3561 WAT  14309 14311     3  3561  3232    
 3562 WAT  14312 14314     3  3562  3233    
 3563 WAT  14315 14317     3  3563  3234    
 3564 WAT  14318 14320     3  3564  3235    
 3565 WAT  14321 14323     3  3565  3236    
 3566 WAT  14324 14326     3  3566  3237    
 3567 WAT  14327 14329     3  3567  3238    
 3568 WAT  14330 14332     3  3568  3239    
 3569 WAT  14333 14335     3  3569  3240    
 3570 WAT  14336 14338     3  3570  3241    
 3571 WAT  14339 14341     3  3571  3242    
 3572 WAT  14342 14344     3  3572  3243    
 3573 WAT  14345 14347     3  3573  3244    
 3574 WAT  14348 14350     3  3574  3245    
 3575 WAT  14351 14353     3  3575  3246    
 3576 WAT  14354 14356     3  3576  3247    
 3577 WAT  14357 14359     3  3577  3248    
 3578 WAT  14360 14362     3  3578  3249    
 3579 WAT  14363 14365     3  3579  3250    
 3580 WAT  14366 14368     3  3580  3251    
 3581 WAT  14369 14371     3  3581  3252    
 3582 WAT  14372 14374     3  3582  3253    
 3583 WAT  14375 14377     3  3583  3254    
 3584 WAT  14378 14380     3  3584  3255    
 3585 WAT  14381 14383     3  3585  3256    
 3586 WAT  14384 14386     3  3586  3257    
 3587 WAT  14387 14389     3  3587  3258    
 3588 WAT  14390 14392     3  3588  3259    
 3589 WAT  14393 14395     3  3589  3260    
 3590 WAT  14396 14398     3  3590  3261    
 3591 WAT  14399 14401     3  3591  3262    
 3592 WAT  14402 14404     3  3592  3263    
 3593 WAT  14405 14407     3  3593  3264    
 3594 WAT  14408 14410     3  3594  3265    
 3595 WAT  14411 14413     3  3595  3266    
 3596 WAT  14414 14416     3  3596  3267    
 3597 WAT  14417 14419     3  3597  3268    
 3598 WAT  14420 14422     3  3598  3269    
 3599 WAT  14423 14425     3  3599  3270    
 3600 WAT  14426 14428     3  3600  3271    
 3601 WAT  14429 14431     3  3601  3272    
 3602 WAT  14432 14434     3  3602  3273    
 3603 WAT  14435 14437     3  3603  3274    
 3604 WAT  14438 14440     3  3604  3275    
 3605 WAT  14441 14443     3  3605  3276    
 3606 WAT  14444 14446     3  3606  3277    
 3607 WAT  14447 14449     3  3607  3278    
 3608 WAT  14450 14452     3  3608  3279    
 3609 WAT  14453 14455     3  3609  3280    
 3610 WAT  14456 14458     3  3610  3281    
 3611 WAT  14459 14461     3  3611  3282    
 3612 WAT  14462 14464     3  3612  3283    
 3613 WAT  14465 14467     3  3613  3284    
 3614 WAT  14468 14470     3  3614  3285    
 3615 WAT  14471 14473     3  3615  3286    
 3616 WAT  14474 14476     3  3616  3287    
 3617 WAT  14477 14479     3  3617  3288    
 3618 WAT  14480 14482     3  3618  3289    
 3619 WAT  14483 14485     3  3619  3290    
 3620 WAT  14486 14488     3  3620  3291    
 3621 WAT  14489 14491     3  3621  3292    
 3622 WAT  14492 14494     3  3622  3293    
 3623 WAT  14495 14497     3  3623  3294    
 3624 WAT  14498 14500     3  3624  3295    
 3625 WAT  14501 14503     3  3625  3296    
 3626 WAT  14504 14506     3  3626  3297    
 3627 WAT  14507 14509     3  3627  3298    
 3628 WAT  14510 14512     3  3628  3299    
 3629 WAT  14513 14515     3  3629  3300    
 3630 WAT  14516 14518     3  3630  3301    
 3631 WAT  14519 14521     3  3631  3302    
 3632 WAT  14522 14524     3  3632  3303    
 3633 WAT  14525 14527     3  3633  3304    
 3634 WAT  14528 14530     3  3634  3305    
 3635 WAT  14531 14533     3  3635  3306    
 3636 WAT  14534 14536     3  3636  3307    
 3637 WAT  14537 14539     3  3637  3308    
 3638 WAT  14540 14542     3  3638  3309    
 3639 WAT  14543 14545     3  3639  3310    
 3640 WAT  14546 14548     3  3640  3311    
 3641 WAT  14549 14551     3  3641  3312    
 3642 WAT  14552 14554     3  3642  3313    
 3643 WAT  14555 14557     3  3643  3314    
 3644 WAT  14558 14560     3  3644  3315    
 3645 WAT  14561 14563     3  3645  3316    
 3646 WAT  14564 14566     3  3646  3317    
 3647 WAT  14567 14569     3  3647  3318    
 3648 WAT  14570 14572     3  3648  3319    
 3649 WAT  14573 14575     3  3649  3320    
 3650 WAT  14576 14578     3  3650  3321    
 3651 WAT  14579 14581     3  3651  3322    
 3652 WAT  14582 14584     3  3652  3323    
 3653 WAT  14585 14587     3  3653  3324    
 3654 WAT  14588 14590     3  3654  3325    
 3655 WAT  14591 14593     3  3655  3326    
 3656 WAT  14594 14596     3  3656  3327    
 3657 WAT  14597 14599     3  3657  3328    
 3658 WAT  14600 14602     3  3658  3329    
 3659 WAT  14603 14605     3  3659  3330    
 3660 WAT  14606 14608     3  3660  3331    
 3661 WAT  14609 14611     3  3661  3332    
 3662 WAT  14612 14614     3  3662  3333    
 3663 WAT  14615 14617     3  3663  3334    
 3664 WAT  14618 14620     3  3664  3335    
 3665 WAT  14621 14623     3  3665  3336    
 3666 WAT  14624 14626     3  3666  3337    
 3667 WAT  14627 14629     3  3667  3338    
 3668 WAT  14630 14632     3  3668  3339    
 3669 WAT  14633 14635     3  3669  3340    
 3670 WAT  14636 14638     3  3670  3341    
 3671 WAT  14639 14641     3  3671  3342    
 3672 WAT  14642 14644     3  3672  3343    
 3673 WAT  14645 14647     3  3673  3344    
 3674 WAT  14648 14650     3  3674  3345    
 3675 WAT  14651 14653     3  3675  3346    
 3676 WAT  14654 14656     3  3676  3347    
 3677 WAT  14657 14659     3  3677  3348    
 3678 WAT  14660 14662     3  3678  3349    
 3679 WAT  14663 14665     3  3679  3350    
 3680 WAT  14666 14668     3  3680  3351    
 3681 WAT  14669 14671     3  3681  3352    
 3682 WAT  14672 14674     3  3682  3353    
 3683 WAT  14675 14677     3  3683  3354    
 3684 WAT  14678 14680     3  3684  3355    
 3685 WAT  14681 14683     3  3685  3356    
 3686 WAT  14684 14686     3  3686  3357    
 3687 WAT  14687 14689     3  3687  3358    
 3688 WAT  14690 14692     3  3688  3359    
 3689 WAT  14693 14695     3  3689  3360    
 3690 WAT  14696 14698     3  3690  3361    
 3691 WAT  14699 14701     3  3691  3362    
 3692 WAT  14702 14704     3  3692  3363    
 3693 WAT  14705 14707     3  3693  3364    
 3694 WAT  14708 14710     3  3694  3365    
 3695 WAT  14711 14713     3  3695  3366    
 3696 WAT  14714 14716     3  3696  3367    
 3697 WAT  14717 14719     3  3697  3368    
 3698 WAT  14720 14722     3  3698  3369    
 3699 WAT  14723 14725     3  3699  3370    
 3700 WAT  14726 14728     3  3700  3371    
 3701 WAT  14729 14731     3  3701  3372    
 3702 WAT  14732 14734     3  3702  3373    
 3703 WAT  14735 14737     3  3703  3374    
 3704 WAT  14738 14740     3  3704  3375    
 3705 WAT  14741 14743     3  3705  3376    
 3706 WAT  14744 14746     3  3706  3377    
 3707 WAT  14747 14749     3  3707  3378    
 3708 WAT  14750 14752     3  3708  3379    
 3709 WAT  14753 14755     3  3709  3380    
 3710 WAT  14756 14758     3  3710  3381    
 3711 WAT  14759 14761     3  3711  3382    
 3712 WAT  14762 14764     3  3712  3383    
 3713 WAT  14765 14767     3  3713  3384    
 3714 WAT  14768 14770     3  3714  3385    
 3715 WAT  14771 14773     3  3715  3386    
 3716 WAT  14774 14776     3  3716  3387    
 3717 WAT  14777 14779     3  3717  3388    
 3718 WAT  14780 14782     3  3718  3389    
 3719 WAT  14783 14785     3  3719  3390    
 3720 WAT  14786 14788     3  3720  3391    
 3721 WAT  14789 14791     3  3721  3392    
 3722 WAT  14792 14794     3  3722  3393    
 3723 WAT  14795 14797     3  3723  3394    
 3724 WAT  14798 14800     3  3724  3395    
 3725 WAT  14801 14803     3  3725  3396    
 3726 WAT  14804 14806     3  3726  3397    
 3727 WAT  14807 14809     3  3727  3398    
 3728 WAT  14810 14812     3  3728  3399    
 3729 WAT  14813 14815     3  3729  3400    
 3730 WAT  14816 14818     3  3730  3401    
 3731 WAT  14819 14821     3  3731  3402    
 3732 WAT  14822 14824     3  3732  3403    
 3733 WAT  14825 14827     3  3733  3404    
 3734 WAT  14828 14830     3  3734  3405    
 3735 WAT  14831 14833     3  3735  3406    
 3736 WAT  14834 14836     3  3736  3407    
 3737 WAT  14837 14839     3  3737  3408    
 3738 WAT  14840 14842     3  3738  3409    
 3739 WAT  14843 14845     3  3739  3410    
 3740 WAT  14846 14848     3  3740  3411    
 3741 WAT  14849 14851     3  3741  3412    
 3742 WAT  14852 14854     3  3742  3413    
 3743 WAT  14855 14857     3  3743  3414    
 3744 WAT  14858 14860     3  3744  3415    
 3745 WAT  14861 14863     3  3745  3416    
 3746 WAT  14864 14866     3  3746  3417    
 3747 WAT  14867 14869     3  3747  3418    
 3748 WAT  14870 14872     3  3748  3419    
 3749 WAT  14873 14875     3  3749  3420    
 3750 WAT  14876 14878     3  3750  3421    
 3751 WAT  14879 14881     3  3751  3422    
 3752 WAT  14882 14884     3  3752  3423    
 3753 WAT  14885 14887     3  3753  3424    
 3754 WAT  14888 14890     3  3754  3425    
 3755 WAT  14891 14893     3  3755  3426    
 3756 WAT  14894 14896     3  3756  3427    
 3757 WAT  14897 14899     3  3757  3428    
 3758 WAT  14900 14902     3  3758  3429    
 3759 WAT  14903 14905     3  3759  3430    
 3760 WAT  14906 14908     3  3760  3431    
 3761 WAT  14909 14911     3  3761  3432    
 3762 WAT  14912 14914     3  3762  3433    
 3763 WAT  14915 14917     3  3763  3434    
 3764 WAT  14918 14920     3  3764  3435    
 3765 WAT  14921 14923     3  3765  3436    
 3766 WAT  14924 14926     3  3766  3437    
 3767 WAT  14927 14929     3  3767  3438    
 3768 WAT  14930 14932     3  3768  3439    
 3769 WAT  14933 14935     3  3769  3440    
 3770 WAT  14936 14938     3  3770  3441    
 3771 WAT  14939 14941     3  3771  3442    
 3772 WAT  14942 14944     3  3772  3443    
 3773 WAT  14945 14947     3  3773  3444    
 3774 WAT  14948 14950     3  3774  3445    
 3775 WAT  14951 14953     3  3775  3446    
 3776 WAT  14954 14956     3  3776  3447    
 3777 WAT  14957 14959     3  3777  3448    
 3778 WAT  14960 14962     3  3778  3449    
 3779 WAT  14963 14965     3  3779  3450    
 3780 WAT  14966 14968     3  3780  3451    
 3781 WAT  14969 14971     3  3781  3452    
 3782 WAT  14972 14974     3  3782  3453    
 3783 WAT  14975 14977     3  3783  3454    
 3784 WAT  14978 14980     3  3784  3455    
 3785 WAT  14981 14983     3  3785  3456    
 3786 WAT  14984 14986     3  3786  3457    
 3787 WAT  14987 14989     3  3787  3458    
 3788 WAT  14990 14992     3  3788  3459    
 3789 WAT  14993 14995     3  3789  3460    
 3790 WAT  14996 14998     3  3790  3461    
 3791 WAT  14999 15001     3  3791  3462    
 3792 WAT  15002 15004     3  3792  3463    
 3793 WAT  15005 15007     3  3793  3464    
 3794 WAT  15008 15010     3  3794  3465    
 3795 WAT  15011 15013     3  3795  3466    
 3796 WAT  15014 15016     3  3796  3467    
 3797 WAT  15017 15019     3  3797  3468    
 3798 WAT  15020 15022     3  3798  3469    
 3799 WAT  15023 15025     3  3799  3470    
 3800 WAT  15026 15028     3  3800  3471    
 3801 WAT  15029 15031     3  3801  3472    
 3802 WAT  15032 15034     3  3802  3473    
 3803 WAT  15035 15037     3  3803  3474    
 3804 WAT  15038 15040     3  3804  3475    
 3805 WAT  15041 15043     3  3805  3476    
 3806 WAT  15044 15046     3  3806  3477    
 3807 WAT  15047 15049     3  3807  3478    
 3808 WAT  15050 15052     3  3808  3479    
 3809 WAT  15053 15055     3  3809  3480    
 3810 WAT  15056 15058     3  3810  3481    
 3811 WAT  15059 15061     3  3811  3482    
 3812 WAT  15062 15064     3  3812  3483    
 3813 WAT  15065 15067     3  3813  3484    
 3814 WAT  15068 15070     3  3814  3485    
 3815 WAT  15071 15073     3  3815  3486    
 3816 WAT  15074 15076     3  3816  3487    
 3817 WAT  15077 15079     3  3817  3488    
 3818 WAT  15080 15082     3  3818  3489    
 3819 WAT  15083 15085     3  3819  3490    
 3820 WAT  15086 15088     3  3820  3491    
 3821 WAT  15089 15091     3  3821  3492    
 3822 WAT  15092 15094     3  3822  3493    
 3823 WAT  15095 15097     3  3823  3494    
 3824 WAT  15098 15100     3  3824  3495    
 3825 WAT  15101 15103     3  3825  3496    
 3826 WAT  15104 15106     3  3826  3497    
 3827 WAT  15107 15109     3  3827  3498    
 3828 WAT  15110 15112     3  3828  3499    
 3829 WAT  15113 15115     3  3829  3500    
 3830 WAT  15116 15118     3  3830  3501    
 3831 WAT  15119 15121     3  3831  3502    
 3832 WAT  15122 15124     3  3832  3503    
 3833 WAT  15125 15127     3  3833  3504    
 3834 WAT  15128 15130     3  3834  3505    
 3835 WAT  15131 15133     3  3835  3506    
 3836 WAT  15134 15136     3  3836  3507    
 3837 WAT  15137 15139     3  3837  3508    
 3838 WAT  15140 15142     3  3838  3509    
 3839 WAT  15143 15145     3  3839  3510    
 3840 WAT  15146 15148     3  3840  3511    
 3841 WAT  15149 15151     3  3841  3512    
 3842 WAT  15152 15154     3  3842  3513    
 3843 WAT  15155 15157     3  3843  3514    
 3844 WAT  15158 15160     3  3844  3515    
 3845 WAT  15161 15163     3  3845  3516    
 3846 WAT  15164 15166     3  3846  3517    
 3847 WAT  15167 15169     3  3847  3518    
 3848 WAT  15170 15172     3  3848  3519    
 3849 WAT  15173 15175     3  3849  3520    
 3850 WAT  15176 15178     3  3850  3521    
 3851 WAT  15179 15181     3  3851  3522    
 3852 WAT  15182 15184     3  3852  3523    
 3853 WAT  15185 15187     3  3853  3524    
 3854 WAT  15188 15190     3  3854  3525    
 3855 WAT  15191 15193     3  3855  3526    
 3856 WAT  15194 15196     3  3856  3527    
 3857 WAT  15197 15199     3  3857  3528    
 3858 WAT  15200 15202     3  3858  3529    
 3859 WAT  15203 15205     3  3859  3530    
 3860 WAT  15206 15208     3  3860  3531    
 3861 WAT  15209 15211     3  3861  3532    
 3862 WAT  15212 15214     3  3862  3533    
 3863 WAT  15215 15217     3  3863  3534    
 3864 WAT  15218 15220     3  3864  3535    
 3865 WAT  15221 15223     3  3865  3536    
 3866 WAT  15224 15226     3  3866  3537    
 3867 WAT  15227 15229     3  3867  3538    
 3868 WAT  15230 15232     3  3868  3539    
 3869 WAT  15233 15235     3  3869  3540    
 3870 WAT  15236 15238     3  3870  3541    
 3871 WAT  15239 15241     3  3871  3542    
 3872 WAT  15242 15244     3  3872  3543    
 3873 WAT  15245 15247     3  3873  3544    
 3874 WAT  15248 15250     3  3874  3545    
 3875 WAT  15251 15253     3  3875  3546    
 3876 WAT  15254 15256     3  3876  3547    
 3877 WAT  15257 15259     3  3877  3548    
 3878 WAT  15260 15262     3  3878  3549    
 3879 WAT  15263 15265     3  3879  3550    
 3880 WAT  15266 15268     3  3880  3551    
 3881 WAT  15269 15271     3  3881  3552    
 3882 WAT  15272 15274     3  3882  3553    
 3883 WAT  15275 15277     3  3883  3554    
 3884 WAT  15278 15280     3  3884  3555    
 3885 WAT  15281 15283     3  3885  3556    
 3886 WAT  15284 15286     3  3886  3557    
 3887 WAT  15287 15289     3  3887  3558    
 3888 WAT  15290 15292     3  3888  3559    
 3889 WAT  15293 15295     3  3889  3560    
 3890 WAT  15296 15298     3  3890  3561    
 3891 WAT  15299 15301     3  3891  3562    
 3892 WAT  15302 15304     3  3892  3563    
 3893 WAT  15305 15307     3  3893  3564    
 3894 WAT  15308 15310     3  3894  3565    
 3895 WAT  15311 15313     3  3895  3566    
 3896 WAT  15314 15316     3  3896  3567    
 3897 WAT  15317 15319     3  3897  3568    
 3898 WAT  15320 15322     3  3898  3569    
 3899 WAT  15323 15325     3  3899  3570    
 3900 WAT  15326 15328     3  3900  3571    
 3901 WAT  15329 15331     3  3901  3572    
 3902 WAT  15332 15334     3  3902  3573    
 3903 WAT  15335 15337     3  3903  3574    
 3904 WAT  15338 15340     3  3904  3575    
 3905 WAT  15341 15343     3  3905  3576    
 3906 WAT  15344 15346     3  3906  3577    
 3907 WAT  15347 15349     3  3907  3578    
 3908 WAT  15350 15352     3  3908  3579    
 3909 WAT  15353 15355     3  3909  3580    
 3910 WAT  15356 15358     3  3910  3581    
 3911 WAT  15359 15361     3  3911  3582    
 3912 WAT  15362 15364     3  3912  3583    
 3913 WAT  15365 15367     3  3913  3584    
 3914 WAT  15368 15370     3  3914  3585    
 3915 WAT  15371 15373     3  3915  3586    
 3916 WAT  15374 15376     3  3916  3587    
 3917 WAT  15377 15379     3  3917  3588    
 3918 WAT  15380 15382     3  3918  3589    
 3919 WAT  15383 15385     3  3919  3590    
 3920 WAT  15386 15388     3  3920  3591    
 3921 WAT  15389 15391     3  3921  3592    
 3922 WAT  15392 15394     3  3922  3593    
 3923 WAT  15395 15397     3  3923  3594    
 3924 WAT  15398 15400     3  3924  3595    
 3925 WAT  15401 15403     3  3925  3596    
 3926 WAT  15404 15406     3  3926  3597    
 3927 WAT  15407 15409     3  3927  3598    
 3928 WAT  15410 15412     3  3928  3599    
 3929 WAT  15413 15415     3  3929  3600    
 3930 WAT  15416 15418     3  3930  3601    
 3931 WAT  15419 15421     3  3931  3602    
 3932 WAT  15422 15424     3  3932  3603    
 3933 WAT  15425 15427     3  3933  3604    
 3934 WAT  15428 15430     3  3934  3605    
 3935 WAT  15431 15433     3  3935  3606    
 3936 WAT  15434 15436     3  3936  3607    
 3937 WAT  15437 15439     3  3937  3608    
 3938 WAT  15440 15442     3  3938  3609    
 3939 WAT  15443 15445     3  3939  3610    
 3940 WAT  15446 15448     3  3940  3611    
 3941 WAT  15449 15451     3  3941  3612    
 3942 WAT  15452 15454     3  3942  3613    
 3943 WAT  15455 15457     3  3943  3614    
 3944 WAT  15458 15460     3  3944  3615    
 3945 WAT  15461 15463     3  3945  3616    
 3946 WAT  15464 15466     3  3946  3617    
 3947 WAT  15467 15469     3  3947  3618    
 3948 WAT  15470 15472     3  3948  3619    
 3949 WAT  15473 15475     3  3949  3620    
 3950 WAT  15476 15478     3  3950  3621    
 3951 WAT  15479 15481     3  3951  3622    
 3952 WAT  15482 15484     3  3952  3623    
 3953 WAT  15485 15487     3  3953  3624    
 3954 WAT  15488 15490     3  3954  3625    
 3955 WAT  15491 15493     3  3955  3626    
 3956 WAT  15494 15496     3  3956  3627    
 3957 WAT  15497 15499     3  3957  3628    
 3958 WAT  15500 15502     3  3958  3629    
 3959 WAT  15503 15505     3  3959  3630    
 3960 WAT  15506 15508     3  3960  3631    
 3961 WAT  15509 15511     3  3961  3632    
 3962 WAT  15512 15514     3  3962  3633    
 3963 WAT  15515 15517     3  3963  3634    
 3964 WAT  15518 15520     3  3964  3635    
 3965 WAT  15521 15523     3  3965  3636    
 3966 WAT  15524 15526     3  3966  3637    
 3967 WAT  15527 15529     3  3967  3638    
 3968 WAT  15530 15532     3  3968  3639    
 3969 WAT  15533 15535     3  3969  3640    
 3970 WAT  15536 15538     3  3970  3641    
 3971 WAT  15539 15541     3  3971  3642    
 3972 WAT  15542 15544     3  3972  3643    
 3973 WAT  15545 15547     3  3973  3644    
 3974 WAT  15548 15550     3  3974  3645    
 3975 WAT  15551 15553     3  3975  3646    
 3976 WAT  15554 15556     3  3976  3647    
 3977 WAT  15557 15559     3  3977  3648    
 3978 WAT  15560 15562     3  3978  3649    
 3979 WAT  15563 15565     3  3979  3650    
 3980 WAT  15566 15568     3  3980  3651    
 3981 WAT  15569 15571     3  3981  3652    
 3982 WAT  15572 15574     3  3982  3653    
 3983 WAT  15575 15577     3  3983  3654    
 3984 WAT  15578 15580     3  3984  3655    
 3985 WAT  15581 15583     3  3985  3656    
 3986 WAT  15584 15586     3  3986  3657    
 3987 WAT  15587 15589     3  3987  3658    
 3988 WAT  15590 15592     3  3988  3659    
 3989 WAT  15593 15595     3  3989  3660    
 3990 WAT  15596 15598     3  3990  3661    
 3991 WAT  15599 15601     3  3991  3662    
 3992 WAT  15602 15604     3  3992  3663    
 3993 WAT  15605 15607     3  3993  3664    
 3994 WAT  15608 15610     3  3994  3665    
 3995 WAT  15611 15613     3  3995  3666    
 3996 WAT  15614 15616     3  3996  3667    
 3997 WAT  15617 15619     3  3997  3668    
 3998 WAT  15620 15622     3  3998  3669    
 3999 WAT  15623 15625     3  3999  3670    
 4000 WAT  15626 15628     3  4000  3671    
 4001 WAT  15629 15631     3  4001  3672    
 4002 WAT  15632 15634     3  4002  3673    
 4003 WAT  15635 15637     3  4003  3674    
 4004 WAT  15638 15640     3  4004  3675    
 4005 WAT  15641 15643     3  4005  3676    
 4006 WAT  15644 15646     3  4006  3677    
 4007 WAT  15647 15649     3  4007  3678    
 4008 WAT  15650 15652     3  4008  3679    
 4009 WAT  15653 15655     3  4009  3680    
 4010 WAT  15656 15658     3  4010  3681    
 4011 WAT  15659 15661     3  4011  3682    
 4012 WAT  15662 15664     3  4012  3683    
 4013 WAT  15665 15667     3  4013  3684    
 4014 WAT  15668 15670     3  4014  3685    
 4015 WAT  15671 15673     3  4015  3686    
 4016 WAT  15674 15676     3  4016  3687    
 4017 WAT  15677 15679     3  4017  3688    
 4018 WAT  15680 15682     3  4018  3689    
 4019 WAT  15683 15685     3  4019  3690    
 4020 WAT  15686 15688     3  4020  3691    
 4021 WAT  15689 15691     3  4021  3692    
 4022 WAT  15692 15694     3  4022  3693    
 4023 WAT  15695 15697     3  4023  3694    
 4024 WAT  15698 15700     3  4024  3695    
 4025 WAT  15701 15703     3  4025  3696    
 4026 WAT  15704 15706     3  4026  3697    
 4027 WAT  15707 15709     3  4027  3698    
 4028 WAT  15710 15712     3  4028  3699    
 4029 WAT  15713 15715     3  4029  3700    
 4030 WAT  15716 15718     3  4030  3701    
 4031 WAT  15719 15721     3  4031  3702    
 4032 WAT  15722 15724     3  4032  3703    
 4033 WAT  15725 15727     3  4033  3704    
 4034 WAT  15728 15730     3  4034  3705    
 4035 WAT  15731 15733     3  4035  3706    
 4036 WAT  15734 15736     3  4036  3707    
 4037 WAT  15737 15739     3  4037  3708    
 4038 WAT  15740 15742     3  4038  3709    
 4039 WAT  15743 15745     3  4039  3710    
 4040 WAT  15746 15748     3  4040  3711    
 4041 WAT  15749 15751     3  4041  3712    
 4042 WAT  15752 15754     3  4042  3713    
 4043 WAT  15755 15757     3  4043  3714    
 4044 WAT  15758 15760     3  4044  3715    
 4045 WAT  15761 15763     3  4045  3716    
 4046 WAT  15764 15766     3  4046  3717    
 4047 WAT  15767 15769     3  4047  3718    
 4048 WAT  15770 15772     3  4048  3719    
 4049 WAT  15773 15775     3  4049  3720    
 4050 WAT  15776 15778     3  4050  3721    
 4051 WAT  15779 15781     3  4051  3722    
 4052 WAT  15782 15784     3  4052  3723    
 4053 WAT  15785 15787     3  4053  3724    
 4054 WAT  15788 15790     3  4054  3725    
 4055 WAT  15791 15793     3  4055  3726    
 4056 WAT  15794 15796     3  4056  3727    
 4057 WAT  15797 15799     3  4057  3728    
 4058 WAT  15800 15802     3  4058  3729    
 4059 WAT  15803 15805     3  4059  3730    
 4060 WAT  15806 15808     3  4060  3731    
 4061 WAT  15809 15811     3  4061  3732    
 4062 WAT  15812 15814     3  4062  3733    
 4063 WAT  15815 15817     3  4063  3734    
 4064 WAT  15818 15820     3  4064  3735    
 4065 WAT  15821 15823     3  4065  3736    
 4066 WAT  15824 15826     3  4066  3737    
 4067 WAT  15827 15829     3  4067  3738    
 4068 WAT  15830 15832     3  4068  3739    
 4069 WAT  15833 15835     3  4069  3740    
 4070 WAT  15836 15838     3  4070  3741    
 4071 WAT  15839 15841     3  4071  3742    
 4072 WAT  15842 15844     3  4072  3743    
 4073 WAT  15845 15847     3  4073  3744    
 4074 WAT  15848 15850     3  4074  3745    
 4075 WAT  15851 15853     3  4075  3746    
 4076 WAT  15854 15856     3  4076  3747    
 4077 WAT  15857 15859     3  4077  3748    
 4078 WAT  15860 15862     3  4078  3749    
 4079 WAT  15863 15865     3  4079  3750    
 4080 WAT  15866 15868     3  4080  3751    
 4081 WAT  15869 15871     3  4081  3752    
 4082 WAT  15872 15874     3  4082  3753    
 4083 WAT  15875 15877     3  4083  3754    
 4084 WAT  15878 15880     3  4084  3755    
 4085 WAT  15881 15883     3  4085  3756    
 4086 WAT  15884 15886     3  4086  3757    
 4087 WAT  15887 15889     3  4087  3758    
 4088 WAT  15890 15892     3  4088  3759    
 4089 WAT  15893 15895     3  4089  3760    
 4090 WAT  15896 15898     3  4090  3761    
 4091 WAT  15899 15901     3  4091  3762    
 4092 WAT  15902 15904     3  4092  3763    
 4093 WAT  15905 15907     3  4093  3764    
 4094 WAT  15908 15910     3  4094  3765    
 4095 WAT  15911 15913     3  4095  3766    
 4096 WAT  15914 15916     3  4096  3767    
 4097 WAT  15917 15919     3  4097  3768    
 4098 WAT  15920 15922     3  4098  3769    
 4099 WAT  15923 15925     3  4099  3770    
 4100 WAT  15926 15928     3  4100  3771    
 4101 WAT  15929 15931     3  4101  3772    
 4102 WAT  15932 15934     3  4102  3773    
 4103 WAT  15935 15937     3  4103  3774    
 4104 WAT  15938 15940     3  4104  3775    
 4105 WAT  15941 15943     3  4105  3776    
 4106 WAT  15944 15946     3  4106  3777    
 4107 WAT  15947 15949     3  4107  3778    
 4108 WAT  15950 15952     3  4108  3779    
 4109 WAT  15953 15955     3  4109  3780    
 4110 WAT  15956 15958     3  4110  3781    
 4111 WAT  15959 15961     3  4111  3782    
 4112 WAT  15962 15964     3  4112  3783    
 4113 WAT  15965 15967     3  4113  3784    
 4114 WAT  15968 15970     3  4114  3785    
 4115 WAT  15971 15973     3  4115  3786    
 4116 WAT  15974 15976     3  4116  3787    
 4117 WAT  15977 15979     3  4117  3788    
 4118 WAT  15980 15982     3  4118  3789    
 4119 WAT  15983 15985     3  4119  3790    
 4120 WAT  15986 15988     3  4120  3791    
 4121 WAT  15989 15991     3  4121  3792    
 4122 WAT  15992 15994     3  4122  3793    
 4123 WAT  15995 15997     3  4123  3794    
 4124 WAT  15998 16000     3  4124  3795    
 4125 WAT  16001 16003     3  4125  3796    
 4126 WAT  16004 16006     3  4126  3797    
 4127 WAT  16007 16009     3  4127  3798    
 4128 WAT  16010 16012     3  4128  3799    
 4129 WAT  16013 16015     3  4129  3800    
 4130 WAT  16016 16018     3  4130  3801    
 4131 WAT  16019 16021     3  4131  3802    
 4132 WAT  16022 16024     3  4132  3803    
 4133 WAT  16025 16027     3  4133  3804    
 4134 WAT  16028 16030     3  4134  3805    
 4135 WAT  16031 16033     3  4135  3806    
 4136 WAT  16034 16036     3  4136  3807    
 4137 WAT  16037 16039     3  4137  3808    
 4138 WAT  16040 16042     3  4138  3809    
 4139 WAT  16043 16045     3  4139  3810    
 4140 WAT  16046 16048     3  4140  3811    
 4141 WAT  16049 16051     3  4141  3812    
 4142 WAT  16052 16054     3  4142  3813    
 4143 WAT  16055 16057     3  4143  3814    
 4144 WAT  16058 16060     3  4144  3815    
 4145 WAT  16061 16063     3  4145  3816    
 4146 WAT  16064 16066     3  4146  3817    
 4147 WAT  16067 16069     3  4147  3818    
 4148 WAT  16070 16072     3  4148  3819    
 4149 WAT  16073 16075     3  4149  3820    
 4150 WAT  16076 16078     3  4150  3821    
 4151 WAT  16079 16081     3  4151  3822    
 4152 WAT  16082 16084     3  4152  3823    
 4153 WAT  16085 16087     3  4153  3824    
 4154 WAT  16088 16090     3  4154  3825    
 4155 WAT  16091 16093     3  4155  3826    
 4156 WAT  16094 16096     3  4156  3827    
 4157 WAT  16097 16099     3  4157  3828    
 4158 WAT  16100 16102     3  4158  3829    
 4159 WAT  16103 16105     3  4159  3830    
 4160 WAT  16106 16108     3  4160  3831    
 4161 WAT  16109 16111     3  4161  3832    
 4162 WAT  16112 16114     3  4162  3833    
 4163 WAT  16115 16117     3  4163  3834    
 4164 WAT  16118 16120     3  4164  3835    
 4165 WAT  16121 16123     3  4165  3836    
 4166 WAT  16124 16126     3  4166  3837    
 4167 WAT  16127 16129     3  4167  3838    
 4168 WAT  16130 16132     3  4168  3839    
 4169 WAT  16133 16135     3  4169  3840    
 4170 WAT  16136 16138     3  4170  3841    
 4171 WAT  16139 16141     3  4171  3842    
 4172 WAT  16142 16144     3  4172  3843    
 4173 WAT  16145 16147     3  4173  3844    
 4174 WAT  16148 16150     3  4174  3845    
 4175 WAT  16151 16153     3  4175  3846    
 4176 WAT  16154 16156     3  4176  3847    
 4177 WAT  16157 16159     3  4177  3848    
 4178 WAT  16160 16162     3  4178  3849    
 4179 WAT  16163 16165     3  4179  3850    
 4180 WAT  16166 16168     3  4180  3851    
 4181 WAT  16169 16171     3  4181  3852    
 4182 WAT  16172 16174     3  4182  3853    
 4183 WAT  16175 16177     3  4183  3854    
 4184 WAT  16178 16180     3  4184  3855    
 4185 WAT  16181 16183     3  4185  3856    
 4186 WAT  16184 16186     3  4186  3857    
 4187 WAT  16187 16189     3  4187  3858    
 4188 WAT  16190 16192     3  4188  3859    
 4189 WAT  16193 16195     3  4189  3860    
 4190 WAT  16196 16198     3  4190  3861    
 4191 WAT  16199 16201     3  4191  3862    
 4192 WAT  16202 16204     3  4192  3863    
 4193 WAT  16205 16207     3  4193  3864    
 4194 WAT  16208 16210     3  4194  3865    
 4195 WAT  16211 16213     3  4195  3866    
 4196 WAT  16214 16216     3  4196  3867    
 4197 WAT  16217 16219     3  4197  3868    
 4198 WAT  16220 16222     3  4198  3869    
 4199 WAT  16223 16225     3  4199  3870    
 4200 WAT  16226 16228     3  4200  3871    
 4201 WAT  16229 16231     3  4201  3872    
 4202 WAT  16232 16234     3  4202  3873    
 4203 WAT  16235 16237     3  4203  3874    
 4204 WAT  16238 16240     3  4204  3875    
 4205 WAT  16241 16243     3  4205  3876    
 4206 WAT  16244 16246     3  4206  3877    
 4207 WAT  16247 16249     3  4207  3878    
 4208 WAT  16250 16252     3  4208  3879    
 4209 WAT  16253 16255     3  4209  3880    
 4210 WAT  16256 16258     3  4210  3881    
 4211 WAT  16259 16261     3  4211  3882    
 4212 WAT  16262 16264     3  4212  3883    
 4213 WAT  16265 16267     3  4213  3884    
 4214 WAT  16268 16270     3  4214  3885    
 4215 WAT  16271 16273     3  4215  3886    
 4216 WAT  16274 16276     3  4216  3887    
 4217 WAT  16277 16279     3  4217  3888    
 4218 WAT  16280 16282     3  4218  3889    
 4219 WAT  16283 16285     3  4219  3890    
 4220 WAT  16286 16288     3  4220  3891    
 4221 WAT  16289 16291     3  4221  3892    
 4222 WAT  16292 16294     3  4222  3893    
 4223 WAT  16295 16297     3  4223  3894    
 4224 WAT  16298 16300     3  4224  3895    
 4225 WAT  16301 16303     3  4225  3896    
 4226 WAT  16304 16306     3  4226  3897    
 4227 WAT  16307 16309     3  4227  3898    
 4228 WAT  16310 16312     3  4228  3899    
 4229 WAT  16313 16315     3  4229  3900    
 4230 WAT  16316 16318     3  4230  3901    
 4231 WAT  16319 16321     3  4231  3902    
 4232 WAT  16322 16324     3  4232  3903    
 4233 WAT  16325 16327     3  4233  3904    
 4234 WAT  16328 16330     3  4234  3905    
 4235 WAT  16331 16333     3  4235  3906    
 4236 WAT  16334 16336     3  4236  3907    
 4237 WAT  16337 16339     3  4237  3908    
 4238 WAT  16340 16342     3  4238  3909    
 4239 WAT  16343 16345     3  4239  3910    
 4240 WAT  16346 16348     3  4240  3911    
 4241 WAT  16349 16351     3  4241  3912    
 4242 WAT  16352 16354     3  4242  3913    
 4243 WAT  16355 16357     3  4243  3914    
 4244 WAT  16358 16360     3  4244  3915    
 4245 WAT  16361 16363     3  4245  3916    
 4246 WAT  16364 16366     3  4246  3917    
 4247 WAT  16367 16369     3  4247  3918    
 4248 WAT  16370 16372     3  4248  3919    
 4249 WAT  16373 16375     3  4249  3920    
 4250 WAT  16376 16378     3  4250  3921    
 4251 WAT  16379 16381     3  4251  3922    
 4252 WAT  16382 16384     3  4252  3923    
 4253 WAT  16385 16387     3  4253  3924    
 4254 WAT  16388 16390     3  4254  3925    
 4255 WAT  16391 16393     3  4255  3926    
 4256 WAT  16394 16396     3  4256  3927    
 4257 WAT  16397 16399     3  4257  3928    
 4258 WAT  16400 16402     3  4258  3929    
 4259 WAT  16403 16405     3  4259  3930    
 4260 WAT  16406 16408     3  4260  3931    
 4261 WAT  16409 16411     3  4261  3932    
 4262 WAT  16412 16414     3  4262  3933    
 4263 WAT  16415 16417     3  4263  3934    
 4264 WAT  16418 16420     3  4264  3935    
 4265 WAT  16421 16423     3  4265  3936    
 4266 WAT  16424 16426     3  4266  3937    
 4267 WAT  16427 16429     3  4267  3938    
 4268 WAT  16430 16432     3  4268  3939    
 4269 WAT  16433 16435     3  4269  3940    
 4270 WAT  16436 16438     3  4270  3941    
 4271 WAT  16439 16441     3  4271  3942    
 4272 WAT  16442 16444     3  4272  3943    
 4273 WAT  16445 16447     3  4273  3944    
 4274 WAT  16448 16450     3  4274  3945    
 4275 WAT  16451 16453     3  4275  3946    
 4276 WAT  16454 16456     3  4276  3947    
 4277 WAT  16457 16459     3  4277  3948    
 4278 WAT  16460 16462     3  4278  3949    
 4279 WAT  16463 16465     3  4279  3950    
 4280 WAT  16466 16468     3  4280  3951    
 4281 WAT  16469 16471     3  4281  3952    
 4282 WAT  16472 16474     3  4282  3953    
 4283 WAT  16475 16477     3  4283  3954    
 4284 WAT  16478 16480     3  4284  3955    
 4285 WAT  16481 16483     3  4285  3956    
 4286 WAT  16484 16486     3  4286  3957    
 4287 WAT  16487 16489     3  4287  3958    
 4288 WAT  16490 16492     3  4288  3959    
 4289 WAT  16493 16495     3  4289  3960    
 4290 WAT  16496 16498     3  4290  3961    
 4291 WAT  16499 16501     3  4291  3962    
 4292 WAT  16502 16504     3  4292  3963    
 4293 WAT  16505 16507     3  4293  3964    
 4294 WAT  16508 16510     3  4294  3965    
 4295 WAT  16511 16513     3  4295  3966    
 4296 WAT  16514 16516     3  4296  3967    
 4297 WAT  16517 16519     3  4297  3968    
 4298 WAT  16520 16522     3  4298  3969    
 4299 WAT  16523 16525     3  4299  3970    
 4300 WAT  16526 16528     3  4300  3971    
 4301 WAT  16529 16531     3  4301  3972    
 4302 WAT  16532 16534     3  4302  3973    
 4303 WAT  16535 16537     3  4303  3974    
 4304 WAT  16538 16540     3  4304  3975    
 4305 WAT  16541 16543     3  4305  3976    
 4306 WAT  16544 16546     3  4306  3977    
 4307 WAT  16547 16549     3  4307  3978    
 4308 WAT  16550 16552     3  4308  3979    
 4309 WAT  16553 16555     3  4309  3980    
 4310 WAT  16556 16558     3  4310  3981    
 4311 WAT  16559 16561     3  4311  3982    
 4312 WAT  16562 16564     3  4312  3983    
 4313 WAT  16565 16567     3  4313  3984    
 4314 WAT  16568 16570     3  4314  3985    
 4315 WAT  16571 16573     3  4315  3986    
 4316 WAT  16574 16576     3  4316  3987    
 4317 WAT  16577 16579     3  4317  3988    
 4318 WAT  16580 16582     3  4318  3989    
 4319 WAT  16583 16585     3  4319  3990    
 4320 WAT  16586 16588     3  4320  3991    
 4321 WAT  16589 16591     3  4321  3992    
 4322 WAT  16592 16594     3  4322  3993    
 4323 WAT  16595 16597     3  4323  3994    
 4324 WAT  16598 16600     3  4324  3995    
 4325 WAT  16601 16603     3  4325  3996    
 4326 WAT  16604 16606     3  4326  3997    
 4327 WAT  16607 16609     3  4327  3998    
 4328 WAT  16610 16612     3  4328  3999    
 4329 WAT  16613 16615     3  4329  4000    
 4330 WAT  16616 16618     3  4330  4001    
 4331 WAT  16619 16621     3  4331  4002    
 4332 WAT  16622 16624     3  4332  4003    
 4333 WAT  16625 16627     3  4333  4004    
 4334 WAT  16628 16630     3  4334  4005    
 4335 WAT  16631 16633     3  4335  4006    
 4336 WAT  16634 16636     3  4336  4007    
 4337 WAT  16637 16639     3  4337  4008    
 4338 WAT  16640 16642     3  4338  4009    
 4339 WAT  16643 16645     3  4339  4010    
 4340 WAT  16646 16648     3  4340  4011    
 4341 WAT  16649 16651     3  4341  4012    
 4342 WAT  16652 16654     3  4342  4013    
 4343 WAT  16655 16657     3  4343  4014    
 4344 WAT  16658 16660     3  4344  4015    
 4345 WAT  16661 16663     3  4345  4016    
 4346 WAT  16664 16666     3  4346  4017    
 4347 WAT  16667 16669     3  4347  4018    
 4348 WAT  16670 16672     3  4348  4019    
 4349 WAT  16673 16675     3  4349  4020    
 4350 WAT  16676 16678     3  4350  4021    
 4351 WAT  16679 16681     3  4351  4022    
 4352 WAT  16682 16684     3  4352  4023    
 4353 WAT  16685 16687     3  4353  4024    
 4354 WAT  16688 16690     3  4354  4025    
 4355 WAT  16691 16693     3  4355  4026    
 4356 WAT  16694 16696     3  4356  4027    
 4357 WAT  16697 16699     3  4357  4028    
 4358 WAT  16700 16702     3  4358  4029    
 4359 WAT  16703 16705     3  4359  4030    
 4360 WAT  16706 16708     3  4360  4031    
 4361 WAT  16709 16711     3  4361  4032    
 4362 WAT  16712 16714     3  4362  4033    
 4363 WAT  16715 16717     3  4363  4034    
 4364 WAT  16718 16720     3  4364  4035    
 4365 WAT  16721 16723     3  4365  4036    
 4366 WAT  16724 16726     3  4366  4037    
 4367 WAT  16727 16729     3  4367  4038    
 4368 WAT  16730 16732     3  4368  4039    
 4369 WAT  16733 16735     3  4369  4040    
 4370 WAT  16736 16738     3  4370  4041    
 4371 WAT  16739 16741     3  4371  4042    
 4372 WAT  16742 16744     3  4372  4043    
 4373 WAT  16745 16747     3  4373  4044    
 4374 WAT  16748 16750     3  4374  4045    
 4375 WAT  16751 16753     3  4375  4046    
 4376 WAT  16754 16756     3  4376  4047    
 4377 WAT  16757 16759     3  4377  4048    
 4378 WAT  16760 16762     3  4378  4049    
 4379 WAT  16763 16765     3  4379  4050    
 4380 WAT  16766 16768     3  4380  4051    
 4381 WAT  16769 16771     3  4381  4052    
 4382 WAT  16772 16774     3  4382  4053    
 4383 WAT  16775 16777     3  4383  4054    
 4384 WAT  16778 16780     3  4384  4055    
 4385 WAT  16781 16783     3  4385  4056    
 4386 WAT  16784 16786     3  4386  4057    
 4387 WAT  16787 16789     3  4387  4058    
 4388 WAT  16790 16792     3  4388  4059    
 4389 WAT  16793 16795     3  4389  4060    
 4390 WAT  16796 16798     3  4390  4061    
 4391 WAT  16799 16801     3  4391  4062    
 4392 WAT  16802 16804     3  4392  4063    
 4393 WAT  16805 16807     3  4393  4064    
 4394 WAT  16808 16810     3  4394  4065    
 4395 WAT  16811 16813     3  4395  4066    
 4396 WAT  16814 16816     3  4396  4067    
 4397 WAT  16817 16819     3  4397  4068    
 4398 WAT  16820 16822     3  4398  4069    
 4399 WAT  16823 16825     3  4399  4070    
 4400 WAT  16826 16828     3  4400  4071    
 4401 WAT  16829 16831     3  4401  4072    
 4402 WAT  16832 16834     3  4402  4073    
 4403 WAT  16835 16837     3  4403  4074    
 4404 WAT  16838 16840     3  4404  4075    
 4405 WAT  16841 16843     3  4405  4076    
 4406 WAT  16844 16846     3  4406  4077    
 4407 WAT  16847 16849     3  4407  4078    
 4408 WAT  16850 16852     3  4408  4079    
 4409 WAT  16853 16855     3  4409  4080    
 4410 WAT  16856 16858     3  4410  4081    
 4411 WAT  16859 16861     3  4411  4082    
 4412 WAT  16862 16864     3  4412  4083    
 4413 WAT  16865 16867     3  4413  4084    
 4414 WAT  16868 16870     3  4414  4085    
 4415 WAT  16871 16873     3  4415  4086    
 4416 WAT  16874 16876     3  4416  4087    
 4417 WAT  16877 16879     3  4417  4088    
 4418 WAT  16880 16882     3  4418  4089    
 4419 WAT  16883 16885     3  4419  4090    
 4420 WAT  16886 16888     3  4420  4091    
 4421 WAT  16889 16891     3  4421  4092    
 4422 WAT  16892 16894     3  4422  4093    
 4423 WAT  16895 16897     3  4423  4094    
 4424 WAT  16898 16900     3  4424  4095    
 4425 WAT  16901 16903     3  4425  4096    
 4426 WAT  16904 16906     3  4426  4097    
 4427 WAT  16907 16909     3  4427  4098    
 4428 WAT  16910 16912     3  4428  4099    
 4429 WAT  16913 16915     3  4429  4100    
 4430 WAT  16916 16918     3  4430  4101    
 4431 WAT  16919 16921     3  4431  4102    
 4432 WAT  16922 16924     3  4432  4103    
 4433 WAT  16925 16927     3  4433  4104    
 4434 WAT  16928 16930     3  4434  4105    
 4435 WAT  16931 16933     3  4435  4106    
 4436 WAT  16934 16936     3  4436  4107    
 4437 WAT  16937 16939     3  4437  4108    
 4438 WAT  16940 16942     3  4438  4109    
 4439 WAT  16943 16945     3  4439  4110    
 4440 WAT  16946 16948     3  4440  4111    
 4441 WAT  16949 16951     3  4441  4112    
 4442 WAT  16952 16954     3  4442  4113    
 4443 WAT  16955 16957     3  4443  4114    
 4444 WAT  16958 16960     3  4444  4115    
 4445 WAT  16961 16963     3  4445  4116    
 4446 WAT  16964 16966     3  4446  4117    
 4447 WAT  16967 16969     3  4447  4118    
 4448 WAT  16970 16972     3  4448  4119    
 4449 WAT  16973 16975     3  4449  4120    
 4450 WAT  16976 16978     3  4450  4121    
 4451 WAT  16979 16981     3  4451  4122    
 4452 WAT  16982 16984     3  4452  4123    
 4453 WAT  16985 16987     3  4453  4124    
 4454 WAT  16988 16990     3  4454  4125    
 4455 WAT  16991 16993     3  4455  4126    
 4456 WAT  16994 16996     3  4456  4127    
 4457 WAT  16997 16999     3  4457  4128    
 4458 WAT  17000 17002     3  4458  4129    
 4459 WAT  17003 17005     3  4459  4130    
 4460 WAT  17006 17008     3  4460  4131    
 4461 WAT  17009 17011     3  4461  4132    
 4462 WAT  17012 17014     3  4462  4133    
 4463 WAT  17015 17017     3  4463  4134    
 4464 WAT  17018 17020     3  4464  4135    
 4465 WAT  17021 17023     3  4465  4136    
 4466 WAT  17024 17026     3  4466  4137    
 4467 WAT  17027 17029     3  4467  4138    
 4468 WAT  17030 17032     3  4468  4139    
 4469 WAT  17033 17035     3  4469  4140    
 4470 WAT  17036 17038     3  4470  4141    
 4471 WAT  17039 17041     3  4471  4142    
 4472 WAT  17042 17044     3  4472  4143    
 4473 WAT  17045 17047     3  4473  4144    
 4474 WAT  17048 17050     3  4474  4145    
 4475 WAT  17051 17053     3  4475  4146    
 4476 WAT  17054 17056     3  4476  4147    
 4477 WAT  17057 17059     3  4477  4148    
 4478 WAT  17060 17062     3  4478  4149    
 4479 WAT  17063 17065     3  4479  4150    
 4480 WAT  17066 17068     3  4480  4151    
 4481 WAT  17069 17071     3  4481  4152    
 4482 WAT  17072 17074     3  4482  4153    
 4483 WAT  17075 17077     3  4483  4154    
 4484 WAT  17078 17080     3  4484  4155    
 4485 WAT  17081 17083     3  4485  4156    
 4486 WAT  17084 17086     3  4486  4157    
 4487 WAT  17087 17089     3  4487  4158    
 4488 WAT  17090 17092     3  4488  4159    
 4489 WAT  17093 17095     3  4489  4160    
 4490 WAT  17096 17098     3  4490  4161    
 4491 WAT  17099 17101     3  4491  4162    
 4492 WAT  17102 17104     3  4492  4163    
 4493 WAT  17105 17107     3  4493  4164    
 4494 WAT  17108 17110     3  4494  4165    
 4495 WAT  17111 17113     3  4495  4166    
 4496 WAT  17114 17116     3  4496  4167    
 4497 WAT  17117 17119     3  4497  4168    
 4498 WAT  17120 17122     3  4498  4169    
 4499 WAT  17123 17125     3  4499  4170    
 4500 WAT  17126 17128     3  4500  4171    
 4501 WAT  17129 17131     3  4501  4172    
 4502 WAT  17132 17134     3  4502  4173    
 4503 WAT  17135 17137     3  4503  4174    
 4504 WAT  17138 17140     3  4504  4175    
 4505 WAT  17141 17143     3  4505  4176    
 4506 WAT  17144 17146     3  4506  4177    
 4507 WAT  17147 17149     3  4507  4178    
 4508 WAT  17150 17152     3  4508  4179    
 4509 WAT  17153 17155     3  4509  4180    
 4510 WAT  17156 17158     3  4510  4181    
 4511 WAT  17159 17161     3  4511  4182    
 4512 WAT  17162 17164     3  4512  4183    
 4513 WAT  17165 17167     3  4513  4184    
 4514 WAT  17168 17170     3  4514  4185    
 4515 WAT  17171 17173     3  4515  4186    
 4516 WAT  17174 17176     3  4516  4187    
 4517 WAT  17177 17179     3  4517  4188    
 4518 WAT  17180 17182     3  4518  4189    
 4519 WAT  17183 17185     3  4519  4190    
 4520 WAT  17186 17188     3  4520  4191    
 4521 WAT  17189 17191     3  4521  4192    
 4522 WAT  17192 17194     3  4522  4193    
 4523 WAT  17195 17197     3  4523  4194    
 4524 WAT  17198 17200     3  4524  4195    
 4525 WAT  17201 17203     3  4525  4196    
 4526 WAT  17204 17206     3  4526  4197    
 4527 WAT  17207 17209     3  4527  4198    
 4528 WAT  17210 17212     3  4528  4199    
 4529 WAT  17213 17215     3  4529  4200    
 4530 WAT  17216 17218     3  4530  4201    
 4531 WAT  17219 17221     3  4531  4202    
 4532 WAT  17222 17224     3  4532  4203    
 4533 WAT  17225 17227     3  4533  4204    
 4534 WAT  17228 17230     3  4534  4205    
 4535 WAT  17231 17233     3  4535  4206    
 4536 WAT  17234 17236     3  4536  4207    
 4537 WAT  17237 17239     3  4537  4208    
 4538 WAT  17240 17242     3  4538  4209    
 4539 WAT  17243 17245     3  4539  4210    
 4540 WAT  17246 17248     3  4540  4211    
 4541 WAT  17249 17251     3  4541  4212    
 4542 WAT  17252 17254     3  4542  4213    
 4543 WAT  17255 17257     3  4543  4214    
 4544 WAT  17258 17260     3  4544  4215    
 4545 WAT  17261 17263     3  4545  4216    
 4546 WAT  17264 17266     3  4546  4217    
 4547 WAT  17267 17269     3  4547  4218    
 4548 WAT  17270 17272     3  4548  4219    
 4549 WAT  17273 17275     3  4549  4220    
 4550 WAT  17276 17278     3  4550  4221    
 4551 WAT  17279 17281     3  4551  4222    
 4552 WAT  17282 17284     3  4552  4223    
 4553 WAT  17285 17287     3  4553  4224    
 4554 WAT  17288 17290     3  4554  4225    
 4555 WAT  17291 17293     3  4555  4226    
 4556 WAT  17294 17296     3  4556  4227    
 4557 WAT  17297 17299     3  4557  4228    
 4558 WAT  17300 17302     3  4558  4229    
 4559 WAT  17303 17305     3  4559  4230    
 4560 WAT  17306 17308     3  4560  4231    
 4561 WAT  17309 17311     3  4561  4232    
 4562 WAT  17312 17314     3  4562  4233    
 4563 WAT  17315 17317     3  4563  4234    
 4564 WAT  17318 17320     3  4564  4235    
 4565 WAT  17321 17323     3  4565  4236    
 4566 WAT  17324 17326     3  4566  4237    
 4567 WAT  17327 17329     3  4567  4238    
 4568 WAT  17330 17332     3  4568  4239    
 4569 WAT  17333 17335     3  4569  4240    
 4570 WAT  17336 17338     3  4570  4241    
 4571 WAT  17339 17341     3  4571  4242    
 4572 WAT  17342 17344     3  4572  4243    
 4573 WAT  17345 17347     3  4573  4244    
 4574 WAT  17348 17350     3  4574  4245    
 4575 WAT  17351 17353     3  4575  4246    
 4576 WAT  17354 17356     3  4576  4247    
 4577 WAT  17357 17359     3  4577  4248    
 4578 WAT  17360 17362     3  4578  4249    
 4579 WAT  17363 17365     3  4579  4250    
 4580 WAT  17366 17368     3  4580  4251    
 4581 WAT  17369 17371     3  4581  4252    
 4582 WAT  17372 17374     3  4582  4253    
 4583 WAT  17375 17377     3  4583  4254    
 4584 WAT  17378 17380     3  4584  4255    
 4585 WAT  17381 17383     3  4585  4256    
 4586 WAT  17384 17386     3  4586  4257    
 4587 WAT  17387 17389     3  4587  4258    
 4588 WAT  17390 17392     3  4588  4259    
 4589 WAT  17393 17395     3  4589  4260    
 4590 WAT  17396 17398     3  4590  4261    
 4591 WAT  17399 17401     3  4591  4262    
 4592 WAT  17402 17404     3  4592  4263    
 4593 WAT  17405 17407     3  4593  4264    
 4594 WAT  17408 17410     3  4594  4265    
 4595 WAT  17411 17413     3  4595  4266    
 4596 WAT  17414 17416     3  4596  4267    
 4597 WAT  17417 17419     3  4597  4268    
 4598 WAT  17420 17422     3  4598  4269    
 4599 WAT  17423 17425     3  4599  4270    
 4600 WAT  17426 17428     3  4600  4271    
 4601 WAT  17429 17431     3  4601  4272    
 4602 WAT  17432 17434     3  4602  4273    
 4603 WAT  17435 17437     3  4603  4274    
 4604 WAT  17438 17440     3  4604  4275    
 4605 WAT  17441 17443     3  4605  4276    
 4606 WAT  17444 17446     3  4606  4277    
 4607 WAT  17447 17449     3  4607  4278    
 4608 WAT  17450 17452     3  4608  4279    
 4609 WAT  17453 17455     3  4609  4280    
 4610 WAT  17456 17458     3  4610  4281    
 4611 WAT  17459 17461     3  4611  4282    
 4612 WAT  17462 17464     3  4612  4283    
 4613 WAT  17465 17467     3  4613  4284    
 4614 WAT  17468 17470     3  4614  4285    
 4615 WAT  17471 17473     3  4615  4286    
 4616 WAT  17474 17476     3  4616  4287    
 4617 WAT  17477 17479     3  4617  4288    
 4618 WAT  17480 17482     3  4618  4289    
 4619 WAT  17483 17485     3  4619  4290    
 4620 WAT  17486 17488     3  4620  4291    
 4621 WAT  17489 17491     3  4621  4292    
 4622 WAT  17492 17494     3  4622  4293    
 4623 WAT  17495 17497     3  4623  4294    
 4624 WAT  17498 17500     3  4624  4295    
 4625 WAT  17501 17503     3  4625  4296    
 4626 WAT  17504 17506     3  4626  4297    
 4627 WAT  17507 17509     3  4627  4298    
 4628 WAT  17510 17512     3  4628  4299    
 4629 WAT  17513 17515     3  4629  4300    
 4630 WAT  17516 17518     3  4630  4301    
 4631 WAT  17519 17521     3  4631  4302    
 4632 WAT  17522 17524     3  4632  4303    
 4633 WAT  17525 17527     3  4633  4304    
 4634 WAT  17528 17530     3  4634  4305    
 4635 WAT  17531 17533     3  4635  4306    
 4636 WAT  17534 17536     3  4636  4307    
 4637 WAT  17537 17539     3  4637  4308    
 4638 WAT  17540 17542     3  4638  4309    
 4639 WAT  17543 17545     3  4639  4310    
 4640 WAT  17546 17548     3  4640  4311    
 4641 WAT  17549 17551     3  4641  4312    
 4642 WAT  17552 17554     3  4642  4313    
 4643 WAT  17555 17557     3  4643  4314    
 4644 WAT  17558 17560     3  4644  4315    
 4645 WAT  17561 17563     3  4645  4316    
 4646 WAT  17564 17566     3  4646  4317    
 4647 WAT  17567 17569     3  4647  4318    
 4648 WAT  17570 17572     3  4648  4319    
 4649 WAT  17573 17575     3  4649  4320    
 4650 WAT  17576 17578     3  4650  4321    
 4651 WAT  17579 17581     3  4651  4322    
 4652 WAT  17582 17584     3  4652  4323    
 4653 WAT  17585 17587     3  4653  4324    
 4654 WAT  17588 17590     3  4654  4325    
 4655 WAT  17591 17593     3  4655  4326    
 4656 WAT  17594 17596     3  4656  4327    
 4657 WAT  17597 17599     3  4657  4328    
 4658 WAT  17600 17602     3  4658  4329    
 4659 WAT  17603 17605     3  4659  4330    
 4660 WAT  17606 17608     3  4660  4331    
 4661 WAT  17609 17611     3  4661  4332    
 4662 WAT  17612 17614     3  4662  4333    
 4663 WAT  17615 17617     3  4663  4334    
 4664 WAT  17618 17620     3  4664  4335    
 4665 WAT  17621 17623     3  4665  4336    
 4666 WAT  17624 17626     3  4666  4337    
 4667 WAT  17627 17629     3  4667  4338    
 4668 WAT  17630 17632     3  4668  4339    
 4669 WAT  17633 17635     3  4669  4340    
 4670 WAT  17636 17638     3  4670  4341    
 4671 WAT  17639 17641     3  4671  4342    
 4672 WAT  17642 17644     3  4672  4343    
 4673 WAT  17645 17647     3  4673  4344    
 4674 WAT  17648 17650     3  4674  4345    
 4675 WAT  17651 17653     3  4675  4346    
 4676 WAT  17654 17656     3  4676  4347    
 4677 WAT  17657 17659     3  4677  4348    
 4678 WAT  17660 17662     3  4678  4349    
 4679 WAT  17663 17665     3  4679  4350    
 4680 WAT  17666 17668     3  4680  4351    
 4681 WAT  17669 17671     3  4681  4352    
 4682 WAT  17672 17674     3  4682  4353    
 4683 WAT  17675 17677     3  4683  4354    
 4684 WAT  17678 17680     3  4684  4355    
 4685 WAT  17681 17683     3  4685  4356    
 4686 WAT  17684 17686     3  4686  4357    
 4687 WAT  17687 17689     3  4687  4358    
 4688 WAT  17690 17692     3  4688  4359    
 4689 WAT  17693 17695     3  4689  4360    
 4690 WAT  17696 17698     3  4690  4361    
 4691 WAT  17699 17701     3  4691  4362    
 4692 WAT  17702 17704     3  4692  4363    
 4693 WAT  17705 17707     3  4693  4364    
 4694 WAT  17708 17710     3  4694  4365    
 4695 WAT  17711 17713     3  4695  4366    
 4696 WAT  17714 17716     3  4696  4367    
 4697 WAT  17717 17719     3  4697  4368    
 4698 WAT  17720 17722     3  4698  4369    
 4699 WAT  17723 17725     3  4699  4370    
 4700 WAT  17726 17728     3  4700  4371    
 4701 WAT  17729 17731     3  4701  4372    
 4702 WAT  17732 17734     3  4702  4373    
 4703 WAT  17735 17737     3  4703  4374    
 4704 WAT  17738 17740     3  4704  4375    
 4705 WAT  17741 17743     3  4705  4376    
 4706 WAT  17744 17746     3  4706  4377    
 4707 WAT  17747 17749     3  4707  4378    
 4708 WAT  17750 17752     3  4708  4379    
 4709 WAT  17753 17755     3  4709  4380    
 4710 WAT  17756 17758     3  4710  4381    
 4711 WAT  17759 17761     3  4711  4382    
 4712 WAT  17762 17764     3  4712  4383    
 4713 WAT  17765 17767     3  4713  4384    
 4714 WAT  17768 17770     3  4714  4385    
 4715 WAT  17771 17773     3  4715  4386    
 4716 WAT  17774 17776     3  4716  4387    
 4717 WAT  17777 17779     3  4717  4388    
 4718 WAT  17780 17782     3  4718  4389    
 4719 WAT  17783 17785     3  4719  4390    
 4720 WAT  17786 17788     3  4720  4391    
 4721 WAT  17789 17791     3  4721  4392    
 4722 WAT  17792 17794     3  4722  4393    
 4723 WAT  17795 17797     3  4723  4394    
 4724 WAT  17798 17800     3  4724  4395    
 4725 WAT  17801 17803     3  4725  4396    
 4726 WAT  17804 17806     3  4726  4397    
 4727 WAT  17807 17809     3  4727  4398    
 4728 WAT  17810 17812     3  4728  4399    
 4729 WAT  17813 17815     3  4729  4400    
 4730 WAT  17816 17818     3  4730  4401    
 4731 WAT  17819 17821     3  4731  4402    
 4732 WAT  17822 17824     3  4732  4403    
 4733 WAT  17825 17827     3  4733  4404    
 4734 WAT  17828 17830     3  4734  4405    
 4735 WAT  17831 17833     3  4735  4406    
 4736 WAT  17834 17836     3  4736  4407    
 4737 WAT  17837 17839     3  4737  4408    
 4738 WAT  17840 17842     3  4738  4409    
 4739 WAT  17843 17845     3  4739  4410    
 4740 WAT  17846 17848     3  4740  4411    
 4741 WAT  17849 17851     3  4741  4412    
 4742 WAT  17852 17854     3  4742  4413    
 4743 WAT  17855 17857     3  4743  4414    
 4744 WAT  17858 17860     3  4744  4415    
 4745 WAT  17861 17863     3  4745  4416    
 4746 WAT  17864 17866     3  4746  4417    
 4747 WAT  17867 17869     3  4747  4418    
 4748 WAT  17870 17872     3  4748  4419    
 4749 WAT  17873 17875     3  4749  4420    
 4750 WAT  17876 17878     3  4750  4421    
 4751 WAT  17879 17881     3  4751  4422    
 4752 WAT  17882 17884     3  4752  4423    
 4753 WAT  17885 17887     3  4753  4424    
 4754 WAT  17888 17890     3  4754  4425    
 4755 WAT  17891 17893     3  4755  4426    
 4756 WAT  17894 17896     3  4756  4427    
 4757 WAT  17897 17899     3  4757  4428    
 4758 WAT  17900 17902     3  4758  4429    
 4759 WAT  17903 17905     3  4759  4430    
 4760 WAT  17906 17908     3  4760  4431    
 4761 WAT  17909 17911     3  4761  4432    
 4762 WAT  17912 17914     3  4762  4433    
 4763 WAT  17915 17917     3  4763  4434    
 4764 WAT  17918 17920     3  4764  4435    
 4765 WAT  17921 17923     3  4765  4436    
 4766 WAT  17924 17926     3  4766  4437    
 4767 WAT  17927 17929     3  4767  4438    
 4768 WAT  17930 17932     3  4768  4439    
 4769 WAT  17933 17935     3  4769  4440    
 4770 WAT  17936 17938     3  4770  4441    
 4771 WAT  17939 17941     3  4771  4442    
 4772 WAT  17942 17944     3  4772  4443    
 4773 WAT  17945 17947     3  4773  4444    
 4774 WAT  17948 17950     3  4774  4445    
 4775 WAT  17951 17953     3  4775  4446    
 4776 WAT  17954 17956     3  4776  4447    
 4777 WAT  17957 17959     3  4777  4448    
 4778 WAT  17960 17962     3  4778  4449    
 4779 WAT  17963 17965     3  4779  4450    
 4780 WAT  17966 17968     3  4780  4451    
 4781 WAT  17969 17971     3  4781  4452    
 4782 WAT  17972 17974     3  4782  4453    
 4783 WAT  17975 17977     3  4783  4454    
 4784 WAT  17978 17980     3  4784  4455    
 4785 WAT  17981 17983     3  4785  4456    
 4786 WAT  17984 17986     3  4786  4457    
 4787 WAT  17987 17989     3  4787  4458    
 4788 WAT  17990 17992     3  4788  4459    
 4789 WAT  17993 17995     3  4789  4460    
 4790 WAT  17996 17998     3  4790  4461    
 4791 WAT  17999 18001     3  4791  4462    
 4792 WAT  18002 18004     3  4792  4463    
 4793 WAT  18005 18007     3  4793  4464    
 4794 WAT  18008 18010     3  4794  4465    
 4795 WAT  18011 18013     3  4795  4466    
 4796 WAT  18014 18016     3  4796  4467    
 4797 WAT  18017 18019     3  4797  4468    
 4798 WAT  18020 18022     3  4798  4469    
 4799 WAT  18023 18025     3  4799  4470    
 4800 WAT  18026 18028     3  4800  4471    
 4801 WAT  18029 18031     3  4801  4472    
 4802 WAT  18032 18034     3  4802  4473    
 4803 WAT  18035 18037     3  4803  4474    
 4804 WAT  18038 18040     3  4804  4475    
 4805 WAT  18041 18043     3  4805  4476    
 4806 WAT  18044 18046     3  4806  4477    
 4807 WAT  18047 18049     3  4807  4478    
 4808 WAT  18050 18052     3  4808  4479    
 4809 WAT  18053 18055     3  4809  4480    
 4810 WAT  18056 18058     3  4810  4481    
 4811 WAT  18059 18061     3  4811  4482    
 4812 WAT  18062 18064     3  4812  4483    
 4813 WAT  18065 18067     3  4813  4484    
 4814 WAT  18068 18070     3  4814  4485    
 4815 WAT  18071 18073     3  4815  4486    
 4816 WAT  18074 18076     3  4816  4487    
 4817 WAT  18077 18079     3  4817  4488    
 4818 WAT  18080 18082     3  4818  4489    
 4819 WAT  18083 18085     3  4819  4490    
 4820 WAT  18086 18088     3  4820  4491    
 4821 WAT  18089 18091     3  4821  4492    
 4822 WAT  18092 18094     3  4822  4493    
 4823 WAT  18095 18097     3  4823  4494    
 4824 WAT  18098 18100     3  4824  4495    
 4825 WAT  18101 18103     3  4825  4496    
 4826 WAT  18104 18106     3  4826  4497    
 4827 WAT  18107 18109     3  4827  4498    
 4828 WAT  18110 18112     3  4828  4499    
 4829 WAT  18113 18115     3  4829  4500    
 4830 WAT  18116 18118     3  4830  4501    
 4831 WAT  18119 18121     3  4831  4502    
 4832 WAT  18122 18124     3  4832  4503    
 4833 WAT  18125 18127     3  4833  4504    
 4834 WAT  18128 18130     3  4834  4505    
 4835 WAT  18131 18133     3  4835  4506    
 4836 WAT  18134 18136     3  4836  4507    
 4837 WAT  18137 18139     3  4837  4508    
 4838 WAT  18140 18142     3  4838  4509    
 4839 WAT  18143 18145     3  4839  4510    
 4840 WAT  18146 18148     3  4840  4511    
 4841 WAT  18149 18151     3  4841  4512    
 4842 WAT  18152 18154     3  4842  4513    
 4843 WAT  18155 18157     3  4843  4514    
 4844 WAT  18158 18160     3  4844  4515    
 4845 WAT  18161 18163     3  4845  4516    
 4846 WAT  18164 18166     3  4846  4517    
 4847 WAT  18167 18169     3  4847  4518    
 4848 WAT  18170 18172     3  4848  4519    
 4849 WAT  18173 18175     3  4849  4520    
 4850 WAT  18176 18178     3  4850  4521    
 4851 WAT  18179 18181     3  4851  4522    
 4852 WAT  18182 18184     3  4852  4523    
 4853 WAT  18185 18187     3  4853  4524    
 4854 WAT  18188 18190     3  4854  4525    
 4855 WAT  18191 18193     3  4855  4526    
 4856 WAT  18194 18196     3  4856  4527    
 4857 WAT  18197 18199     3  4857  4528    
 4858 WAT  18200 18202     3  4858  4529    
 4859 WAT  18203 18205     3  4859  4530    
 4860 WAT  18206 18208     3  4860  4531    
 4861 WAT  18209 18211     3  4861  4532    
 4862 WAT  18212 18214     3  4862  4533    
 4863 WAT  18215 18217     3  4863  4534    
 4864 WAT  18218 18220     3  4864  4535    
 4865 WAT  18221 18223     3  4865  4536    
 4866 WAT  18224 18226     3  4866  4537    
 4867 WAT  18227 18229     3  4867  4538    
 4868 WAT  18230 18232     3  4868  4539    
 4869 WAT  18233 18235     3  4869  4540    
 4870 WAT  18236 18238     3  4870  4541    
 4871 WAT  18239 18241     3  4871  4542    
 4872 WAT  18242 18244     3  4872  4543    
 4873 WAT  18245 18247     3  4873  4544    
 4874 WAT  18248 18250     3  4874  4545    
 4875 WAT  18251 18253     3  4875  4546    
 4876 WAT  18254 18256     3  4876  4547    
 4877 WAT  18257 18259     3  4877  4548    
 4878 WAT  18260 18262     3  4878  4549    
 4879 WAT  18263 18265     3  4879  4550    
 4880 WAT  18266 18268     3  4880  4551    
 4881 WAT  18269 18271     3  4881  4552    
 4882 WAT  18272 18274     3  4882  4553    
 4883 WAT  18275 18277     3  4883  4554    
 4884 WAT  18278 18280     3  4884  4555    
 4885 WAT  18281 18283     3  4885  4556    
 4886 WAT  18284 18286     3  4886  4557    
 4887 WAT  18287 18289     3  4887  4558    
 4888 WAT  18290 18292     3  4888  4559    
 4889 WAT  18293 18295     3  4889  4560    
 4890 WAT  18296 18298     3  4890  4561    
 4891 WAT  18299 18301     3  4891  4562    
 4892 WAT  18302 18304     3  4892  4563    
 4893 WAT  18305 18307     3  4893  4564    
 4894 WAT  18308 18310     3  4894  4565    
 4895 WAT  18311 18313     3  4895  4566    
 4896 WAT  18314 18316     3  4896  4567    
 4897 WAT  18317 18319     3  4897  4568    
 4898 WAT  18320 18322     3  4898  4569    
 4899 WAT  18323 18325     3  4899  4570    
 4900 WAT  18326 18328     3  4900  4571    
 4901 WAT  18329 18331     3  4901  4572    
 4902 WAT  18332 18334     3  4902  4573    
 4903 WAT  18335 18337     3  4903  4574    
 4904 WAT  18338 18340     3  4904  4575    
 4905 WAT  18341 18343     3  4905  4576    
 4906 WAT  18344 18346     3  4906  4577    
 4907 WAT  18347 18349     3  4907  4578    
 4908 WAT  18350 18352     3  4908  4579    
 4909 WAT  18353 18355     3  4909  4580    
 4910 WAT  18356 18358     3  4910  4581    
 4911 WAT  18359 18361     3  4911  4582    
 4912 WAT  18362 18364     3  4912  4583    
 4913 WAT  18365 18367     3  4913  4584    
 4914 WAT  18368 18370     3  4914  4585    
 4915 WAT  18371 18373     3  4915  4586    
 4916 WAT  18374 18376     3  4916  4587    
 4917 WAT  18377 18379     3  4917  4588    
 4918 WAT  18380 18382     3  4918  4589    
 4919 WAT  18383 18385     3  4919  4590    
 4920 WAT  18386 18388     3  4920  4591    
 4921 WAT  18389 18391     3  4921  4592    
 4922 WAT  18392 18394     3  4922  4593    
 4923 WAT  18395 18397     3  4923  4594    
 4924 WAT  18398 18400     3  4924  4595    
 4925 WAT  18401 18403     3  4925  4596    
 4926 WAT  18404 18406     3  4926  4597    
 4927 WAT  18407 18409     3  4927  4598    
 4928 WAT  18410 18412     3  4928  4599    
 4929 WAT  18413 18415     3  4929  4600    
 4930 WAT  18416 18418     3  4930  4601    
 4931 WAT  18419 18421     3  4931  4602    
 4932 WAT  18422 18424     3  4932  4603    
 4933 WAT  18425 18427     3  4933  4604    
 4934 WAT  18428 18430     3  4934  4605    
 4935 WAT  18431 18433     3  4935  4606    
 4936 WAT  18434 18436     3  4936  4607    
 4937 WAT  18437 18439     3  4937  4608    
 4938 WAT  18440 18442     3  4938  4609    
 4939 WAT  18443 18445     3  4939  4610    
 4940 WAT  18446 18448     3  4940  4611    
 4941 WAT  18449 18451     3  4941  4612    
 4942 WAT  18452 18454     3  4942  4613    
 4943 WAT  18455 18457     3  4943  4614    
 4944 WAT  18458 18460     3  4944  4615    
 4945 WAT  18461 18463     3  4945  4616    
 4946 WAT  18464 18466     3  4946  4617    
 4947 WAT  18467 18469     3  4947  4618    
 4948 WAT  18470 18472     3  4948  4619    
 4949 WAT  18473 18475     3  4949  4620    
 4950 WAT  18476 18478     3  4950  4621    
 4951 WAT  18479 18481     3  4951  4622    
 4952 WAT  18482 18484     3  4952  4623    
 4953 WAT  18485 18487     3  4953  4624    
 4954 WAT  18488 18490     3  4954  4625    
 4955 WAT  18491 18493     3  4955  4626    
 4956 WAT  18494 18496     3  4956  4627    
 4957 WAT  18497 18499     3  4957  4628    
 4958 WAT  18500 18502     3  4958  4629    
 4959 WAT  18503 18505     3  4959  4630    
 4960 WAT  18506 18508     3  4960  4631    
 4961 WAT  18509 18511     3  4961  4632    
 4962 WAT  18512 18514     3  4962  4633    
 4963 WAT  18515 18517     3  4963  4634    
 4964 WAT  18518 18520     3  4964  4635    
 4965 WAT  18521 18523     3  4965  4636    
 4966 WAT  18524 18526     3  4966  4637    
 4967 WAT  18527 18529     3  4967  4638    
 4968 WAT  18530 18532     3  4968  4639    
 4969 WAT  18533 18535     3  4969  4640    
 4970 WAT  18536 18538     3  4970  4641    
 4971 WAT  18539 18541     3  4971  4642    
 4972 WAT  18542 18544     3  4972  4643    
 4973 WAT  18545 18547     3  4973  4644    
 4974 WAT  18548 18550     3  4974  4645    
 4975 WAT  18551 18553     3  4975  4646    
 4976 WAT  18554 18556     3  4976  4647    
 4977 WAT  18557 18559     3  4977  4648    
 4978 WAT  18560 18562     3  4978  4649    
 4979 WAT  18563 18565     3  4979  4650    
 4980 WAT  18566 18568     3  4980  4651    
 4981 WAT  18569 18571     3  4981  4652    
 4982 WAT  18572 18574     3  4982  4653    
 4983 WAT  18575 18577     3  4983  4654    
 4984 WAT  18578 18580     3  4984  4655    
 4985 WAT  18581 18583     3  4985  4656    
 4986 WAT  18584 18586     3  4986  4657    
 4987 WAT  18587 18589     3  4987  4658    
 4988 WAT  18590 18592     3  4988  4659    
 4989 WAT  18593 18595     3  4989  4660    
 4990 WAT  18596 18598     3  4990  4661    
 4991 WAT  18599 18601     3  4991  4662    
 4992 WAT  18602 18604     3  4992  4663    
 4993 WAT  18605 18607     3  4993  4664    
 4994 WAT  18608 18610     3  4994  4665    
 4995 WAT  18611 18613     3  4995  4666    
 4996 WAT  18614 18616     3  4996  4667    
 4997 WAT  18617 18619     3  4997  4668    
 4998 WAT  18620 18622     3  4998  4669    
 4999 WAT  18623 18625     3  4999  4670    
 5000 WAT  18626 18628     3  5000  4671    
 5001 WAT  18629 18631     3  5001  4672    
 5002 WAT  18632 18634     3  5002  4673    
 5003 WAT  18635 18637     3  5003  4674    
 5004 WAT  18638 18640     3  5004  4675    
 5005 WAT  18641 18643     3  5005  4676    
 5006 WAT  18644 18646     3  5006  4677    
 5007 WAT  18647 18649     3  5007  4678    
 5008 WAT  18650 18652     3  5008  4679    
 5009 WAT  18653 18655     3  5009  4680    
 5010 WAT  18656 18658     3  5010  4681    
 5011 WAT  18659 18661     3  5011  4682    
 5012 WAT  18662 18664     3  5012  4683    
 5013 WAT  18665 18667     3  5013  4684    
 5014 WAT  18668 18670     3  5014  4685    
 5015 WAT  18671 18673     3  5015  4686    
 5016 WAT  18674 18676     3  5016  4687    
 5017 WAT  18677 18679     3  5017  4688    
 5018 WAT  18680 18682     3  5018  4689    
 5019 WAT  18683 18685     3  5019  4690    
 5020 WAT  18686 18688     3  5020  4691    
 5021 WAT  18689 18691     3  5021  4692    
 5022 WAT  18692 18694     3  5022  4693    
 5023 WAT  18695 18697     3  5023  4694    
 5024 WAT  18698 18700     3  5024  4695    
 5025 WAT  18701 18703     3  5025  4696    
 5026 WAT  18704 18706     3  5026  4697    
 5027 WAT  18707 18709     3  5027  4698    
 5028 WAT  18710 18712     3  5028  4699    
 5029 WAT  18713 18715     3  5029  4700    
 5030 WAT  18716 18718     3  5030  4701    
 5031 WAT  18719 18721     3  5031  4702    
 5032 WAT  18722 18724     3  5032  4703    
 5033 WAT  18725 18727     3  5033  4704    
 5034 WAT  18728 18730     3  5034  4705    
 5035 WAT  18731 18733     3  5035  4706    
 5036 WAT  18734 18736     3  5036  4707    
 5037 WAT  18737 18739     3  5037  4708    
 5038 WAT  18740 18742     3  5038  4709    
 5039 WAT  18743 18745     3  5039  4710    
 5040 WAT  18746 18748     3  5040  4711    
 5041 WAT  18749 18751     3  5041  4712    
 5042 WAT  18752 18754     3  5042  4713    
 5043 WAT  18755 18757     3  5043  4714    
 5044 WAT  18758 18760     3  5044  4715    
 5045 WAT  18761 18763     3  5045  4716    
 5046 WAT  18764 18766     3  5046  4717    
 5047 WAT  18767 18769     3  5047  4718    
 5048 WAT  18770 18772     3  5048  4719    
 5049 WAT  18773 18775     3  5049  4720    
 5050 WAT  18776 18778     3  5050  4721    
 5051 WAT  18779 18781     3  5051  4722    
 5052 WAT  18782 18784     3  5052  4723    
 5053 WAT  18785 18787     3  5053  4724    
 5054 WAT  18788 18790     3  5054  4725    
 5055 WAT  18791 18793     3  5055  4726    
 5056 WAT  18794 18796     3  5056  4727    
 5057 WAT  18797 18799     3  5057  4728    
 5058 WAT  18800 18802     3  5058  4729    
 5059 WAT  18803 18805     3  5059  4730    
 5060 WAT  18806 18808     3  5060  4731    
 5061 WAT  18809 18811     3  5061  4732    
 5062 WAT  18812 18814     3  5062  4733    
 5063 WAT  18815 18817     3  5063  4734    
 5064 WAT  18818 18820     3  5064  4735    
 5065 WAT  18821 18823     3  5065  4736    
 5066 WAT  18824 18826     3  5066  4737    
 5067 WAT  18827 18829     3  5067  4738    
 5068 WAT  18830 18832     3  5068  4739    
 5069 WAT  18833 18835     3  5069  4740    
 5070 WAT  18836 18838     3  5070  4741    
 5071 WAT  18839 18841     3  5071  4742    
 5072 WAT  18842 18844     3  5072  4743    
 5073 WAT  18845 18847     3  5073  4744    
 5074 WAT  18848 18850     3  5074  4745    
 5075 WAT  18851 18853     3  5075  4746    
 5076 WAT  18854 18856     3  5076  4747    
 5077 WAT  18857 18859     3  5077  4748    
 5078 WAT  18860 18862     3  5078  4749    
 5079 WAT  18863 18865     3  5079  4750    
 5080 WAT  18866 18868     3  5080  4751    
 5081 WAT  18869 18871     3  5081  4752    
 5082 WAT  18872 18874     3  5082  4753    
 5083 WAT  18875 18877     3  5083  4754    
 5084 WAT  18878 18880     3  5084  4755    
 5085 WAT  18881 18883     3  5085  4756    
 5086 WAT  18884 18886     3  5086  4757    
 5087 WAT  18887 18889     3  5087  4758    
 5088 WAT  18890 18892     3  5088  4759    
 5089 WAT  18893 18895     3  5089  4760    
 5090 WAT  18896 18898     3  5090  4761    
 5091 WAT  18899 18901     3  5091  4762    
 5092 WAT  18902 18904     3  5092  4763    
 5093 WAT  18905 18907     3  5093  4764    
 5094 WAT  18908 18910     3  5094  4765    
 5095 WAT  18911 18913     3  5095  4766    
 5096 WAT  18914 18916     3  5096  4767    
 5097 WAT  18917 18919     3  5097  4768    
 5098 WAT  18920 18922     3  5098  4769    
 5099 WAT  18923 18925     3  5099  4770    
 5100 WAT  18926 18928     3  5100  4771    
 5101 WAT  18929 18931     3  5101  4772    
 5102 WAT  18932 18934     3  5102  4773    
 5103 WAT  18935 18937     3  5103  4774    
 5104 WAT  18938 18940     3  5104  4775    
 5105 WAT  18941 18943     3  5105  4776    
 5106 WAT  18944 18946     3  5106  4777    
 5107 WAT  18947 18949     3  5107  4778    
 5108 WAT  18950 18952     3  5108  4779    
 5109 WAT  18953 18955     3  5109  4780    
 5110 WAT  18956 18958     3  5110  4781    
 5111 WAT  18959 18961     3  5111  4782    
 5112 WAT  18962 18964     3  5112  4783    
 5113 WAT  18965 18967     3  5113  4784    
 5114 WAT  18968 18970     3  5114  4785    
 5115 WAT  18971 18973     3  5115  4786    
 5116 WAT  18974 18976     3  5116  4787    
 5117 WAT  18977 18979     3  5117  4788    
 5118 WAT  18980 18982     3  5118  4789    
 5119 WAT  18983 18985     3  5119  4790    
 5120 WAT  18986 18988     3  5120  4791    
 5121 WAT  18989 18991     3  5121  4792    
 5122 WAT  18992 18994     3  5122  4793    
 5123 WAT  18995 18997     3  5123  4794    
 5124 WAT  18998 19000     3  5124  4795    
 5125 WAT  19001 19003     3  5125  4796    
 5126 WAT  19004 19006     3  5126  4797    
 5127 WAT  19007 19009     3  5127  4798    
 5128 WAT  19010 19012     3  5128  4799    
 5129 WAT  19013 19015     3  5129  4800    
 5130 WAT  19016 19018     3  5130  4801    
 5131 WAT  19019 19021     3  5131  4802    
 5132 WAT  19022 19024     3  5132  4803    
 5133 WAT  19025 19027     3  5133  4804    
 5134 WAT  19028 19030     3  5134  4805    
 5135 WAT  19031 19033     3  5135  4806    
 5136 WAT  19034 19036     3  5136  4807    
 5137 WAT  19037 19039     3  5137  4808    
 5138 WAT  19040 19042     3  5138  4809    
 5139 WAT  19043 19045     3  5139  4810    
 5140 WAT  19046 19048     3  5140  4811    
 5141 WAT  19049 19051     3  5141  4812    
 5142 WAT  19052 19054     3  5142  4813    
 5143 WAT  19055 19057     3  5143  4814    
 5144 WAT  19058 19060     3  5144  4815    
 5145 WAT  19061 19063     3  5145  4816    
 5146 WAT  19064 19066     3  5146  4817    
 5147 WAT  19067 19069     3  5147  4818    
 5148 WAT  19070 19072     3  5148  4819    
 5149 WAT  19073 19075     3  5149  4820    
 5150 WAT  19076 19078     3  5150  4821    
 5151 WAT  19079 19081     3  5151  4822    
 5152 WAT  19082 19084     3  5152  4823    
 5153 WAT  19085 19087     3  5153  4824    
 5154 WAT  19088 19090     3  5154  4825    
 5155 WAT  19091 19093     3  5155  4826    
 5156 WAT  19094 19096     3  5156  4827    
 5157 WAT  19097 19099     3  5157  4828    
 5158 WAT  19100 19102     3  5158  4829    
 5159 WAT  19103 19105     3  5159  4830    
 5160 WAT  19106 19108     3  5160  4831    
 5161 WAT  19109 19111     3  5161  4832    
 5162 WAT  19112 19114     3  5162  4833    
 5163 WAT  19115 19117     3  5163  4834    
 5164 WAT  19118 19120     3  5164  4835    
 5165 WAT  19121 19123     3  5165  4836    
 5166 WAT  19124 19126     3  5166  4837    
 5167 WAT  19127 19129     3  5167  4838    
 5168 WAT  19130 19132     3  5168  4839    
 5169 WAT  19133 19135     3  5169  4840    
 5170 WAT  19136 19138     3  5170  4841    
 5171 WAT  19139 19141     3  5171  4842    
 5172 WAT  19142 19144     3  5172  4843    
 5173 WAT  19145 19147     3  5173  4844    
 5174 WAT  19148 19150     3  5174  4845    
 5175 WAT  19151 19153     3  5175  4846    
 5176 WAT  19154 19156     3  5176  4847    
 5177 WAT  19157 19159     3  5177  4848    
 5178 WAT  19160 19162     3  5178  4849    
 5179 WAT  19163 19165     3  5179  4850    
 5180 WAT  19166 19168     3  5180  4851    
 5181 WAT  19169 19171     3  5181  4852    
 5182 WAT  19172 19174     3  5182  4853    
 5183 WAT  19175 19177     3  5183  4854    
 5184 WAT  19178 19180     3  5184  4855    
 5185 WAT  19181 19183     3  5185  4856    
 5186 WAT  19184 19186     3  5186  4857    
 5187 WAT  19187 19189     3  5187  4858    
 5188 WAT  19190 19192     3  5188  4859    
 5189 WAT  19193 19195     3  5189  4860    
 5190 WAT  19196 19198     3  5190  4861    
 5191 WAT  19199 19201     3  5191  4862    
 5192 WAT  19202 19204     3  5192  4863    
 5193 WAT  19205 19207     3  5193  4864    
 5194 WAT  19208 19210     3  5194  4865    
 5195 WAT  19211 19213     3  5195  4866    
 5196 WAT  19214 19216     3  5196  4867    
 5197 WAT  19217 19219     3  5197  4868    
 5198 WAT  19220 19222     3  5198  4869    
 5199 WAT  19223 19225     3  5199  4870    
 5200 WAT  19226 19228     3  5200  4871    
 5201 WAT  19229 19231     3  5201  4872    
 5202 WAT  19232 19234     3  5202  4873    
 5203 WAT  19235 19237     3  5203  4874    
 5204 WAT  19238 19240     3  5204  4875    
 5205 WAT  19241 19243     3  5205  4876    
 5206 WAT  19244 19246     3  5206  4877    
 5207 WAT  19247 19249     3  5207  4878    
 5208 WAT  19250 19252     3  5208  4879    
 5209 WAT  19253 19255     3  5209  4880    
 5210 WAT  19256 19258     3  5210  4881    
 5211 WAT  19259 19261     3  5211  4882    
 5212 WAT  19262 19264     3  5212  4883    
 5213 WAT  19265 19267     3  5213  4884    
 5214 WAT  19268 19270     3  5214  4885    
 5215 WAT  19271 19273     3  5215  4886    
 5216 WAT  19274 19276     3  5216  4887    
 5217 WAT  19277 19279     3  5217  4888    
 5218 WAT  19280 19282     3  5218  4889    
 5219 WAT  19283 19285     3  5219  4890    
 5220 WAT  19286 19288     3  5220  4891    
 5221 WAT  19289 19291     3  5221  4892    
 5222 WAT  19292 19294     3  5222  4893    
 5223 WAT  19295 19297     3  5223  4894    
 5224 WAT  19298 19300     3  5224  4895    
 5225 WAT  19301 19303     3  5225  4896    
 5226 WAT  19304 19306     3  5226  4897    
 5227 WAT  19307 19309     3  5227  4898    
 5228 WAT  19310 19312     3  5228  4899    
 5229 WAT  19313 19315     3  5229  4900    
 5230 WAT  19316 19318     3  5230  4901    
 5231 WAT  19319 19321     3  5231  4902    
 5232 WAT  19322 19324     3  5232  4903    
 5233 WAT  19325 19327     3  5233  4904    
 5234 WAT  19328 19330     3  5234  4905    
 5235 WAT  19331 19333     3  5235  4906    
 5236 WAT  19334 19336     3  5236  4907    
 5237 WAT  19337 19339     3  5237  4908    
 5238 WAT  19340 19342     3  5238  4909    
 5239 WAT  19343 19345     3  5239  4910    
 5240 WAT  19346 19348     3  5240  4911    
 5241 WAT  19349 19351     3  5241  4912    
 5242 WAT  19352 19354     3  5242  4913    
 5243 WAT  19355 19357     3  5243  4914    
 5244 WAT  19358 19360     3  5244  4915    
 5245 WAT  19361 19363     3  5245  4916    
 5246 WAT  19364 19366     3  5246  4917    
 5247 WAT  19367 19369     3  5247  4918    
 5248 WAT  19370 19372     3  5248  4919    
 5249 WAT  19373 19375     3  5249  4920    
 5250 WAT  19376 19378     3  5250  4921    
 5251 WAT  19379 19381     3  5251  4922    
 5252 WAT  19382 19384     3  5252  4923    
 5253 WAT  19385 19387     3  5253  4924    
 5254 WAT  19388 19390     3  5254  4925    
 5255 WAT  19391 19393     3  5255  4926    
 5256 WAT  19394 19396     3  5256  4927    
 5257 WAT  19397 19399     3  5257  4928    
 5258 WAT  19400 19402     3  5258  4929    
 5259 WAT  19403 19405     3  5259  4930    
 5260 WAT  19406 19408     3  5260  4931    
 5261 WAT  19409 19411     3  5261  4932    
 5262 WAT  19412 19414     3  5262  4933    
 5263 WAT  19415 19417     3  5263  4934    
 5264 WAT  19418 19420     3  5264  4935    
 5265 WAT  19421 19423     3  5265  4936    
 5266 WAT  19424 19426     3  5266  4937    
 5267 WAT  19427 19429     3  5267  4938    
 5268 WAT  19430 19432     3  5268  4939    
 5269 WAT  19433 19435     3  5269  4940    
 5270 WAT  19436 19438     3  5270  4941    
 5271 WAT  19439 19441     3  5271  4942    
 5272 WAT  19442 19444     3  5272  4943    
 5273 WAT  19445 19447     3  5273  4944    
 5274 WAT  19448 19450     3  5274  4945    
 5275 WAT  19451 19453     3  5275  4946    
 5276 WAT  19454 19456     3  5276  4947    
 5277 WAT  19457 19459     3  5277  4948    
 5278 WAT  19460 19462     3  5278  4949    
 5279 WAT  19463 19465     3  5279  4950    
 5280 WAT  19466 19468     3  5280  4951    
 5281 WAT  19469 19471     3  5281  4952    
 5282 WAT  19472 19474     3  5282  4953    
 5283 WAT  19475 19477     3  5283  4954    
 5284 WAT  19478 19480     3  5284  4955    
 5285 WAT  19481 19483     3  5285  4956    
 5286 WAT  19484 19486     3  5286  4957    
 5287 WAT  19487 19489     3  5287  4958    
 5288 WAT  19490 19492     3  5288  4959    
 5289 WAT  19493 19495     3  5289  4960    
 5290 WAT  19496 19498     3  5290  4961    
 5291 WAT  19499 19501     3  5291  4962    
 5292 WAT  19502 19504     3  5292  4963    
 5293 WAT  19505 19507     3  5293  4964    
 5294 WAT  19508 19510     3  5294  4965    
 5295 WAT  19511 19513     3  5295  4966    
 5296 WAT  19514 19516     3  5296  4967    
 5297 WAT  19517 19519     3  5297  4968    
 5298 WAT  19520 19522     3  5298  4969    
 5299 WAT  19523 19525     3  5299  4970    
 5300 WAT  19526 19528     3  5300  4971    
 5301 WAT  19529 19531     3  5301  4972    
 5302 WAT  19532 19534     3  5302  4973    
 5303 WAT  19535 19537     3  5303  4974    
 5304 WAT  19538 19540     3  5304  4975    
 5305 WAT  19541 19543     3  5305  4976    
 5306 WAT  19544 19546     3  5306  4977    
 5307 WAT  19547 19549     3  5307  4978    
 5308 WAT  19550 19552     3  5308  4979    
 5309 WAT  19553 19555     3  5309  4980    
 5310 WAT  19556 19558     3  5310  4981    
 5311 WAT  19559 19561     3  5311  4982    
 5312 WAT  19562 19564     3  5312  4983    
 5313 WAT  19565 19567     3  5313  4984    
 5314 WAT  19568 19570     3  5314  4985    
 5315 WAT  19571 19573     3  5315  4986    
 5316 WAT  19574 19576     3  5316  4987    
 5317 WAT  19577 19579     3  5317  4988    
 5318 WAT  19580 19582     3  5318  4989    
 5319 WAT  19583 19585     3  5319  4990    
 5320 WAT  19586 19588     3  5320  4991    
 5321 WAT  19589 19591     3  5321  4992    
 5322 WAT  19592 19594     3  5322  4993    
 5323 WAT  19595 19597     3  5323  4994    
 5324 WAT  19598 19600     3  5324  4995    
 5325 WAT  19601 19603     3  5325  4996    
 5326 WAT  19604 19606     3  5326  4997    
 5327 WAT  19607 19609     3  5327  4998    
 5328 WAT  19610 19612     3  5328  4999    
 5329 WAT  19613 19615     3  5329  5000    
 5330 WAT  19616 19618     3  5330  5001    
 5331 WAT  19619 19621     3  5331  5002    
 5332 WAT  19622 19624     3  5332  5003    
 5333 WAT  19625 19627     3  5333  5004    
 5334 WAT  19628 19630     3  5334  5005    
 5335 WAT  19631 19633     3  5335  5006    
 5336 WAT  19634 19636     3  5336  5007    
 5337 WAT  19637 19639     3  5337  5008    
 5338 WAT  19640 19642     3  5338  5009    
 5339 WAT  19643 19645     3  5339  5010    
 5340 WAT  19646 19648     3  5340  5011    
 5341 WAT  19649 19651     3  5341  5012    
 5342 WAT  19652 19654     3  5342  5013    
 5343 WAT  19655 19657     3  5343  5014    
 5344 WAT  19658 19660     3  5344  5015    
 5345 WAT  19661 19663     3  5345  5016    
 5346 WAT  19664 19666     3  5346  5017    
 5347 WAT  19667 19669     3  5347  5018    
 5348 WAT  19670 19672     3  5348  5019    
 5349 WAT  19673 19675     3  5349  5020    
 5350 WAT  19676 19678     3  5350  5021    
 5351 WAT  19679 19681     3  5351  5022    
 5352 WAT  19682 19684     3  5352  5023    
 5353 WAT  19685 19687     3  5353  5024    
 5354 WAT  19688 19690     3  5354  5025    
 5355 WAT  19691 19693     3  5355  5026    
 5356 WAT  19694 19696     3  5356  5027    
 5357 WAT  19697 19699     3  5357  5028    
 5358 WAT  19700 19702     3  5358  5029    
 5359 WAT  19703 19705     3  5359  5030    
 5360 WAT  19706 19708     3  5360  5031    
 5361 WAT  19709 19711     3  5361  5032    
 5362 WAT  19712 19714     3  5362  5033    
 5363 WAT  19715 19717     3  5363  5034    
 5364 WAT  19718 19720     3  5364  5035    
 5365 WAT  19721 19723     3  5365  5036    
 5366 WAT  19724 19726     3  5366  5037    
 5367 WAT  19727 19729     3  5367  5038    
 5368 WAT  19730 19732     3  5368  5039    
 5369 WAT  19733 19735     3  5369  5040    
 5370 WAT  19736 19738     3  5370  5041    
 5371 WAT  19739 19741     3  5371  5042    
 5372 WAT  19742 19744     3  5372  5043    
 5373 WAT  19745 19747     3  5373  5044    
 5374 WAT  19748 19750     3  5374  5045    
 5375 WAT  19751 19753     3  5375  5046    
 5376 WAT  19754 19756     3  5376  5047    
 5377 WAT  19757 19759     3  5377  5048    
 5378 WAT  19760 19762     3  5378  5049    
 5379 WAT  19763 19765     3  5379  5050    
 5380 WAT  19766 19768     3  5380  5051    
 5381 WAT  19769 19771     3  5381  5052    
 5382 WAT  19772 19774     3  5382  5053    
 5383 WAT  19775 19777     3  5383  5054    
 5384 WAT  19778 19780     3  5384  5055    
 5385 WAT  19781 19783     3  5385  5056    
 5386 WAT  19784 19786     3  5386  5057    
 5387 WAT  19787 19789     3  5387  5058    
 5388 WAT  19790 19792     3  5388  5059    
 5389 WAT  19793 19795     3  5389  5060    
 5390 WAT  19796 19798     3  5390  5061    
 5391 WAT  19799 19801     3  5391  5062    
 5392 WAT  19802 19804     3  5392  5063    
 5393 WAT  19805 19807     3  5393  5064    
 5394 WAT  19808 19810     3  5394  5065    
 5395 WAT  19811 19813     3  5395  5066    
 5396 WAT  19814 19816     3  5396  5067    
 5397 WAT  19817 19819     3  5397  5068    
 5398 WAT  19820 19822     3  5398  5069    
 5399 WAT  19823 19825     3  5399  5070    
 5400 WAT  19826 19828     3  5400  5071    
 5401 WAT  19829 19831     3  5401  5072    
 5402 WAT  19832 19834     3  5402  5073    
 5403 WAT  19835 19837     3  5403  5074    
 5404 WAT  19838 19840     3  5404  5075    
 5405 WAT  19841 19843     3  5405  5076    
 5406 WAT  19844 19846     3  5406  5077    
 5407 WAT  19847 19849     3  5407  5078    
 5408 WAT  19850 19852     3  5408  5079    
 5409 WAT  19853 19855     3  5409  5080    
 5410 WAT  19856 19858     3  5410  5081    
 5411 WAT  19859 19861     3  5411  5082    
 5412 WAT  19862 19864     3  5412  5083    
 5413 WAT  19865 19867     3  5413  5084    
 5414 WAT  19868 19870     3  5414  5085    
 5415 WAT  19871 19873     3  5415  5086    
 5416 WAT  19874 19876     3  5416  5087    
 5417 WAT  19877 19879     3  5417  5088    
 5418 WAT  19880 19882     3  5418  5089    
 5419 WAT  19883 19885     3  5419  5090    
 5420 WAT  19886 19888     3  5420  5091    
 5421 WAT  19889 19891     3  5421  5092    
 5422 WAT  19892 19894     3  5422  5093    
 5423 WAT  19895 19897     3  5423  5094    
 5424 WAT  19898 19900     3  5424  5095    
 5425 WAT  19901 19903     3  5425  5096    
 5426 WAT  19904 19906     3  5426  5097    
 5427 WAT  19907 19909     3  5427  5098    
 5428 WAT  19910 19912     3  5428  5099    
 5429 WAT  19913 19915     3  5429  5100    
 5430 WAT  19916 19918     3  5430  5101    
 5431 WAT  19919 19921     3  5431  5102    
 5432 WAT  19922 19924     3  5432  5103    
 5433 WAT  19925 19927     3  5433  5104    
 5434 WAT  19928 19930     3  5434  5105    
 5435 WAT  19931 19933     3  5435  5106    
 5436 WAT  19934 19936     3  5436  5107    
 5437 WAT  19937 19939     3  5437  5108    
 5438 WAT  19940 19942     3  5438  5109    
 5439 WAT  19943 19945     3  5439  5110    
 5440 WAT  19946 19948     3  5440  5111    
 5441 WAT  19949 19951     3  5441  5112    
 5442 WAT  19952 19954     3  5442  5113    
 5443 WAT  19955 19957     3  5443  5114    
 5444 WAT  19958 19960     3  5444  5115    
 5445 WAT  19961 19963     3  5445  5116    
 5446 WAT  19964 19966     3  5446  5117    
 5447 WAT  19967 19969     3  5447  5118    
 5448 WAT  19970 19972     3  5448  5119    
 5449 WAT  19973 19975     3  5449  5120    
 5450 WAT  19976 19978     3  5450  5121    
 5451 WAT  19979 19981     3  5451  5122    
 5452 WAT  19982 19984     3  5452  5123    
 5453 WAT  19985 19987     3  5453  5124    
 5454 WAT  19988 19990     3  5454  5125    
 5455 WAT  19991 19993     3  5455  5126    
 5456 WAT  19994 19996     3  5456  5127    
 5457 WAT  19997 19999     3  5457  5128    
 5458 WAT  20000 20002     3  5458  5129    
 5459 WAT  20003 20005     3  5459  5130    
 5460 WAT  20006 20008     3  5460  5131    
 5461 WAT  20009 20011     3  5461  5132    
 5462 WAT  20012 20014     3  5462  5133    
 5463 WAT  20015 20017     3  5463  5134    
 5464 WAT  20018 20020     3  5464  5135    
 5465 WAT  20021 20023     3  5465  5136    
 5466 WAT  20024 20026     3  5466  5137    
 5467 WAT  20027 20029     3  5467  5138    
 5468 WAT  20030 20032     3  5468  5139    
 5469 WAT  20033 20035     3  5469  5140    
 5470 WAT  20036 20038     3  5470  5141    
 5471 WAT  20039 20041     3  5471  5142    
 5472 WAT  20042 20044     3  5472  5143    
 5473 WAT  20045 20047     3  5473  5144    
 5474 WAT  20048 20050     3  5474  5145    
 5475 WAT  20051 20053     3  5475  5146    
 5476 WAT  20054 20056     3  5476  5147    
 5477 WAT  20057 20059     3  5477  5148    
 5478 WAT  20060 20062     3  5478  5149    
 5479 WAT  20063 20065     3  5479  5150    
 5480 WAT  20066 20068     3  5480  5151    
 5481 WAT  20069 20071     3  5481  5152    
 5482 WAT  20072 20074     3  5482  5153    
 5483 WAT  20075 20077     3  5483  5154    
 5484 WAT  20078 20080     3  5484  5155    
 5485 WAT  20081 20083     3  5485  5156    
 5486 WAT  20084 20086     3  5486  5157    
 5487 WAT  20087 20089     3  5487  5158    
 5488 WAT  20090 20092     3  5488  5159    
 5489 WAT  20093 20095     3  5489  5160    
 5490 WAT  20096 20098     3  5490  5161    
 5491 WAT  20099 20101     3  5491  5162    
 5492 WAT  20102 20104     3  5492  5163    
 5493 WAT  20105 20107     3  5493  5164    
 5494 WAT  20108 20110     3  5494  5165    
 5495 WAT  20111 20113     3  5495  5166    
 5496 WAT  20114 20116     3  5496  5167    
 5497 WAT  20117 20119     3  5497  5168    
 5498 WAT  20120 20122     3  5498  5169    
 5499 WAT  20123 20125     3  5499  5170    
 5500 WAT  20126 20128     3  5500  5171    
 5501 WAT  20129 20131     3  5501  5172    
 5502 WAT  20132 20134     3  5502  5173    
 5503 WAT  20135 20137     3  5503  5174    
 5504 WAT  20138 20140     3  5504  5175    
 5505 WAT  20141 20143     3  5505  5176    
 5506 WAT  20144 20146     3  5506  5177    
 5507 WAT  20147 20149     3  5507  5178    
 5508 WAT  20150 20152     3  5508  5179    
 5509 WAT  20153 20155     3  5509  5180    
 5510 WAT  20156 20158     3  5510  5181    
 5511 WAT  20159 20161     3  5511  5182    
 5512 WAT  20162 20164     3  5512  5183    
 5513 WAT  20165 20167     3  5513  5184    
 5514 WAT  20168 20170     3  5514  5185    
 5515 WAT  20171 20173     3  5515  5186    
 5516 WAT  20174 20176     3  5516  5187    
 5517 WAT  20177 20179     3  5517  5188    
 5518 WAT  20180 20182     3  5518  5189    
 5519 WAT  20183 20185     3  5519  5190    
 5520 WAT  20186 20188     3  5520  5191    
 5521 WAT  20189 20191     3  5521  5192    
 5522 WAT  20192 20194     3  5522  5193    
 5523 WAT  20195 20197     3  5523  5194    
 5524 WAT  20198 20200     3  5524  5195    
 5525 WAT  20201 20203     3  5525  5196    
 5526 WAT  20204 20206     3  5526  5197    
 5527 WAT  20207 20209     3  5527  5198    
 5528 WAT  20210 20212     3  5528  5199    
 5529 WAT  20213 20215     3  5529  5200    
 5530 WAT  20216 20218     3  5530  5201    
 5531 WAT  20219 20221     3  5531  5202    
 5532 WAT  20222 20224     3  5532  5203    
 5533 WAT  20225 20227     3  5533  5204    
 5534 WAT  20228 20230     3  5534  5205    
 5535 WAT  20231 20233     3  5535  5206    
 5536 WAT  20234 20236     3  5536  5207    
 5537 WAT  20237 20239     3  5537  5208    
 5538 WAT  20240 20242     3  5538  5209    
 5539 WAT  20243 20245     3  5539  5210    
 5540 WAT  20246 20248     3  5540  5211    
 5541 WAT  20249 20251     3  5541  5212    
 5542 WAT  20252 20254     3  5542  5213    
 5543 WAT  20255 20257     3  5543  5214    
 5544 WAT  20258 20260     3  5544  5215    
 5545 WAT  20261 20263     3  5545  5216    
 5546 WAT  20264 20266     3  5546  5217    
 5547 WAT  20267 20269     3  5547  5218    
 5548 WAT  20270 20272     3  5548  5219    
 5549 WAT  20273 20275     3  5549  5220    
 5550 WAT  20276 20278     3  5550  5221    
 5551 WAT  20279 20281     3  5551  5222    
 5552 WAT  20282 20284     3  5552  5223    
 5553 WAT  20285 20287     3  5553  5224    
 5554 WAT  20288 20290     3  5554  5225    
 5555 WAT  20291 20293     3  5555  5226    
 5556 WAT  20294 20296     3  5556  5227    
 5557 WAT  20297 20299     3  5557  5228    
 5558 WAT  20300 20302     3  5558  5229    
 5559 WAT  20303 20305     3  5559  5230    
 5560 WAT  20306 20308     3  5560  5231    
 5561 WAT  20309 20311     3  5561  5232    
 5562 WAT  20312 20314     3  5562  5233    
 5563 WAT  20315 20317     3  5563  5234    
 5564 WAT  20318 20320     3  5564  5235    
 5565 WAT  20321 20323     3  5565  5236    
 5566 WAT  20324 20326     3  5566  5237    
 5567 WAT  20327 20329     3  5567  5238    
 5568 WAT  20330 20332     3  5568  5239    
 5569 WAT  20333 20335     3  5569  5240    
 5570 WAT  20336 20338     3  5570  5241    
 5571 WAT  20339 20341     3  5571  5242    
 5572 WAT  20342 20344     3  5572  5243    
 5573 WAT  20345 20347     3  5573  5244    
 5574 WAT  20348 20350     3  5574  5245    
 5575 WAT  20351 20353     3  5575  5246    
 5576 WAT  20354 20356     3  5576  5247    
 5577 WAT  20357 20359     3  5577  5248    
 5578 WAT  20360 20362     3  5578  5249    
 5579 WAT  20363 20365     3  5579  5250    
 5580 WAT  20366 20368     3  5580  5251    
 5581 WAT  20369 20371     3  5581  5252    
 5582 WAT  20372 20374     3  5582  5253    
 5583 WAT  20375 20377     3  5583  5254    
 5584 WAT  20378 20380     3  5584  5255    
 5585 WAT  20381 20383     3  5585  5256    
 5586 WAT  20384 20386     3  5586  5257    
 5587 WAT  20387 20389     3  5587  5258    
 5588 WAT  20390 20392     3  5588  5259    
 5589 WAT  20393 20395     3  5589  5260    
 5590 WAT  20396 20398     3  5590  5261    
 5591 WAT  20399 20401     3  5591  5262    
 5592 WAT  20402 20404     3  5592  5263    
 5593 WAT  20405 20407     3  5593  5264    
 5594 WAT  20408 20410     3  5594  5265    
 5595 WAT  20411 20413     3  5595  5266    
 5596 WAT  20414 20416     3  5596  5267    
 5597 WAT  20417 20419     3  5597  5268    
 5598 WAT  20420 20422     3  5598  5269    
 5599 WAT  20423 20425     3  5599  5270    
 5600 WAT  20426 20428     3  5600  5271    
 5601 WAT  20429 20431     3  5601  5272    
 5602 WAT  20432 20434     3  5602  5273    
 5603 WAT  20435 20437     3  5603  5274    
 5604 WAT  20438 20440     3  5604  5275    
 5605 WAT  20441 20443     3  5605  5276    
 5606 WAT  20444 20446     3  5606  5277    
 5607 WAT  20447 20449     3  5607  5278    
 5608 WAT  20450 20452     3  5608  5279    
 5609 WAT  20453 20455     3  5609  5280    
 5610 WAT  20456 20458     3  5610  5281    
 5611 WAT  20459 20461     3  5611  5282    
 5612 WAT  20462 20464     3  5612  5283    
 5613 WAT  20465 20467     3  5613  5284    
 5614 WAT  20468 20470     3  5614  5285    
 5615 WAT  20471 20473     3  5615  5286    
 5616 WAT  20474 20476     3  5616  5287    
 5617 WAT  20477 20479     3  5617  5288    
 5618 WAT  20480 20482     3  5618  5289    
 5619 WAT  20483 20485     3  5619  5290    
 5620 WAT  20486 20488     3  5620  5291    
 5621 WAT  20489 20491     3  5621  5292    
 5622 WAT  20492 20494     3  5622  5293    
 5623 WAT  20495 20497     3  5623  5294    
 5624 WAT  20498 20500     3  5624  5295    
 5625 WAT  20501 20503     3  5625  5296    
 5626 WAT  20504 20506     3  5626  5297    
 5627 WAT  20507 20509     3  5627  5298    
 5628 WAT  20510 20512     3  5628  5299    
 5629 WAT  20513 20515     3  5629  5300    
 5630 WAT  20516 20518     3  5630  5301    
 5631 WAT  20519 20521     3  5631  5302    
 5632 WAT  20522 20524     3  5632  5303    
 5633 WAT  20525 20527     3  5633  5304    
 5634 WAT  20528 20530     3  5634  5305    
 5635 WAT  20531 20533     3  5635  5306    
 5636 WAT  20534 20536     3  5636  5307    
 5637 WAT  20537 20539     3  5637  5308    
 5638 WAT  20540 20542     3  5638  5309    
 5639 WAT  20543 20545     3  5639  5310    
 5640 WAT  20546 20548     3  5640  5311    
 5641 WAT  20549 20551     3  5641  5312    
 5642 WAT  20552 20554     3  5642  5313    
 5643 WAT  20555 20557     3  5643  5314    
 5644 WAT  20558 20560     3  5644  5315    
 5645 WAT  20561 20563     3  5645  5316    
 5646 WAT  20564 20566     3  5646  5317    
 5647 WAT  20567 20569     3  5647  5318    
 5648 WAT  20570 20572     3  5648  5319    
 5649 WAT  20573 20575     3  5649  5320    
 5650 WAT  20576 20578     3  5650  5321    
 5651 WAT  20579 20581     3  5651  5322    
 5652 WAT  20582 20584     3  5652  5323    
 5653 WAT  20585 20587     3  5653  5324    
 5654 WAT  20588 20590     3  5654  5325    
 5655 WAT  20591 20593     3  5655  5326    
 5656 WAT  20594 20596     3  5656  5327    
 5657 WAT  20597 20599     3  5657  5328    
 5658 WAT  20600 20602     3  5658  5329    
 5659 WAT  20603 20605     3  5659  5330    
 5660 WAT  20606 20608     3  5660  5331    
 5661 WAT  20609 20611     3  5661  5332    
 5662 WAT  20612 20614     3  5662  5333    
 5663 WAT  20615 20617     3  5663  5334    
 5664 WAT  20618 20620     3  5664  5335    
 5665 WAT  20621 20623     3  5665  5336    
 5666 WAT  20624 20626     3  5666  5337    
 5667 WAT  20627 20629     3  5667  5338    
 5668 WAT  20630 20632     3  5668  5339    
 5669 WAT  20633 20635     3  5669  5340    
 5670 WAT  20636 20638     3  5670  5341    
 5671 WAT  20639 20641     3  5671  5342    
 5672 WAT  20642 20644     3  5672  5343    
 5673 WAT  20645 20647     3  5673  5344    
 5674 WAT  20648 20650     3  5674  5345    
 5675 WAT  20651 20653     3  5675  5346    
 5676 WAT  20654 20656     3  5676  5347    
 5677 WAT  20657 20659     3  5677  5348    
 5678 WAT  20660 20662     3  5678  5349    
 5679 WAT  20663 20665     3  5679  5350    
 5680 WAT  20666 20668     3  5680  5351    
 5681 WAT  20669 20671     3  5681  5352    
 5682 WAT  20672 20674     3  5682  5353    
 5683 WAT  20675 20677     3  5683  5354    
 5684 WAT  20678 20680     3  5684  5355    
 5685 WAT  20681 20683     3  5685  5356    
 5686 WAT  20684 20686     3  5686  5357    
 5687 WAT  20687 20689     3  5687  5358    
 5688 WAT  20690 20692     3  5688  5359    
 5689 WAT  20693 20695     3  5689  5360    
 5690 WAT  20696 20698     3  5690  5361    
 5691 WAT  20699 20701     3  5691  5362    
 5692 WAT  20702 20704     3  5692  5363    
 5693 WAT  20705 20707     3  5693  5364    
 5694 WAT  20708 20710     3  5694  5365    
 5695 WAT  20711 20713     3  5695  5366    
 5696 WAT  20714 20716     3  5696  5367    
 5697 WAT  20717 20719     3  5697  5368    
 5698 WAT  20720 20722     3  5698  5369    
 5699 WAT  20723 20725     3  5699  5370    
 5700 WAT  20726 20728     3  5700  5371    
 5701 WAT  20729 20731     3  5701  5372    
 5702 WAT  20732 20734     3  5702  5373    
 5703 WAT  20735 20737     3  5703  5374    
 5704 WAT  20738 20740     3  5704  5375    
 5705 WAT  20741 20743     3  5705  5376    
 5706 WAT  20744 20746     3  5706  5377    
 5707 WAT  20747 20749     3  5707  5378    
 5708 WAT  20750 20752     3  5708  5379    
 5709 WAT  20753 20755     3  5709  5380    
 5710 WAT  20756 20758     3  5710  5381    
 5711 WAT  20759 20761     3  5711  5382    
 5712 WAT  20762 20764     3  5712  5383    
 5713 WAT  20765 20767     3  5713  5384    
 5714 WAT  20768 20770     3  5714  5385    
 5715 WAT  20771 20773     3  5715  5386    
 5716 WAT  20774 20776     3  5716  5387    
 5717 WAT  20777 20779     3  5717  5388    
 5718 WAT  20780 20782     3  5718  5389    
 5719 WAT  20783 20785     3  5719  5390    
 5720 WAT  20786 20788     3  5720  5391    
 5721 WAT  20789 20791     3  5721  5392    
 5722 WAT  20792 20794     3  5722  5393    
 5723 WAT  20795 20797     3  5723  5394    
 5724 WAT  20798 20800     3  5724  5395    
 5725 WAT  20801 20803     3  5725  5396    
 5726 WAT  20804 20806     3  5726  5397    
 5727 WAT  20807 20809     3  5727  5398    
 5728 WAT  20810 20812     3  5728  5399    
 5729 WAT  20813 20815     3  5729  5400    
 5730 WAT  20816 20818     3  5730  5401    
 5731 WAT  20819 20821     3  5731  5402    
 5732 WAT  20822 20824     3  5732  5403    
 5733 WAT  20825 20827     3  5733  5404    
 5734 WAT  20828 20830     3  5734  5405    
 5735 WAT  20831 20833     3  5735  5406    
 5736 WAT  20834 20836     3  5736  5407    
 5737 WAT  20837 20839     3  5737  5408    
 5738 WAT  20840 20842     3  5738  5409    
 5739 WAT  20843 20845     3  5739  5410    
 5740 WAT  20846 20848     3  5740  5411    
 5741 WAT  20849 20851     3  5741  5412    
 5742 WAT  20852 20854     3  5742  5413    
 5743 WAT  20855 20857     3  5743  5414    
 5744 WAT  20858 20860     3  5744  5415    
 5745 WAT  20861 20863     3  5745  5416    
 5746 WAT  20864 20866     3  5746  5417    
 5747 WAT  20867 20869     3  5747  5418    
 5748 WAT  20870 20872     3  5748  5419    
 5749 WAT  20873 20875     3  5749  5420    
 5750 WAT  20876 20878     3  5750  5421    
 5751 WAT  20879 20881     3  5751  5422    
 5752 WAT  20882 20884     3  5752  5423    
 5753 WAT  20885 20887     3  5753  5424    
 5754 WAT  20888 20890     3  5754  5425    
 5755 WAT  20891 20893     3  5755  5426    
 5756 WAT  20894 20896     3  5756  5427    
 5757 WAT  20897 20899     3  5757  5428    
 5758 WAT  20900 20902     3  5758  5429    
 5759 WAT  20903 20905     3  5759  5430    
 5760 WAT  20906 20908     3  5760  5431    
 5761 WAT  20909 20911     3  5761  5432    
 5762 WAT  20912 20914     3  5762  5433    
 5763 WAT  20915 20917     3  5763  5434    
 5764 WAT  20918 20920     3  5764  5435    
 5765 WAT  20921 20923     3  5765  5436    
 5766 WAT  20924 20926     3  5766  5437    
 5767 WAT  20927 20929     3  5767  5438    
 5768 WAT  20930 20932     3  5768  5439    
 5769 WAT  20933 20935     3  5769  5440    
 5770 WAT  20936 20938     3  5770  5441    
 5771 WAT  20939 20941     3  5771  5442    
 5772 WAT  20942 20944     3  5772  5443    
 5773 WAT  20945 20947     3  5773  5444    
 5774 WAT  20948 20950     3  5774  5445    
 5775 WAT  20951 20953     3  5775  5446    
 5776 WAT  20954 20956     3  5776  5447    
 5777 WAT  20957 20959     3  5777  5448    
 5778 WAT  20960 20962     3  5778  5449    
 5779 WAT  20963 20965     3  5779  5450    
 5780 WAT  20966 20968     3  5780  5451    
 5781 WAT  20969 20971     3  5781  5452    
 5782 WAT  20972 20974     3  5782  5453    
 5783 WAT  20975 20977     3  5783  5454    
 5784 WAT  20978 20980     3  5784  5455    
 5785 WAT  20981 20983     3  5785  5456    
 5786 WAT  20984 20986     3  5786  5457    
 5787 WAT  20987 20989     3  5787  5458    
 5788 WAT  20990 20992     3  5788  5459    
 5789 WAT  20993 20995     3  5789  5460    
 5790 WAT  20996 20998     3  5790  5461    
 5791 WAT  20999 21001     3  5791  5462    
 5792 WAT  21002 21004     3  5792  5463    
 5793 WAT  21005 21007     3  5793  5464    
 5794 WAT  21008 21010     3  5794  5465    
 5795 WAT  21011 21013     3  5795  5466    
 5796 WAT  21014 21016     3  5796  5467    
 5797 WAT  21017 21019     3  5797  5468    
 5798 WAT  21020 21022     3  5798  5469    
 5799 WAT  21023 21025     3  5799  5470    
 5800 WAT  21026 21028     3  5800  5471    
 5801 WAT  21029 21031     3  5801  5472    
 5802 WAT  21032 21034     3  5802  5473    
 5803 WAT  21035 21037     3  5803  5474    
 5804 WAT  21038 21040     3  5804  5475    
 5805 WAT  21041 21043     3  5805  5476    
 5806 WAT  21044 21046     3  5806  5477    
 5807 WAT  21047 21049     3  5807  5478    
 5808 WAT  21050 21052     3  5808  5479    
 5809 WAT  21053 21055     3  5809  5480    
 5810 WAT  21056 21058     3  5810  5481    
 5811 WAT  21059 21061     3  5811  5482    
 5812 WAT  21062 21064     3  5812  5483    
 5813 WAT  21065 21067     3  5813  5484    
 5814 WAT  21068 21070     3  5814  5485    
 5815 WAT  21071 21073     3  5815  5486    
 5816 WAT  21074 21076     3  5816  5487    
 5817 WAT  21077 21079     3  5817  5488    
 5818 WAT  21080 21082     3  5818  5489    
 5819 WAT  21083 21085     3  5819  5490    
 5820 WAT  21086 21088     3  5820  5491    
 5821 WAT  21089 21091     3  5821  5492    
 5822 WAT  21092 21094     3  5822  5493    
 5823 WAT  21095 21097     3  5823  5494    
 5824 WAT  21098 21100     3  5824  5495    
 5825 WAT  21101 21103     3  5825  5496    
 5826 WAT  21104 21106     3  5826  5497    
 5827 WAT  21107 21109     3  5827  5498    
 5828 WAT  21110 21112     3  5828  5499    
 5829 WAT  21113 21115     3  5829  5500    
 5830 WAT  21116 21118     3  5830  5501    
 5831 WAT  21119 21121     3  5831  5502    
 5832 WAT  21122 21124     3  5832  5503    
 5833 WAT  21125 21127     3  5833  5504    
 5834 WAT  21128 21130     3  5834  5505    
 5835 WAT  21131 21133     3  5835  5506    
 5836 WAT  21134 21136     3  5836  5507    
 5837 WAT  21137 21139     3  5837  5508    
 5838 WAT  21140 21142     3  5838  5509    
 5839 WAT  21143 21145     3  5839  5510    
 5840 WAT  21146 21148     3  5840  5511    
 5841 WAT  21149 21151     3  5841  5512    
 5842 WAT  21152 21154     3  5842  5513    
 5843 WAT  21155 21157     3  5843  5514    
 5844 WAT  21158 21160     3  5844  5515    
 5845 WAT  21161 21163     3  5845  5516    
 5846 WAT  21164 21166     3  5846  5517    
 5847 WAT  21167 21169     3  5847  5518    
 5848 WAT  21170 21172     3  5848  5519    
 5849 WAT  21173 21175     3  5849  5520    
 5850 WAT  21176 21178     3  5850  5521    
 5851 WAT  21179 21181     3  5851  5522    
 5852 WAT  21182 21184     3  5852  5523    
 5853 WAT  21185 21187     3  5853  5524    
 5854 WAT  21188 21190     3  5854  5525    
 5855 WAT  21191 21193     3  5855  5526    
 5856 WAT  21194 21196     3  5856  5527    
 5857 WAT  21197 21199     3  5857  5528    
 5858 WAT  21200 21202     3  5858  5529    
 5859 WAT  21203 21205     3  5859  5530    
 5860 WAT  21206 21208     3  5860  5531    
 5861 WAT  21209 21211     3  5861  5532    
 5862 WAT  21212 21214     3  5862  5533    
 5863 WAT  21215 21217     3  5863  5534    
 5864 WAT  21218 21220     3  5864  5535    
 5865 WAT  21221 21223     3  5865  5536    
 5866 WAT  21224 21226     3  5866  5537    
 5867 WAT  21227 21229     3  5867  5538    
 5868 WAT  21230 21232     3  5868  5539    
 5869 WAT  21233 21235     3  5869  5540    
 5870 WAT  21236 21238     3  5870  5541    
 5871 WAT  21239 21241     3  5871  5542    
 5872 WAT  21242 21244     3  5872  5543    
 5873 WAT  21245 21247     3  5873  5544    
 5874 WAT  21248 21250     3  5874  5545    
 5875 WAT  21251 21253     3  5875  5546    
 5876 WAT  21254 21256     3  5876  5547    
 5877 WAT  21257 21259     3  5877  5548    
 5878 WAT  21260 21262     3  5878  5549    
 5879 WAT  21263 21265     3  5879  5550    
 5880 WAT  21266 21268     3  5880  5551    
 5881 WAT  21269 21271     3  5881  5552    
 5882 WAT  21272 21274     3  5882  5553    
 5883 WAT  21275 21277     3  5883  5554    
 5884 WAT  21278 21280     3  5884  5555    
 5885 WAT  21281 21283     3  5885  5556    
 5886 WAT  21284 21286     3  5886  5557    
 5887 WAT  21287 21289     3  5887  5558    
 5888 WAT  21290 21292     3  5888  5559    
 5889 WAT  21293 21295     3  5889  5560    
 5890 WAT  21296 21298     3  5890  5561    
 5891 WAT  21299 21301     3  5891  5562    
 5892 WAT  21302 21304     3  5892  5563    
 5893 WAT  21305 21307     3  5893  5564    
 5894 WAT  21308 21310     3  5894  5565    
 5895 WAT  21311 21313     3  5895  5566    
 5896 WAT  21314 21316     3  5896  5567    
 5897 WAT  21317 21319     3  5897  5568    
 5898 WAT  21320 21322     3  5898  5569    
 5899 WAT  21323 21325     3  5899  5570    
 5900 WAT  21326 21328     3  5900  5571    
 5901 WAT  21329 21331     3  5901  5572    
 5902 WAT  21332 21334     3  5902  5573    
 5903 WAT  21335 21337     3  5903  5574    
 5904 WAT  21338 21340     3  5904  5575    
 5905 WAT  21341 21343     3  5905  5576    
 5906 WAT  21344 21346     3  5906  5577    
 5907 WAT  21347 21349     3  5907  5578    
 5908 WAT  21350 21352     3  5908  5579    
 5909 WAT  21353 21355     3  5909  5580    
 5910 WAT  21356 21358     3  5910  5581    
 5911 WAT  21359 21361     3  5911  5582    
 5912 WAT  21362 21364     3  5912  5583    
 5913 WAT  21365 21367     3  5913  5584    
 5914 WAT  21368 21370     3  5914  5585    
 5915 WAT  21371 21373     3  5915  5586    
 5916 WAT  21374 21376     3  5916  5587    
 5917 WAT  21377 21379     3  5917  5588    
 5918 WAT  21380 21382     3  5918  5589    
 5919 WAT  21383 21385     3  5919  5590    
 5920 WAT  21386 21388     3  5920  5591    
 5921 WAT  21389 21391     3  5921  5592    
 5922 WAT  21392 21394     3  5922  5593    
 5923 WAT  21395 21397     3  5923  5594    
 5924 WAT  21398 21400     3  5924  5595    
 5925 WAT  21401 21403     3  5925  5596    
 5926 WAT  21404 21406     3  5926  5597    
 5927 WAT  21407 21409     3  5927  5598    
 5928 WAT  21410 21412     3  5928  5599    
 5929 WAT  21413 21415     3  5929  5600    
 5930 WAT  21416 21418     3  5930  5601    
 5931 WAT  21419 21421     3  5931  5602    
 5932 WAT  21422 21424     3  5932  5603    
 5933 WAT  21425 21427     3  5933  5604    
 5934 WAT  21428 21430     3  5934  5605    
 5935 WAT  21431 21433     3  5935  5606    
 5936 WAT  21434 21436     3  5936  5607    
 5937 WAT  21437 21439     3  5937  5608    
 5938 WAT  21440 21442     3  5938  5609    
 5939 WAT  21443 21445     3  5939  5610    
 5940 WAT  21446 21448     3  5940  5611    
 5941 WAT  21449 21451     3  5941  5612    
 5942 WAT  21452 21454     3  5942  5613    
 5943 WAT  21455 21457     3  5943  5614    
 5944 WAT  21458 21460     3  5944  5615    
 5945 WAT  21461 21463     3  5945  5616    
 5946 WAT  21464 21466     3  5946  5617    
 5947 WAT  21467 21469     3  5947  5618    
 5948 WAT  21470 21472     3  5948  5619    
 5949 WAT  21473 21475     3  5949  5620    
 5950 WAT  21476 21478     3  5950  5621    
 5951 WAT  21479 21481     3  5951  5622    
 5952 WAT  21482 21484     3  5952  5623    
 5953 WAT  21485 21487     3  5953  5624    
 5954 WAT  21488 21490     3  5954  5625    
 5955 WAT  21491 21493     3  5955  5626    
 5956 WAT  21494 21496     3  5956  5627    
 5957 WAT  21497 21499     3  5957  5628    
 5958 WAT  21500 21502     3  5958  5629    
 5959 WAT  21503 21505     3  5959  5630    
 5960 WAT  21506 21508     3  5960  5631    
 5961 WAT  21509 21511     3  5961  5632    
 5962 WAT  21512 21514     3  5962  5633    
 5963 WAT  21515 21517     3  5963  5634    
 5964 WAT  21518 21520     3  5964  5635    
 5965 WAT  21521 21523     3  5965  5636    
 5966 WAT  21524 21526     3  5966  5637    
 5967 WAT  21527 21529     3  5967  5638    
 5968 WAT  21530 21532     3  5968  5639    
 5969 WAT  21533 21535     3  5969  5640    
 5970 WAT  21536 21538     3  5970  5641    
 5971 WAT  21539 21541     3  5971  5642    
 5972 WAT  21542 21544     3  5972  5643    
 5973 WAT  21545 21547     3  5973  5644    
 5974 WAT  21548 21550     3  5974  5645    
 5975 WAT  21551 21553     3  5975  5646    
 5976 WAT  21554 21556     3  5976  5647    
 5977 WAT  21557 21559     3  5977  5648    
 5978 WAT  21560 21562     3  5978  5649    
 5979 WAT  21563 21565     3  5979  5650    
 5980 WAT  21566 21568     3  5980  5651    
 5981 WAT  21569 21571     3  5981  5652    
 5982 WAT  21572 21574     3  5982  5653    
 5983 WAT  21575 21577     3  5983  5654    
 5984 WAT  21578 21580     3  5984  5655    
 5985 WAT  21581 21583     3  5985  5656    
 5986 WAT  21584 21586     3  5986  5657    
 5987 WAT  21587 21589     3  5987  5658    
 5988 WAT  21590 21592     3  5988  5659    
 5989 WAT  21593 21595     3  5989  5660    
 5990 WAT  21596 21598     3  5990  5661    
 5991 WAT  21599 21601     3  5991  5662    
 5992 WAT  21602 21604     3  5992  5663    
 5993 WAT  21605 21607     3  5993  5664    
 5994 WAT  21608 21610     3  5994  5665    
 5995 WAT  21611 21613     3  5995  5666    
 5996 WAT  21614 21616     3  5996  5667    
 5997 WAT  21617 21619     3  5997  5668    
 5998 WAT  21620 21622     3  5998  5669    
 5999 WAT  21623 21625     3  5999  5670    
 6000 WAT  21626 21628     3  6000  5671    
 6001 WAT  21629 21631     3  6001  5672    
 6002 WAT  21632 21634     3  6002  5673    
 6003 WAT  21635 21637     3  6003  5674    
 6004 WAT  21638 21640     3  6004  5675    
 6005 WAT  21641 21643     3  6005  5676    
 6006 WAT  21644 21646     3  6006  5677    
 6007 WAT  21647 21649     3  6007  5678    
 6008 WAT  21650 21652     3  6008  5679    
 6009 WAT  21653 21655     3  6009  5680    
 6010 WAT  21656 21658     3  6010  5681    
 6011 WAT  21659 21661     3  6011  5682    
 6012 WAT  21662 21664     3  6012  5683    
 6013 WAT  21665 21667     3  6013  5684    
 6014 WAT  21668 21670     3  6014  5685    
 6015 WAT  21671 21673     3  6015  5686    
 6016 WAT  21674 21676     3  6016  5687    
 6017 WAT  21677 21679     3  6017  5688    
 6018 WAT  21680 21682     3  6018  5689    
 6019 WAT  21683 21685     3  6019  5690    
 6020 WAT  21686 21688     3  6020  5691    
 6021 WAT  21689 21691     3  6021  5692    
 6022 WAT  21692 21694     3  6022  5693    
 6023 WAT  21695 21697     3  6023  5694    
 6024 WAT  21698 21700     3  6024  5695    
 6025 WAT  21701 21703     3  6025  5696    
 6026 WAT  21704 21706     3  6026  5697    
 6027 WAT  21707 21709     3  6027  5698    
 6028 WAT  21710 21712     3  6028  5699    
 6029 WAT  21713 21715     3  6029  5700    
 6030 WAT  21716 21718     3  6030  5701    
 6031 WAT  21719 21721     3  6031  5702    
 6032 WAT  21722 21724     3  6032  5703    
 6033 WAT  21725 21727     3  6033  5704    
 6034 WAT  21728 21730     3  6034  5705    
 6035 WAT  21731 21733     3  6035  5706    
 6036 WAT  21734 21736     3  6036  5707    
 6037 WAT  21737 21739     3  6037  5708    
 6038 WAT  21740 21742     3  6038  5709    
 6039 WAT  21743 21745     3  6039  5710    
 6040 WAT  21746 21748     3  6040  5711    
 6041 WAT  21749 21751     3  6041  5712    
 6042 WAT  21752 21754     3  6042  5713    
 6043 WAT  21755 21757     3  6043  5714    
 6044 WAT  21758 21760     3  6044  5715    
 6045 WAT  21761 21763     3  6045  5716    
 6046 WAT  21764 21766     3  6046  5717    
 6047 WAT  21767 21769     3  6047  5718    
 6048 WAT  21770 21772     3  6048  5719    
 6049 WAT  21773 21775     3  6049  5720    
 6050 WAT  21776 21778     3  6050  5721    
 6051 WAT  21779 21781     3  6051  5722    
 6052 WAT  21782 21784     3  6052  5723    
 6053 WAT  21785 21787     3  6053  5724    
 6054 WAT  21788 21790     3  6054  5725    
 6055 WAT  21791 21793     3  6055  5726    
 6056 WAT  21794 21796     3  6056  5727    
 6057 WAT  21797 21799     3  6057  5728    
 6058 WAT  21800 21802     3  6058  5729    
 6059 WAT  21803 21805     3  6059  5730    
 6060 WAT  21806 21808     3  6060  5731    
 6061 WAT  21809 21811     3  6061  5732    
 6062 WAT  21812 21814     3  6062  5733    
 6063 WAT  21815 21817     3  6063  5734    
 6064 WAT  21818 21820     3  6064  5735    
 6065 WAT  21821 21823     3  6065  5736    
 6066 WAT  21824 21826     3  6066  5737    
 6067 WAT  21827 21829     3  6067  5738    
 6068 WAT  21830 21832     3  6068  5739    
 6069 WAT  21833 21835     3  6069  5740    
 6070 WAT  21836 21838     3  6070  5741    
 6071 WAT  21839 21841     3  6071  5742    
 6072 WAT  21842 21844     3  6072  5743    
 6073 WAT  21845 21847     3  6073  5744    
 6074 WAT  21848 21850     3  6074  5745    
 6075 WAT  21851 21853     3  6075  5746    
 6076 WAT  21854 21856     3  6076  5747    
 6077 WAT  21857 21859     3  6077  5748    
 6078 WAT  21860 21862     3  6078  5749    
 6079 WAT  21863 21865     3  6079  5750    
 6080 WAT  21866 21868     3  6080  5751    
 6081 WAT  21869 21871     3  6081  5752    
 6082 WAT  21872 21874     3  6082  5753    
 6083 WAT  21875 21877     3  6083  5754    
 6084 WAT  21878 21880     3  6084  5755    
 6085 WAT  21881 21883     3  6085  5756    
 6086 WAT  21884 21886     3  6086  5757    
 6087 WAT  21887 21889     3  6087  5758    
 6088 WAT  21890 21892     3  6088  5759    
 6089 WAT  21893 21895     3  6089  5760    
 6090 WAT  21896 21898     3  6090  5761    
 6091 WAT  21899 21901     3  6091  5762    
 6092 WAT  21902 21904     3  6092  5763    
 6093 WAT  21905 21907     3  6093  5764    
 6094 WAT  21908 21910     3  6094  5765    
 6095 WAT  21911 21913     3  6095  5766    
 6096 WAT  21914 21916     3  6096  5767    
 6097 WAT  21917 21919     3  6097  5768    
 6098 WAT  21920 21922     3  6098  5769    
 6099 WAT  21923 21925     3  6099  5770    
 6100 WAT  21926 21928     3  6100  5771    
 6101 WAT  21929 21931     3  6101  5772    
 6102 WAT  21932 21934     3  6102  5773    
 6103 WAT  21935 21937     3  6103  5774    
 6104 WAT  21938 21940     3  6104  5775    
 6105 WAT  21941 21943     3  6105  5776    
 6106 WAT  21944 21946     3  6106  5777    
 6107 WAT  21947 21949     3  6107  5778    
 6108 WAT  21950 21952     3  6108  5779    
 6109 WAT  21953 21955     3  6109  5780    
 6110 WAT  21956 21958     3  6110  5781    
 6111 WAT  21959 21961     3  6111  5782    
 6112 WAT  21962 21964     3  6112  5783    
 6113 WAT  21965 21967     3  6113  5784    
 6114 WAT  21968 21970     3  6114  5785    
 6115 WAT  21971 21973     3  6115  5786    
 6116 WAT  21974 21976     3  6116  5787    
 6117 WAT  21977 21979     3  6117  5788    
 6118 WAT  21980 21982     3  6118  5789    
 6119 WAT  21983 21985     3  6119  5790    
 6120 WAT  21986 21988     3  6120  5791    
 6121 WAT  21989 21991     3  6121  5792    
 6122 WAT  21992 21994     3  6122  5793    
 6123 WAT  21995 21997     3  6123  5794    
 6124 WAT  21998 22000     3  6124  5795    
 6125 WAT  22001 22003     3  6125  5796    
 6126 WAT  22004 22006     3  6126  5797    
 6127 WAT  22007 22009     3  6127  5798    
 6128 WAT  22010 22012     3  6128  5799    
 6129 WAT  22013 22015     3  6129  5800    
 6130 WAT  22016 22018     3  6130  5801    
 6131 WAT  22019 22021     3  6131  5802    
 6132 WAT  22022 22024     3  6132  5803    
 6133 WAT  22025 22027     3  6133  5804    
 6134 WAT  22028 22030     3  6134  5805    
 6135 WAT  22031 22033     3  6135  5806    
 6136 WAT  22034 22036     3  6136  5807    
 6137 WAT  22037 22039     3  6137  5808    
 6138 WAT  22040 22042     3  6138  5809    
 6139 WAT  22043 22045     3  6139  5810    
 6140 WAT  22046 22048     3  6140  5811    
 6141 WAT  22049 22051     3  6141  5812    
 6142 WAT  22052 22054     3  6142  5813    
 6143 WAT  22055 22057     3  6143  5814    
 6144 WAT  22058 22060     3  6144  5815    
 6145 WAT  22061 22063     3  6145  5816    
 6146 WAT  22064 22066     3  6146  5817    
 6147 WAT  22067 22069     3  6147  5818    
 6148 WAT  22070 22072     3  6148  5819    
 6149 WAT  22073 22075     3  6149  5820    
 6150 WAT  22076 22078     3  6150  5821    
 6151 WAT  22079 22081     3  6151  5822    
 6152 WAT  22082 22084     3  6152  5823    
 6153 WAT  22085 22087     3  6153  5824    
 6154 WAT  22088 22090     3  6154  5825    
 6155 WAT  22091 22093     3  6155  5826    
 6156 WAT  22094 22096     3  6156  5827    
 6157 WAT  22097 22099     3  6157  5828    
 6158 WAT  22100 22102     3  6158  5829    
 6159 WAT  22103 22105     3  6159  5830    
 6160 WAT  22106 22108     3  6160  5831    
 6161 WAT  22109 22111     3  6161  5832    
 6162 WAT  22112 22114     3  6162  5833    
 6163 WAT  22115 22117     3  6163  5834    
 6164 WAT  22118 22120     3  6164  5835    
 6165 WAT  22121 22123     3  6165  5836    
 6166 WAT  22124 22126     3  6166  5837    
 6167 WAT  22127 22129     3  6167  5838    
 6168 WAT  22130 22132     3  6168  5839    
 6169 WAT  22133 22135     3  6169  5840    
 6170 WAT  22136 22138     3  6170  5841    
 6171 WAT  22139 22141     3  6171  5842    
 6172 WAT  22142 22144     3  6172  5843    
 6173 WAT  22145 22147     3  6173  5844    
 6174 WAT  22148 22150     3  6174  5845    
 6175 WAT  22151 22153     3  6175  5846    
 6176 WAT  22154 22156     3  6176  5847    
 6177 WAT  22157 22159     3  6177  5848    
 6178 WAT  22160 22162     3  6178  5849    
 6179 WAT  22163 22165     3  6179  5850    
 6180 WAT  22166 22168     3  6180  5851    
 6181 WAT  22169 22171     3  6181  5852    
 6182 WAT  22172 22174     3  6182  5853    
 6183 WAT  22175 22177     3  6183  5854    
 6184 WAT  22178 22180     3  6184  5855    
 6185 WAT  22181 22183     3  6185  5856    
 6186 WAT  22184 22186     3  6186  5857    
 6187 WAT  22187 22189     3  6187  5858    
 6188 WAT  22190 22192     3  6188  5859    
 6189 WAT  22193 22195     3  6189  5860    
 6190 WAT  22196 22198     3  6190  5861    
 6191 WAT  22199 22201     3  6191  5862    
 6192 WAT  22202 22204     3  6192  5863    
 6193 WAT  22205 22207     3  6193  5864    
 6194 WAT  22208 22210     3  6194  5865    
 6195 WAT  22211 22213     3  6195  5866    
 6196 WAT  22214 22216     3  6196  5867    
 6197 WAT  22217 22219     3  6197  5868    
 6198 WAT  22220 22222     3  6198  5869    
 6199 WAT  22223 22225     3  6199  5870    
 6200 WAT  22226 22228     3  6200  5871    
 6201 WAT  22229 22231     3  6201  5872    
 6202 WAT  22232 22234     3  6202  5873    
 6203 WAT  22235 22237     3  6203  5874    
 6204 WAT  22238 22240     3  6204  5875    
 6205 WAT  22241 22243     3  6205  5876    
 6206 WAT  22244 22246     3  6206  5877    
 6207 WAT  22247 22249     3  6207  5878    
 6208 WAT  22250 22252     3  6208  5879    
 6209 WAT  22253 22255     3  6209  5880    
 6210 WAT  22256 22258     3  6210  5881    
 6211 WAT  22259 22261     3  6211  5882    
 6212 WAT  22262 22264     3  6212  5883    
 6213 WAT  22265 22267     3  6213  5884    
 6214 WAT  22268 22270     3  6214  5885    
 6215 WAT  22271 22273     3  6215  5886    
 6216 WAT  22274 22276     3  6216  5887    
 6217 WAT  22277 22279     3  6217  5888    
 6218 WAT  22280 22282     3  6218  5889    
 6219 WAT  22283 22285     3  6219  5890    
 6220 WAT  22286 22288     3  6220  5891    
 6221 WAT  22289 22291     3  6221  5892    
 6222 WAT  22292 22294     3  6222  5893    
 6223 WAT  22295 22297     3  6223  5894    
 6224 WAT  22298 22300     3  6224  5895    
 6225 WAT  22301 22303     3  6225  5896    
 6226 WAT  22304 22306     3  6226  5897    
 6227 WAT  22307 22309     3  6227  5898    
 6228 WAT  22310 22312     3  6228  5899    
 6229 WAT  22313 22315     3  6229  5900    
 6230 WAT  22316 22318     3  6230  5901    
 6231 WAT  22319 22321     3  6231  5902    
 6232 WAT  22322 22324     3  6232  5903    
 6233 WAT  22325 22327     3  6233  5904    
 6234 WAT  22328 22330     3  6234  5905    
 6235 WAT  22331 22333     3  6235  5906    
 6236 WAT  22334 22336     3  6236  5907    
 6237 WAT  22337 22339     3  6237  5908    
 6238 WAT  22340 22342     3  6238  5909    
 6239 WAT  22343 22345     3  6239  5910    
 6240 WAT  22346 22348     3  6240  5911    
 6241 WAT  22349 22351     3  6241  5912    
 6242 WAT  22352 22354     3  6242  5913    
 6243 WAT  22355 22357     3  6243  5914    
 6244 WAT  22358 22360     3  6244  5915    
 6245 WAT  22361 22363     3  6245  5916    
 6246 WAT  22364 22366     3  6246  5917    
 6247 WAT  22367 22369     3  6247  5918    
 6248 WAT  22370 22372     3  6248  5919    
 6249 WAT  22373 22375     3  6249  5920    
 6250 WAT  22376 22378     3  6250  5921    
 6251 WAT  22379 22381     3  6251  5922    
 6252 WAT  22382 22384     3  6252  5923    
 6253 WAT  22385 22387     3  6253  5924    
 6254 WAT  22388 22390     3  6254  5925    
 6255 WAT  22391 22393     3  6255  5926    
 6256 WAT  22394 22396     3  6256  5927    
 6257 WAT  22397 22399     3  6257  5928    
 6258 WAT  22400 22402     3  6258  5929    
 6259 WAT  22403 22405     3  6259  5930    
 6260 WAT  22406 22408     3  6260  5931    
 6261 WAT  22409 22411     3  6261  5932    
 6262 WAT  22412 22414     3  6262  5933    
 6263 WAT  22415 22417     3  6263  5934    
 6264 WAT  22418 22420     3  6264  5935    
 6265 WAT  22421 22423     3  6265  5936    
 6266 WAT  22424 22426     3  6266  5937    
 6267 WAT  22427 22429     3  6267  5938    
 6268 WAT  22430 22432     3  6268  5939    
 6269 WAT  22433 22435     3  6269  5940    
 6270 WAT  22436 22438     3  6270  5941    
 6271 WAT  22439 22441     3  6271  5942    
 6272 WAT  22442 22444     3  6272  5943    
 6273 WAT  22445 22447     3  6273  5944    
 6274 WAT  22448 22450     3  6274  5945    
 6275 WAT  22451 22453     3  6275  5946    
 6276 WAT  22454 22456     3  6276  5947    
 6277 WAT  22457 22459     3  6277  5948    
 6278 WAT  22460 22462     3  6278  5949    
 6279 WAT  22463 22465     3  6279  5950    
 6280 WAT  22466 22468     3  6280  5951    
 6281 WAT  22469 22471     3  6281  5952    
 6282 WAT  22472 22474     3  6282  5953    
 6283 WAT  22475 22477     3  6283  5954    
 6284 WAT  22478 22480     3  6284  5955    
 6285 WAT  22481 22483     3  6285  5956    
 6286 WAT  22484 22486     3  6286  5957    
 6287 WAT  22487 22489     3  6287  5958    
 6288 WAT  22490 22492     3  6288  5959    
 6289 WAT  22493 22495     3  6289  5960    
 6290 WAT  22496 22498     3  6290  5961    
 6291 WAT  22499 22501     3  6291  5962    
 6292 WAT  22502 22504     3  6292  5963    
 6293 WAT  22505 22507     3  6293  5964    
 6294 WAT  22508 22510     3  6294  5965    
 6295 WAT  22511 22513     3  6295  5966    
 6296 WAT  22514 22516     3  6296  5967    
 6297 WAT  22517 22519     3  6297  5968    
 6298 WAT  22520 22522     3  6298  5969    
 6299 WAT  22523 22525     3  6299  5970    
 6300 WAT  22526 22528     3  6300  5971    
 6301 WAT  22529 22531     3  6301  5972    
 6302 WAT  22532 22534     3  6302  5973    
 6303 WAT  22535 22537     3  6303  5974    
 6304 WAT  22538 22540     3  6304  5975    
 6305 WAT  22541 22543     3  6305  5976    
 6306 WAT  22544 22546     3  6306  5977    
 6307 WAT  22547 22549     3  6307  5978    
 6308 WAT  22550 22552     3  6308  5979    
 6309 WAT  22553 22555     3  6309  5980    
 6310 WAT  22556 22558     3  6310  5981    
 6311 WAT  22559 22561     3  6311  5982    
 6312 WAT  22562 22564     3  6312  5983    
 6313 WAT  22565 22567     3  6313  5984    
 6314 WAT  22568 22570     3  6314  5985    
 6315 WAT  22571 22573     3  6315  5986    
 6316 WAT  22574 22576     3  6316  5987    
 6317 WAT  22577 22579     3  6317  5988    
 6318 WAT  22580 22582     3  6318  5989    
 6319 WAT  22583 22585     3  6319  5990    
 6320 WAT  22586 22588     3  6320  5991    
 6321 WAT  22589 22591     3  6321  5992    
 6322 WAT  22592 22594     3  6322  5993    
 6323 WAT  22595 22597     3  6323  5994    
 6324 WAT  22598 22600     3  6324  5995    
 6325 WAT  22601 22603     3  6325  5996    
 6326 WAT  22604 22606     3  6326  5997    
 6327 WAT  22607 22609     3  6327  5998    
 6328 WAT  22610 22612     3  6328  5999    
 6329 WAT  22613 22615     3  6329  6000    
 6330 WAT  22616 22618     3  6330  6001    
 6331 WAT  22619 22621     3  6331  6002    
 6332 WAT  22622 22624     3  6332  6003    
 6333 WAT  22625 22627     3  6333  6004    
 6334 WAT  22628 22630     3  6334  6005    
 6335 WAT  22631 22633     3  6335  6006    
 6336 WAT  22634 22636     3  6336  6007    
 6337 WAT  22637 22639     3  6337  6008    
 6338 WAT  22640 22642     3  6338  6009    
 6339 WAT  22643 22645     3  6339  6010    
 6340 WAT  22646 22648     3  6340  6011    
 6341 WAT  22649 22651     3  6341  6012    
 6342 WAT  22652 22654     3  6342  6013    
 6343 WAT  22655 22657     3  6343  6014    
 6344 WAT  22658 22660     3  6344  6015    
 6345 WAT  22661 22663     3  6345  6016    
 6346 WAT  22664 22666     3  6346  6017    
 6347 WAT  22667 22669     3  6347  6018    
 6348 WAT  22670 22672     3  6348  6019    
 6349 WAT  22673 22675     3  6349  6020    
 6350 WAT  22676 22678     3  6350  6021    
 6351 WAT  22679 22681     3  6351  6022    
 6352 WAT  22682 22684     3  6352  6023    
 6353 WAT  22685 22687     3  6353  6024    
 6354 WAT  22688 22690     3  6354  6025    
 6355 WAT  22691 22693     3  6355  6026    
 6356 WAT  22694 22696     3  6356  6027    
 6357 WAT  22697 22699     3  6357  6028    
 6358 WAT  22700 22702     3  6358  6029    
 6359 WAT  22703 22705     3  6359  6030    
 6360 WAT  22706 22708     3  6360  6031    
 6361 WAT  22709 22711     3  6361  6032    
 6362 WAT  22712 22714     3  6362  6033    
 6363 WAT  22715 22717     3  6363  6034    
 6364 WAT  22718 22720     3  6364  6035    
 6365 WAT  22721 22723     3  6365  6036    
 6366 WAT  22724 22726     3  6366  6037    
 6367 WAT  22727 22729     3  6367  6038    
 6368 WAT  22730 22732     3  6368  6039    
 6369 WAT  22733 22735     3  6369  6040    
 6370 WAT  22736 22738     3  6370  6041    
 6371 WAT  22739 22741     3  6371  6042    
 6372 WAT  22742 22744     3  6372  6043    
 6373 WAT  22745 22747     3  6373  6044    
 6374 WAT  22748 22750     3  6374  6045    
 6375 WAT  22751 22753     3  6375  6046    
 6376 WAT  22754 22756     3  6376  6047    
 6377 WAT  22757 22759     3  6377  6048    
 6378 WAT  22760 22762     3  6378  6049    
 6379 WAT  22763 22765     3  6379  6050    
 6380 WAT  22766 22768     3  6380  6051    
 6381 WAT  22769 22771     3  6381  6052    
 6382 WAT  22772 22774     3  6382  6053    
 6383 WAT  22775 22777     3  6383  6054    
 6384 WAT  22778 22780     3  6384  6055    
 6385 WAT  22781 22783     3  6385  6056    
 6386 WAT  22784 22786     3  6386  6057    
 6387 WAT  22787 22789     3  6387  6058    
 6388 WAT  22790 22792     3  6388  6059    
 6389 WAT  22793 22795     3  6389  6060    
 6390 WAT  22796 22798     3  6390  6061    
 6391 WAT  22799 22801     3  6391  6062    
 6392 WAT  22802 22804     3  6392  6063    
 6393 WAT  22805 22807     3  6393  6064    
 6394 WAT  22808 22810     3  6394  6065    
 6395 WAT  22811 22813     3  6395  6066    
 6396 WAT  22814 22816     3  6396  6067    
 6397 WAT  22817 22819     3  6397  6068    
 6398 WAT  22820 22822     3  6398  6069    
 6399 WAT  22823 22825     3  6399  6070    
 6400 WAT  22826 22828     3  6400  6071    
 6401 WAT  22829 22831     3  6401  6072    
 6402 WAT  22832 22834     3  6402  6073    
 6403 WAT  22835 22837     3  6403  6074    
 6404 WAT  22838 22840     3  6404  6075    
 6405 WAT  22841 22843     3  6405  6076    
 6406 WAT  22844 22846     3  6406  6077    
 6407 WAT  22847 22849     3  6407  6078    
 6408 WAT  22850 22852     3  6408  6079    
 6409 WAT  22853 22855     3  6409  6080    
 6410 WAT  22856 22858     3  6410  6081    
 6411 WAT  22859 22861     3  6411  6082    
 6412 WAT  22862 22864     3  6412  6083    
 6413 WAT  22865 22867     3  6413  6084    
 6414 WAT  22868 22870     3  6414  6085    
 6415 WAT  22871 22873     3  6415  6086    
 6416 WAT  22874 22876     3  6416  6087    
 6417 WAT  22877 22879     3  6417  6088    
 6418 WAT  22880 22882     3  6418  6089    
 6419 WAT  22883 22885     3  6419  6090    
 6420 WAT  22886 22888     3  6420  6091    
 6421 WAT  22889 22891     3  6421  6092    
 6422 WAT  22892 22894     3  6422  6093    
 6423 WAT  22895 22897     3  6423  6094    
 6424 WAT  22898 22900     3  6424  6095    
 6425 WAT  22901 22903     3  6425  6096    
 6426 WAT  22904 22906     3  6426  6097    
 6427 WAT  22907 22909     3  6427  6098    
 6428 WAT  22910 22912     3  6428  6099    
 6429 WAT  22913 22915     3  6429  6100    
 6430 WAT  22916 22918     3  6430  6101    
 6431 WAT  22919 22921     3  6431  6102    
 6432 WAT  22922 22924     3  6432  6103    
 6433 WAT  22925 22927     3  6433  6104    
 6434 WAT  22928 22930     3  6434  6105    
 6435 WAT  22931 22933     3  6435  6106    
 6436 WAT  22934 22936     3  6436  6107    
 6437 WAT  22937 22939     3  6437  6108    
 6438 WAT  22940 22942     3  6438  6109    
 6439 WAT  22943 22945     3  6439  6110    
 6440 WAT  22946 22948     3  6440  6111    
 6441 WAT  22949 22951     3  6441  6112    
 6442 WAT  22952 22954     3  6442  6113    
 6443 WAT  22955 22957     3  6443  6114    
 6444 WAT  22958 22960     3  6444  6115    
 6445 WAT  22961 22963     3  6445  6116    
 6446 WAT  22964 22966     3  6446  6117    
 6447 WAT  22967 22969     3  6447  6118    
 6448 WAT  22970 22972     3  6448  6119    
 6449 WAT  22973 22975     3  6449  6120    
 6450 WAT  22976 22978     3  6450  6121    
 6451 WAT  22979 22981     3  6451  6122    
 6452 WAT  22982 22984     3  6452  6123    
 6453 WAT  22985 22987     3  6453  6124    
 6454 WAT  22988 22990     3  6454  6125    
 6455 WAT  22991 22993     3  6455  6126    
 6456 WAT  22994 22996     3  6456  6127    
 6457 WAT  22997 22999     3  6457  6128    
 6458 WAT  23000 23002     3  6458  6129    
 6459 WAT  23003 23005     3  6459  6130    
 6460 WAT  23006 23008     3  6460  6131    
 6461 WAT  23009 23011     3  6461  6132    
 6462 WAT  23012 23014     3  6462  6133    
 6463 WAT  23015 23017     3  6463  6134    
 6464 WAT  23018 23020     3  6464  6135    
 6465 WAT  23021 23023     3  6465  6136    
 6466 WAT  23024 23026     3  6466  6137    
 6467 WAT  23027 23029     3  6467  6138    
 6468 WAT  23030 23032     3  6468  6139    
 6469 WAT  23033 23035     3  6469  6140    
 6470 WAT  23036 23038     3  6470  6141    
 6471 WAT  23039 23041     3  6471  6142    
 6472 WAT  23042 23044     3  6472  6143    
 6473 WAT  23045 23047     3  6473  6144    
 6474 WAT  23048 23050     3  6474  6145    
 6475 WAT  23051 23053     3  6475  6146    
 6476 WAT  23054 23056     3  6476  6147    
 6477 WAT  23057 23059     3  6477  6148    
 6478 WAT  23060 23062     3  6478  6149    
 6479 WAT  23063 23065     3  6479  6150    
 6480 WAT  23066 23068     3  6480  6151    
 6481 WAT  23069 23071     3  6481  6152    
 6482 WAT  23072 23074     3  6482  6153    
 6483 WAT  23075 23077     3  6483  6154    
 6484 WAT  23078 23080     3  6484  6155    
 6485 WAT  23081 23083     3  6485  6156    
 6486 WAT  23084 23086     3  6486  6157    
 6487 WAT  23087 23089     3  6487  6158    
 6488 WAT  23090 23092     3  6488  6159    
 6489 WAT  23093 23095     3  6489  6160    
 6490 WAT  23096 23098     3  6490  6161    
 6491 WAT  23099 23101     3  6491  6162    
 6492 WAT  23102 23104     3  6492  6163    
 6493 WAT  23105 23107     3  6493  6164    
 6494 WAT  23108 23110     3  6494  6165    
 6495 WAT  23111 23113     3  6495  6166    
 6496 WAT  23114 23116     3  6496  6167    
 6497 WAT  23117 23119     3  6497  6168    
 6498 WAT  23120 23122     3  6498  6169    
 6499 WAT  23123 23125     3  6499  6170    
 6500 WAT  23126 23128     3  6500  6171    
 6501 WAT  23129 23131     3  6501  6172    
 6502 WAT  23132 23134     3  6502  6173    
 6503 WAT  23135 23137     3  6503  6174    
 6504 WAT  23138 23140     3  6504  6175    
 6505 WAT  23141 23143     3  6505  6176    
 6506 WAT  23144 23146     3  6506  6177    
 6507 WAT  23147 23149     3  6507  6178    
 6508 WAT  23150 23152     3  6508  6179    
 6509 WAT  23153 23155     3  6509  6180    
 6510 WAT  23156 23158     3  6510  6181    
 6511 WAT  23159 23161     3  6511  6182    
 6512 WAT  23162 23164     3  6512  6183    
 6513 WAT  23165 23167     3  6513  6184    
 6514 WAT  23168 23170     3  6514  6185    
 6515 WAT  23171 23173     3  6515  6186    
 6516 WAT  23174 23176     3  6516  6187    
 6517 WAT  23177 23179     3  6517  6188    
 6518 WAT  23180 23182     3  6518  6189    
 6519 WAT  23183 23185     3  6519  6190    
 6520 WAT  23186 23188     3  6520  6191    
 6521 WAT  23189 23191     3  6521  6192    
 6522 WAT  23192 23194     3  6522  6193    
 6523 WAT  23195 23197     3  6523  6194    
 6524 WAT  23198 23200     3  6524  6195    
 6525 WAT  23201 23203     3  6525  6196    
 6526 WAT  23204 23206     3  6526  6197    
 6527 WAT  23207 23209     3  6527  6198    
 6528 WAT  23210 23212     3  6528  6199    
 6529 WAT  23213 23215     3  6529  6200    
 6530 WAT  23216 23218     3  6530  6201    
 6531 WAT  23219 23221     3  6531  6202    
 6532 WAT  23222 23224     3  6532  6203    
 6533 WAT  23225 23227     3  6533  6204    
 6534 WAT  23228 23230     3  6534  6205    
 6535 WAT  23231 23233     3  6535  6206    
 6536 WAT  23234 23236     3  6536  6207    
 6537 WAT  23237 23239     3  6537  6208    
 6538 WAT  23240 23242     3  6538  6209    
 6539 WAT  23243 23245     3  6539  6210    
 6540 WAT  23246 23248     3  6540  6211    
 6541 WAT  23249 23251     3  6541  6212    
 6542 WAT  23252 23254     3  6542  6213    
 6543 WAT  23255 23257     3  6543  6214    
 6544 WAT  23258 23260     3  6544  6215    
 6545 WAT  23261 23263     3  6545  6216    
 6546 WAT  23264 23266     3  6546  6217    
 6547 WAT  23267 23269     3  6547  6218    
 6548 WAT  23270 23272     3  6548  6219    
 6549 WAT  23273 23275     3  6549  6220    
 6550 WAT  23276 23278     3  6550  6221    
 6551 WAT  23279 23281     3  6551  6222    
 6552 WAT  23282 23284     3  6552  6223    
 6553 WAT  23285 23287     3  6553  6224    
 6554 WAT  23288 23290     3  6554  6225    
 6555 WAT  23291 23293     3  6555  6226    
 6556 WAT  23294 23296     3  6556  6227    
 6557 WAT  23297 23299     3  6557  6228    
 6558 WAT  23300 23302     3  6558  6229    
 6559 WAT  23303 23305     3  6559  6230    
 6560 WAT  23306 23308     3  6560  6231    
 6561 WAT  23309 23311     3  6561  6232    
 6562 WAT  23312 23314     3  6562  6233    
 6563 WAT  23315 23317     3  6563  6234    
 6564 WAT  23318 23320     3  6564  6235    
 6565 WAT  23321 23323     3  6565  6236    
 6566 WAT  23324 23326     3  6566  6237    
 6567 WAT  23327 23329     3  6567  6238    
 6568 WAT  23330 23332     3  6568  6239    
 6569 WAT  23333 23335     3  6569  6240    
 6570 WAT  23336 23338     3  6570  6241    
 6571 WAT  23339 23341     3  6571  6242    
 6572 WAT  23342 23344     3  6572  6243    
 6573 WAT  23345 23347     3  6573  6244    
 6574 WAT  23348 23350     3  6574  6245    
 6575 WAT  23351 23353     3  6575  6246    
 6576 WAT  23354 23356     3  6576  6247    
 6577 WAT  23357 23359     3  6577  6248    
 6578 WAT  23360 23362     3  6578  6249    
 6579 WAT  23363 23365     3  6579  6250    
 6580 WAT  23366 23368     3  6580  6251    
 6581 WAT  23369 23371     3  6581  6252    
 6582 WAT  23372 23374     3  6582  6253    
 6583 WAT  23375 23377     3  6583  6254    
 6584 WAT  23378 23380     3  6584  6255    
 6585 WAT  23381 23383     3  6585  6256    
 6586 WAT  23384 23386     3  6586  6257    
 6587 WAT  23387 23389     3  6587  6258    
 6588 WAT  23390 23392     3  6588  6259    
 6589 WAT  23393 23395     3  6589  6260    
 6590 WAT  23396 23398     3  6590  6261    
 6591 WAT  23399 23401     3  6591  6262    
 6592 WAT  23402 23404     3  6592  6263    
 6593 WAT  23405 23407     3  6593  6264    
 6594 WAT  23408 23410     3  6594  6265    
 6595 WAT  23411 23413     3  6595  6266    
 6596 WAT  23414 23416     3  6596  6267    
 6597 WAT  23417 23419     3  6597  6268    
 6598 WAT  23420 23422     3  6598  6269    
 6599 WAT  23423 23425     3  6599  6270    
 6600 WAT  23426 23428     3  6600  6271    
 6601 WAT  23429 23431     3  6601  6272    
 6602 WAT  23432 23434     3  6602  6273    
 6603 WAT  23435 23437     3  6603  6274    
 6604 WAT  23438 23440     3  6604  6275    
 6605 WAT  23441 23443     3  6605  6276    
 6606 WAT  23444 23446     3  6606  6277    
 6607 WAT  23447 23449     3  6607  6278    
 6608 WAT  23450 23452     3  6608  6279    
 6609 WAT  23453 23455     3  6609  6280    
 6610 WAT  23456 23458     3  6610  6281    
 6611 WAT  23459 23461     3  6611  6282    
 6612 WAT  23462 23464     3  6612  6283    
 6613 WAT  23465 23467     3  6613  6284    
 6614 WAT  23468 23470     3  6614  6285    
 6615 WAT  23471 23473     3  6615  6286    
 6616 WAT  23474 23476     3  6616  6287    
 6617 WAT  23477 23479     3  6617  6288    
 6618 WAT  23480 23482     3  6618  6289    
 6619 WAT  23483 23485     3  6619  6290    
 6620 WAT  23486 23488     3  6620  6291    
 6621 WAT  23489 23491     3  6621  6292    
 6622 WAT  23492 23494     3  6622  6293    
 6623 WAT  23495 23497     3  6623  6294    
 6624 WAT  23498 23500     3  6624  6295    
 6625 WAT  23501 23503     3  6625  6296    
 6626 WAT  23504 23506     3  6626  6297    
 6627 WAT  23507 23509     3  6627  6298    
 6628 WAT  23510 23512     3  6628  6299    
 6629 WAT  23513 23515     3  6629  6300    
 6630 WAT  23516 23518     3  6630  6301    
 6631 WAT  23519 23521     3  6631  6302    
 6632 WAT  23522 23524     3  6632  6303    
 6633 WAT  23525 23527     3  6633  6304    
 6634 WAT  23528 23530     3  6634  6305    
 6635 WAT  23531 23533     3  6635  6306    
 6636 WAT  23534 23536     3  6636  6307    
 6637 WAT  23537 23539     3  6637  6308    
 6638 WAT  23540 23542     3  6638  6309    
 6639 WAT  23543 23545     3  6639  6310    
 6640 WAT  23546 23548     3  6640  6311    
 6641 WAT  23549 23551     3  6641  6312    
 6642 WAT  23552 23554     3  6642  6313    
 6643 WAT  23555 23557     3  6643  6314    
 6644 WAT  23558 23560     3  6644  6315    
 6645 WAT  23561 23563     3  6645  6316    
 6646 WAT  23564 23566     3  6646  6317    
 6647 WAT  23567 23569     3  6647  6318    
 6648 WAT  23570 23572     3  6648  6319    
 6649 WAT  23573 23575     3  6649  6320    
 6650 WAT  23576 23578     3  6650  6321    
 6651 WAT  23579 23581     3  6651  6322    
 6652 WAT  23582 23584     3  6652  6323    
 6653 WAT  23585 23587     3  6653  6324    
 6654 WAT  23588 23590     3  6654  6325    
 6655 WAT  23591 23593     3  6655  6326    
 6656 WAT  23594 23596     3  6656  6327    
 6657 WAT  23597 23599     3  6657  6328    
 6658 WAT  23600 23602     3  6658  6329    
 6659 WAT  23603 23605     3  6659  6330    
 6660 WAT  23606 23608     3  6660  6331    
 6661 WAT  23609 23611     3  6661  6332    
 6662 WAT  23612 23614     3  6662  6333    
 6663 WAT  23615 23617     3  6663  6334    
 6664 WAT  23618 23620     3  6664  6335    
 6665 WAT  23621 23623     3  6665  6336    
 6666 WAT  23624 23626     3  6666  6337    
 6667 WAT  23627 23629     3  6667  6338    
 6668 WAT  23630 23632     3  6668  6339    
 6669 WAT  23633 23635     3  6669  6340    
 6670 WAT  23636 23638     3  6670  6341    
 6671 WAT  23639 23641     3  6671  6342    
 6672 WAT  23642 23644     3  6672  6343    
 6673 WAT  23645 23647     3  6673  6344    
 6674 WAT  23648 23650     3  6674  6345    
 6675 WAT  23651 23653     3  6675  6346    
 6676 WAT  23654 23656     3  6676  6347    
 6677 WAT  23657 23659     3  6677  6348    
 6678 WAT  23660 23662     3  6678  6349    
 6679 WAT  23663 23665     3  6679  6350    
 6680 WAT  23666 23668     3  6680  6351    
 6681 WAT  23669 23671     3  6681  6352    
 6682 WAT  23672 23674     3  6682  6353    
 6683 WAT  23675 23677     3  6683  6354    
 6684 WAT  23678 23680     3  6684  6355    
 6685 WAT  23681 23683     3  6685  6356    
 6686 WAT  23684 23686     3  6686  6357    
 6687 WAT  23687 23689     3  6687  6358    
 6688 WAT  23690 23692     3  6688  6359    
 6689 WAT  23693 23695     3  6689  6360    
 6690 WAT  23696 23698     3  6690  6361    
 6691 WAT  23699 23701     3  6691  6362    
 6692 WAT  23702 23704     3  6692  6363    
 6693 WAT  23705 23707     3  6693  6364    
 6694 WAT  23708 23710     3  6694  6365    
 6695 WAT  23711 23713     3  6695  6366    
 6696 WAT  23714 23716     3  6696  6367    
 6697 WAT  23717 23719     3  6697  6368    
 6698 WAT  23720 23722     3  6698  6369    
 6699 WAT  23723 23725     3  6699  6370    
 6700 WAT  23726 23728     3  6700  6371    
 6701 WAT  23729 23731     3  6701  6372    
 6702 WAT  23732 23734     3  6702  6373    
 6703 WAT  23735 23737     3  6703  6374    
 6704 WAT  23738 23740     3  6704  6375    
 6705 WAT  23741 23743     3  6705  6376    
 6706 WAT  23744 23746     3  6706  6377    
 6707 WAT  23747 23749     3  6707  6378    
 6708 WAT  23750 23752     3  6708  6379    
 6709 WAT  23753 23755     3  6709  6380    
 6710 WAT  23756 23758     3  6710  6381    
 6711 WAT  23759 23761     3  6711  6382    
 6712 WAT  23762 23764     3  6712  6383    
 6713 WAT  23765 23767     3  6713  6384    
 6714 WAT  23768 23770     3  6714  6385    
 6715 WAT  23771 23773     3  6715  6386    
 6716 WAT  23774 23776     3  6716  6387    
 6717 WAT  23777 23779     3  6717  6388    
 6718 WAT  23780 23782     3  6718  6389    
 6719 WAT  23783 23785     3  6719  6390    
 6720 WAT  23786 23788     3  6720  6391    
 6721 WAT  23789 23791     3  6721  6392    
 6722 WAT  23792 23794     3  6722  6393    
 6723 WAT  23795 23797     3  6723  6394    
 6724 WAT  23798 23800     3  6724  6395    
 6725 WAT  23801 23803     3  6725  6396    
 6726 WAT  23804 23806     3  6726  6397    
 6727 WAT  23807 23809     3  6727  6398    
 6728 WAT  23810 23812     3  6728  6399    
 6729 WAT  23813 23815     3  6729  6400    
 6730 WAT  23816 23818     3  6730  6401    
 6731 WAT  23819 23821     3  6731  6402    
 6732 WAT  23822 23824     3  6732  6403    
 6733 WAT  23825 23827     3  6733  6404    
 6734 WAT  23828 23830     3  6734  6405    
 6735 WAT  23831 23833     3  6735  6406    
 6736 WAT  23834 23836     3  6736  6407    
 6737 WAT  23837 23839     3  6737  6408    
 6738 WAT  23840 23842     3  6738  6409    
 6739 WAT  23843 23845     3  6739  6410    
 6740 WAT  23846 23848     3  6740  6411    
 6741 WAT  23849 23851     3  6741  6412    
 6742 WAT  23852 23854     3  6742  6413    
 6743 WAT  23855 23857     3  6743  6414    
 6744 WAT  23858 23860     3  6744  6415    
 6745 WAT  23861 23863     3  6745  6416    
 6746 WAT  23864 23866     3  6746  6417    
 6747 WAT  23867 23869     3  6747  6418    
 6748 WAT  23870 23872     3  6748  6419    
 6749 WAT  23873 23875     3  6749  6420    
 6750 WAT  23876 23878     3  6750  6421    
 6751 WAT  23879 23881     3  6751  6422    
 6752 WAT  23882 23884     3  6752  6423    
 6753 WAT  23885 23887     3  6753  6424    
 6754 WAT  23888 23890     3  6754  6425    
 6755 WAT  23891 23893     3  6755  6426    
 6756 WAT  23894 23896     3  6756  6427    
 6757 WAT  23897 23899     3  6757  6428    
 6758 WAT  23900 23902     3  6758  6429    
 6759 WAT  23903 23905     3  6759  6430    
 6760 WAT  23906 23908     3  6760  6431    
 6761 WAT  23909 23911     3  6761  6432    
 6762 WAT  23912 23914     3  6762  6433    
 6763 WAT  23915 23917     3  6763  6434    
 6764 WAT  23918 23920     3  6764  6435    
 6765 WAT  23921 23923     3  6765  6436    
 6766 WAT  23924 23926     3  6766  6437    
 6767 WAT  23927 23929     3  6767  6438    
 6768 WAT  23930 23932     3  6768  6439    
 6769 WAT  23933 23935     3  6769  6440    
 6770 WAT  23936 23938     3  6770  6441    
 6771 WAT  23939 23941     3  6771  6442    
 6772 WAT  23942 23944     3  6772  6443    
 6773 WAT  23945 23947     3  6773  6444    
 6774 WAT  23948 23950     3  6774  6445    
 6775 WAT  23951 23953     3  6775  6446    
 6776 WAT  23954 23956     3  6776  6447    
 6777 WAT  23957 23959     3  6777  6448    
 6778 WAT  23960 23962     3  6778  6449    
 6779 WAT  23963 23965     3  6779  6450    
 6780 WAT  23966 23968     3  6780  6451    
 6781 WAT  23969 23971     3  6781  6452    
 6782 WAT  23972 23974     3  6782  6453    
 6783 WAT  23975 23977     3  6783  6454    
 6784 WAT  23978 23980     3  6784  6455    
 6785 WAT  23981 23983     3  6785  6456    
 6786 WAT  23984 23986     3  6786  6457    
 6787 WAT  23987 23989     3  6787  6458    
 6788 WAT  23990 23992     3  6788  6459    
 6789 WAT  23993 23995     3  6789  6460    
 6790 WAT  23996 23998     3  6790  6461    
 6791 WAT  23999 24001     3  6791  6462    
 6792 WAT  24002 24004     3  6792  6463    
 6793 WAT  24005 24007     3  6793  6464    
 6794 WAT  24008 24010     3  6794  6465    
 6795 WAT  24011 24013     3  6795  6466    
 6796 WAT  24014 24016     3  6796  6467    
 6797 WAT  24017 24019     3  6797  6468    
 6798 WAT  24020 24022     3  6798  6469    
 6799 WAT  24023 24025     3  6799  6470    
 6800 WAT  24026 24028     3  6800  6471    
 6801 WAT  24029 24031     3  6801  6472    
 6802 WAT  24032 24034     3  6802  6473    
 6803 WAT  24035 24037     3  6803  6474    
 6804 WAT  24038 24040     3  6804  6475    
 6805 WAT  24041 24043     3  6805  6476    
 6806 WAT  24044 24046     3  6806  6477    
 6807 WAT  24047 24049     3  6807  6478    
 6808 WAT  24050 24052     3  6808  6479    
 6809 WAT  24053 24055     3  6809  6480    
 6810 WAT  24056 24058     3  6810  6481    
 6811 WAT  24059 24061     3  6811  6482    
 6812 WAT  24062 24064     3  6812  6483    
 6813 WAT  24065 24067     3  6813  6484    
 6814 WAT  24068 24070     3  6814  6485    
 6815 WAT  24071 24073     3  6815  6486    
 6816 WAT  24074 24076     3  6816  6487    
 6817 WAT  24077 24079     3  6817  6488    
 6818 WAT  24080 24082     3  6818  6489    
 6819 WAT  24083 24085     3  6819  6490    
 6820 WAT  24086 24088     3  6820  6491    
 6821 WAT  24089 24091     3  6821  6492    
 6822 WAT  24092 24094     3  6822  6493    
 6823 WAT  24095 24097     3  6823  6494    
 6824 WAT  24098 24100     3  6824  6495    
 6825 WAT  24101 24103     3  6825  6496    
 6826 WAT  24104 24106     3  6826  6497    
 6827 WAT  24107 24109     3  6827  6498    
 6828 WAT  24110 24112     3  6828  6499    
 6829 WAT  24113 24115     3  6829  6500    
 6830 WAT  24116 24118     3  6830  6501    
 6831 WAT  24119 24121     3  6831  6502    
 6832 WAT  24122 24124     3  6832  6503    
 6833 WAT  24125 24127     3  6833  6504    
 6834 WAT  24128 24130     3  6834  6505    
 6835 WAT  24131 24133     3  6835  6506    
 6836 WAT  24134 24136     3  6836  6507    
 6837 WAT  24137 24139     3  6837  6508    
 6838 WAT  24140 24142     3  6838  6509    
 6839 WAT  24143 24145     3  6839  6510    
 6840 WAT  24146 24148     3  6840  6511    
 6841 WAT  24149 24151     3  6841  6512    
 6842 WAT  24152 24154     3  6842  6513    
 6843 WAT  24155 24157     3  6843  6514    
 6844 WAT  24158 24160     3  6844  6515    
 6845 WAT  24161 24163     3  6845  6516    
 6846 WAT  24164 24166     3  6846  6517    
 6847 WAT  24167 24169     3  6847  6518    
 6848 WAT  24170 24172     3  6848  6519    
 6849 WAT  24173 24175     3  6849  6520    
 6850 WAT  24176 24178     3  6850  6521    
 6851 WAT  24179 24181     3  6851  6522    
 6852 WAT  24182 24184     3  6852  6523    
 6853 WAT  24185 24187     3  6853  6524    
 6854 WAT  24188 24190     3  6854  6525    
 6855 WAT  24191 24193     3  6855  6526    
 6856 WAT  24194 24196     3  6856  6527    
 6857 WAT  24197 24199     3  6857  6528    
 6858 WAT  24200 24202     3  6858  6529    
 6859 WAT  24203 24205     3  6859  6530    
 6860 WAT  24206 24208     3  6860  6531    
 6861 WAT  24209 24211     3  6861  6532    
 6862 WAT  24212 24214     3  6862  6533    
 6863 WAT  24215 24217     3  6863  6534    
 6864 WAT  24218 24220     3  6864  6535    
 6865 WAT  24221 24223     3  6865  6536    
 6866 WAT  24224 24226     3  6866  6537    
 6867 WAT  24227 24229     3  6867  6538    
 6868 WAT  24230 24232     3  6868  6539    
 6869 WAT  24233 24235     3  6869  6540    
 6870 WAT  24236 24238     3  6870  6541    
 6871 WAT  24239 24241     3  6871  6542    
 6872 WAT  24242 24244     3  6872  6543    
 6873 WAT  24245 24247     3  6873  6544    
 6874 WAT  24248 24250     3  6874  6545    
 6875 WAT  24251 24253     3  6875  6546    
 6876 WAT  24254 24256     3  6876  6547    
 6877 WAT  24257 24259     3  6877  6548    
 6878 WAT  24260 24262     3  6878  6549    
 6879 WAT  24263 24265     3  6879  6550    
 6880 WAT  24266 24268     3  6880  6551    
 6881 WAT  24269 24271     3  6881  6552    
 6882 WAT  24272 24274     3  6882  6553    
 6883 WAT  24275 24277     3  6883  6554    
 6884 WAT  24278 24280     3  6884  6555    
 6885 WAT  24281 24283     3  6885  6556    
 6886 WAT  24284 24286     3  6886  6557    
 6887 WAT  24287 24289     3  6887  6558    
 6888 WAT  24290 24292     3  6888  6559    
 6889 WAT  24293 24295     3  6889  6560    
 6890 WAT  24296 24298     3  6890  6561    
 6891 WAT  24299 24301     3  6891  6562    
 6892 WAT  24302 24304     3  6892  6563    
 6893 WAT  24305 24307     3  6893  6564    
 6894 WAT  24308 24310     3  6894  6565    
 6895 WAT  24311 24313     3  6895  6566    
 6896 WAT  24314 24316     3  6896  6567    
 6897 WAT  24317 24319     3  6897  6568    
 6898 WAT  24320 24322     3  6898  6569    
 6899 WAT  24323 24325     3  6899  6570    
 6900 WAT  24326 24328     3  6900  6571    
 6901 WAT  24329 24331     3  6901  6572    
 6902 WAT  24332 24334     3  6902  6573    
 6903 WAT  24335 24337     3  6903  6574    
 6904 WAT  24338 24340     3  6904  6575    
 6905 WAT  24341 24343     3  6905  6576    
 6906 WAT  24344 24346     3  6906  6577    
 6907 WAT  24347 24349     3  6907  6578    
 6908 WAT  24350 24352     3  6908  6579    
 6909 WAT  24353 24355     3  6909  6580    
 6910 WAT  24356 24358     3  6910  6581    
 6911 WAT  24359 24361     3  6911  6582    
 6912 WAT  24362 24364     3  6912  6583    
 6913 WAT  24365 24367     3  6913  6584    
 6914 WAT  24368 24370     3  6914  6585    
 6915 WAT  24371 24373     3  6915  6586    
 6916 WAT  24374 24376     3  6916  6587    
 6917 WAT  24377 24379     3  6917  6588    
 6918 WAT  24380 24382     3  6918  6589    
 6919 WAT  24383 24385     3  6919  6590    
 6920 WAT  24386 24388     3  6920  6591    
 6921 WAT  24389 24391     3  6921  6592    
 6922 WAT  24392 24394     3  6922  6593    
 6923 WAT  24395 24397     3  6923  6594    
 6924 WAT  24398 24400     3  6924  6595    
 6925 WAT  24401 24403     3  6925  6596    
 6926 WAT  24404 24406     3  6926  6597    
 6927 WAT  24407 24409     3  6927  6598    
 6928 WAT  24410 24412     3  6928  6599    
 6929 WAT  24413 24415     3  6929  6600    
 6930 WAT  24416 24418     3  6930  6601    
 6931 WAT  24419 24421     3  6931  6602    
 6932 WAT  24422 24424     3  6932  6603    
 6933 WAT  24425 24427     3  6933  6604    
 6934 WAT  24428 24430     3  6934  6605    
 6935 WAT  24431 24433     3  6935  6606    
 6936 WAT  24434 24436     3  6936  6607    
 6937 WAT  24437 24439     3  6937  6608    
 6938 WAT  24440 24442     3  6938  6609    
 6939 WAT  24443 24445     3  6939  6610    
 6940 WAT  24446 24448     3  6940  6611    
 6941 WAT  24449 24451     3  6941  6612    
 6942 WAT  24452 24454     3  6942  6613    
 6943 WAT  24455 24457     3  6943  6614    
 6944 WAT  24458 24460     3  6944  6615    
 6945 WAT  24461 24463     3  6945  6616    
 6946 WAT  24464 24466     3  6946  6617    
 6947 WAT  24467 24469     3  6947  6618    
 6948 WAT  24470 24472     3  6948  6619    
 6949 WAT  24473 24475     3  6949  6620    
 6950 WAT  24476 24478     3  6950  6621    
 6951 WAT  24479 24481     3  6951  6622    
 6952 WAT  24482 24484     3  6952  6623    
 6953 WAT  24485 24487     3  6953  6624    
 6954 WAT  24488 24490     3  6954  6625    
 6955 WAT  24491 24493     3  6955  6626    
 6956 WAT  24494 24496     3  6956  6627    
 6957 WAT  24497 24499     3  6957  6628    
 6958 WAT  24500 24502     3  6958  6629    
 6959 WAT  24503 24505     3  6959  6630    
 6960 WAT  24506 24508     3  6960  6631    
 6961 WAT  24509 24511     3  6961  6632    
 6962 WAT  24512 24514     3  6962  6633    
 6963 WAT  24515 24517     3  6963  6634    
 6964 WAT  24518 24520     3  6964  6635    
 6965 WAT  24521 24523     3  6965  6636    
 6966 WAT  24524 24526     3  6966  6637    
 6967 WAT  24527 24529     3  6967  6638    
 6968 WAT  24530 24532     3  6968  6639    
 6969 WAT  24533 24535     3  6969  6640    
 6970 WAT  24536 24538     3  6970  6641    
 6971 WAT  24539 24541     3  6971  6642    
 6972 WAT  24542 24544     3  6972  6643    
 6973 WAT  24545 24547     3  6973  6644    
 6974 WAT  24548 24550     3  6974  6645    
 6975 WAT  24551 24553     3  6975  6646    
 6976 WAT  24554 24556     3  6976  6647    
 6977 WAT  24557 24559     3  6977  6648    
 6978 WAT  24560 24562     3  6978  6649    
 6979 WAT  24563 24565     3  6979  6650    
 6980 WAT  24566 24568     3  6980  6651    
 6981 WAT  24569 24571     3  6981  6652    
 6982 WAT  24572 24574     3  6982  6653    
 6983 WAT  24575 24577     3  6983  6654    
 6984 WAT  24578 24580     3  6984  6655    
 6985 WAT  24581 24583     3  6985  6656    
 6986 WAT  24584 24586     3  6986  6657    
 6987 WAT  24587 24589     3  6987  6658    
 6988 WAT  24590 24592     3  6988  6659    
 6989 WAT  24593 24595     3  6989  6660    
 6990 WAT  24596 24598     3  6990  6661    
 6991 WAT  24599 24601     3  6991  6662    
 6992 WAT  24602 24604     3  6992  6663    
 6993 WAT  24605 24607     3  6993  6664    
 6994 WAT  24608 24610     3  6994  6665    
 6995 WAT  24611 24613     3  6995  6666    
 6996 WAT  24614 24616     3  6996  6667    
 6997 WAT  24617 24619     3  6997  6668    
 6998 WAT  24620 24622     3  6998  6669    
 6999 WAT  24623 24625     3  6999  6670    
 7000 WAT  24626 24628     3  7000  6671    
 7001 WAT  24629 24631     3  7001  6672    
 7002 WAT  24632 24634     3  7002  6673    
 7003 WAT  24635 24637     3  7003  6674    
 7004 WAT  24638 24640     3  7004  6675    
 7005 WAT  24641 24643     3  7005  6676    
 7006 WAT  24644 24646     3  7006  6677    
 7007 WAT  24647 24649     3  7007  6678    
 7008 WAT  24650 24652     3  7008  6679    
 7009 WAT  24653 24655     3  7009  6680    
 7010 WAT  24656 24658     3  7010  6681    
 7011 WAT  24659 24661     3  7011  6682    
 7012 WAT  24662 24664     3  7012  6683    
 7013 WAT  24665 24667     3  7013  6684    
 7014 WAT  24668 24670     3  7014  6685    
 7015 WAT  24671 24673     3  7015  6686    
 7016 WAT  24674 24676     3  7016  6687    
 7017 WAT  24677 24679     3  7017  6688    
 7018 WAT  24680 24682     3  7018  6689    
 7019 WAT  24683 24685     3  7019  6690    
 7020 WAT  24686 24688     3  7020  6691    
 7021 WAT  24689 24691     3  7021  6692    
 7022 WAT  24692 24694     3  7022  6693    
 7023 WAT  24695 24697     3  7023  6694    
 7024 WAT  24698 24700     3  7024  6695    
 7025 WAT  24701 24703     3  7025  6696    
 7026 WAT  24704 24706     3  7026  6697    
 7027 WAT  24707 24709     3  7027  6698    
 7028 WAT  24710 24712     3  7028  6699    
 7029 WAT  24713 24715     3  7029  6700    
 7030 WAT  24716 24718     3  7030  6701    
 7031 WAT  24719 24721     3  7031  6702    
 7032 WAT  24722 24724     3  7032  6703    
 7033 WAT  24725 24727     3  7033  6704    
 7034 WAT  24728 24730     3  7034  6705    
 7035 WAT  24731 24733     3  7035  6706    
 7036 WAT  24734 24736     3  7036  6707    
 7037 WAT  24737 24739     3  7037  6708    
 7038 WAT  24740 24742     3  7038  6709    
 7039 WAT  24743 24745     3  7039  6710    
 7040 WAT  24746 24748     3  7040  6711    
 7041 WAT  24749 24751     3  7041  6712    
 7042 WAT  24752 24754     3  7042  6713    
 7043 WAT  24755 24757     3  7043  6714    
 7044 WAT  24758 24760     3  7044  6715    
 7045 WAT  24761 24763     3  7045  6716    
 7046 WAT  24764 24766     3  7046  6717    
 7047 WAT  24767 24769     3  7047  6718    
 7048 WAT  24770 24772     3  7048  6719    
 7049 WAT  24773 24775     3  7049  6720    
 7050 WAT  24776 24778     3  7050  6721    
 7051 WAT  24779 24781     3  7051  6722    
 7052 WAT  24782 24784     3  7052  6723    
 7053 WAT  24785 24787     3  7053  6724    
 7054 WAT  24788 24790     3  7054  6725    
 7055 WAT  24791 24793     3  7055  6726    
 7056 WAT  24794 24796     3  7056  6727    
 7057 WAT  24797 24799     3  7057  6728    
 7058 WAT  24800 24802     3  7058  6729    
 7059 WAT  24803 24805     3  7059  6730    
 7060 WAT  24806 24808     3  7060  6731    
 7061 WAT  24809 24811     3  7061  6732    
 7062 WAT  24812 24814     3  7062  6733    
 7063 WAT  24815 24817     3  7063  6734    
 7064 WAT  24818 24820     3  7064  6735    
 7065 WAT  24821 24823     3  7065  6736    
 7066 WAT  24824 24826     3  7066  6737    
 7067 WAT  24827 24829     3  7067  6738    
 7068 WAT  24830 24832     3  7068  6739    
 7069 WAT  24833 24835     3  7069  6740    
 7070 WAT  24836 24838     3  7070  6741    
 7071 WAT  24839 24841     3  7071  6742    
 7072 WAT  24842 24844     3  7072  6743    
 7073 WAT  24845 24847     3  7073  6744    
 7074 WAT  24848 24850     3  7074  6745    
 7075 WAT  24851 24853     3  7075  6746    
 7076 WAT  24854 24856     3  7076  6747    
 7077 WAT  24857 24859     3  7077  6748    
 7078 WAT  24860 24862     3  7078  6749    
 7079 WAT  24863 24865     3  7079  6750    
 7080 WAT  24866 24868     3  7080  6751    
 7081 WAT  24869 24871     3  7081  6752    
 7082 WAT  24872 24874     3  7082  6753    
 7083 WAT  24875 24877     3  7083  6754    
 7084 WAT  24878 24880     3  7084  6755    
 7085 WAT  24881 24883     3  7085  6756    
 7086 WAT  24884 24886     3  7086  6757    
 7087 WAT  24887 24889     3  7087  6758    
 7088 WAT  24890 24892     3  7088  6759    
 7089 WAT  24893 24895     3  7089  6760    
 7090 WAT  24896 24898     3  7090  6761    
 7091 WAT  24899 24901     3  7091  6762    
 7092 WAT  24902 24904     3  7092  6763    
 7093 WAT  24905 24907     3  7093  6764    
 7094 WAT  24908 24910     3  7094  6765    
 7095 WAT  24911 24913     3  7095  6766    
 7096 WAT  24914 24916     3  7096  6767    
 7097 WAT  24917 24919     3  7097  6768    
 7098 WAT  24920 24922     3  7098  6769    
 7099 WAT  24923 24925     3  7099  6770    
 7100 WAT  24926 24928     3  7100  6771    
 7101 WAT  24929 24931     3  7101  6772    
 7102 WAT  24932 24934     3  7102  6773    
 7103 WAT  24935 24937     3  7103  6774    
 7104 WAT  24938 24940     3  7104  6775    
 7105 WAT  24941 24943     3  7105  6776    
 7106 WAT  24944 24946     3  7106  6777    
 7107 WAT  24947 24949     3  7107  6778    
 7108 WAT  24950 24952     3  7108  6779    
 7109 WAT  24953 24955     3  7109  6780    
 7110 WAT  24956 24958     3  7110  6781    
 7111 WAT  24959 24961     3  7111  6782    
 7112 WAT  24962 24964     3  7112  6783    
 7113 WAT  24965 24967     3  7113  6784    
 7114 WAT  24968 24970     3  7114  6785    
 7115 WAT  24971 24973     3  7115  6786    
 7116 WAT  24974 24976     3  7116  6787    
 7117 WAT  24977 24979     3  7117  6788    
 7118 WAT  24980 24982     3  7118  6789    
 7119 WAT  24983 24985     3  7119  6790    
 7120 WAT  24986 24988     3  7120  6791    
 7121 WAT  24989 24991     3  7121  6792    
 7122 WAT  24992 24994     3  7122  6793    
 7123 WAT  24995 24997     3  7123  6794    
 7124 WAT  24998 25000     3  7124  6795    
 7125 WAT  25001 25003     3  7125  6796    
 7126 WAT  25004 25006     3  7126  6797    
 7127 WAT  25007 25009     3  7127  6798    
 7128 WAT  25010 25012     3  7128  6799    
 7129 WAT  25013 25015     3  7129  6800    
 7130 WAT  25016 25018     3  7130  6801    
 7131 WAT  25019 25021     3  7131  6802    
 7132 WAT  25022 25024     3  7132  6803    
 7133 WAT  25025 25027     3  7133  6804    
 7134 WAT  25028 25030     3  7134  6805    
 7135 WAT  25031 25033     3  7135  6806    
 7136 WAT  25034 25036     3  7136  6807    
 7137 WAT  25037 25039     3  7137  6808    
 7138 WAT  25040 25042     3  7138  6809    
 7139 WAT  25043 25045     3  7139  6810    
 7140 WAT  25046 25048     3  7140  6811    
 7141 WAT  25049 25051     3  7141  6812    
 7142 WAT  25052 25054     3  7142  6813    
 7143 WAT  25055 25057     3  7143  6814    
 7144 WAT  25058 25060     3  7144  6815    
 7145 WAT  25061 25063     3  7145  6816    
 7146 WAT  25064 25066     3  7146  6817    
 7147 WAT  25067 25069     3  7147  6818    
 7148 WAT  25070 25072     3  7148  6819    
 7149 WAT  25073 25075     3  7149  6820    
 7150 WAT  25076 25078     3  7150  6821    
 7151 WAT  25079 25081     3  7151  6822    
 7152 WAT  25082 25084     3  7152  6823    
 7153 WAT  25085 25087     3  7153  6824    
 7154 WAT  25088 25090     3  7154  6825    
 7155 WAT  25091 25093     3  7155  6826    
 7156 WAT  25094 25096     3  7156  6827    
 7157 WAT  25097 25099     3  7157  6828    
 7158 WAT  25100 25102     3  7158  6829    
 7159 WAT  25103 25105     3  7159  6830    
 7160 WAT  25106 25108     3  7160  6831    
 7161 WAT  25109 25111     3  7161  6832    
 7162 WAT  25112 25114     3  7162  6833    
 7163 WAT  25115 25117     3  7163  6834    
 7164 WAT  25118 25120     3  7164  6835    
 7165 WAT  25121 25123     3  7165  6836    
 7166 WAT  25124 25126     3  7166  6837    
 7167 WAT  25127 25129     3  7167  6838    
 7168 WAT  25130 25132     3  7168  6839    
 7169 WAT  25133 25135     3  7169  6840    
 7170 WAT  25136 25138     3  7170  6841    
 7171 WAT  25139 25141     3  7171  6842    
 7172 WAT  25142 25144     3  7172  6843    
 7173 WAT  25145 25147     3  7173  6844    
 7174 WAT  25148 25150     3  7174  6845    
 7175 WAT  25151 25153     3  7175  6846    
 7176 WAT  25154 25156     3  7176  6847    
 7177 WAT  25157 25159     3  7177  6848    
 7178 WAT  25160 25162     3  7178  6849    
 7179 WAT  25163 25165     3  7179  6850    
 7180 WAT  25166 25168     3  7180  6851    
 7181 WAT  25169 25171     3  7181  6852    
 7182 WAT  25172 25174     3  7182  6853    
 7183 WAT  25175 25177     3  7183  6854    
 7184 WAT  25178 25180     3  7184  6855    
 7185 WAT  25181 25183     3  7185  6856    
 7186 WAT  25184 25186     3  7186  6857    
 7187 WAT  25187 25189     3  7187  6858    
 7188 WAT  25190 25192     3  7188  6859    
 7189 WAT  25193 25195     3  7189  6860    
 7190 WAT  25196 25198     3  7190  6861    
 7191 WAT  25199 25201     3  7191  6862    
 7192 WAT  25202 25204     3  7192  6863    
 7193 WAT  25205 25207     3  7193  6864    
 7194 WAT  25208 25210     3  7194  6865    
 7195 WAT  25211 25213     3  7195  6866    
 7196 WAT  25214 25216     3  7196  6867    
 7197 WAT  25217 25219     3  7197  6868    
 7198 WAT  25220 25222     3  7198  6869    
 7199 WAT  25223 25225     3  7199  6870    
 7200 WAT  25226 25228     3  7200  6871    
 7201 WAT  25229 25231     3  7201  6872    
 7202 WAT  25232 25234     3  7202  6873    
 7203 WAT  25235 25237     3  7203  6874    
 7204 WAT  25238 25240     3  7204  6875    
 7205 WAT  25241 25243     3  7205  6876    
 7206 WAT  25244 25246     3  7206  6877    
 7207 WAT  25247 25249     3  7207  6878    
 7208 WAT  25250 25252     3  7208  6879    
 7209 WAT  25253 25255     3  7209  6880    
 7210 WAT  25256 25258     3  7210  6881    
 7211 WAT  25259 25261     3  7211  6882    
 7212 WAT  25262 25264     3  7212  6883    
 7213 WAT  25265 25267     3  7213  6884    
 7214 WAT  25268 25270     3  7214  6885    
 7215 WAT  25271 25273     3  7215  6886    
 7216 WAT  25274 25276     3  7216  6887    
 7217 WAT  25277 25279     3  7217  6888    
 7218 WAT  25280 25282     3  7218  6889    
 7219 WAT  25283 25285     3  7219  6890    
 7220 WAT  25286 25288     3  7220  6891    
 7221 WAT  25289 25291     3  7221  6892    
 7222 WAT  25292 25294     3  7222  6893    
 7223 WAT  25295 25297     3  7223  6894    
 7224 WAT  25298 25300     3  7224  6895    
 7225 WAT  25301 25303     3  7225  6896    
 7226 WAT  25304 25306     3  7226  6897    
 7227 WAT  25307 25309     3  7227  6898    
 7228 WAT  25310 25312     3  7228  6899    
 7229 WAT  25313 25315     3  7229  6900    
 7230 WAT  25316 25318     3  7230  6901    
 7231 WAT  25319 25321     3  7231  6902    
 7232 WAT  25322 25324     3  7232  6903    
 7233 WAT  25325 25327     3  7233  6904    
 7234 WAT  25328 25330     3  7234  6905    
 7235 WAT  25331 25333     3  7235  6906    
 7236 WAT  25334 25336     3  7236  6907    
 7237 WAT  25337 25339     3  7237  6908    
 7238 WAT  25340 25342     3  7238  6909    
 7239 WAT  25343 25345     3  7239  6910    
 7240 WAT  25346 25348     3  7240  6911    
 7241 WAT  25349 25351     3  7241  6912    
 7242 WAT  25352 25354     3  7242  6913    
 7243 WAT  25355 25357     3  7243  6914    
 7244 WAT  25358 25360     3  7244  6915    
 7245 WAT  25361 25363     3  7245  6916    
 7246 WAT  25364 25366     3  7246  6917    
 7247 WAT  25367 25369     3  7247  6918    
 7248 WAT  25370 25372     3  7248  6919    
 7249 WAT  25373 25375     3  7249  6920    
 7250 WAT  25376 25378     3  7250  6921    
 7251 WAT  25379 25381     3  7251  6922    
 7252 WAT  25382 25384     3  7252  6923    
 7253 WAT  25385 25387     3  7253  6924    
 7254 WAT  25388 25390     3  7254  6925    
 7255 WAT  25391 25393     3  7255  6926    
 7256 WAT  25394 25396     3  7256  6927    
 7257 WAT  25397 25399     3  7257  6928    
 7258 WAT  25400 25402     3  7258  6929    
 7259 WAT  25403 25405     3  7259  6930    
 7260 WAT  25406 25408     3  7260  6931    
 7261 WAT  25409 25411     3  7261  6932    
 7262 WAT  25412 25414     3  7262  6933    
 7263 WAT  25415 25417     3  7263  6934    
 7264 WAT  25418 25420     3  7264  6935    
 7265 WAT  25421 25423     3  7265  6936    
 7266 WAT  25424 25426     3  7266  6937    
 7267 WAT  25427 25429     3  7267  6938    
 7268 WAT  25430 25432     3  7268  6939    
 7269 WAT  25433 25435     3  7269  6940    
 7270 WAT  25436 25438     3  7270  6941    
 7271 WAT  25439 25441     3  7271  6942    
 7272 WAT  25442 25444     3  7272  6943    
 7273 WAT  25445 25447     3  7273  6944    
 7274 WAT  25448 25450     3  7274  6945    
 7275 WAT  25451 25453     3  7275  6946    
 7276 WAT  25454 25456     3  7276  6947    
 7277 WAT  25457 25459     3  7277  6948    
 7278 WAT  25460 25462     3  7278  6949    
 7279 WAT  25463 25465     3  7279  6950    
 7280 WAT  25466 25468     3  7280  6951    
 7281 WAT  25469 25471     3  7281  6952    
 7282 WAT  25472 25474     3  7282  6953    
 7283 WAT  25475 25477     3  7283  6954    
 7284 WAT  25478 25480     3  7284  6955    
 7285 WAT  25481 25483     3  7285  6956    
 7286 WAT  25484 25486     3  7286  6957    
 7287 WAT  25487 25489     3  7287  6958    
 7288 WAT  25490 25492     3  7288  6959    
 7289 WAT  25493 25495     3  7289  6960    
 7290 WAT  25496 25498     3  7290  6961    
 7291 WAT  25499 25501     3  7291  6962    
 7292 WAT  25502 25504     3  7292  6963    
 7293 WAT  25505 25507     3  7293  6964    
 7294 WAT  25508 25510     3  7294  6965    
 7295 WAT  25511 25513     3  7295  6966    
 7296 WAT  25514 25516     3  7296  6967    
 7297 WAT  25517 25519     3  7297  6968    
 7298 WAT  25520 25522     3  7298  6969    
 7299 WAT  25523 25525     3  7299  6970    
 7300 WAT  25526 25528     3  7300  6971    
 7301 WAT  25529 25531     3  7301  6972    
 7302 WAT  25532 25534     3  7302  6973    
 7303 WAT  25535 25537     3  7303  6974    
 7304 WAT  25538 25540     3  7304  6975    
 7305 WAT  25541 25543     3  7305  6976    
 7306 WAT  25544 25546     3  7306  6977    
 7307 WAT  25547 25549     3  7307  6978    
 7308 WAT  25550 25552     3  7308  6979    
 7309 WAT  25553 25555     3  7309  6980    
 7310 WAT  25556 25558     3  7310  6981    
 7311 WAT  25559 25561     3  7311  6982    
 7312 WAT  25562 25564     3  7312  6983    
 7313 WAT  25565 25567     3  7313  6984    
 7314 WAT  25568 25570     3  7314  6985    
 7315 WAT  25571 25573     3  7315  6986    
 7316 WAT  25574 25576     3  7316  6987    
 7317 WAT  25577 25579     3  7317  6988    
 7318 WAT  25580 25582     3  7318  6989    
 7319 WAT  25583 25585     3  7319  6990    
 7320 WAT  25586 25588     3  7320  6991    
 7321 WAT  25589 25591     3  7321  6992    
 7322 WAT  25592 25594     3  7322  6993    
 7323 WAT  25595 25597     3  7323  6994    
 7324 WAT  25598 25600     3  7324  6995    
 7325 WAT  25601 25603     3  7325  6996    
 7326 WAT  25604 25606     3  7326  6997    
 7327 WAT  25607 25609     3  7327  6998    
 7328 WAT  25610 25612     3  7328  6999    
 7329 WAT  25613 25615     3  7329  7000    
 7330 WAT  25616 25618     3  7330  7001    
 7331 WAT  25619 25621     3  7331  7002    
 7332 WAT  25622 25624     3  7332  7003    
 7333 WAT  25625 25627     3  7333  7004    
 7334 WAT  25628 25630     3  7334  7005    
 7335 WAT  25631 25633     3  7335  7006    
 7336 WAT  25634 25636     3  7336  7007    
 7337 WAT  25637 25639     3  7337  7008    
 7338 WAT  25640 25642     3  7338  7009    
 7339 WAT  25643 25645     3  7339  7010    
 7340 WAT  25646 25648     3  7340  7011    
 7341 WAT  25649 25651     3  7341  7012    
 7342 WAT  25652 25654     3  7342  7013    
 7343 WAT  25655 25657     3  7343  7014    
 7344 WAT  25658 25660     3  7344  7015    
 7345 WAT  25661 25663     3  7345  7016    
 7346 WAT  25664 25666     3  7346  7017    
 7347 WAT  25667 25669     3  7347  7018    
 7348 WAT  25670 25672     3  7348  7019    
 7349 WAT  25673 25675     3  7349  7020    
 7350 WAT  25676 25678     3  7350  7021    
 7351 WAT  25679 25681     3  7351  7022    
 7352 WAT  25682 25684     3  7352  7023    
 7353 WAT  25685 25687     3  7353  7024    
 7354 WAT  25688 25690     3  7354  7025    
 7355 WAT  25691 25693     3  7355  7026    
 7356 WAT  25694 25696     3  7356  7027    
 7357 WAT  25697 25699     3  7357  7028    
 7358 WAT  25700 25702     3  7358  7029    
 7359 WAT  25703 25705     3  7359  7030    
 7360 WAT  25706 25708     3  7360  7031    
 7361 WAT  25709 25711     3  7361  7032    
 7362 WAT  25712 25714     3  7362  7033    
 7363 WAT  25715 25717     3  7363  7034    
 7364 WAT  25718 25720     3  7364  7035    
 7365 WAT  25721 25723     3  7365  7036    
 7366 WAT  25724 25726     3  7366  7037    
 7367 WAT  25727 25729     3  7367  7038    
 7368 WAT  25730 25732     3  7368  7039    
 7369 WAT  25733 25735     3  7369  7040    
 7370 WAT  25736 25738     3  7370  7041    
 7371 WAT  25739 25741     3  7371  7042    
 7372 WAT  25742 25744     3  7372  7043    
 7373 WAT  25745 25747     3  7373  7044    
 7374 WAT  25748 25750     3  7374  7045    
 7375 WAT  25751 25753     3  7375  7046    
 7376 WAT  25754 25756     3  7376  7047    
 7377 WAT  25757 25759     3  7377  7048    
 7378 WAT  25760 25762     3  7378  7049    
 7379 WAT  25763 25765     3  7379  7050    
 7380 WAT  25766 25768     3  7380  7051    
 7381 WAT  25769 25771     3  7381  7052    
 7382 WAT  25772 25774     3  7382  7053    
 7383 WAT  25775 25777     3  7383  7054    
 7384 WAT  25778 25780     3  7384  7055    
 7385 WAT  25781 25783     3  7385  7056    
 7386 WAT  25784 25786     3  7386  7057    
 7387 WAT  25787 25789     3  7387  7058    
 7388 WAT  25790 25792     3  7388  7059    
 7389 WAT  25793 25795     3  7389  7060    
 7390 WAT  25796 25798     3  7390  7061    
 7391 WAT  25799 25801     3  7391  7062    
 7392 WAT  25802 25804     3  7392  7063    
 7393 WAT  25805 25807     3  7393  7064    
 7394 WAT  25808 25810     3  7394  7065    
 7395 WAT  25811 25813     3  7395  7066    
 7396 WAT  25814 25816     3  7396  7067    
 7397 WAT  25817 25819     3  7397  7068    
 7398 WAT  25820 25822     3  7398  7069    
 7399 WAT  25823 25825     3  7399  7070    
 7400 WAT  25826 25828     3  7400  7071    
 7401 WAT  25829 25831     3  7401  7072    
 7402 WAT  25832 25834     3  7402  7073    
 7403 WAT  25835 25837     3  7403  7074    
 7404 WAT  25838 25840     3  7404  7075    
 7405 WAT  25841 25843     3  7405  7076    
 7406 WAT  25844 25846     3  7406  7077    
 7407 WAT  25847 25849     3  7407  7078    
 7408 WAT  25850 25852     3  7408  7079    
 7409 WAT  25853 25855     3  7409  7080    
 7410 WAT  25856 25858     3  7410  7081    
 7411 WAT  25859 25861     3  7411  7082    
 7412 WAT  25862 25864     3  7412  7083    
 7413 WAT  25865 25867     3  7413  7084    
 7414 WAT  25868 25870     3  7414  7085    
 7415 WAT  25871 25873     3  7415  7086    
 7416 WAT  25874 25876     3  7416  7087    
 7417 WAT  25877 25879     3  7417  7088    
 7418 WAT  25880 25882     3  7418  7089    
 7419 WAT  25883 25885     3  7419  7090    
 7420 WAT  25886 25888     3  7420  7091    
 7421 WAT  25889 25891     3  7421  7092    
 7422 WAT  25892 25894     3  7422  7093    
 7423 WAT  25895 25897     3  7423  7094    
 7424 WAT  25898 25900     3  7424  7095    
 7425 WAT  25901 25903     3  7425  7096    
 7426 WAT  25904 25906     3  7426  7097    
 7427 WAT  25907 25909     3  7427  7098    
 7428 WAT  25910 25912     3  7428  7099    
 7429 WAT  25913 25915     3  7429  7100    
 7430 WAT  25916 25918     3  7430  7101    
 7431 WAT  25919 25921     3  7431  7102    
 7432 WAT  25922 25924     3  7432  7103    
 7433 WAT  25925 25927     3  7433  7104    
 7434 WAT  25928 25930     3  7434  7105    
 7435 WAT  25931 25933     3  7435  7106    
 7436 WAT  25934 25936     3  7436  7107    
 7437 WAT  25937 25939     3  7437  7108    
 7438 WAT  25940 25942     3  7438  7109    
 7439 WAT  25943 25945     3  7439  7110    
 7440 WAT  25946 25948     3  7440  7111    
 7441 WAT  25949 25951     3  7441  7112    
 7442 WAT  25952 25954     3  7442  7113    
 7443 WAT  25955 25957     3  7443  7114    
 7444 WAT  25958 25960     3  7444  7115    
 7445 WAT  25961 25963     3  7445  7116    
 7446 WAT  25964 25966     3  7446  7117    
 7447 WAT  25967 25969     3  7447  7118    
 7448 WAT  25970 25972     3  7448  7119    
 7449 WAT  25973 25975     3  7449  7120    
 7450 WAT  25976 25978     3  7450  7121    
 7451 WAT  25979 25981     3  7451  7122    
 7452 WAT  25982 25984     3  7452  7123    
 7453 WAT  25985 25987     3  7453  7124    
 7454 WAT  25988 25990     3  7454  7125    
 7455 WAT  25991 25993     3  7455  7126    
 7456 WAT  25994 25996     3  7456  7127    
 7457 WAT  25997 25999     3  7457  7128    
 7458 WAT  26000 26002     3  7458  7129    
 7459 WAT  26003 26005     3  7459  7130    
 7460 WAT  26006 26008     3  7460  7131    
 7461 WAT  26009 26011     3  7461  7132    
 7462 WAT  26012 26014     3  7462  7133    
 7463 WAT  26015 26017     3  7463  7134    
 7464 WAT  26018 26020     3  7464  7135    
 7465 WAT  26021 26023     3  7465  7136    
 7466 WAT  26024 26026     3  7466  7137    
 7467 WAT  26027 26029     3  7467  7138    
 7468 WAT  26030 26032     3  7468  7139    
 7469 WAT  26033 26035     3  7469  7140    
 7470 WAT  26036 26038     3  7470  7141    
 7471 WAT  26039 26041     3  7471  7142    
 7472 WAT  26042 26044     3  7472  7143    
 7473 WAT  26045 26047     3  7473  7144    
 7474 WAT  26048 26050     3  7474  7145    
 7475 WAT  26051 26053     3  7475  7146    
 7476 WAT  26054 26056     3  7476  7147    
 7477 WAT  26057 26059     3  7477  7148    
 7478 WAT  26060 26062     3  7478  7149    
 7479 WAT  26063 26065     3  7479  7150    
 7480 WAT  26066 26068     3  7480  7151    
 7481 WAT  26069 26071     3  7481  7152    
 7482 WAT  26072 26074     3  7482  7153    
 7483 WAT  26075 26077     3  7483  7154    
 7484 WAT  26078 26080     3  7484  7155    
 7485 WAT  26081 26083     3  7485  7156    
 7486 WAT  26084 26086     3  7486  7157    
 7487 WAT  26087 26089     3  7487  7158    
 7488 WAT  26090 26092     3  7488  7159    
 7489 WAT  26093 26095     3  7489  7160    
 7490 WAT  26096 26098     3  7490  7161    
 7491 WAT  26099 26101     3  7491  7162    
 7492 WAT  26102 26104     3  7492  7163    
 7493 WAT  26105 26107     3  7493  7164    
 7494 WAT  26108 26110     3  7494  7165    
 7495 WAT  26111 26113     3  7495  7166    
 7496 WAT  26114 26116     3  7496  7167    
 7497 WAT  26117 26119     3  7497  7168    
 7498 WAT  26120 26122     3  7498  7169    
 7499 WAT  26123 26125     3  7499  7170    
 7500 WAT  26126 26128     3  7500  7171    
 7501 WAT  26129 26131     3  7501  7172    
 7502 WAT  26132 26134     3  7502  7173    
 7503 WAT  26135 26137     3  7503  7174    
 7504 WAT  26138 26140     3  7504  7175    
 7505 WAT  26141 26143     3  7505  7176    
 7506 WAT  26144 26146     3  7506  7177    
 7507 WAT  26147 26149     3  7507  7178    
 7508 WAT  26150 26152     3  7508  7179    
 7509 WAT  26153 26155     3  7509  7180    
 7510 WAT  26156 26158     3  7510  7181    
 7511 WAT  26159 26161     3  7511  7182    
 7512 WAT  26162 26164     3  7512  7183    
 7513 WAT  26165 26167     3  7513  7184    
 7514 WAT  26168 26170     3  7514  7185    
 7515 WAT  26171 26173     3  7515  7186    
 7516 WAT  26174 26176     3  7516  7187    
 7517 WAT  26177 26179     3  7517  7188    
 7518 WAT  26180 26182     3  7518  7189    
 7519 WAT  26183 26185     3  7519  7190    
 7520 WAT  26186 26188     3  7520  7191    
 7521 WAT  26189 26191     3  7521  7192    
 7522 WAT  26192 26194     3  7522  7193    
 7523 WAT  26195 26197     3  7523  7194    
 7524 WAT  26198 26200     3  7524  7195    
 7525 WAT  26201 26203     3  7525  7196    
 7526 WAT  26204 26206     3  7526  7197    
 7527 WAT  26207 26209     3  7527  7198    
 7528 WAT  26210 26212     3  7528  7199    
 7529 WAT  26213 26215     3  7529  7200    
 7530 WAT  26216 26218     3  7530  7201    
 7531 WAT  26219 26221     3  7531  7202    
 7532 WAT  26222 26224     3  7532  7203    
 7533 WAT  26225 26227     3  7533  7204    
 7534 WAT  26228 26230     3  7534  7205    
 7535 WAT  26231 26233     3  7535  7206    
 7536 WAT  26234 26236     3  7536  7207    
 7537 WAT  26237 26239     3  7537  7208    
 7538 WAT  26240 26242     3  7538  7209    
 7539 WAT  26243 26245     3  7539  7210    
 7540 WAT  26246 26248     3  7540  7211    
 7541 WAT  26249 26251     3  7541  7212    
 7542 WAT  26252 26254     3  7542  7213    
 7543 WAT  26255 26257     3  7543  7214    
 7544 WAT  26258 26260     3  7544  7215    
 7545 WAT  26261 26263     3  7545  7216    
 7546 WAT  26264 26266     3  7546  7217    
 7547 WAT  26267 26269     3  7547  7218    
 7548 WAT  26270 26272     3  7548  7219    
 7549 WAT  26273 26275     3  7549  7220    
 7550 WAT  26276 26278     3  7550  7221    
 7551 WAT  26279 26281     3  7551  7222    
 7552 WAT  26282 26284     3  7552  7223    
 7553 WAT  26285 26287     3  7553  7224    
 7554 WAT  26288 26290     3  7554  7225    
 7555 WAT  26291 26293     3  7555  7226    
 7556 WAT  26294 26296     3  7556  7227    
 7557 WAT  26297 26299     3  7557  7228    
 7558 WAT  26300 26302     3  7558  7229    
 7559 WAT  26303 26305     3  7559  7230    
 7560 WAT  26306 26308     3  7560  7231    
 7561 WAT  26309 26311     3  7561  7232    
 7562 WAT  26312 26314     3  7562  7233    
 7563 WAT  26315 26317     3  7563  7234    
 7564 WAT  26318 26320     3  7564  7235    
 7565 WAT  26321 26323     3  7565  7236    
 7566 WAT  26324 26326     3  7566  7237    
 7567 WAT  26327 26329     3  7567  7238    
 7568 WAT  26330 26332     3  7568  7239    
 7569 WAT  26333 26335     3  7569  7240    
 7570 WAT  26336 26338     3  7570  7241    
 7571 WAT  26339 26341     3  7571  7242    
 7572 WAT  26342 26344     3  7572  7243    
 7573 WAT  26345 26347     3  7573  7244    
 7574 WAT  26348 26350     3  7574  7245    
 7575 WAT  26351 26353     3  7575  7246    
 7576 WAT  26354 26356     3  7576  7247    
 7577 WAT  26357 26359     3  7577  7248    
 7578 WAT  26360 26362     3  7578  7249    
 7579 WAT  26363 26365     3  7579  7250    
 7580 WAT  26366 26368     3  7580  7251    
 7581 WAT  26369 26371     3  7581  7252    
 7582 WAT  26372 26374     3  7582  7253    
 7583 WAT  26375 26377     3  7583  7254    
 7584 WAT  26378 26380     3  7584  7255    
 7585 WAT  26381 26383     3  7585  7256    
 7586 WAT  26384 26386     3  7586  7257    
 7587 WAT  26387 26389     3  7587  7258    
 7588 WAT  26390 26392     3  7588  7259    
 7589 WAT  26393 26395     3  7589  7260    
 7590 WAT  26396 26398     3  7590  7261    
 7591 WAT  26399 26401     3  7591  7262    
 7592 WAT  26402 26404     3  7592  7263    
 7593 WAT  26405 26407     3  7593  7264    
 7594 WAT  26408 26410     3  7594  7265    
 7595 WAT  26411 26413     3  7595  7266    
 7596 WAT  26414 26416     3  7596  7267    
 7597 WAT  26417 26419     3  7597  7268    
 7598 WAT  26420 26422     3  7598  7269    
 7599 WAT  26423 26425     3  7599  7270    
 7600 WAT  26426 26428     3  7600  7271    
 7601 WAT  26429 26431     3  7601  7272    
 7602 WAT  26432 26434     3  7602  7273    
 7603 WAT  26435 26437     3  7603  7274    
 7604 WAT  26438 26440     3  7604  7275    
 7605 WAT  26441 26443     3  7605  7276    
 7606 WAT  26444 26446     3  7606  7277    
 7607 WAT  26447 26449     3  7607  7278    
 7608 WAT  26450 26452     3  7608  7279    
 7609 WAT  26453 26455     3  7609  7280    
 7610 WAT  26456 26458     3  7610  7281    
 7611 WAT  26459 26461     3  7611  7282    
 7612 WAT  26462 26464     3  7612  7283    
 7613 WAT  26465 26467     3  7613  7284    
 7614 WAT  26468 26470     3  7614  7285    
 7615 WAT  26471 26473     3  7615  7286    
 7616 WAT  26474 26476     3  7616  7287    
 7617 WAT  26477 26479     3  7617  7288    
 7618 WAT  26480 26482     3  7618  7289    
 7619 WAT  26483 26485     3  7619  7290    
 7620 WAT  26486 26488     3  7620  7291    
 7621 WAT  26489 26491     3  7621  7292    
 7622 WAT  26492 26494     3  7622  7293    
 7623 WAT  26495 26497     3  7623  7294    
 7624 WAT  26498 26500     3  7624  7295    
 7625 WAT  26501 26503     3  7625  7296    
 7626 WAT  26504 26506     3  7626  7297    
 7627 WAT  26507 26509     3  7627  7298    
 7628 WAT  26510 26512     3  7628  7299    
 7629 WAT  26513 26515     3  7629  7300    
 7630 WAT  26516 26518     3  7630  7301    
 7631 WAT  26519 26521     3  7631  7302    
 7632 WAT  26522 26524     3  7632  7303    
 7633 WAT  26525 26527     3  7633  7304    
 7634 WAT  26528 26530     3  7634  7305    
 7635 WAT  26531 26533     3  7635  7306    
 7636 WAT  26534 26536     3  7636  7307    
 7637 WAT  26537 26539     3  7637  7308    
 7638 WAT  26540 26542     3  7638  7309    
 7639 WAT  26543 26545     3  7639  7310    
 7640 WAT  26546 26548     3  7640  7311    
 7641 WAT  26549 26551     3  7641  7312    
 7642 WAT  26552 26554     3  7642  7313    
 7643 WAT  26555 26557     3  7643  7314    
 7644 WAT  26558 26560     3  7644  7315    
 7645 WAT  26561 26563     3  7645  7316    
 7646 WAT  26564 26566     3  7646  7317    
 7647 WAT  26567 26569     3  7647  7318    
 7648 WAT  26570 26572     3  7648  7319    
 7649 WAT  26573 26575     3  7649  7320    
 7650 WAT  26576 26578     3  7650  7321    
 7651 WAT  26579 26581     3  7651  7322    
 7652 WAT  26582 26584     3  7652  7323    
 7653 WAT  26585 26587     3  7653  7324    
 7654 WAT  26588 26590     3  7654  7325    
 7655 WAT  26591 26593     3  7655  7326    
 7656 WAT  26594 26596     3  7656  7327    
 7657 WAT  26597 26599     3  7657  7328    
 7658 WAT  26600 26602     3  7658  7329    
 7659 WAT  26603 26605     3  7659  7330    
 7660 WAT  26606 26608     3  7660  7331    
 7661 WAT  26609 26611     3  7661  7332    
 7662 WAT  26612 26614     3  7662  7333    
 7663 WAT  26615 26617     3  7663  7334    
 7664 WAT  26618 26620     3  7664  7335    
 7665 WAT  26621 26623     3  7665  7336    
 7666 WAT  26624 26626     3  7666  7337    
 7667 WAT  26627 26629     3  7667  7338    
 7668 WAT  26630 26632     3  7668  7339    
 7669 WAT  26633 26635     3  7669  7340    
 7670 WAT  26636 26638     3  7670  7341    
 7671 WAT  26639 26641     3  7671  7342    
 7672 WAT  26642 26644     3  7672  7343    
 7673 WAT  26645 26647     3  7673  7344    
 7674 WAT  26648 26650     3  7674  7345    
 7675 WAT  26651 26653     3  7675  7346    
 7676 WAT  26654 26656     3  7676  7347    
 7677 WAT  26657 26659     3  7677  7348    
 7678 WAT  26660 26662     3  7678  7349    
 7679 WAT  26663 26665     3  7679  7350    
 7680 WAT  26666 26668     3  7680  7351    
 7681 WAT  26669 26671     3  7681  7352    
 7682 WAT  26672 26674     3  7682  7353    
 7683 WAT  26675 26677     3  7683  7354    
 7684 WAT  26678 26680     3  7684  7355    
 7685 WAT  26681 26683     3  7685  7356    
 7686 WAT  26684 26686     3  7686  7357    
 7687 WAT  26687 26689     3  7687  7358    
 7688 WAT  26690 26692     3  7688  7359    
 7689 WAT  26693 26695     3  7689  7360    
 7690 WAT  26696 26698     3  7690  7361    
 7691 WAT  26699 26701     3  7691  7362    
 7692 WAT  26702 26704     3  7692  7363    
 7693 WAT  26705 26707     3  7693  7364    
 7694 WAT  26708 26710     3  7694  7365    
 7695 WAT  26711 26713     3  7695  7366    
 7696 WAT  26714 26716     3  7696  7367    
 7697 WAT  26717 26719     3  7697  7368    
 7698 WAT  26720 26722     3  7698  7369    
 7699 WAT  26723 26725     3  7699  7370    
 7700 WAT  26726 26728     3  7700  7371    
 7701 WAT  26729 26731     3  7701  7372    
 7702 WAT  26732 26734     3  7702  7373    
 7703 WAT  26735 26737     3  7703  7374    
 7704 WAT  26738 26740     3  7704  7375    
 7705 WAT  26741 26743     3  7705  7376    
 7706 WAT  26744 26746     3  7706  7377    
 7707 WAT  26747 26749     3  7707  7378    
 7708 WAT  26750 26752     3  7708  7379    
 7709 WAT  26753 26755     3  7709  7380    
 7710 WAT  26756 26758     3  7710  7381    
 7711 WAT  26759 26761     3  7711  7382    
 7712 WAT  26762 26764     3  7712  7383    
 7713 WAT  26765 26767     3  7713  7384    
 7714 WAT  26768 26770     3  7714  7385    
 7715 WAT  26771 26773     3  7715  7386    
 7716 WAT  26774 26776     3  7716  7387    
 7717 WAT  26777 26779     3  7717  7388    
 7718 WAT  26780 26782     3  7718  7389    
 7719 WAT  26783 26785     3  7719  7390    
 7720 WAT  26786 26788     3  7720  7391    
 7721 WAT  26789 26791     3  7721  7392    
 7722 WAT  26792 26794     3  7722  7393    
 7723 WAT  26795 26797     3  7723  7394    
 7724 WAT  26798 26800     3  7724  7395    
 7725 WAT  26801 26803     3  7725  7396    
 7726 WAT  26804 26806     3  7726  7397    
 7727 WAT  26807 26809     3  7727  7398    
 7728 WAT  26810 26812     3  7728  7399    
 7729 WAT  26813 26815     3  7729  7400    
 7730 WAT  26816 26818     3  7730  7401    
 7731 WAT  26819 26821     3  7731  7402    
 7732 WAT  26822 26824     3  7732  7403    
 7733 WAT  26825 26827     3  7733  7404    
 7734 WAT  26828 26830     3  7734  7405    
 7735 WAT  26831 26833     3  7735  7406    
 7736 WAT  26834 26836     3  7736  7407    
 7737 WAT  26837 26839     3  7737  7408    
 7738 WAT  26840 26842     3  7738  7409    
 7739 WAT  26843 26845     3  7739  7410    
 7740 WAT  26846 26848     3  7740  7411    
 7741 WAT  26849 26851     3  7741  7412    
 7742 WAT  26852 26854     3  7742  7413    
 7743 WAT  26855 26857     3  7743  7414    
 7744 WAT  26858 26860     3  7744  7415    
 7745 WAT  26861 26863     3  7745  7416    
 7746 WAT  26864 26866     3  7746  7417    
 7747 WAT  26867 26869     3  7747  7418    
 7748 WAT  26870 26872     3  7748  7419    
 7749 WAT  26873 26875     3  7749  7420    
 7750 WAT  26876 26878     3  7750  7421    
 7751 WAT  26879 26881     3  7751  7422    
 7752 WAT  26882 26884     3  7752  7423    
 7753 WAT  26885 26887     3  7753  7424    
 7754 WAT  26888 26890     3  7754  7425    
 7755 WAT  26891 26893     3  7755  7426    
 7756 WAT  26894 26896     3  7756  7427    
 7757 WAT  26897 26899     3  7757  7428    
 7758 WAT  26900 26902     3  7758  7429    
 7759 WAT  26903 26905     3  7759  7430    
 7760 WAT  26906 26908     3  7760  7431    
 7761 WAT  26909 26911     3  7761  7432    
 7762 WAT  26912 26914     3  7762  7433    
 7763 WAT  26915 26917     3  7763  7434    
 7764 WAT  26918 26920     3  7764  7435    
 7765 WAT  26921 26923     3  7765  7436    
 7766 WAT  26924 26926     3  7766  7437    
 7767 WAT  26927 26929     3  7767  7438    
 7768 WAT  26930 26932     3  7768  7439    
 7769 WAT  26933 26935     3  7769  7440    
 7770 WAT  26936 26938     3  7770  7441    
 7771 WAT  26939 26941     3  7771  7442    
 7772 WAT  26942 26944     3  7772  7443    
 7773 WAT  26945 26947     3  7773  7444    
 7774 WAT  26948 26950     3  7774  7445    
 7775 WAT  26951 26953     3  7775  7446    
 7776 WAT  26954 26956     3  7776  7447    
 7777 WAT  26957 26959     3  7777  7448    
 7778 WAT  26960 26962     3  7778  7449    
 7779 WAT  26963 26965     3  7779  7450    
 7780 WAT  26966 26968     3  7780  7451    
 7781 WAT  26969 26971     3  7781  7452    
 7782 WAT  26972 26974     3  7782  7453    
 7783 WAT  26975 26977     3  7783  7454    
 7784 WAT  26978 26980     3  7784  7455    
 7785 WAT  26981 26983     3  7785  7456    
 7786 WAT  26984 26986     3  7786  7457    
 7787 WAT  26987 26989     3  7787  7458    
 7788 WAT  26990 26992     3  7788  7459    
 7789 WAT  26993 26995     3  7789  7460    
 7790 WAT  26996 26998     3  7790  7461    
 7791 WAT  26999 27001     3  7791  7462    
 7792 WAT  27002 27004     3  7792  7463    
 7793 WAT  27005 27007     3  7793  7464    
 7794 WAT  27008 27010     3  7794  7465    
 7795 WAT  27011 27013     3  7795  7466    
 7796 WAT  27014 27016     3  7796  7467    
 7797 WAT  27017 27019     3  7797  7468    
 7798 WAT  27020 27022     3  7798  7469    
 7799 WAT  27023 27025     3  7799  7470    
 7800 WAT  27026 27028     3  7800  7471    
 7801 WAT  27029 27031     3  7801  7472    
 7802 WAT  27032 27034     3  7802  7473    
 7803 WAT  27035 27037     3  7803  7474    
 7804 WAT  27038 27040     3  7804  7475    
 7805 WAT  27041 27043     3  7805  7476    
 7806 WAT  27044 27046     3  7806  7477    
 7807 WAT  27047 27049     3  7807  7478    
 7808 WAT  27050 27052     3  7808  7479    
 7809 WAT  27053 27055     3  7809  7480    
 7810 WAT  27056 27058     3  7810  7481    
 7811 WAT  27059 27061     3  7811  7482    
 7812 WAT  27062 27064     3  7812  7483    
 7813 WAT  27065 27067     3  7813  7484    
 7814 WAT  27068 27070     3  7814  7485    
 7815 WAT  27071 27073     3  7815  7486    
 7816 WAT  27074 27076     3  7816  7487    
 7817 WAT  27077 27079     3  7817  7488    
 7818 WAT  27080 27082     3  7818  7489    
 7819 WAT  27083 27085     3  7819  7490    
 7820 WAT  27086 27088     3  7820  7491    
 7821 WAT  27089 27091     3  7821  7492    
 7822 WAT  27092 27094     3  7822  7493    
 7823 WAT  27095 27097     3  7823  7494    
 7824 WAT  27098 27100     3  7824  7495    
 7825 WAT  27101 27103     3  7825  7496    
 7826 WAT  27104 27106     3  7826  7497    
 7827 WAT  27107 27109     3  7827  7498    
 7828 WAT  27110 27112     3  7828  7499    
 7829 WAT  27113 27115     3  7829  7500    
 7830 WAT  27116 27118     3  7830  7501    
 7831 WAT  27119 27121     3  7831  7502    
 7832 WAT  27122 27124     3  7832  7503    
 7833 WAT  27125 27127     3  7833  7504    
 7834 WAT  27128 27130     3  7834  7505    
 7835 WAT  27131 27133     3  7835  7506    
 7836 WAT  27134 27136     3  7836  7507    
 7837 WAT  27137 27139     3  7837  7508    
 7838 WAT  27140 27142     3  7838  7509    
 7839 WAT  27143 27145     3  7839  7510    
 7840 WAT  27146 27148     3  7840  7511    
 7841 WAT  27149 27151     3  7841  7512    
 7842 WAT  27152 27154     3  7842  7513    
 7843 WAT  27155 27157     3  7843  7514    
 7844 WAT  27158 27160     3  7844  7515    
 7845 WAT  27161 27163     3  7845  7516    
 7846 WAT  27164 27166     3  7846  7517    
 7847 WAT  27167 27169     3  7847  7518    
 7848 WAT  27170 27172     3  7848  7519    
 7849 WAT  27173 27175     3  7849  7520    
 7850 WAT  27176 27178     3  7850  7521    
 7851 WAT  27179 27181     3  7851  7522    
 7852 WAT  27182 27184     3  7852  7523    
 7853 WAT  27185 27187     3  7853  7524    
 7854 WAT  27188 27190     3  7854  7525    
 7855 WAT  27191 27193     3  7855  7526    
 7856 WAT  27194 27196     3  7856  7527    
 7857 WAT  27197 27199     3  7857  7528    
 7858 WAT  27200 27202     3  7858  7529    
 7859 WAT  27203 27205     3  7859  7530    
 7860 WAT  27206 27208     3  7860  7531    
 7861 WAT  27209 27211     3  7861  7532    
 7862 WAT  27212 27214     3  7862  7533    
 7863 WAT  27215 27217     3  7863  7534    
 7864 WAT  27218 27220     3  7864  7535    
 7865 WAT  27221 27223     3  7865  7536    
 7866 WAT  27224 27226     3  7866  7537    
 7867 WAT  27227 27229     3  7867  7538    
 7868 WAT  27230 27232     3  7868  7539    
 7869 WAT  27233 27235     3  7869  7540    
 7870 WAT  27236 27238     3  7870  7541    
 7871 WAT  27239 27241     3  7871  7542    
 7872 WAT  27242 27244     3  7872  7543    
 7873 WAT  27245 27247     3  7873  7544    
 7874 WAT  27248 27250     3  7874  7545    
 7875 WAT  27251 27253     3  7875  7546    
 7876 WAT  27254 27256     3  7876  7547    
 7877 WAT  27257 27259     3  7877  7548    
 7878 WAT  27260 27262     3  7878  7549    
 7879 WAT  27263 27265     3  7879  7550    
 7880 WAT  27266 27268     3  7880  7551    
 7881 WAT  27269 27271     3  7881  7552    
 7882 WAT  27272 27274     3  7882  7553    
 7883 WAT  27275 27277     3  7883  7554    
 7884 WAT  27278 27280     3  7884  7555    
 7885 WAT  27281 27283     3  7885  7556    
 7886 WAT  27284 27286     3  7886  7557    
 7887 WAT  27287 27289     3  7887  7558    
 7888 WAT  27290 27292     3  7888  7559    
 7889 WAT  27293 27295     3  7889  7560    
 7890 WAT  27296 27298     3  7890  7561    
 7891 WAT  27299 27301     3  7891  7562    
 7892 WAT  27302 27304     3  7892  7563    
 7893 WAT  27305 27307     3  7893  7564    
 7894 WAT  27308 27310     3  7894  7565    
 7895 WAT  27311 27313     3  7895  7566    
 7896 WAT  27314 27316     3  7896  7567    
 7897 WAT  27317 27319     3  7897  7568    
 7898 WAT  27320 27322     3  7898  7569    
 7899 WAT  27323 27325     3  7899  7570    
 7900 WAT  27326 27328     3  7900  7571    
 7901 WAT  27329 27331     3  7901  7572    
 7902 WAT  27332 27334     3  7902  7573    
 7903 WAT  27335 27337     3  7903  7574    
 7904 WAT  27338 27340     3  7904  7575    
 7905 WAT  27341 27343     3  7905  7576    
 7906 WAT  27344 27346     3  7906  7577    
 7907 WAT  27347 27349     3  7907  7578    
 7908 WAT  27350 27352     3  7908  7579    
 7909 WAT  27353 27355     3  7909  7580    
 7910 WAT  27356 27358     3  7910  7581    
 7911 WAT  27359 27361     3  7911  7582    
 7912 WAT  27362 27364     3  7912  7583    
 7913 WAT  27365 27367     3  7913  7584    
 7914 WAT  27368 27370     3  7914  7585    
 7915 WAT  27371 27373     3  7915  7586    
 7916 WAT  27374 27376     3  7916  7587    
 7917 WAT  27377 27379     3  7917  7588    
 7918 WAT  27380 27382     3  7918  7589    
 7919 WAT  27383 27385     3  7919  7590    
 7920 WAT  27386 27388     3  7920  7591    
 7921 WAT  27389 27391     3  7921  7592    
 7922 WAT  27392 27394     3  7922  7593    
 7923 WAT  27395 27397     3  7923  7594    
 7924 WAT  27398 27400     3  7924  7595    
 7925 WAT  27401 27403     3  7925  7596    
 7926 WAT  27404 27406     3  7926  7597    
 7927 WAT  27407 27409     3  7927  7598    
 7928 WAT  27410 27412     3  7928  7599    
 7929 WAT  27413 27415     3  7929  7600    
 7930 WAT  27416 27418     3  7930  7601    
 7931 WAT  27419 27421     3  7931  7602    
 7932 WAT  27422 27424     3  7932  7603    
 7933 WAT  27425 27427     3  7933  7604    
 7934 WAT  27428 27430     3  7934  7605    
 7935 WAT  27431 27433     3  7935  7606    
 7936 WAT  27434 27436     3  7936  7607    
 7937 WAT  27437 27439     3  7937  7608    
 7938 WAT  27440 27442     3  7938  7609    
 7939 WAT  27443 27445     3  7939  7610    
 7940 WAT  27446 27448     3  7940  7611    
 7941 WAT  27449 27451     3  7941  7612    
 7942 WAT  27452 27454     3  7942  7613    
 7943 WAT  27455 27457     3  7943  7614    
 7944 WAT  27458 27460     3  7944  7615    
 7945 WAT  27461 27463     3  7945  7616    
 7946 WAT  27464 27466     3  7946  7617    
 7947 WAT  27467 27469     3  7947  7618    
 7948 WAT  27470 27472     3  7948  7619    
 7949 WAT  27473 27475     3  7949  7620    
 7950 WAT  27476 27478     3  7950  7621    
 7951 WAT  27479 27481     3  7951  7622    
 7952 WAT  27482 27484     3  7952  7623    
 7953 WAT  27485 27487     3  7953  7624    
 7954 WAT  27488 27490     3  7954  7625    
 7955 WAT  27491 27493     3  7955  7626    
 7956 WAT  27494 27496     3  7956  7627    
 7957 WAT  27497 27499     3  7957  7628    
 7958 WAT  27500 27502     3  7958  7629    
 7959 WAT  27503 27505     3  7959  7630    
 7960 WAT  27506 27508     3  7960  7631    
 7961 WAT  27509 27511     3  7961  7632    
 7962 WAT  27512 27514     3  7962  7633    
 7963 WAT  27515 27517     3  7963  7634    
 7964 WAT  27518 27520     3  7964  7635    
 7965 WAT  27521 27523     3  7965  7636    
 7966 WAT  27524 27526     3  7966  7637    
 7967 WAT  27527 27529     3  7967  7638    
 7968 WAT  27530 27532     3  7968  7639    
 7969 WAT  27533 27535     3  7969  7640    
 7970 WAT  27536 27538     3  7970  7641    
 7971 WAT  27539 27541     3  7971  7642    
 7972 WAT  27542 27544     3  7972  7643    
 7973 WAT  27545 27547     3  7973  7644    
 7974 WAT  27548 27550     3  7974  7645    
 7975 WAT  27551 27553     3  7975  7646    
 7976 WAT  27554 27556     3  7976  7647    
 7977 WAT  27557 27559     3  7977  7648    
 7978 WAT  27560 27562     3  7978  7649    
 7979 WAT  27563 27565     3  7979  7650    
 7980 WAT  27566 27568     3  7980  7651    
 7981 WAT  27569 27571     3  7981  7652    
 7982 WAT  27572 27574     3  7982  7653    
 7983 WAT  27575 27577     3  7983  7654    
 7984 WAT  27578 27580     3  7984  7655    
 7985 WAT  27581 27583     3  7985  7656    
 7986 WAT  27584 27586     3  7986  7657    
 7987 WAT  27587 27589     3  7987  7658    
 7988 WAT  27590 27592     3  7988  7659    
 7989 WAT  27593 27595     3  7989  7660    
 7990 WAT  27596 27598     3  7990  7661    
 7991 WAT  27599 27601     3  7991  7662    
 7992 WAT  27602 27604     3  7992  7663    
 7993 WAT  27605 27607     3  7993  7664    
 7994 WAT  27608 27610     3  7994  7665    
 7995 WAT  27611 27613     3  7995  7666    
 7996 WAT  27614 27616     3  7996  7667    
 7997 WAT  27617 27619     3  7997  7668    
 7998 WAT  27620 27622     3  7998  7669    
 7999 WAT  27623 27625     3  7999  7670    
 8000 WAT  27626 27628     3  8000  7671    
 8001 WAT  27629 27631     3  8001  7672    
 8002 WAT  27632 27634     3  8002  7673    
 8003 WAT  27635 27637     3  8003  7674    
 8004 WAT  27638 27640     3  8004  7675    
 8005 WAT  27641 27643     3  8005  7676    
 8006 WAT  27644 27646     3  8006  7677    
 8007 WAT  27647 27649     3  8007  7678    
 8008 WAT  27650 27652     3  8008  7679    
 8009 WAT  27653 27655     3  8009  7680    
 8010 WAT  27656 27658     3  8010  7681    
 8011 WAT  27659 27661     3  8011  7682    
 8012 WAT  27662 27664     3  8012  7683    
 8013 WAT  27665 27667     3  8013  7684    
 8014 WAT  27668 27670     3  8014  7685    
 8015 WAT  27671 27673     3  8015  7686    
 8016 WAT  27674 27676     3  8016  7687    
 8017 WAT  27677 27679     3  8017  7688    
 8018 WAT  27680 27682     3  8018  7689    
 8019 WAT  27683 27685     3  8019  7690    
 8020 WAT  27686 27688     3  8020  7691    
 8021 WAT  27689 27691     3  8021  7692    
 8022 WAT  27692 27694     3  8022  7693    
 8023 WAT  27695 27697     3  8023  7694    
 8024 WAT  27698 27700     3  8024  7695    
 8025 WAT  27701 27703     3  8025  7696    
 8026 WAT  27704 27706     3  8026  7697    
 8027 WAT  27707 27709     3  8027  7698    
 8028 WAT  27710 27712     3  8028  7699    
 8029 WAT  27713 27715     3  8029  7700    
 8030 WAT  27716 27718     3  8030  7701    
 8031 WAT  27719 27721     3  8031  7702    
 8032 WAT  27722 27724     3  8032  7703    
 8033 WAT  27725 27727     3  8033  7704    
 8034 WAT  27728 27730     3  8034  7705    
 8035 WAT  27731 27733     3  8035  7706    
 8036 WAT  27734 27736     3  8036  7707    
 8037 WAT  27737 27739     3  8037  7708    
 8038 WAT  27740 27742     3  8038  7709    
 8039 WAT  27743 27745     3  8039  7710    
 8040 WAT  27746 27748     3  8040  7711    
 8041 WAT  27749 27751     3  8041  7712    
 8042 WAT  27752 27754     3  8042  7713    
 8043 WAT  27755 27757     3  8043  7714    
 8044 WAT  27758 27760     3  8044  7715    
 8045 WAT  27761 27763     3  8045  7716    
 8046 WAT  27764 27766     3  8046  7717    
 8047 WAT  27767 27769     3  8047  7718    
 8048 WAT  27770 27772     3  8048  7719    
 8049 WAT  27773 27775     3  8049  7720    
 8050 WAT  27776 27778     3  8050  7721    
 8051 WAT  27779 27781     3  8051  7722    
 8052 WAT  27782 27784     3  8052  7723    
 8053 WAT  27785 27787     3  8053  7724    
 8054 WAT  27788 27790     3  8054  7725    
 8055 WAT  27791 27793     3  8055  7726    
 8056 WAT  27794 27796     3  8056  7727    
 8057 WAT  27797 27799     3  8057  7728    
 8058 WAT  27800 27802     3  8058  7729    
 8059 WAT  27803 27805     3  8059  7730    
 8060 WAT  27806 27808     3  8060  7731    
 8061 WAT  27809 27811     3  8061  7732    
 8062 WAT  27812 27814     3  8062  7733    
 8063 WAT  27815 27817     3  8063  7734    
 8064 WAT  27818 27820     3  8064  7735    
 8065 WAT  27821 27823     3  8065  7736    
 8066 WAT  27824 27826     3  8066  7737    
 8067 WAT  27827 27829     3  8067  7738    
 8068 WAT  27830 27832     3  8068  7739    
 8069 WAT  27833 27835     3  8069  7740    
 8070 WAT  27836 27838     3  8070  7741    
 8071 WAT  27839 27841     3  8071  7742    
 8072 WAT  27842 27844     3  8072  7743    
 8073 WAT  27845 27847     3  8073  7744    
 8074 WAT  27848 27850     3  8074  7745    
 8075 WAT  27851 27853     3  8075  7746    
 8076 WAT  27854 27856     3  8076  7747    
 8077 WAT  27857 27859     3  8077  7748    
 8078 WAT  27860 27862     3  8078  7749    
 8079 WAT  27863 27865     3  8079  7750    
 8080 WAT  27866 27868     3  8080  7751    
 8081 WAT  27869 27871     3  8081  7752    
 8082 WAT  27872 27874     3  8082  7753    
 8083 WAT  27875 27877     3  8083  7754    
 8084 WAT  27878 27880     3  8084  7755    
 8085 WAT  27881 27883     3  8085  7756    
 8086 WAT  27884 27886     3  8086  7757    
 8087 WAT  27887 27889     3  8087  7758    
 8088 WAT  27890 27892     3  8088  7759    
 8089 WAT  27893 27895     3  8089  7760    
 8090 WAT  27896 27898     3  8090  7761    
 8091 WAT  27899 27901     3  8091  7762    
 8092 WAT  27902 27904     3  8092  7763    
 8093 WAT  27905 27907     3  8093  7764    
 8094 WAT  27908 27910     3  8094  7765    
 8095 WAT  27911 27913     3  8095  7766    
 8096 WAT  27914 27916     3  8096  7767    
 8097 WAT  27917 27919     3  8097  7768    
 8098 WAT  27920 27922     3  8098  7769    
 8099 WAT  27923 27925     3  8099  7770    
 8100 WAT  27926 27928     3  8100  7771    
 8101 WAT  27929 27931     3  8101  7772    
 8102 WAT  27932 27934     3  8102  7773    
 8103 WAT  27935 27937     3  8103  7774    
 8104 WAT  27938 27940     3  8104  7775    
 8105 WAT  27941 27943     3  8105  7776    
 8106 WAT  27944 27946     3  8106  7777    
 8107 WAT  27947 27949     3  8107  7778    
 8108 WAT  27950 27952     3  8108  7779    
 8109 WAT  27953 27955     3  8109  7780    
 8110 WAT  27956 27958     3  8110  7781    
 8111 WAT  27959 27961     3  8111  7782    
 8112 WAT  27962 27964     3  8112  7783    
 8113 WAT  27965 27967     3  8113  7784    
 8114 WAT  27968 27970     3  8114  7785    
 8115 WAT  27971 27973     3  8115  7786    
 8116 WAT  27974 27976     3  8116  7787    
 8117 WAT  27977 27979     3  8117  7788    
 8118 WAT  27980 27982     3  8118  7789    
 8119 WAT  27983 27985     3  8119  7790    
 8120 WAT  27986 27988     3  8120  7791    
 8121 WAT  27989 27991     3  8121  7792    
 8122 WAT  27992 27994     3  8122  7793    
 8123 WAT  27995 27997     3  8123  7794    
 8124 WAT  27998 28000     3  8124  7795    
 8125 WAT  28001 28003     3  8125  7796    
 8126 WAT  28004 28006     3  8126  7797    
 8127 WAT  28007 28009     3  8127  7798    
 8128 WAT  28010 28012     3  8128  7799    
 8129 WAT  28013 28015     3  8129  7800    
 8130 WAT  28016 28018     3  8130  7801    
 8131 WAT  28019 28021     3  8131  7802    
 8132 WAT  28022 28024     3  8132  7803    
 8133 WAT  28025 28027     3  8133  7804    
 8134 WAT  28028 28030     3  8134  7805    
 8135 WAT  28031 28033     3  8135  7806    
 8136 WAT  28034 28036     3  8136  7807    
 8137 WAT  28037 28039     3  8137  7808    
 8138 WAT  28040 28042     3  8138  7809    
 8139 WAT  28043 28045     3  8139  7810    
 8140 WAT  28046 28048     3  8140  7811    
 8141 WAT  28049 28051     3  8141  7812    
 8142 WAT  28052 28054     3  8142  7813    
 8143 WAT  28055 28057     3  8143  7814    
 8144 WAT  28058 28060     3  8144  7815    
 8145 WAT  28061 28063     3  8145  7816    
 8146 WAT  28064 28066     3  8146  7817    
 8147 WAT  28067 28069     3  8147  7818    
 8148 WAT  28070 28072     3  8148  7819    
 8149 WAT  28073 28075     3  8149  7820    
 8150 WAT  28076 28078     3  8150  7821    
 8151 WAT  28079 28081     3  8151  7822    
 8152 WAT  28082 28084     3  8152  7823    
 8153 WAT  28085 28087     3  8153  7824    
 8154 WAT  28088 28090     3  8154  7825    
 8155 WAT  28091 28093     3  8155  7826    
 8156 WAT  28094 28096     3  8156  7827    
 8157 WAT  28097 28099     3  8157  7828    
 8158 WAT  28100 28102     3  8158  7829    
 8159 WAT  28103 28105     3  8159  7830    
 8160 WAT  28106 28108     3  8160  7831    
 8161 WAT  28109 28111     3  8161  7832    
 8162 WAT  28112 28114     3  8162  7833    
 8163 WAT  28115 28117     3  8163  7834    
 8164 WAT  28118 28120     3  8164  7835    
 8165 WAT  28121 28123     3  8165  7836    
 8166 WAT  28124 28126     3  8166  7837    
 8167 WAT  28127 28129     3  8167  7838    
 8168 WAT  28130 28132     3  8168  7839    
 8169 WAT  28133 28135     3  8169  7840    
 8170 WAT  28136 28138     3  8170  7841    
 8171 WAT  28139 28141     3  8171  7842    
 8172 WAT  28142 28144     3  8172  7843    
 8173 WAT  28145 28147     3  8173  7844    
 8174 WAT  28148 28150     3  8174  7845    
 8175 WAT  28151 28153     3  8175  7846    
 8176 WAT  28154 28156     3  8176  7847    
 8177 WAT  28157 28159     3  8177  7848    
 8178 WAT  28160 28162     3  8178  7849    
 8179 WAT  28163 28165     3  8179  7850    
 8180 WAT  28166 28168     3  8180  7851    
 8181 WAT  28169 28171     3  8181  7852    
 8182 WAT  28172 28174     3  8182  7853    
 8183 WAT  28175 28177     3  8183  7854    
 8184 WAT  28178 28180     3  8184  7855    
 8185 WAT  28181 28183     3  8185  7856    
 8186 WAT  28184 28186     3  8186  7857    
 8187 WAT  28187 28189     3  8187  7858    
 8188 WAT  28190 28192     3  8188  7859    
 8189 WAT  28193 28195     3  8189  7860    
 8190 WAT  28196 28198     3  8190  7861    
 8191 WAT  28199 28201     3  8191  7862    
 8192 WAT  28202 28204     3  8192  7863    
 8193 WAT  28205 28207     3  8193  7864    
 8194 WAT  28208 28210     3  8194  7865    
 8195 WAT  28211 28213     3  8195  7866    
 8196 WAT  28214 28216     3  8196  7867    
 8197 WAT  28217 28219     3  8197  7868    
 8198 WAT  28220 28222     3  8198  7869    
 8199 WAT  28223 28225     3  8199  7870    
 8200 WAT  28226 28228     3  8200  7871    
 8201 WAT  28229 28231     3  8201  7872    
 8202 WAT  28232 28234     3  8202  7873    
 8203 WAT  28235 28237     3  8203  7874    
 8204 WAT  28238 28240     3  8204  7875    
 8205 WAT  28241 28243     3  8205  7876    
 8206 WAT  28244 28246     3  8206  7877    
 8207 WAT  28247 28249     3  8207  7878    
 8208 WAT  28250 28252     3  8208  7879    
 8209 WAT  28253 28255     3  8209  7880    
 8210 WAT  28256 28258     3  8210  7881    
 8211 WAT  28259 28261     3  8211  7882    
 8212 WAT  28262 28264     3  8212  7883    
 8213 WAT  28265 28267     3  8213  7884    
 8214 WAT  28268 28270     3  8214  7885    
 8215 WAT  28271 28273     3  8215  7886    
 8216 WAT  28274 28276     3  8216  7887    
 8217 WAT  28277 28279     3  8217  7888    
 8218 WAT  28280 28282     3  8218  7889    
 8219 WAT  28283 28285     3  8219  7890    
 8220 WAT  28286 28288     3  8220  7891    
 8221 WAT  28289 28291     3  8221  7892    
 8222 WAT  28292 28294     3  8222  7893    
 8223 WAT  28295 28297     3  8223  7894    
 8224 WAT  28298 28300     3  8224  7895    
 8225 WAT  28301 28303     3  8225  7896    
 8226 WAT  28304 28306     3  8226  7897    
 8227 WAT  28307 28309     3  8227  7898    
 8228 WAT  28310 28312     3  8228  7899    
 8229 WAT  28313 28315     3  8229  7900    
 8230 WAT  28316 28318     3  8230  7901    
 8231 WAT  28319 28321     3  8231  7902    
 8232 WAT  28322 28324     3  8232  7903    
 8233 WAT  28325 28327     3  8233  7904    
 8234 WAT  28328 28330     3  8234  7905    
 8235 WAT  28331 28333     3  8235  7906    
 8236 WAT  28334 28336     3  8236  7907    
 8237 WAT  28337 28339     3  8237  7908    
 8238 WAT  28340 28342     3  8238  7909    
 8239 WAT  28343 28345     3  8239  7910    
 8240 WAT  28346 28348     3  8240  7911    
 8241 WAT  28349 28351     3  8241  7912    
 8242 WAT  28352 28354     3  8242  7913    
 8243 WAT  28355 28357     3  8243  7914    
 8244 WAT  28358 28360     3  8244  7915    
 8245 WAT  28361 28363     3  8245  7916    
 8246 WAT  28364 28366     3  8246  7917    
 8247 WAT  28367 28369     3  8247  7918    
 8248 WAT  28370 28372     3  8248  7919    
 8249 WAT  28373 28375     3  8249  7920    
 8250 WAT  28376 28378     3  8250  7921    
 8251 WAT  28379 28381     3  8251  7922    
 8252 WAT  28382 28384     3  8252  7923    
 8253 WAT  28385 28387     3  8253  7924    
 8254 WAT  28388 28390     3  8254  7925    
 8255 WAT  28391 28393     3  8255  7926    
 8256 WAT  28394 28396     3  8256  7927    
 8257 WAT  28397 28399     3  8257  7928    
 8258 WAT  28400 28402     3  8258  7929    
 8259 WAT  28403 28405     3  8259  7930    
 8260 WAT  28406 28408     3  8260  7931    
 8261 WAT  28409 28411     3  8261  7932    
 8262 WAT  28412 28414     3  8262  7933    
 8263 WAT  28415 28417     3  8263  7934    
 8264 WAT  28418 28420     3  8264  7935    
 8265 WAT  28421 28423     3  8265  7936    
 8266 WAT  28424 28426     3  8266  7937    
 8267 WAT  28427 28429     3  8267  7938    
 8268 WAT  28430 28432     3  8268  7939    
 8269 WAT  28433 28435     3  8269  7940    
 8270 WAT  28436 28438     3  8270  7941    
 8271 WAT  28439 28441     3  8271  7942    
 8272 WAT  28442 28444     3  8272  7943    
 8273 WAT  28445 28447     3  8273  7944    
 8274 WAT  28448 28450     3  8274  7945    
 8275 WAT  28451 28453     3  8275  7946    
 8276 WAT  28454 28456     3  8276  7947    
 8277 WAT  28457 28459     3  8277  7948    
 8278 WAT  28460 28462     3  8278  7949    
 8279 WAT  28463 28465     3  8279  7950    
 8280 WAT  28466 28468     3  8280  7951    
 8281 WAT  28469 28471     3  8281  7952    
 8282 WAT  28472 28474     3  8282  7953    
 8283 WAT  28475 28477     3  8283  7954    
 8284 WAT  28478 28480     3  8284  7955    
 8285 WAT  28481 28483     3  8285  7956    
 8286 WAT  28484 28486     3  8286  7957    
 8287 WAT  28487 28489     3  8287  7958    
 8288 WAT  28490 28492     3  8288  7959    
 8289 WAT  28493 28495     3  8289  7960    
 8290 WAT  28496 28498     3  8290  7961    
 8291 WAT  28499 28501     3  8291  7962    
 8292 WAT  28502 28504     3  8292  7963    
 8293 WAT  28505 28507     3  8293  7964    
 8294 WAT  28508 28510     3  8294  7965    
 8295 WAT  28511 28513     3  8295  7966    
 8296 WAT  28514 28516     3  8296  7967    
 8297 WAT  28517 28519     3  8297  7968    
 8298 WAT  28520 28522     3  8298  7969    
 8299 WAT  28523 28525     3  8299  7970    
 8300 WAT  28526 28528     3  8300  7971    
 8301 WAT  28529 28531     3  8301  7972    
 8302 WAT  28532 28534     3  8302  7973    
 8303 WAT  28535 28537     3  8303  7974    
 8304 WAT  28538 28540     3  8304  7975    
 8305 WAT  28541 28543     3  8305  7976    
 8306 WAT  28544 28546     3  8306  7977    
 8307 WAT  28547 28549     3  8307  7978    
 8308 WAT  28550 28552     3  8308  7979    
 8309 WAT  28553 28555     3  8309  7980    
 8310 WAT  28556 28558     3  8310  7981    
 8311 WAT  28559 28561     3  8311  7982    
 8312 WAT  28562 28564     3  8312  7983    
 8313 WAT  28565 28567     3  8313  7984    
 8314 WAT  28568 28570     3  8314  7985    
 8315 WAT  28571 28573     3  8315  7986    
 8316 WAT  28574 28576     3  8316  7987    
 8317 WAT  28577 28579     3  8317  7988    
 8318 WAT  28580 28582     3  8318  7989    
 8319 WAT  28583 28585     3  8319  7990    
 8320 WAT  28586 28588     3  8320  7991    
 8321 WAT  28589 28591     3  8321  7992    
 8322 WAT  28592 28594     3  8322  7993    
 8323 WAT  28595 28597     3  8323  7994    
 8324 WAT  28598 28600     3  8324  7995    
 8325 WAT  28601 28603     3  8325  7996    
 8326 WAT  28604 28606     3  8326  7997    
 8327 WAT  28607 28609     3  8327  7998    
 8328 WAT  28610 28612     3  8328  7999    
 8329 WAT  28613 28615     3  8329  8000    
 8330 WAT  28616 28618     3  8330  8001    
 8331 WAT  28619 28621     3  8331  8002    
 8332 WAT  28622 28624     3  8332  8003    
 8333 WAT  28625 28627     3  8333  8004    
 8334 WAT  28628 28630     3  8334  8005    
 8335 WAT  28631 28633     3  8335  8006    
 8336 WAT  28634 28636     3  8336  8007    
 8337 WAT  28637 28639     3  8337  8008    
 8338 WAT  28640 28642     3  8338  8009    
 8339 WAT  28643 28645     3  8339  8010    
 8340 WAT  28646 28648     3  8340  8011    
 8341 WAT  28649 28651     3  8341  8012    
 8342 WAT  28652 28654     3  8342  8013    
 8343 WAT  28655 28657     3  8343  8014    
 8344 WAT  28658 28660     3  8344  8015    
 8345 WAT  28661 28663     3  8345  8016    
 8346 WAT  28664 28666     3  8346  8017    
 8347 WAT  28667 28669     3  8347  8018    
 8348 WAT  28670 28672     3  8348  8019    
 8349 WAT  28673 28675     3  8349  8020    
 8350 WAT  28676 28678     3  8350  8021    
 8351 WAT  28679 28681     3  8351  8022    
 8352 WAT  28682 28684     3  8352  8023    
 8353 WAT  28685 28687     3  8353  8024    
 8354 WAT  28688 28690     3  8354  8025    
 8355 WAT  28691 28693     3  8355  8026    
 8356 WAT  28694 28696     3  8356  8027    
 8357 WAT  28697 28699     3  8357  8028    
 8358 WAT  28700 28702     3  8358  8029    
 8359 WAT  28703 28705     3  8359  8030    
 8360 WAT  28706 28708     3  8360  8031    
 8361 WAT  28709 28711     3  8361  8032    
 8362 WAT  28712 28714     3  8362  8033    
 8363 WAT  28715 28717     3  8363  8034    
 8364 WAT  28718 28720     3  8364  8035    
 8365 WAT  28721 28723     3  8365  8036    
 8366 WAT  28724 28726     3  8366  8037    
 8367 WAT  28727 28729     3  8367  8038    
 8368 WAT  28730 28732     3  8368  8039    
 8369 WAT  28733 28735     3  8369  8040    
 8370 WAT  28736 28738     3  8370  8041    
 8371 WAT  28739 28741     3  8371  8042    
 8372 WAT  28742 28744     3  8372  8043    
 8373 WAT  28745 28747     3  8373  8044    
 8374 WAT  28748 28750     3  8374  8045    
 8375 WAT  28751 28753     3  8375  8046    
 8376 WAT  28754 28756     3  8376  8047    
 8377 WAT  28757 28759     3  8377  8048    
 8378 WAT  28760 28762     3  8378  8049    
 8379 WAT  28763 28765     3  8379  8050    
 8380 WAT  28766 28768     3  8380  8051    
 8381 WAT  28769 28771     3  8381  8052    
 8382 WAT  28772 28774     3  8382  8053    
 8383 WAT  28775 28777     3  8383  8054    
 8384 WAT  28778 28780     3  8384  8055    
 8385 WAT  28781 28783     3  8385  8056    
 8386 WAT  28784 28786     3  8386  8057    
 8387 WAT  28787 28789     3  8387  8058    
 8388 WAT  28790 28792     3  8388  8059    
 8389 WAT  28793 28795     3  8389  8060    
 8390 WAT  28796 28798     3  8390  8061    
 8391 WAT  28799 28801     3  8391  8062    
 8392 WAT  28802 28804     3  8392  8063    
 8393 WAT  28805 28807     3  8393  8064    
 8394 WAT  28808 28810     3  8394  8065    
 8395 WAT  28811 28813     3  8395  8066    
 8396 WAT  28814 28816     3  8396  8067    
 8397 WAT  28817 28819     3  8397  8068    
 8398 WAT  28820 28822     3  8398  8069    
 8399 WAT  28823 28825     3  8399  8070    
 8400 WAT  28826 28828     3  8400  8071    
 8401 WAT  28829 28831     3  8401  8072    
 8402 WAT  28832 28834     3  8402  8073    
 8403 WAT  28835 28837     3  8403  8074    
 8404 WAT  28838 28840     3  8404  8075    
 8405 WAT  28841 28843     3  8405  8076    
 8406 WAT  28844 28846     3  8406  8077    
 8407 WAT  28847 28849     3  8407  8078    
 8408 WAT  28850 28852     3  8408  8079    
 8409 WAT  28853 28855     3  8409  8080    
 8410 WAT  28856 28858     3  8410  8081    
 8411 WAT  28859 28861     3  8411  8082    
 8412 WAT  28862 28864     3  8412  8083    
 8413 WAT  28865 28867     3  8413  8084    
 8414 WAT  28868 28870     3  8414  8085    
 8415 WAT  28871 28873     3  8415  8086    
 8416 WAT  28874 28876     3  8416  8087    
 8417 WAT  28877 28879     3  8417  8088    
 8418 WAT  28880 28882     3  8418  8089    
 8419 WAT  28883 28885     3  8419  8090    
 8420 WAT  28886 28888     3  8420  8091    
 8421 WAT  28889 28891     3  8421  8092    
 8422 WAT  28892 28894     3  8422  8093    
 8423 WAT  28895 28897     3  8423  8094    
 8424 WAT  28898 28900     3  8424  8095    
 8425 WAT  28901 28903     3  8425  8096    
 8426 WAT  28904 28906     3  8426  8097    
 8427 WAT  28907 28909     3  8427  8098    
 8428 WAT  28910 28912     3  8428  8099    
 8429 WAT  28913 28915     3  8429  8100    
 8430 WAT  28916 28918     3  8430  8101    
 8431 WAT  28919 28921     3  8431  8102    
 8432 WAT  28922 28924     3  8432  8103    
 8433 WAT  28925 28927     3  8433  8104    
 8434 WAT  28928 28930     3  8434  8105    
 8435 WAT  28931 28933     3  8435  8106    
 8436 WAT  28934 28936     3  8436  8107    
 8437 WAT  28937 28939     3  8437  8108    
 8438 WAT  28940 28942     3  8438  8109    
 8439 WAT  28943 28945     3  8439  8110    
 8440 WAT  28946 28948     3  8440  8111    
 8441 WAT  28949 28951     3  8441  8112    
 8442 WAT  28952 28954     3  8442  8113    
 8443 WAT  28955 28957     3  8443  8114    
 8444 WAT  28958 28960     3  8444  8115    
 8445 WAT  28961 28963     3  8445  8116    
 8446 WAT  28964 28966     3  8446  8117    
 8447 WAT  28967 28969     3  8447  8118    
 8448 WAT  28970 28972     3  8448  8119    
 8449 WAT  28973 28975     3  8449  8120    
 8450 WAT  28976 28978     3  8450  8121    
 8451 WAT  28979 28981     3  8451  8122    
 8452 WAT  28982 28984     3  8452  8123    
 8453 WAT  28985 28987     3  8453  8124    
 8454 WAT  28988 28990     3  8454  8125    
 8455 WAT  28991 28993     3  8455  8126    
 8456 WAT  28994 28996     3  8456  8127    
 8457 WAT  28997 28999     3  8457  8128    
 8458 WAT  29000 29002     3  8458  8129    
 8459 WAT  29003 29005     3  8459  8130    
 8460 WAT  29006 29008     3  8460  8131    
 8461 WAT  29009 29011     3  8461  8132    
 8462 WAT  29012 29014     3  8462  8133    
 8463 WAT  29015 29017     3  8463  8134    
 8464 WAT  29018 29020     3  8464  8135    
 8465 WAT  29021 29023     3  8465  8136    
 8466 WAT  29024 29026     3  8466  8137    
 8467 WAT  29027 29029     3  8467  8138    
 8468 WAT  29030 29032     3  8468  8139    
 8469 WAT  29033 29035     3  8469  8140    
 8470 WAT  29036 29038     3  8470  8141    
 8471 WAT  29039 29041     3  8471  8142    
 8472 WAT  29042 29044     3  8472  8143    
 8473 WAT  29045 29047     3  8473  8144    
 8474 WAT  29048 29050     3  8474  8145    
 8475 WAT  29051 29053     3  8475  8146    
 8476 WAT  29054 29056     3  8476  8147    
 8477 WAT  29057 29059     3  8477  8148    
 8478 WAT  29060 29062     3  8478  8149    
 8479 WAT  29063 29065     3  8479  8150    
 8480 WAT  29066 29068     3  8480  8151    
 8481 WAT  29069 29071     3  8481  8152    
 8482 WAT  29072 29074     3  8482  8153    
 8483 WAT  29075 29077     3  8483  8154    
 8484 WAT  29078 29080     3  8484  8155    
 8485 WAT  29081 29083     3  8485  8156    
 8486 WAT  29084 29086     3  8486  8157    
 8487 WAT  29087 29089     3  8487  8158    
 8488 WAT  29090 29092     3  8488  8159    
 8489 WAT  29093 29095     3  8489  8160    
 8490 WAT  29096 29098     3  8490  8161    
 8491 WAT  29099 29101     3  8491  8162    
 8492 WAT  29102 29104     3  8492  8163    
 8493 WAT  29105 29107     3  8493  8164    
 8494 WAT  29108 29110     3  8494  8165    
 8495 WAT  29111 29113     3  8495  8166    
 8496 WAT  29114 29116     3  8496  8167    
 8497 WAT  29117 29119     3  8497  8168    
 8498 WAT  29120 29122     3  8498  8169    
 8499 WAT  29123 29125     3  8499  8170    
 8500 WAT  29126 29128     3  8500  8171    
 8501 WAT  29129 29131     3  8501  8172    
 8502 WAT  29132 29134     3  8502  8173    
 8503 WAT  29135 29137     3  8503  8174    
 8504 WAT  29138 29140     3  8504  8175    
 8505 WAT  29141 29143     3  8505  8176    
 8506 WAT  29144 29146     3  8506  8177    
 8507 WAT  29147 29149     3  8507  8178    
 8508 WAT  29150 29152     3  8508  8179    
 8509 WAT  29153 29155     3  8509  8180    
 8510 WAT  29156 29158     3  8510  8181    
 8511 WAT  29159 29161     3  8511  8182    
 8512 WAT  29162 29164     3  8512  8183    
 8513 WAT  29165 29167     3  8513  8184    
 8514 WAT  29168 29170     3  8514  8185    
 8515 WAT  29171 29173     3  8515  8186    
 8516 WAT  29174 29176     3  8516  8187    
 8517 WAT  29177 29179     3  8517  8188    
 8518 WAT  29180 29182     3  8518  8189    
 8519 WAT  29183 29185     3  8519  8190    
 8520 WAT  29186 29188     3  8520  8191    
 8521 WAT  29189 29191     3  8521  8192    
 8522 WAT  29192 29194     3  8522  8193    
 8523 WAT  29195 29197     3  8523  8194    
 8524 WAT  29198 29200     3  8524  8195    
 8525 WAT  29201 29203     3  8525  8196    
 8526 WAT  29204 29206     3  8526  8197    
 8527 WAT  29207 29209     3  8527  8198    
 8528 WAT  29210 29212     3  8528  8199    
 8529 WAT  29213 29215     3  8529  8200    
 8530 WAT  29216 29218     3  8530  8201    
 8531 WAT  29219 29221     3  8531  8202    
 8532 WAT  29222 29224     3  8532  8203    
 8533 WAT  29225 29227     3  8533  8204    
 8534 WAT  29228 29230     3  8534  8205    
 8535 WAT  29231 29233     3  8535  8206    
 8536 WAT  29234 29236     3  8536  8207    
 8537 WAT  29237 29239     3  8537  8208    
 8538 WAT  29240 29242     3  8538  8209    
 8539 WAT  29243 29245     3  8539  8210    
 8540 WAT  29246 29248     3  8540  8211    
 8541 WAT  29249 29251     3  8541  8212    
 8542 WAT  29252 29254     3  8542  8213    
 8543 WAT  29255 29257     3  8543  8214    
 8544 WAT  29258 29260     3  8544  8215    
 8545 WAT  29261 29263     3  8545  8216    
 8546 WAT  29264 29266     3  8546  8217    
 8547 WAT  29267 29269     3  8547  8218    
 8548 WAT  29270 29272     3  8548  8219    
 8549 WAT  29273 29275     3  8549  8220    
 8550 WAT  29276 29278     3  8550  8221    
 8551 WAT  29279 29281     3  8551  8222    
 8552 WAT  29282 29284     3  8552  8223    
 8553 WAT  29285 29287     3  8553  8224    
 8554 WAT  29288 29290     3  8554  8225    
 8555 WAT  29291 29293     3  8555  8226    
 8556 WAT  29294 29296     3  8556  8227    
 8557 WAT  29297 29299     3  8557  8228    
 8558 WAT  29300 29302     3  8558  8229    
 8559 WAT  29303 29305     3  8559  8230    
 8560 WAT  29306 29308     3  8560  8231    
 8561 WAT  29309 29311     3  8561  8232    
 8562 WAT  29312 29314     3  8562  8233    
 8563 WAT  29315 29317     3  8563  8234    
 8564 WAT  29318 29320     3  8564  8235    
 8565 WAT  29321 29323     3  8565  8236    
 8566 WAT  29324 29326     3  8566  8237    
 8567 WAT  29327 29329     3  8567  8238    
 8568 WAT  29330 29332     3  8568  8239    
 8569 WAT  29333 29335     3  8569  8240    
 8570 WAT  29336 29338     3  8570  8241    
 8571 WAT  29339 29341     3  8571  8242    
 8572 WAT  29342 29344     3  8572  8243    
 8573 WAT  29345 29347     3  8573  8244    
 8574 WAT  29348 29350     3  8574  8245    
 8575 WAT  29351 29353     3  8575  8246    
 8576 WAT  29354 29356     3  8576  8247    
 8577 WAT  29357 29359     3  8577  8248    
 8578 WAT  29360 29362     3  8578  8249    
 8579 WAT  29363 29365     3  8579  8250    
 8580 WAT  29366 29368     3  8580  8251    
 8581 WAT  29369 29371     3  8581  8252    
 8582 WAT  29372 29374     3  8582  8253    
 8583 WAT  29375 29377     3  8583  8254    
 8584 WAT  29378 29380     3  8584  8255    
 8585 WAT  29381 29383     3  8585  8256    
 8586 WAT  29384 29386     3  8586  8257    
 8587 WAT  29387 29389     3  8587  8258    
 8588 WAT  29390 29392     3  8588  8259    
 8589 WAT  29393 29395     3  8589  8260    
 8590 WAT  29396 29398     3  8590  8261    
 8591 WAT  29399 29401     3  8591  8262    
 8592 WAT  29402 29404     3  8592  8263    
 8593 WAT  29405 29407     3  8593  8264    
 8594 WAT  29408 29410     3  8594  8265    
 8595 WAT  29411 29413     3  8595  8266    
 8596 WAT  29414 29416     3  8596  8267    
 8597 WAT  29417 29419     3  8597  8268    
 8598 WAT  29420 29422     3  8598  8269    
 8599 WAT  29423 29425     3  8599  8270    
 8600 WAT  29426 29428     3  8600  8271    
 8601 WAT  29429 29431     3  8601  8272    
 8602 WAT  29432 29434     3  8602  8273    
 8603 WAT  29435 29437     3  8603  8274    
 8604 WAT  29438 29440     3  8604  8275    
 8605 WAT  29441 29443     3  8605  8276    
 8606 WAT  29444 29446     3  8606  8277    
 8607 WAT  29447 29449     3  8607  8278    
 8608 WAT  29450 29452     3  8608  8279    
 8609 WAT  29453 29455     3  8609  8280    
 8610 WAT  29456 29458     3  8610  8281    
 8611 WAT  29459 29461     3  8611  8282    
 8612 WAT  29462 29464     3  8612  8283    
 8613 WAT  29465 29467     3  8613  8284    
 8614 WAT  29468 29470     3  8614  8285    
 8615 WAT  29471 29473     3  8615  8286    
 8616 WAT  29474 29476     3  8616  8287    
 8617 WAT  29477 29479     3  8617  8288    
 8618 WAT  29480 29482     3  8618  8289    
 8619 WAT  29483 29485     3  8619  8290    
 8620 WAT  29486 29488     3  8620  8291    
 8621 WAT  29489 29491     3  8621  8292    
 8622 WAT  29492 29494     3  8622  8293    
 8623 WAT  29495 29497     3  8623  8294    
 8624 WAT  29498 29500     3  8624  8295    
 8625 WAT  29501 29503     3  8625  8296    
 8626 WAT  29504 29506     3  8626  8297    
 8627 WAT  29507 29509     3  8627  8298    
 8628 WAT  29510 29512     3  8628  8299    
 8629 WAT  29513 29515     3  8629  8300    
 8630 WAT  29516 29518     3  8630  8301    
 8631 WAT  29519 29521     3  8631  8302    
 8632 WAT  29522 29524     3  8632  8303    
 8633 WAT  29525 29527     3  8633  8304    
 8634 WAT  29528 29530     3  8634  8305    
 8635 WAT  29531 29533     3  8635  8306    
 8636 WAT  29534 29536     3  8636  8307    
 8637 WAT  29537 29539     3  8637  8308    
 8638 WAT  29540 29542     3  8638  8309    
 8639 WAT  29543 29545     3  8639  8310    
 8640 WAT  29546 29548     3  8640  8311    
 8641 WAT  29549 29551     3  8641  8312    
 8642 WAT  29552 29554     3  8642  8313    
 8643 WAT  29555 29557     3  8643  8314    
 8644 WAT  29558 29560     3  8644  8315    
 8645 WAT  29561 29563     3  8645  8316    
 8646 WAT  29564 29566     3  8646  8317    
 8647 WAT  29567 29569     3  8647  8318    
 8648 WAT  29570 29572     3  8648  8319    
 8649 WAT  29573 29575     3  8649  8320    
 8650 WAT  29576 29578     3  8650  8321    
 8651 WAT  29579 29581     3  8651  8322    
 8652 WAT  29582 29584     3  8652  8323    
 8653 WAT  29585 29587     3  8653  8324    
 8654 WAT  29588 29590     3  8654  8325    
 8655 WAT  29591 29593     3  8655  8326    
 8656 WAT  29594 29596     3  8656  8327    
 8657 WAT  29597 29599     3  8657  8328    
 8658 WAT  29600 29602     3  8658  8329    
 8659 WAT  29603 29605     3  8659  8330    
 8660 WAT  29606 29608     3  8660  8331    
 8661 WAT  29609 29611     3  8661  8332    
 8662 WAT  29612 29614     3  8662  8333    
 8663 WAT  29615 29617     3  8663  8334    
 8664 WAT  29618 29620     3  8664  8335    
 8665 WAT  29621 29623     3  8665  8336    
 8666 WAT  29624 29626     3  8666  8337    
 8667 WAT  29627 29629     3  8667  8338    
 8668 WAT  29630 29632     3  8668  8339    
 8669 WAT  29633 29635     3  8669  8340    
 8670 WAT  29636 29638     3  8670  8341    
 8671 WAT  29639 29641     3  8671  8342    
 8672 WAT  29642 29644     3  8672  8343    
 8673 WAT  29645 29647     3  8673  8344    
 8674 WAT  29648 29650     3  8674  8345    
 8675 WAT  29651 29653     3  8675  8346    
 8676 WAT  29654 29656     3  8676  8347    
 8677 WAT  29657 29659     3  8677  8348    
 8678 WAT  29660 29662     3  8678  8349    
 8679 WAT  29663 29665     3  8679  8350    
 8680 WAT  29666 29668     3  8680  8351    
 8681 WAT  29669 29671     3  8681  8352    
 8682 WAT  29672 29674     3  8682  8353    
 8683 WAT  29675 29677     3  8683  8354    
 8684 WAT  29678 29680     3  8684  8355    
 8685 WAT  29681 29683     3  8685  8356    
 8686 WAT  29684 29686     3  8686  8357    
 8687 WAT  29687 29689     3  8687  8358    
 8688 WAT  29690 29692     3  8688  8359    
 8689 WAT  29693 29695     3  8689  8360    
 8690 WAT  29696 29698     3  8690  8361    
 8691 WAT  29699 29701     3  8691  8362    
 8692 WAT  29702 29704     3  8692  8363    
 8693 WAT  29705 29707     3  8693  8364    
 8694 WAT  29708 29710     3  8694  8365    
 8695 WAT  29711 29713     3  8695  8366    
 8696 WAT  29714 29716     3  8696  8367    
 8697 WAT  29717 29719     3  8697  8368    
 8698 WAT  29720 29722     3  8698  8369    
 8699 WAT  29723 29725     3  8699  8370    
 8700 WAT  29726 29728     3  8700  8371    
 8701 WAT  29729 29731     3  8701  8372    
 8702 WAT  29732 29734     3  8702  8373    
 8703 WAT  29735 29737     3  8703  8374    
 8704 WAT  29738 29740     3  8704  8375    
 8705 WAT  29741 29743     3  8705  8376    
 8706 WAT  29744 29746     3  8706  8377    
 8707 WAT  29747 29749     3  8707  8378    
 8708 WAT  29750 29752     3  8708  8379    
 8709 WAT  29753 29755     3  8709  8380    
 8710 WAT  29756 29758     3  8710  8381    
 8711 WAT  29759 29761     3  8711  8382    
 8712 WAT  29762 29764     3  8712  8383    
 8713 WAT  29765 29767     3  8713  8384    
 8714 WAT  29768 29770     3  8714  8385    
 8715 WAT  29771 29773     3  8715  8386    
 8716 WAT  29774 29776     3  8716  8387    
 8717 WAT  29777 29779     3  8717  8388    
 8718 WAT  29780 29782     3  8718  8389    
 8719 WAT  29783 29785     3  8719  8390    
 8720 WAT  29786 29788     3  8720  8391    
 8721 WAT  29789 29791     3  8721  8392    
 8722 WAT  29792 29794     3  8722  8393    
 8723 WAT  29795 29797     3  8723  8394    
 8724 WAT  29798 29800     3  8724  8395    
 8725 WAT  29801 29803     3  8725  8396    
 8726 WAT  29804 29806     3  8726  8397    
 8727 WAT  29807 29809     3  8727  8398    
 8728 WAT  29810 29812     3  8728  8399    
 8729 WAT  29813 29815     3  8729  8400    
 8730 WAT  29816 29818     3  8730  8401    
 8731 WAT  29819 29821     3  8731  8402    
 8732 WAT  29822 29824     3  8732  8403    
 8733 WAT  29825 29827     3  8733  8404    
 8734 WAT  29828 29830     3  8734  8405    
 8735 WAT  29831 29833     3  8735  8406    
 8736 WAT  29834 29836     3  8736  8407    
 8737 WAT  29837 29839     3  8737  8408    
 8738 WAT  29840 29842     3  8738  8409    
 8739 WAT  29843 29845     3  8739  8410    
 8740 WAT  29846 29848     3  8740  8411    
 8741 WAT  29849 29851     3  8741  8412    
 8742 WAT  29852 29854     3  8742  8413    
 8743 WAT  29855 29857     3  8743  8414    
 8744 WAT  29858 29860     3  8744  8415    
 8745 WAT  29861 29863     3  8745  8416    
 8746 WAT  29864 29866     3  8746  8417    
 8747 WAT  29867 29869     3  8747  8418    
 8748 WAT  29870 29872     3  8748  8419    
 8749 WAT  29873 29875     3  8749  8420    
 8750 WAT  29876 29878     3  8750  8421    
 8751 WAT  29879 29881     3  8751  8422    
 8752 WAT  29882 29884     3  8752  8423    
 8753 WAT  29885 29887     3  8753  8424    
 8754 WAT  29888 29890     3  8754  8425    
 8755 WAT  29891 29893     3  8755  8426    
 8756 WAT  29894 29896     3  8756  8427    
 8757 WAT  29897 29899     3  8757  8428    
 8758 WAT  29900 29902     3  8758  8429    
 8759 WAT  29903 29905     3  8759  8430    
 8760 WAT  29906 29908     3  8760  8431    
 8761 WAT  29909 29911     3  8761  8432    
 8762 WAT  29912 29914     3  8762  8433    
 8763 WAT  29915 29917     3  8763  8434    
 8764 WAT  29918 29920     3  8764  8435    
 8765 WAT  29921 29923     3  8765  8436    
 8766 WAT  29924 29926     3  8766  8437    
 8767 WAT  29927 29929     3  8767  8438    
 8768 WAT  29930 29932     3  8768  8439    
 8769 WAT  29933 29935     3  8769  8440    
 8770 WAT  29936 29938     3  8770  8441    
 8771 WAT  29939 29941     3  8771  8442    
 8772 WAT  29942 29944     3  8772  8443    
 8773 WAT  29945 29947     3  8773  8444    
 8774 WAT  29948 29950     3  8774  8445    
 8775 WAT  29951 29953     3  8775  8446    
 8776 WAT  29954 29956     3  8776  8447    
 8777 WAT  29957 29959     3  8777  8448    
 8778 WAT  29960 29962     3  8778  8449    
 8779 WAT  29963 29965     3  8779  8450    
 8780 WAT  29966 29968     3  8780  8451    
 8781 WAT  29969 29971     3  8781  8452    
 8782 WAT  29972 29974     3  8782  8453    
 8783 WAT  29975 29977     3  8783  8454    
 8784 WAT  29978 29980     3  8784  8455    
 8785 WAT  29981 29983     3  8785  8456    
 8786 WAT  29984 29986     3  8786  8457    
 8787 WAT  29987 29989     3  8787  8458    
 8788 WAT  29990 29992     3  8788  8459    
 8789 WAT  29993 29995     3  8789  8460    
 8790 WAT  29996 29998     3  8790  8461    
 8791 WAT  29999 30001     3  8791  8462    
 8792 WAT  30002 30004     3  8792  8463    
 8793 WAT  30005 30007     3  8793  8464    
 8794 WAT  30008 30010     3  8794  8465    
 8795 WAT  30011 30013     3  8795  8466    
 8796 WAT  30014 30016     3  8796  8467    
 8797 WAT  30017 30019     3  8797  8468    
 8798 WAT  30020 30022     3  8798  8469    
 8799 WAT  30023 30025     3  8799  8470    
 8800 WAT  30026 30028     3  8800  8471    
 8801 WAT  30029 30031     3  8801  8472    
 8802 WAT  30032 30034     3  8802  8473    
 8803 WAT  30035 30037     3  8803  8474    
 8804 WAT  30038 30040     3  8804  8475    
 8805 WAT  30041 30043     3  8805  8476    
 8806 WAT  30044 30046     3  8806  8477    
 8807 WAT  30047 30049     3  8807  8478    
 8808 WAT  30050 30052     3  8808  8479    
 8809 WAT  30053 30055     3  8809  8480    
 8810 WAT  30056 30058     3  8810  8481    
 8811 WAT  30059 30061     3  8811  8482    
 8812 WAT  30062 30064     3  8812  8483    
 8813 WAT  30065 30067     3  8813  8484    
 8814 WAT  30068 30070     3  8814  8485    
 8815 WAT  30071 30073     3  8815  8486    
 8816 WAT  30074 30076     3  8816  8487    
 8817 WAT  30077 30079     3  8817  8488    
 8818 WAT  30080 30082     3  8818  8489    
 8819 WAT  30083 30085     3  8819  8490    
 8820 WAT  30086 30088     3  8820  8491    
 8821 WAT  30089 30091     3  8821  8492    
 8822 WAT  30092 30094     3  8822  8493    
 8823 WAT  30095 30097     3  8823  8494    
 8824 WAT  30098 30100     3  8824  8495    
 8825 WAT  30101 30103     3  8825  8496    
 8826 WAT  30104 30106     3  8826  8497    
 8827 WAT  30107 30109     3  8827  8498    
 8828 WAT  30110 30112     3  8828  8499    
 8829 WAT  30113 30115     3  8829  8500    
 8830 WAT  30116 30118     3  8830  8501    
 8831 WAT  30119 30121     3  8831  8502    
 8832 WAT  30122 30124     3  8832  8503    
 8833 WAT  30125 30127     3  8833  8504    
 8834 WAT  30128 30130     3  8834  8505    
 8835 WAT  30131 30133     3  8835  8506    
 8836 WAT  30134 30136     3  8836  8507    
 8837 WAT  30137 30139     3  8837  8508    
 8838 WAT  30140 30142     3  8838  8509    
 8839 WAT  30143 30145     3  8839  8510    
 8840 WAT  30146 30148     3  8840  8511    
 8841 WAT  30149 30151     3  8841  8512    
 8842 WAT  30152 30154     3  8842  8513    
 8843 WAT  30155 30157     3  8843  8514    
 8844 WAT  30158 30160     3  8844  8515    
 8845 WAT  30161 30163     3  8845  8516    
 8846 WAT  30164 30166     3  8846  8517    
 8847 WAT  30167 30169     3  8847  8518    
 8848 WAT  30170 30172     3  8848  8519    
 8849 WAT  30173 30175     3  8849  8520    
 8850 WAT  30176 30178     3  8850  8521    
 8851 WAT  30179 30181     3  8851  8522    
 8852 WAT  30182 30184     3  8852  8523    
 8853 WAT  30185 30187     3  8853  8524    
 8854 WAT  30188 30190     3  8854  8525    
 8855 WAT  30191 30193     3  8855  8526    
 8856 WAT  30194 30196     3  8856  8527    
 8857 WAT  30197 30199     3  8857  8528    
 8858 WAT  30200 30202     3  8858  8529    
 8859 WAT  30203 30205     3  8859  8530    
 8860 WAT  30206 30208     3  8860  8531    
 8861 WAT  30209 30211     3  8861  8532    
 8862 WAT  30212 30214     3  8862  8533    
 8863 WAT  30215 30217     3  8863  8534    
 8864 WAT  30218 30220     3  8864  8535    
 8865 WAT  30221 30223     3  8865  8536    
 8866 WAT  30224 30226     3  8866  8537    
 8867 WAT  30227 30229     3  8867  8538    
 8868 WAT  30230 30232     3  8868  8539    
 8869 WAT  30233 30235     3  8869  8540    
 8870 WAT  30236 30238     3  8870  8541    
 8871 WAT  30239 30241     3  8871  8542    
 8872 WAT  30242 30244     3  8872  8543    
 8873 WAT  30245 30247     3  8873  8544    
 8874 WAT  30248 30250     3  8874  8545    
 8875 WAT  30251 30253     3  8875  8546    
 8876 WAT  30254 30256     3  8876  8547    
 8877 WAT  30257 30259     3  8877  8548    
 8878 WAT  30260 30262     3  8878  8549    
 8879 WAT  30263 30265     3  8879  8550    
 8880 WAT  30266 30268     3  8880  8551    
 8881 WAT  30269 30271     3  8881  8552    
 8882 WAT  30272 30274     3  8882  8553    
 8883 WAT  30275 30277     3  8883  8554    
 8884 WAT  30278 30280     3  8884  8555    
 8885 WAT  30281 30283     3  8885  8556    
 8886 WAT  30284 30286     3  8886  8557    
 8887 WAT  30287 30289     3  8887  8558    
 8888 WAT  30290 30292     3  8888  8559    
 8889 WAT  30293 30295     3  8889  8560    
 8890 WAT  30296 30298     3  8890  8561    
 8891 WAT  30299 30301     3  8891  8562    
 8892 WAT  30302 30304     3  8892  8563    
 8893 WAT  30305 30307     3  8893  8564    
 8894 WAT  30308 30310     3  8894  8565    
 8895 WAT  30311 30313     3  8895  8566    
 8896 WAT  30314 30316     3  8896  8567    
 8897 WAT  30317 30319     3  8897  8568    
 8898 WAT  30320 30322     3  8898  8569    
 8899 WAT  30323 30325     3  8899  8570    
 8900 WAT  30326 30328     3  8900  8571    
 8901 WAT  30329 30331     3  8901  8572    
 8902 WAT  30332 30334     3  8902  8573    
 8903 WAT  30335 30337     3  8903  8574    
 8904 WAT  30338 30340     3  8904  8575    
 8905 WAT  30341 30343     3  8905  8576    
 8906 WAT  30344 30346     3  8906  8577    
 8907 WAT  30347 30349     3  8907  8578    
 8908 WAT  30350 30352     3  8908  8579    
 8909 WAT  30353 30355     3  8909  8580    
 8910 WAT  30356 30358     3  8910  8581    
 8911 WAT  30359 30361     3  8911  8582    
 8912 WAT  30362 30364     3  8912  8583    
 8913 WAT  30365 30367     3  8913  8584    
 8914 WAT  30368 30370     3  8914  8585    
 8915 WAT  30371 30373     3  8915  8586    
 8916 WAT  30374 30376     3  8916  8587    
 8917 WAT  30377 30379     3  8917  8588    
 8918 WAT  30380 30382     3  8918  8589    
 8919 WAT  30383 30385     3  8919  8590    
 8920 WAT  30386 30388     3  8920  8591    
 8921 WAT  30389 30391     3  8921  8592    
 8922 WAT  30392 30394     3  8922  8593    
 8923 WAT  30395 30397     3  8923  8594    
 8924 WAT  30398 30400     3  8924  8595    
 8925 WAT  30401 30403     3  8925  8596    
 8926 WAT  30404 30406     3  8926  8597    
 8927 WAT  30407 30409     3  8927  8598    
 8928 WAT  30410 30412     3  8928  8599    
 8929 WAT  30413 30415     3  8929  8600    
 8930 WAT  30416 30418     3  8930  8601    
 8931 WAT  30419 30421     3  8931  8602    
 8932 WAT  30422 30424     3  8932  8603    
 8933 WAT  30425 30427     3  8933  8604    
 8934 WAT  30428 30430     3  8934  8605    
 8935 WAT  30431 30433     3  8935  8606    
 8936 WAT  30434 30436     3  8936  8607    
 8937 WAT  30437 30439     3  8937  8608    
 8938 WAT  30440 30442     3  8938  8609    
 8939 WAT  30443 30445     3  8939  8610    
 8940 WAT  30446 30448     3  8940  8611    
 8941 WAT  30449 30451     3  8941  8612    
 8942 WAT  30452 30454     3  8942  8613    
 8943 WAT  30455 30457     3  8943  8614    
 8944 WAT  30458 30460     3  8944  8615    
 8945 WAT  30461 30463     3  8945  8616    
 8946 WAT  30464 30466     3  8946  8617    
 8947 WAT  30467 30469     3  8947  8618    
 8948 WAT  30470 30472     3  8948  8619    
 8949 WAT  30473 30475     3  8949  8620    
 8950 WAT  30476 30478     3  8950  8621    
 8951 WAT  30479 30481     3  8951  8622    
 8952 WAT  30482 30484     3  8952  8623    
 8953 WAT  30485 30487     3  8953  8624    
 8954 WAT  30488 30490     3  8954  8625    
 8955 WAT  30491 30493     3  8955  8626    
 8956 WAT  30494 30496     3  8956  8627    
 8957 WAT  30497 30499     3  8957  8628    
 8958 WAT  30500 30502     3  8958  8629    
 8959 WAT  30503 30505     3  8959  8630    
 8960 WAT  30506 30508     3  8960  8631    
 8961 WAT  30509 30511     3  8961  8632    
 8962 WAT  30512 30514     3  8962  8633    
 8963 WAT  30515 30517     3  8963  8634    
 8964 WAT  30518 30520     3  8964  8635    
 8965 WAT  30521 30523     3  8965  8636    
 8966 WAT  30524 30526     3  8966  8637    
 8967 WAT  30527 30529     3  8967  8638    
 8968 WAT  30530 30532     3  8968  8639    
 8969 WAT  30533 30535     3  8969  8640    
 8970 WAT  30536 30538     3  8970  8641    
 8971 WAT  30539 30541     3  8971  8642    
 8972 WAT  30542 30544     3  8972  8643    
 8973 WAT  30545 30547     3  8973  8644    
 8974 WAT  30548 30550     3  8974  8645    
 8975 WAT  30551 30553     3  8975  8646    
 8976 WAT  30554 30556     3  8976  8647    
 8977 WAT  30557 30559     3  8977  8648    
 8978 WAT  30560 30562     3  8978  8649    
 8979 WAT  30563 30565     3  8979  8650    
 8980 WAT  30566 30568     3  8980  8651    
 8981 WAT  30569 30571     3  8981  8652    
 8982 WAT  30572 30574     3  8982  8653    
 8983 WAT  30575 30577     3  8983  8654    
 8984 WAT  30578 30580     3  8984  8655    
 8985 WAT  30581 30583     3  8985  8656    
 8986 WAT  30584 30586     3  8986  8657    
 8987 WAT  30587 30589     3  8987  8658    
 8988 WAT  30590 30592     3  8988  8659    
 8989 WAT  30593 30595     3  8989  8660    
 8990 WAT  30596 30598     3  8990  8661    
 8991 WAT  30599 30601     3  8991  8662    
 8992 WAT  30602 30604     3  8992  8663    
 8993 WAT  30605 30607     3  8993  8664    
 8994 WAT  30608 30610     3  8994  8665    
 8995 WAT  30611 30613     3  8995  8666    
 8996 WAT  30614 30616     3  8996  8667    
 8997 WAT  30617 30619     3  8997  8668    
 8998 WAT  30620 30622     3  8998  8669    
 8999 WAT  30623 30625     3  8999  8670    
 9000 WAT  30626 30628     3  9000  8671    
 9001 WAT  30629 30631     3  9001  8672    
 9002 WAT  30632 30634     3  9002  8673    
 9003 WAT  30635 30637     3  9003  8674    
 9004 WAT  30638 30640     3  9004  8675    
 9005 WAT  30641 30643     3  9005  8676    
 9006 WAT  30644 30646     3  9006  8677    
 9007 WAT  30647 30649     3  9007  8678    
 9008 WAT  30650 30652     3  9008  8679    
 9009 WAT  30653 30655     3  9009  8680    
 9010 WAT  30656 30658     3  9010  8681    
 9011 WAT  30659 30661     3  9011  8682    
 9012 WAT  30662 30664     3  9012  8683    
 9013 WAT  30665 30667     3  9013  8684    
 9014 WAT  30668 30670     3  9014  8685    
 9015 WAT  30671 30673     3  9015  8686    
 9016 WAT  30674 30676     3  9016  8687    
 9017 WAT  30677 30679     3  9017  8688    
 9018 WAT  30680 30682     3  9018  8689    
 9019 WAT  30683 30685     3  9019  8690    
 9020 WAT  30686 30688     3  9020  8691    
 9021 WAT  30689 30691     3  9021  8692    
 9022 WAT  30692 30694     3  9022  8693    
 9023 WAT  30695 30697     3  9023  8694    
 9024 WAT  30698 30700     3  9024  8695    
 9025 WAT  30701 30703     3  9025  8696    
 9026 WAT  30704 30706     3  9026  8697    
 9027 WAT  30707 30709     3  9027  8698    
 9028 WAT  30710 30712     3  9028  8699    
 9029 WAT  30713 30715     3  9029  8700    
 9030 WAT  30716 30718     3  9030  8701    
 9031 WAT  30719 30721     3  9031  8702    
 9032 WAT  30722 30724     3  9032  8703    
 9033 WAT  30725 30727     3  9033  8704    
 9034 WAT  30728 30730     3  9034  8705    
 9035 WAT  30731 30733     3  9035  8706    
 9036 WAT  30734 30736     3  9036  8707    
 9037 WAT  30737 30739     3  9037  8708    
 9038 WAT  30740 30742     3  9038  8709    
 9039 WAT  30743 30745     3  9039  8710    
 9040 WAT  30746 30748     3  9040  8711    
 9041 WAT  30749 30751     3  9041  8712    
 9042 WAT  30752 30754     3  9042  8713    
 9043 WAT  30755 30757     3  9043  8714    
 9044 WAT  30758 30760     3  9044  8715    
 9045 WAT  30761 30763     3  9045  8716    
 9046 WAT  30764 30766     3  9046  8717    
 9047 WAT  30767 30769     3  9047  8718    
 9048 WAT  30770 30772     3  9048  8719    
 9049 WAT  30773 30775     3  9049  8720    
 9050 WAT  30776 30778     3  9050  8721    
 9051 WAT  30779 30781     3  9051  8722    
 9052 WAT  30782 30784     3  9052  8723    
 9053 WAT  30785 30787     3  9053  8724    
 9054 WAT  30788 30790     3  9054  8725    
 9055 WAT  30791 30793     3  9055  8726    
 9056 WAT  30794 30796     3  9056  8727    
 9057 WAT  30797 30799     3  9057  8728    
 9058 WAT  30800 30802     3  9058  8729    
 9059 WAT  30803 30805     3  9059  8730    
 9060 WAT  30806 30808     3  9060  8731    
 9061 WAT  30809 30811     3  9061  8732    
 9062 WAT  30812 30814     3  9062  8733    
 9063 WAT  30815 30817     3  9063  8734    
 9064 WAT  30818 30820     3  9064  8735    
 9065 WAT  30821 30823     3  9065  8736    
 9066 WAT  30824 30826     3  9066  8737    
 9067 WAT  30827 30829     3  9067  8738    
 9068 WAT  30830 30832     3  9068  8739    
 9069 WAT  30833 30835     3  9069  8740    
 9070 WAT  30836 30838     3  9070  8741    
 9071 WAT  30839 30841     3  9071  8742    
 9072 WAT  30842 30844     3  9072  8743    
 9073 WAT  30845 30847     3  9073  8744    
 9074 WAT  30848 30850     3  9074  8745    
 9075 WAT  30851 30853     3  9075  8746    
 9076 WAT  30854 30856     3  9076  8747    
 9077 WAT  30857 30859     3  9077  8748    
 9078 WAT  30860 30862     3  9078  8749    
 9079 WAT  30863 30865     3  9079  8750    
 9080 WAT  30866 30868     3  9080  8751    
 9081 WAT  30869 30871     3  9081  8752    
 9082 WAT  30872 30874     3  9082  8753    
 9083 WAT  30875 30877     3  9083  8754    
 9084 WAT  30878 30880     3  9084  8755    
 9085 WAT  30881 30883     3  9085  8756    
 9086 WAT  30884 30886     3  9086  8757    
 9087 WAT  30887 30889     3  9087  8758    
 9088 WAT  30890 30892     3  9088  8759    
 9089 WAT  30893 30895     3  9089  8760    
 9090 WAT  30896 30898     3  9090  8761    
 9091 WAT  30899 30901     3  9091  8762    
 9092 WAT  30902 30904     3  9092  8763    
 9093 WAT  30905 30907     3  9093  8764    
 9094 WAT  30908 30910     3  9094  8765    
 9095 WAT  30911 30913     3  9095  8766    
 9096 WAT  30914 30916     3  9096  8767    
 9097 WAT  30917 30919     3  9097  8768    
 9098 WAT  30920 30922     3  9098  8769    
 9099 WAT  30923 30925     3  9099  8770    
 9100 WAT  30926 30928     3  9100  8771    
 9101 WAT  30929 30931     3  9101  8772    
 9102 WAT  30932 30934     3  9102  8773    
 9103 WAT  30935 30937     3  9103  8774    
 9104 WAT  30938 30940     3  9104  8775    
 9105 WAT  30941 30943     3  9105  8776    
 9106 WAT  30944 30946     3  9106  8777    
 9107 WAT  30947 30949     3  9107  8778    
 9108 WAT  30950 30952     3  9108  8779    
 9109 WAT  30953 30955     3  9109  8780    
 9110 WAT  30956 30958     3  9110  8781    
 9111 WAT  30959 30961     3  9111  8782    
 9112 WAT  30962 30964     3  9112  8783    
 9113 WAT  30965 30967     3  9113  8784    
 9114 WAT  30968 30970     3  9114  8785    
 9115 WAT  30971 30973     3  9115  8786    
 9116 WAT  30974 30976     3  9116  8787    
 9117 WAT  30977 30979     3  9117  8788    
 9118 WAT  30980 30982     3  9118  8789    
 9119 WAT  30983 30985     3  9119  8790    
 9120 WAT  30986 30988     3  9120  8791    
 9121 WAT  30989 30991     3  9121  8792    
 9122 WAT  30992 30994     3  9122  8793    
 9123 WAT  30995 30997     3  9123  8794    
 9124 WAT  30998 31000     3  9124  8795    
 9125 WAT  31001 31003     3  9125  8796    
 9126 WAT  31004 31006     3  9126  8797    
 9127 WAT  31007 31009     3  9127  8798    
 9128 WAT  31010 31012     3  9128  8799    
 9129 WAT  31013 31015     3  9129  8800    
 9130 WAT  31016 31018     3  9130  8801    
 9131 WAT  31019 31021     3  9131  8802    
 9132 WAT  31022 31024     3  9132  8803    
 9133 WAT  31025 31027     3  9133  8804    
 9134 WAT  31028 31030     3  9134  8805    
 9135 WAT  31031 31033     3  9135  8806    
 9136 WAT  31034 31036     3  9136  8807    
 9137 WAT  31037 31039     3  9137  8808    
 9138 WAT  31040 31042     3  9138  8809    
 9139 WAT  31043 31045     3  9139  8810    
 9140 WAT  31046 31048     3  9140  8811    
 9141 WAT  31049 31051     3  9141  8812    
 9142 WAT  31052 31054     3  9142  8813    
 9143 WAT  31055 31057     3  9143  8814    
 9144 WAT  31058 31060     3  9144  8815    
 9145 WAT  31061 31063     3  9145  8816    
 9146 WAT  31064 31066     3  9146  8817    
 9147 WAT  31067 31069     3  9147  8818    
 9148 WAT  31070 31072     3  9148  8819    
 9149 WAT  31073 31075     3  9149  8820    
 9150 WAT  31076 31078     3  9150  8821    
 9151 WAT  31079 31081     3  9151  8822    
 9152 WAT  31082 31084     3  9152  8823    
 9153 WAT  31085 31087     3  9153  8824    
 9154 WAT  31088 31090     3  9154  8825    
 9155 WAT  31091 31093     3  9155  8826    
 9156 WAT  31094 31096     3  9156  8827    
 9157 WAT  31097 31099     3  9157  8828    
 9158 WAT  31100 31102     3  9158  8829    
 9159 WAT  31103 31105     3  9159  8830    
 9160 WAT  31106 31108     3  9160  8831    
 9161 WAT  31109 31111     3  9161  8832    
 9162 WAT  31112 31114     3  9162  8833    
 9163 WAT  31115 31117     3  9163  8834    
 9164 WAT  31118 31120     3  9164  8835    
 9165 WAT  31121 31123     3  9165  8836    
 9166 WAT  31124 31126     3  9166  8837    
 9167 WAT  31127 31129     3  9167  8838    
 9168 WAT  31130 31132     3  9168  8839    
 9169 WAT  31133 31135     3  9169  8840    
 9170 WAT  31136 31138     3  9170  8841    
 9171 WAT  31139 31141     3  9171  8842    
 9172 WAT  31142 31144     3  9172  8843    
 9173 WAT  31145 31147     3  9173  8844    
 9174 WAT  31148 31150     3  9174  8845    
 9175 WAT  31151 31153     3  9175  8846    
 9176 WAT  31154 31156     3  9176  8847    
 9177 WAT  31157 31159     3  9177  8848    
 9178 WAT  31160 31162     3  9178  8849    
 9179 WAT  31163 31165     3  9179  8850    
 9180 WAT  31166 31168     3  9180  8851    
 9181 WAT  31169 31171     3  9181  8852    
 9182 WAT  31172 31174     3  9182  8853    
 9183 WAT  31175 31177     3  9183  8854    
 9184 WAT  31178 31180     3  9184  8855    
 9185 WAT  31181 31183     3  9185  8856    
 9186 WAT  31184 31186     3  9186  8857    
 9187 WAT  31187 31189     3  9187  8858    
 9188 WAT  31190 31192     3  9188  8859    
 9189 WAT  31193 31195     3  9189  8860    
 9190 WAT  31196 31198     3  9190  8861    
 9191 WAT  31199 31201     3  9191  8862    
 9192 WAT  31202 31204     3  9192  8863    
 9193 WAT  31205 31207     3  9193  8864    
 9194 WAT  31208 31210     3  9194  8865    
 9195 WAT  31211 31213     3  9195  8866    
 9196 WAT  31214 31216     3  9196  8867    
 9197 WAT  31217 31219     3  9197  8868    
 9198 WAT  31220 31222     3  9198  8869    
 9199 WAT  31223 31225     3  9199  8870    
 9200 WAT  31226 31228     3  9200  8871    
 9201 WAT  31229 31231     3  9201  8872    
 9202 WAT  31232 31234     3  9202  8873    
 9203 WAT  31235 31237     3  9203  8874    
 9204 WAT  31238 31240     3  9204  8875    
 9205 WAT  31241 31243     3  9205  8876    
 9206 WAT  31244 31246     3  9206  8877    
 9207 WAT  31247 31249     3  9207  8878    
 9208 WAT  31250 31252     3  9208  8879    
 9209 WAT  31253 31255     3  9209  8880    
 9210 WAT  31256 31258     3  9210  8881    
 9211 WAT  31259 31261     3  9211  8882    
 9212 WAT  31262 31264     3  9212  8883    
 9213 WAT  31265 31267     3  9213  8884    
 9214 WAT  31268 31270     3  9214  8885    
 9215 WAT  31271 31273     3  9215  8886    
 9216 WAT  31274 31276     3  9216  8887    
 9217 WAT  31277 31279     3  9217  8888    
 9218 WAT  31280 31282     3  9218  8889    
 9219 WAT  31283 31285     3  9219  8890    
 9220 WAT  31286 31288     3  9220  8891    
 9221 WAT  31289 31291     3  9221  8892    
 9222 WAT  31292 31294     3  9222  8893    
 9223 WAT  31295 31297     3  9223  8894    
 9224 WAT  31298 31300     3  9224  8895    
 9225 WAT  31301 31303     3  9225  8896    
 9226 WAT  31304 31306     3  9226  8897    
 9227 WAT  31307 31309     3  9227  8898    
 9228 WAT  31310 31312     3  9228  8899    
 9229 WAT  31313 31315     3  9229  8900    
 9230 WAT  31316 31318     3  9230  8901    
 9231 WAT  31319 31321     3  9231  8902    
 9232 WAT  31322 31324     3  9232  8903    
 9233 WAT  31325 31327     3  9233  8904    
 9234 WAT  31328 31330     3  9234  8905    
 9235 WAT  31331 31333     3  9235  8906    
 9236 WAT  31334 31336     3  9236  8907    
 9237 WAT  31337 31339     3  9237  8908    
 9238 WAT  31340 31342     3  9238  8909    
 9239 WAT  31343 31345     3  9239  8910    
 9240 WAT  31346 31348     3  9240  8911    
 9241 WAT  31349 31351     3  9241  8912    
 9242 WAT  31352 31354     3  9242  8913    
 9243 WAT  31355 31357     3  9243  8914    
 9244 WAT  31358 31360     3  9244  8915    
 9245 WAT  31361 31363     3  9245  8916    
 9246 WAT  31364 31366     3  9246  8917    
 9247 WAT  31367 31369     3  9247  8918    
 9248 WAT  31370 31372     3  9248  8919    
 9249 WAT  31373 31375     3  9249  8920    
 9250 WAT  31376 31378     3  9250  8921    
 9251 WAT  31379 31381     3  9251  8922    
 9252 WAT  31382 31384     3  9252  8923    
 9253 WAT  31385 31387     3  9253  8924    
 9254 WAT  31388 31390     3  9254  8925    
 9255 WAT  31391 31393     3  9255  8926    
 9256 WAT  31394 31396     3  9256  8927    
 9257 WAT  31397 31399     3  9257  8928    
 9258 WAT  31400 31402     3  9258  8929    
 9259 WAT  31403 31405     3  9259  8930    
 9260 WAT  31406 31408     3  9260  8931    
 9261 WAT  31409 31411     3  9261  8932    
 9262 WAT  31412 31414     3  9262  8933    
 9263 WAT  31415 31417     3  9263  8934    
 9264 WAT  31418 31420     3  9264  8935    
 9265 WAT  31421 31423     3  9265  8936    
 9266 WAT  31424 31426     3  9266  8937    
 9267 WAT  31427 31429     3  9267  8938    
 9268 WAT  31430 31432     3  9268  8939    
 9269 WAT  31433 31435     3  9269  8940    
 9270 WAT  31436 31438     3  9270  8941    
 9271 WAT  31439 31441     3  9271  8942    
 9272 WAT  31442 31444     3  9272  8943    
 9273 WAT  31445 31447     3  9273  8944    
 9274 WAT  31448 31450     3  9274  8945    
 9275 WAT  31451 31453     3  9275  8946    
 9276 WAT  31454 31456     3  9276  8947    
 9277 WAT  31457 31459     3  9277  8948    
 9278 WAT  31460 31462     3  9278  8949    
 9279 WAT  31463 31465     3  9279  8950    
 9280 WAT  31466 31468     3  9280  8951    
 9281 WAT  31469 31471     3  9281  8952    
 9282 WAT  31472 31474     3  9282  8953    
 9283 WAT  31475 31477     3  9283  8954    
 9284 WAT  31478 31480     3  9284  8955    
 9285 WAT  31481 31483     3  9285  8956    
 9286 WAT  31484 31486     3  9286  8957    
 9287 WAT  31487 31489     3  9287  8958    
 9288 WAT  31490 31492     3  9288  8959    
 9289 WAT  31493 31495     3  9289  8960    
 9290 WAT  31496 31498     3  9290  8961    
 9291 WAT  31499 31501     3  9291  8962    
 9292 WAT  31502 31504     3  9292  8963    
 9293 WAT  31505 31507     3  9293  8964    
 9294 WAT  31508 31510     3  9294  8965    
 9295 WAT  31511 31513     3  9295  8966    
 9296 WAT  31514 31516     3  9296  8967    
 9297 WAT  31517 31519     3  9297  8968    
 9298 WAT  31520 31522     3  9298  8969    
 9299 WAT  31523 31525     3  9299  8970    
 9300 WAT  31526 31528     3  9300  8971    
 9301 WAT  31529 31531     3  9301  8972    
 9302 WAT  31532 31534     3  9302  8973    
 9303 WAT  31535 31537     3  9303  8974    
 9304 WAT  31538 31540     3  9304  8975    
 9305 WAT  31541 31543     3  9305  8976    
 9306 WAT  31544 31546     3  9306  8977    
 9307 WAT  31547 31549     3  9307  8978    
 9308 WAT  31550 31552     3  9308  8979    
 9309 WAT  31553 31555     3  9309  8980    
 9310 WAT  31556 31558     3  9310  8981    
 9311 WAT  31559 31561     3  9311  8982    
 9312 WAT  31562 31564     3  9312  8983    
 9313 WAT  31565 31567     3  9313  8984    
 9314 WAT  31568 31570     3  9314  8985    
 9315 WAT  31571 31573     3  9315  8986    
 9316 WAT  31574 31576     3  9316  8987    
 9317 WAT  31577 31579     3  9317  8988    
 9318 WAT  31580 31582     3  9318  8989    
 9319 WAT  31583 31585     3  9319  8990    
 9320 WAT  31586 31588     3  9320  8991    
 9321 WAT  31589 31591     3  9321  8992    
 9322 WAT  31592 31594     3  9322  8993    
 9323 WAT  31595 31597     3  9323  8994    
 9324 WAT  31598 31600     3  9324  8995    
 9325 WAT  31601 31603     3  9325  8996    
 9326 WAT  31604 31606     3  9326  8997    
 9327 WAT  31607 31609     3  9327  8998    
 9328 WAT  31610 31612     3  9328  8999    
 9329 WAT  31613 31615     3  9329  9000    
 9330 WAT  31616 31618     3  9330  9001    
 9331 WAT  31619 31621     3  9331  9002    
 9332 WAT  31622 31624     3  9332  9003    
 9333 WAT  31625 31627     3  9333  9004    
 9334 WAT  31628 31630     3  9334  9005    
 9335 WAT  31631 31633     3  9335  9006    
 9336 WAT  31634 31636     3  9336  9007    
 9337 WAT  31637 31639     3  9337  9008    
 9338 WAT  31640 31642     3  9338  9009    
 9339 WAT  31643 31645     3  9339  9010    
 9340 WAT  31646 31648     3  9340  9011    
 9341 WAT  31649 31651     3  9341  9012    
 9342 WAT  31652 31654     3  9342  9013    
 9343 WAT  31655 31657     3  9343  9014    
 9344 WAT  31658 31660     3  9344  9015    
 9345 WAT  31661 31663     3  9345  9016    
 9346 WAT  31664 31666     3  9346  9017    
 9347 WAT  31667 31669     3  9347  9018    
 9348 WAT  31670 31672     3  9348  9019    
 9349 WAT  31673 31675     3  9349  9020    
 9350 WAT  31676 31678     3  9350  9021    
 9351 WAT  31679 31681     3  9351  9022    
 9352 WAT  31682 31684     3  9352  9023    
 9353 WAT  31685 31687     3  9353  9024    
 9354 WAT  31688 31690     3  9354  9025    
 9355 WAT  31691 31693     3  9355  9026    
 9356 WAT  31694 31696     3  9356  9027    
 9357 WAT  31697 31699     3  9357  9028    
 9358 WAT  31700 31702     3  9358  9029    
 9359 WAT  31703 31705     3  9359  9030    
 9360 WAT  31706 31708     3  9360  9031    
 9361 WAT  31709 31711     3  9361  9032    
 9362 WAT  31712 31714     3  9362  9033    
 9363 WAT  31715 31717     3  9363  9034    
 9364 WAT  31718 31720     3  9364  9035    
 9365 WAT  31721 31723     3  9365  9036    
 9366 WAT  31724 31726     3  9366  9037    
 9367 WAT  31727 31729     3  9367  9038    
 9368 WAT  31730 31732     3  9368  9039    
 9369 WAT  31733 31735     3  9369  9040    
 9370 WAT  31736 31738     3  9370  9041    
 9371 WAT  31739 31741     3  9371  9042    
 9372 WAT  31742 31744     3  9372  9043    
 9373 WAT  31745 31747     3  9373  9044    
 9374 WAT  31748 31750     3  9374  9045    
 9375 WAT  31751 31753     3  9375  9046    
 9376 WAT  31754 31756     3  9376  9047    
 9377 WAT  31757 31759     3  9377  9048    
 9378 WAT  31760 31762     3  9378  9049    
 9379 WAT  31763 31765     3  9379  9050    
 9380 WAT  31766 31768     3  9380  9051    
 9381 WAT  31769 31771     3  9381  9052    
 9382 WAT  31772 31774     3  9382  9053    
 9383 WAT  31775 31777     3  9383  9054    
 9384 WAT  31778 31780     3  9384  9055    
 9385 WAT  31781 31783     3  9385  9056    
 9386 WAT  31784 31786     3  9386  9057    
 9387 WAT  31787 31789     3  9387  9058    
 9388 WAT  31790 31792     3  9388  9059    
 9389 WAT  31793 31795     3  9389  9060    
 9390 WAT  31796 31798     3  9390  9061    
 9391 WAT  31799 31801     3  9391  9062    
 9392 WAT  31802 31804     3  9392  9063    
 9393 WAT  31805 31807     3  9393  9064    
 9394 WAT  31808 31810     3  9394  9065    
 9395 WAT  31811 31813     3  9395  9066    
 9396 WAT  31814 31816     3  9396  9067    
 9397 WAT  31817 31819     3  9397  9068    
 9398 WAT  31820 31822     3  9398  9069    
 9399 WAT  31823 31825     3  9399  9070    
 9400 WAT  31826 31828     3  9400  9071    
 9401 WAT  31829 31831     3  9401  9072    
 9402 WAT  31832 31834     3  9402  9073    
 9403 WAT  31835 31837     3  9403  9074    
 9404 WAT  31838 31840     3  9404  9075    
 9405 WAT  31841 31843     3  9405  9076    
 9406 WAT  31844 31846     3  9406  9077    
 9407 WAT  31847 31849     3  9407  9078    
 9408 WAT  31850 31852     3  9408  9079    
 9409 WAT  31853 31855     3  9409  9080    
 9410 WAT  31856 31858     3  9410  9081    
 9411 WAT  31859 31861     3  9411  9082    
 9412 WAT  31862 31864     3  9412  9083    
 9413 WAT  31865 31867     3  9413  9084    
 9414 WAT  31868 31870     3  9414  9085    
 9415 WAT  31871 31873     3  9415  9086    
 9416 WAT  31874 31876     3  9416  9087    
 9417 WAT  31877 31879     3  9417  9088    
 9418 WAT  31880 31882     3  9418  9089    
 9419 WAT  31883 31885     3  9419  9090    
 9420 WAT  31886 31888     3  9420  9091    
 9421 WAT  31889 31891     3  9421  9092    
 9422 WAT  31892 31894     3  9422  9093    
 9423 WAT  31895 31897     3  9423  9094    
 9424 WAT  31898 31900     3  9424  9095    
 9425 WAT  31901 31903     3  9425  9096    
 9426 WAT  31904 31906     3  9426  9097    
 9427 WAT  31907 31909     3  9427  9098    
 9428 WAT  31910 31912     3  9428  9099    
 9429 WAT  31913 31915     3  9429  9100    
 9430 WAT  31916 31918     3  9430  9101    
 9431 WAT  31919 31921     3  9431  9102    
 9432 WAT  31922 31924     3  9432  9103    
 9433 WAT  31925 31927     3  9433  9104    
 9434 WAT  31928 31930     3  9434  9105    
 9435 WAT  31931 31933     3  9435  9106    
 9436 WAT  31934 31936     3  9436  9107    
 9437 WAT  31937 31939     3  9437  9108    
 9438 WAT  31940 31942     3  9438  9109    
 9439 WAT  31943 31945     3  9439  9110    
 9440 WAT  31946 31948     3  9440  9111    
 9441 WAT  31949 31951     3  9441  9112    
 9442 WAT  31952 31954     3  9442  9113    
 9443 WAT  31955 31957     3  9443  9114    
 9444 WAT  31958 31960     3  9444  9115    
 9445 WAT  31961 31963     3  9445  9116    
 9446 WAT  31964 31966     3  9446  9117    
 9447 WAT  31967 31969     3  9447  9118    
 9448 WAT  31970 31972     3  9448  9119    
 9449 WAT  31973 31975     3  9449  9120    
 9450 WAT  31976 31978     3  9450  9121    
 9451 WAT  31979 31981     3  9451  9122    
 9452 WAT  31982 31984     3  9452  9123    
 9453 WAT  31985 31987     3  9453  9124    
 9454 WAT  31988 31990     3  9454  9125    
 9455 WAT  31991 31993     3  9455  9126    
 9456 WAT  31994 31996     3  9456  9127    
 9457 WAT  31997 31999     3  9457  9128    
 9458 WAT  32000 32002     3  9458  9129    
 9459 WAT  32003 32005     3  9459  9130    
 9460 WAT  32006 32008     3  9460  9131    
 9461 WAT  32009 32011     3  9461  9132    
 9462 WAT  32012 32014     3  9462  9133    
 9463 WAT  32015 32017     3  9463  9134    
 9464 WAT  32018 32020     3  9464  9135    
 9465 WAT  32021 32023     3  9465  9136    
 9466 WAT  32024 32026     3  9466  9137    
 9467 WAT  32027 32029     3  9467  9138    
 9468 WAT  32030 32032     3  9468  9139    
 9469 WAT  32033 32035     3  9469  9140    
 9470 WAT  32036 32038     3  9470  9141    
 9471 WAT  32039 32041     3  9471  9142    
 9472 WAT  32042 32044     3  9472  9143    
 9473 WAT  32045 32047     3  9473  9144    
 9474 WAT  32048 32050     3  9474  9145    
 9475 WAT  32051 32053     3  9475  9146    
 9476 WAT  32054 32056     3  9476  9147    
 9477 WAT  32057 32059     3  9477  9148    
 9478 WAT  32060 32062     3  9478  9149    
 9479 WAT  32063 32065     3  9479  9150    
 9480 WAT  32066 32068     3  9480  9151    
 9481 WAT  32069 32071     3  9481  9152    
 9482 WAT  32072 32074     3  9482  9153    
 9483 WAT  32075 32077     3  9483  9154    
 9484 WAT  32078 32080     3  9484  9155    
 9485 WAT  32081 32083     3  9485  9156    
 9486 WAT  32084 32086     3  9486  9157    
 9487 WAT  32087 32089     3  9487  9158    
 9488 WAT  32090 32092     3  9488  9159    
 9489 WAT  32093 32095     3  9489  9160    
 9490 WAT  32096 32098     3  9490  9161    
 9491 WAT  32099 32101     3  9491  9162    
 9492 WAT  32102 32104     3  9492  9163    
 9493 WAT  32105 32107     3  9493  9164    
 9494 WAT  32108 32110     3  9494  9165    
 9495 WAT  32111 32113     3  9495  9166    
 9496 WAT  32114 32116     3  9496  9167    
 9497 WAT  32117 32119     3  9497  9168    
 9498 WAT  32120 32122     3  9498  9169    
 9499 WAT  32123 32125     3  9499  9170    
 9500 WAT  32126 32128     3  9500  9171    
 9501 WAT  32129 32131     3  9501  9172    
 9502 WAT  32132 32134     3  9502  9173    
 9503 WAT  32135 32137     3  9503  9174    
 9504 WAT  32138 32140     3  9504  9175    
 9505 WAT  32141 32143     3  9505  9176    
 9506 WAT  32144 32146     3  9506  9177    
 9507 WAT  32147 32149     3  9507  9178    
 9508 WAT  32150 32152     3  9508  9179    
 9509 WAT  32153 32155     3  9509  9180    
 9510 WAT  32156 32158     3  9510  9181    
 9511 WAT  32159 32161     3  9511  9182    
 9512 WAT  32162 32164     3  9512  9183    
 9513 WAT  32165 32167     3  9513  9184    
 9514 WAT  32168 32170     3  9514  9185    
 9515 WAT  32171 32173     3  9515  9186    
 9516 WAT  32174 32176     3  9516  9187    
 9517 WAT  32177 32179     3  9517  9188    
 9518 WAT  32180 32182     3  9518  9189    
 9519 WAT  32183 32185     3  9519  9190    
 9520 WAT  32186 32188     3  9520  9191    
 9521 WAT  32189 32191     3  9521  9192    
 9522 WAT  32192 32194     3  9522  9193    
 9523 WAT  32195 32197     3  9523  9194    
 9524 WAT  32198 32200     3  9524  9195    
 9525 WAT  32201 32203     3  9525  9196    
 9526 WAT  32204 32206     3  9526  9197    
 9527 WAT  32207 32209     3  9527  9198    
 9528 WAT  32210 32212     3  9528  9199    
 9529 WAT  32213 32215     3  9529  9200    
 9530 WAT  32216 32218     3  9530  9201    
 9531 WAT  32219 32221     3  9531  9202    
 9532 WAT  32222 32224     3  9532  9203    
 9533 WAT  32225 32227     3  9533  9204    
 9534 WAT  32228 32230     3  9534  9205    
 9535 WAT  32231 32233     3  9535  9206    
 9536 WAT  32234 32236     3  9536  9207    
 9537 WAT  32237 32239     3  9537  9208    
 9538 WAT  32240 32242     3  9538  9209    
 9539 WAT  32243 32245     3  9539  9210    
 9540 WAT  32246 32248     3  9540  9211    
 9541 WAT  32249 32251     3  9541  9212    
 9542 WAT  32252 32254     3  9542  9213    
 9543 WAT  32255 32257     3  9543  9214    
 9544 WAT  32258 32260     3  9544  9215    
 9545 WAT  32261 32263     3  9545  9216    
 9546 WAT  32264 32266     3  9546  9217    
 9547 WAT  32267 32269     3  9547  9218    
 9548 WAT  32270 32272     3  9548  9219    
 9549 WAT  32273 32275     3  9549  9220    
 9550 WAT  32276 32278     3  9550  9221    
 9551 WAT  32279 32281     3  9551  9222    
 9552 WAT  32282 32284     3  9552  9223    
 9553 WAT  32285 32287     3  9553  9224    
 9554 WAT  32288 32290     3  9554  9225    
 9555 WAT  32291 32293     3  9555  9226    
 9556 WAT  32294 32296     3  9556  9227    
 9557 WAT  32297 32299     3  9557  9228    
 9558 WAT  32300 32302     3  9558  9229    
 9559 WAT  32303 32305     3  9559  9230    
 9560 WAT  32306 32308     3  9560  9231    
 9561 WAT  32309 32311     3  9561  9232    
 9562 WAT  32312 32314     3  9562  9233    
 9563 WAT  32315 32317     3  9563  9234    
 9564 WAT  32318 32320     3  9564  9235    
 9565 WAT  32321 32323     3  9565  9236    
 9566 WAT  32324 32326     3  9566  9237    
 9567 WAT  32327 32329     3  9567  9238    
 9568 WAT  32330 32332     3  9568  9239    
 9569 WAT  32333 32335     3  9569  9240    
 9570 WAT  32336 32338     3  9570  9241    
 9571 WAT  32339 32341     3  9571  9242    
 9572 WAT  32342 32344     3  9572  9243    
 9573 WAT  32345 32347     3  9573  9244    
 9574 WAT  32348 32350     3  9574  9245    
 9575 WAT  32351 32353     3  9575  9246    
 9576 WAT  32354 32356     3  9576  9247    
 9577 WAT  32357 32359     3  9577  9248    
 9578 WAT  32360 32362     3  9578  9249    
 9579 WAT  32363 32365     3  9579  9250    
 9580 WAT  32366 32368     3  9580  9251    
 9581 WAT  32369 32371     3  9581  9252    
 9582 WAT  32372 32374     3  9582  9253    
 9583 WAT  32375 32377     3  9583  9254    
 9584 WAT  32378 32380     3  9584  9255    
 9585 WAT  32381 32383     3  9585  9256    
 9586 WAT  32384 32386     3  9586  9257    
 9587 WAT  32387 32389     3  9587  9258    
 9588 WAT  32390 32392     3  9588  9259    
 9589 WAT  32393 32395     3  9589  9260    
 9590 WAT  32396 32398     3  9590  9261    
 9591 WAT  32399 32401     3  9591  9262    
 9592 WAT  32402 32404     3  9592  9263    
 9593 WAT  32405 32407     3  9593  9264    
 9594 WAT  32408 32410     3  9594  9265    
 9595 WAT  32411 32413     3  9595  9266    
 9596 WAT  32414 32416     3  9596  9267    
 9597 WAT  32417 32419     3  9597  9268    
 9598 WAT  32420 32422     3  9598  9269    
 9599 WAT  32423 32425     3  9599  9270    
 9600 WAT  32426 32428     3  9600  9271    
 9601 WAT  32429 32431     3  9601  9272    
 9602 WAT  32432 32434     3  9602  9273    
 9603 WAT  32435 32437     3  9603  9274    
 9604 WAT  32438 32440     3  9604  9275    
 9605 WAT  32441 32443     3  9605  9276    
 9606 WAT  32444 32446     3  9606  9277    
 9607 WAT  32447 32449     3  9607  9278    
 9608 WAT  32450 32452     3  9608  9279    
 9609 WAT  32453 32455     3  9609  9280    
 9610 WAT  32456 32458     3  9610  9281    
 9611 WAT  32459 32461     3  9611  9282    
 9612 WAT  32462 32464     3  9612  9283    
 9613 WAT  32465 32467     3  9613  9284    
 9614 WAT  32468 32470     3  9614  9285    
 9615 WAT  32471 32473     3  9615  9286    
 9616 WAT  32474 32476     3  9616  9287    
 9617 WAT  32477 32479     3  9617  9288    
 9618 WAT  32480 32482     3  9618  9289    
 9619 WAT  32483 32485     3  9619  9290    
 9620 WAT  32486 32488     3  9620  9291    
 9621 WAT  32489 32491     3  9621  9292    
 9622 WAT  32492 32494     3  9622  9293    
 9623 WAT  32495 32497     3  9623  9294    
 9624 WAT  32498 32500     3  9624  9295    
 9625 WAT  32501 32503     3  9625  9296    
 9626 WAT  32504 32506     3  9626  9297    
 9627 WAT  32507 32509     3  9627  9298    
 9628 WAT  32510 32512     3  9628  9299    
 9629 WAT  32513 32515     3  9629  9300    
 9630 WAT  32516 32518     3  9630  9301    
 9631 WAT  32519 32521     3  9631  9302    
 9632 WAT  32522 32524     3  9632  9303    
 9633 WAT  32525 32527     3  9633  9304    
 9634 WAT  32528 32530     3  9634  9305    
 9635 WAT  32531 32533     3  9635  9306    
 9636 WAT  32534 32536     3  9636  9307    
 9637 WAT  32537 32539     3  9637  9308    
 9638 WAT  32540 32542     3  9638  9309    
 9639 WAT  32543 32545     3  9639  9310    
 9640 WAT  32546 32548     3  9640  9311    
 9641 WAT  32549 32551     3  9641  9312    
 9642 WAT  32552 32554     3  9642  9313    
 9643 WAT  32555 32557     3  9643  9314    
 9644 WAT  32558 32560     3  9644  9315    
 9645 WAT  32561 32563     3  9645  9316    
 9646 WAT  32564 32566     3  9646  9317    
 9647 WAT  32567 32569     3  9647  9318    
 9648 WAT  32570 32572     3  9648  9319    
 9649 WAT  32573 32575     3  9649  9320    
 9650 WAT  32576 32578     3  9650  9321    
 9651 WAT  32579 32581     3  9651  9322    
 9652 WAT  32582 32584     3  9652  9323    
 9653 WAT  32585 32587     3  9653  9324    
 9654 WAT  32588 32590     3  9654  9325    
 9655 WAT  32591 32593     3  9655  9326    
 9656 WAT  32594 32596     3  9656  9327    
 9657 WAT  32597 32599     3  9657  9328    
 9658 WAT  32600 32602     3  9658  9329    
 9659 WAT  32603 32605     3  9659  9330    
 9660 WAT  32606 32608     3  9660  9331    
 9661 WAT  32609 32611     3  9661  9332    
 9662 WAT  32612 32614     3  9662  9333    
 9663 WAT  32615 32617     3  9663  9334    
 9664 WAT  32618 32620     3  9664  9335    
 9665 WAT  32621 32623     3  9665  9336    
 9666 WAT  32624 32626     3  9666  9337    
 9667 WAT  32627 32629     3  9667  9338    
 9668 WAT  32630 32632     3  9668  9339    
 9669 WAT  32633 32635     3  9669  9340    
 9670 WAT  32636 32638     3  9670  9341    
 9671 WAT  32639 32641     3  9671  9342    
 9672 WAT  32642 32644     3  9672  9343    
 9673 WAT  32645 32647     3  9673  9344    
 9674 WAT  32648 32650     3  9674  9345    
 9675 WAT  32651 32653     3  9675  9346    
 9676 WAT  32654 32656     3  9676  9347    
 9677 WAT  32657 32659     3  9677  9348    
 9678 WAT  32660 32662     3  9678  9349    
 9679 WAT  32663 32665     3  9679  9350    
 9680 WAT  32666 32668     3  9680  9351    
 9681 WAT  32669 32671     3  9681  9352    
 9682 WAT  32672 32674     3  9682  9353    
 9683 WAT  32675 32677     3  9683  9354    
 9684 WAT  32678 32680     3  9684  9355    
 9685 WAT  32681 32683     3  9685  9356    
 9686 WAT  32684 32686     3  9686  9357    
 9687 WAT  32687 32689     3  9687  9358    
 9688 WAT  32690 32692     3  9688  9359    
 9689 WAT  32693 32695     3  9689  9360    
 9690 WAT  32696 32698     3  9690  9361    
 9691 WAT  32699 32701     3  9691  9362    
 9692 WAT  32702 32704     3  9692  9363    
 9693 WAT  32705 32707     3  9693  9364    
 9694 WAT  32708 32710     3  9694  9365    
 9695 WAT  32711 32713     3  9695  9366    
 9696 WAT  32714 32716     3  9696  9367    
 9697 WAT  32717 32719     3  9697  9368    
 9698 WAT  32720 32722     3  9698  9369    
 9699 WAT  32723 32725     3  9699  9370    
 9700 WAT  32726 32728     3  9700  9371    
 9701 WAT  32729 32731     3  9701  9372    
 9702 WAT  32732 32734     3  9702  9373    
 9703 WAT  32735 32737     3  9703  9374    
 9704 WAT  32738 32740     3  9704  9375    
 9705 WAT  32741 32743     3  9705  9376    
 9706 WAT  32744 32746     3  9706  9377    
 9707 WAT  32747 32749     3  9707  9378    
 9708 WAT  32750 32752     3  9708  9379    
 9709 WAT  32753 32755     3  9709  9380    
 9710 WAT  32756 32758     3  9710  9381    
 9711 WAT  32759 32761     3  9711  9382    
 9712 WAT  32762 32764     3  9712  9383    
 9713 WAT  32765 32767     3  9713  9384    
 9714 WAT  32768 32770     3  9714  9385    
 9715 WAT  32771 32773     3  9715  9386    
 9716 WAT  32774 32776     3  9716  9387    
 9717 WAT  32777 32779     3  9717  9388    
 9718 WAT  32780 32782     3  9718  9389    
 9719 WAT  32783 32785     3  9719  9390    
 9720 WAT  32786 32788     3  9720  9391    
 9721 WAT  32789 32791     3  9721  9392    
 9722 WAT  32792 32794     3  9722  9393    
 9723 WAT  32795 32797     3  9723  9394    
 9724 WAT  32798 32800     3  9724  9395    
 9725 WAT  32801 32803     3  9725  9396    
 9726 WAT  32804 32806     3  9726  9397    
 9727 WAT  32807 32809     3  9727  9398    
 9728 WAT  32810 32812     3  9728  9399    
 9729 WAT  32813 32815     3  9729  9400    
 9730 WAT  32816 32818     3  9730  9401    
 9731 WAT  32819 32821     3  9731  9402    
 9732 WAT  32822 32824     3  9732  9403    
 9733 WAT  32825 32827     3  9733  9404    
 9734 WAT  32828 32830     3  9734  9405    
 9735 WAT  32831 32833     3  9735  9406    
 9736 WAT  32834 32836     3  9736  9407    
 9737 WAT  32837 32839     3  9737  9408    
 9738 WAT  32840 32842     3  9738  9409    
 9739 WAT  32843 32845     3  9739  9410    
 9740 WAT  32846 32848     3  9740  9411    
 9741 WAT  32849 32851     3  9741  9412    
 9742 WAT  32852 32854     3  9742  9413    
 9743 WAT  32855 32857     3  9743  9414    
 9744 WAT  32858 32860     3  9744  9415    
 9745 WAT  32861 32863     3  9745  9416    
 9746 WAT  32864 32866     3  9746  9417    
 9747 WAT  32867 32869     3  9747  9418    
 9748 WAT  32870 32872     3  9748  9419    
 9749 WAT  32873 32875     3  9749  9420    
 9750 WAT  32876 32878     3  9750  9421    
 9751 WAT  32879 32881     3  9751  9422    
 9752 WAT  32882 32884     3  9752  9423    
 9753 WAT  32885 32887     3  9753  9424    
 9754 WAT  32888 32890     3  9754  9425    
 9755 WAT  32891 32893     3  9755  9426    
 9756 WAT  32894 32896     3  9756  9427    
 9757 WAT  32897 32899     3  9757  9428    
 9758 WAT  32900 32902     3  9758  9429    
 9759 WAT  32903 32905     3  9759  9430    
 9760 WAT  32906 32908     3  9760  9431    
 9761 WAT  32909 32911     3  9761  9432    
 9762 WAT  32912 32914     3  9762  9433    
 9763 WAT  32915 32917     3  9763  9434    
 9764 WAT  32918 32920     3  9764  9435    
 9765 WAT  32921 32923     3  9765  9436    
 9766 WAT  32924 32926     3  9766  9437    
 9767 WAT  32927 32929     3  9767  9438    
 9768 WAT  32930 32932     3  9768  9439    
 9769 WAT  32933 32935     3  9769  9440    
 9770 WAT  32936 32938     3  9770  9441    
 9771 WAT  32939 32941     3  9771  9442    
 9772 WAT  32942 32944     3  9772  9443    
 9773 WAT  32945 32947     3  9773  9444    
 9774 WAT  32948 32950     3  9774  9445    
 9775 WAT  32951 32953     3  9775  9446    
 9776 WAT  32954 32956     3  9776  9447    
 9777 WAT  32957 32959     3  9777  9448    
 9778 WAT  32960 32962     3  9778  9449    
 9779 WAT  32963 32965     3  9779  9450    
 9780 WAT  32966 32968     3  9780  9451    
 9781 WAT  32969 32971     3  9781  9452    
 9782 WAT  32972 32974     3  9782  9453    
 9783 WAT  32975 32977     3  9783  9454    
 9784 WAT  32978 32980     3  9784  9455    
 9785 WAT  32981 32983     3  9785  9456    
 9786 WAT  32984 32986     3  9786  9457    
 9787 WAT  32987 32989     3  9787  9458    
 9788 WAT  32990 32992     3  9788  9459    
 9789 WAT  32993 32995     3  9789  9460    
 9790 WAT  32996 32998     3  9790  9461    
 9791 WAT  32999 33001     3  9791  9462    
 9792 WAT  33002 33004     3  9792  9463    
 9793 WAT  33005 33007     3  9793  9464    
 9794 WAT  33008 33010     3  9794  9465    
 9795 WAT  33011 33013     3  9795  9466    
 9796 WAT  33014 33016     3  9796  9467    
 9797 WAT  33017 33019     3  9797  9468    
 9798 WAT  33020 33022     3  9798  9469    
 9799 WAT  33023 33025     3  9799  9470    
 9800 WAT  33026 33028     3  9800  9471    
 9801 WAT  33029 33031     3  9801  9472    
 9802 WAT  33032 33034     3  9802  9473    
 9803 WAT  33035 33037     3  9803  9474    
 9804 WAT  33038 33040     3  9804  9475    
 9805 WAT  33041 33043     3  9805  9476    
 9806 WAT  33044 33046     3  9806  9477    
 9807 WAT  33047 33049     3  9807  9478    
 9808 WAT  33050 33052     3  9808  9479    
 9809 WAT  33053 33055     3  9809  9480    
 9810 WAT  33056 33058     3  9810  9481    
 9811 WAT  33059 33061     3  9811  9482    
 9812 WAT  33062 33064     3  9812  9483    
 9813 WAT  33065 33067     3  9813  9484    
 9814 WAT  33068 33070     3  9814  9485    
 9815 WAT  33071 33073     3  9815  9486    
 9816 WAT  33074 33076     3  9816  9487    
 9817 WAT  33077 33079     3  9817  9488    
 9818 WAT  33080 33082     3  9818  9489    
 9819 WAT  33083 33085     3  9819  9490    
 9820 WAT  33086 33088     3  9820  9491    
 9821 WAT  33089 33091     3  9821  9492    
 9822 WAT  33092 33094     3  9822  9493    
 9823 WAT  33095 33097     3  9823  9494    
 9824 WAT  33098 33100     3  9824  9495    
 9825 WAT  33101 33103     3  9825  9496    
 9826 WAT  33104 33106     3  9826  9497    
 9827 WAT  33107 33109     3  9827  9498    
 9828 WAT  33110 33112     3  9828  9499    
 9829 WAT  33113 33115     3  9829  9500    
 9830 WAT  33116 33118     3  9830  9501    
 9831 WAT  33119 33121     3  9831  9502    
 9832 WAT  33122 33124     3  9832  9503    
 9833 WAT  33125 33127     3  9833  9504    
 9834 WAT  33128 33130     3  9834  9505    
 9835 WAT  33131 33133     3  9835  9506    
 9836 WAT  33134 33136     3  9836  9507    
 9837 WAT  33137 33139     3  9837  9508    
 9838 WAT  33140 33142     3  9838  9509    
 9839 WAT  33143 33145     3  9839  9510    
 9840 WAT  33146 33148     3  9840  9511    
 9841 WAT  33149 33151     3  9841  9512    
 9842 WAT  33152 33154     3  9842  9513    
 9843 WAT  33155 33157     3  9843  9514    
 9844 WAT  33158 33160     3  9844  9515    
 9845 WAT  33161 33163     3  9845  9516    
 9846 WAT  33164 33166     3  9846  9517    
 9847 WAT  33167 33169     3  9847  9518    
 9848 WAT  33170 33172     3  9848  9519    
 9849 WAT  33173 33175     3  9849  9520    
 9850 WAT  33176 33178     3  9850  9521    
 9851 WAT  33179 33181     3  9851  9522    
 9852 WAT  33182 33184     3  9852  9523    
 9853 WAT  33185 33187     3  9853  9524    
 9854 WAT  33188 33190     3  9854  9525    
 9855 WAT  33191 33193     3  9855  9526    
 9856 WAT  33194 33196     3  9856  9527    
 9857 WAT  33197 33199     3  9857  9528    
 9858 WAT  33200 33202     3  9858  9529    
 9859 WAT  33203 33205     3  9859  9530    
 9860 WAT  33206 33208     3  9860  9531    
 9861 WAT  33209 33211     3  9861  9532    
 9862 WAT  33212 33214     3  9862  9533    
 9863 WAT  33215 33217     3  9863  9534    
 9864 WAT  33218 33220     3  9864  9535    
 9865 WAT  33221 33223     3  9865  9536    
 9866 WAT  33224 33226     3  9866  9537    
 9867 WAT  33227 33229     3  9867  9538    
 9868 WAT  33230 33232     3  9868  9539    
 9869 WAT  33233 33235     3  9869  9540    
 9870 WAT  33236 33238     3  9870  9541    
 9871 WAT  33239 33241     3  9871  9542    
 9872 WAT  33242 33244     3  9872  9543    
 9873 WAT  33245 33247     3  9873  9544    
 9874 WAT  33248 33250     3  9874  9545    
 9875 WAT  33251 33253     3  9875  9546    
 9876 WAT  33254 33256     3  9876  9547    
 9877 WAT  33257 33259     3  9877  9548    
 9878 WAT  33260 33262     3  9878  9549    
 9879 WAT  33263 33265     3  9879  9550    
 9880 WAT  33266 33268     3  9880  9551    
 9881 WAT  33269 33271     3  9881  9552    
 9882 WAT  33272 33274     3  9882  9553    
 9883 WAT  33275 33277     3  9883  9554    
 9884 WAT  33278 33280     3  9884  9555    
 9885 WAT  33281 33283     3  9885  9556    
 9886 WAT  33284 33286     3  9886  9557    
 9887 WAT  33287 33289     3  9887  9558    
 9888 WAT  33290 33292     3  9888  9559    
 9889 WAT  33293 33295     3  9889  9560    
 9890 WAT  33296 33298     3  9890  9561    
 9891 WAT  33299 33301     3  9891  9562    
 9892 WAT  33302 33304     3  9892  9563    
 9893 WAT  33305 33307     3  9893  9564    
 9894 WAT  33308 33310     3  9894  9565    
 9895 WAT  33311 33313     3  9895  9566    
 9896 WAT  33314 33316     3  9896  9567    
 9897 WAT  33317 33319     3  9897  9568    
 9898 WAT  33320 33322     3  9898  9569    
 9899 WAT  33323 33325     3  9899  9570    
 9900 WAT  33326 33328     3  9900  9571    
 9901 WAT  33329 33331     3  9901  9572    
 9902 WAT  33332 33334     3  9902  9573    
 9903 WAT  33335 33337     3  9903  9574    
 9904 WAT  33338 33340     3  9904  9575    
 9905 WAT  33341 33343     3  9905  9576    
 9906 WAT  33344 33346     3  9906  9577    
 9907 WAT  33347 33349     3  9907  9578    
 9908 WAT  33350 33352     3  9908  9579    
 9909 WAT  33353 33355     3  9909  9580    
 9910 WAT  33356 33358     3  9910  9581    
 9911 WAT  33359 33361     3  9911  9582    
 9912 WAT  33362 33364     3  9912  9583    
 9913 WAT  33365 33367     3  9913  9584    
 9914 WAT  33368 33370     3  9914  9585    
 9915 WAT  33371 33373     3  9915  9586    
 9916 WAT  33374 33376     3  9916  9587    
 9917 WAT  33377 33379     3  9917  9588    
 9918 WAT  33380 33382     3  9918  9589    
 9919 WAT  33383 33385     3  9919  9590    
 9920 WAT  33386 33388     3  9920  9591    
 9921 WAT  33389 33391     3  9921  9592    
 9922 WAT  33392 33394     3  9922  9593    
 9923 WAT  33395 33397     3  9923  9594    
 9924 WAT  33398 33400     3  9924  9595    
 9925 WAT  33401 33403     3  9925  9596    
 9926 WAT  33404 33406     3  9926  9597    
 9927 WAT  33407 33409     3  9927  9598    
 9928 WAT  33410 33412     3  9928  9599    
 9929 WAT  33413 33415     3  9929  9600    
 9930 WAT  33416 33418     3  9930  9601    
 9931 WAT  33419 33421     3  9931  9602    
 9932 WAT  33422 33424     3  9932  9603    
 9933 WAT  33425 33427     3  9933  9604    
 9934 WAT  33428 33430     3  9934  9605    
 9935 WAT  33431 33433     3  9935  9606    
 9936 WAT  33434 33436     3  9936  9607    
 9937 WAT  33437 33439     3  9937  9608    
 9938 WAT  33440 33442     3  9938  9609    
 9939 WAT  33443 33445     3  9939  9610    
 9940 WAT  33446 33448     3  9940  9611    
 9941 WAT  33449 33451     3  9941  9612    
 9942 WAT  33452 33454     3  9942  9613    
 9943 WAT  33455 33457     3  9943  9614    
 9944 WAT  33458 33460     3  9944  9615    
 9945 WAT  33461 33463     3  9945  9616    
 9946 WAT  33464 33466     3  9946  9617    
 9947 WAT  33467 33469     3  9947  9618    
 9948 WAT  33470 33472     3  9948  9619    
 9949 WAT  33473 33475     3  9949  9620    
 9950 WAT  33476 33478     3  9950  9621    
 9951 WAT  33479 33481     3  9951  9622    
 9952 WAT  33482 33484     3  9952  9623    
 9953 WAT  33485 33487     3  9953  9624    
 9954 WAT  33488 33490     3  9954  9625    
 9955 WAT  33491 33493     3  9955  9626    
 9956 WAT  33494 33496     3  9956  9627    
 9957 WAT  33497 33499     3  9957  9628    
 9958 WAT  33500 33502     3  9958  9629    
 9959 WAT  33503 33505     3  9959  9630    
 9960 WAT  33506 33508     3  9960  9631    
 9961 WAT  33509 33511     3  9961  9632    
 9962 WAT  33512 33514     3  9962  9633    
 9963 WAT  33515 33517     3  9963  9634    
 9964 WAT  33518 33520     3  9964  9635    
 9965 WAT  33521 33523     3  9965  9636    
 9966 WAT  33524 33526     3  9966  9637    
 9967 WAT  33527 33529     3  9967  9638    
 9968 WAT  33530 33532     3  9968  9639    
 9969 WAT  33533 33535     3  9969  9640    
 9970 WAT  33536 33538     3  9970  9641    
 9971 WAT  33539 33541     3  9971  9642    
 9972 WAT  33542 33544     3  9972  9643    
 9973 WAT  33545 33547     3  9973  9644    
 9974 WAT  33548 33550     3  9974  9645    
 9975 WAT  33551 33553     3  9975  9646    
 9976 WAT  33554 33556     3  9976  9647    
 9977 WAT  33557 33559     3  9977  9648    
 9978 WAT  33560 33562     3  9978  9649    
 9979 WAT  33563 33565     3  9979  9650    
 9980 WAT  33566 33568     3  9980  9651    
 9981 WAT  33569 33571     3  9981  9652    
 9982 WAT  33572 33574     3  9982  9653    
 9983 WAT  33575 33577     3  9983  9654    
 9984 WAT  33578 33580     3  9984  9655    
 9985 WAT  33581 33583     3  9985  9656    
 9986 WAT  33584 33586     3  9986  9657    
 9987 WAT  33587 33589     3  9987  9658    
 9988 WAT  33590 33592     3  9988  9659    
 9989 WAT  33593 33595     3  9989  9660    
 9990 WAT  33596 33598     3  9990  9661    
 9991 WAT  33599 33601     3  9991  9662    
 9992 WAT  33602 33604     3  9992  9663    
 9993 WAT  33605 33607     3  9993  9664    
 9994 WAT  33608 33610     3  9994  9665    
 9995 WAT  33611 33613     3  9995  9666    
 9996 WAT  33614 33616     3  9996  9667    
 9997 WAT  33617 33619     3  9997  9668    
 9998 WAT  33620 33622     3  9998  9669    
 9999 WAT  33623 33625     3  9999  9670    
10000 WAT  33626 33628     3     0  9671    
10001 WAT  33629 33631     3     1  9672    
10002 WAT  33632 33634     3     2  9673    
10003 WAT  33635 33637     3     3  9674    
10004 WAT  33638 33640     3     4  9675    
10005 WAT  33641 33643     3     5  9676    
10006 WAT  33644 33646     3     6  9677    
10007 WAT  33647 33649     3     7  9678    
10008 WAT  33650 33652     3     8  9679    
10009 WAT  33653 33655     3     9  9680    
10010 WAT  33656 33658     3    10  9681    
10011 WAT  33659 33661     3    11  9682    
10012 WAT  33662 33664     3    12  9683    
10013 WAT  33665 33667     3    13  9684    
10014 WAT  33668 33670     3    14  9685    
10015 WAT  33671 33673     3    15  9686    
10016 WAT  33674 33676     3    16  9687    
10017 WAT  33677 33679     3    17  9688    
10018 WAT  33680 33682     3    18  9689    
10019 WAT  33683 33685     3    19  9690    
10020 WAT  33686 33688     3    20  9691    
10021 WAT  33689 33691     3    21  9692    
10022 WAT  33692 33694     3    22  9693    
10023 WAT  33695 33697     3    23  9694    
10024 WAT  33698 33700     3    24  9695    
10025 WAT  33701 33703     3    25  9696    
10026 WAT  33704 33706     3    26  9697    
10027 WAT  33707 33709     3    27  9698    
10028 WAT  33710 33712     3    28  9699    
10029 WAT  33713 33715     3    29  9700    
10030 WAT  33716 33718     3    30  9701    
10031 WAT  33719 33721     3    31  9702    
10032 WAT  33722 33724     3    32  9703    
10033 WAT  33725 33727     3    33  9704    
10034 WAT  33728 33730     3    34  9705    
10035 WAT  33731 33733     3    35  9706    
10036 WAT  33734 33736     3    36  9707    
10037 WAT  33737 33739     3    37  9708    
10038 WAT  33740 33742     3    38  9709    
10039 WAT  33743 33745     3    39  9710    
10040 WAT  33746 33748     3    40  9711    
10041 WAT  33749 33751     3    41  9712    
10042 WAT  33752 33754     3    42  9713    
10043 WAT  33755 33757     3    43  9714    
10044 WAT  33758 33760     3    44  9715    
10045 WAT  33761 33763     3    45  9716    
10046 WAT  33764 33766     3    46  9717    
10047 WAT  33767 33769     3    47  9718    
10048 WAT  33770 33772     3    48  9719    
10049 WAT  33773 33775     3    49  9720    
10050 WAT  33776 33778     3    50  9721    
10051 WAT  33779 33781     3    51  9722    
10052 WAT  33782 33784     3    52  9723    
10053 WAT  33785 33787     3    53  9724    
10054 WAT  33788 33790     3    54  9725    
10055 WAT  33791 33793     3    55  9726    
10056 WAT  33794 33796     3    56  9727    
10057 WAT  33797 33799     3    57  9728    
10058 WAT  33800 33802     3    58  9729    
10059 WAT  33803 33805     3    59  9730    
10060 WAT  33806 33808     3    60  9731    
10061 WAT  33809 33811     3    61  9732    
10062 WAT  33812 33814     3    62  9733    
10063 WAT  33815 33817     3    63  9734    
10064 WAT  33818 33820     3    64  9735    
10065 WAT  33821 33823     3    65  9736    
10066 WAT  33824 33826     3    66  9737    
10067 WAT  33827 33829     3    67  9738    
10068 WAT  33830 33832     3    68  9739    
10069 WAT  33833 33835     3    69  9740    
10070 WAT  33836 33838     3    70  9741    
10071 WAT  33839 33841     3    71  9742    
10072 WAT  33842 33844     3    72  9743    
10073 WAT  33845 33847     3    73  9744    
10074 WAT  33848 33850     3    74  9745    
10075 WAT  33851 33853     3    75  9746    
10076 WAT  33854 33856     3    76  9747    
10077 WAT  33857 33859     3    77  9748    
10078 WAT  33860 33862     3    78  9749    
10079 WAT  33863 33865     3    79  9750    
10080 WAT  33866 33868     3    80  9751    
10081 WAT  33869 33871     3    81  9752    
10082 WAT  33872 33874     3    82  9753    
10083 WAT  33875 33877     3    83  9754    
10084 WAT  33878 33880     3    84  9755    
10085 WAT  33881 33883     3    85  9756    
10086 WAT  33884 33886     3    86  9757    
10087 WAT  33887 33889     3    87  9758    
10088 WAT  33890 33892     3    88  9759    
10089 WAT  33893 33895     3    89  9760    
10090 WAT  33896 33898     3    90  9761    
10091 WAT  33899 33901     3    91  9762    
10092 WAT  33902 33904     3    92  9763    
10093 WAT  33905 33907     3    93  9764    
10094 WAT  33908 33910     3    94  9765    
10095 WAT  33911 33913     3    95  9766    
10096 WAT  33914 33916     3    96  9767    
10097 WAT  33917 33919     3    97  9768    
10098 WAT  33920 33922     3    98  9769    
10099 WAT  33923 33925     3    99  9770    
10100 WAT  33926 33928     3   100  9771    
10101 WAT  33929 33931     3   101  9772    
10102 WAT  33932 33934     3   102  9773    
10103 WAT  33935 33937     3   103  9774    
10104 WAT  33938 33940     3   104  9775    
10105 WAT  33941 33943     3   105  9776    
10106 WAT  33944 33946     3   106  9777    
10107 WAT  33947 33949     3   107  9778    
10108 WAT  33950 33952     3   108  9779    
10109 WAT  33953 33955     3   109  9780    
10110 WAT  33956 33958     3   110  9781    
10111 WAT  33959 33961     3   111  9782    
10112 WAT  33962 33964     3   112  9783    
10113 WAT  33965 33967     3   113  9784    
10114 WAT  33968 33970     3   114  9785    
10115 WAT  33971 33973     3   115  9786    
10116 WAT  33974 33976     3   116  9787    
10117 WAT  33977 33979     3   117  9788    
10118 WAT  33980 33982     3   118  9789    
10119 WAT  33983 33985     3   119  9790    
10120 WAT  33986 33988     3   120  9791    
10121 WAT  33989 33991     3   121  9792    
10122 WAT  33992 33994     3   122  9793    
10123 WAT  33995 33997     3   123  9794    
10124 WAT  33998 34000     3   124  9795    
10125 WAT  34001 34003     3   125  9796    
10126 WAT  34004 34006     3   126  9797    
10127 WAT  34007 34009     3   127  9798    
10128 WAT  34010 34012     3   128  9799    
10129 WAT  34013 34015     3   129  9800    
10130 WAT  34016 34018     3   130  9801    
10131 WAT  34019 34021     3   131  9802    
10132 WAT  34022 34024     3   132  9803    
10133 WAT  34025 34027     3   133  9804    
10134 WAT  34028 34030     3   134  9805    
10135 WAT  34031 34033     3   135  9806    
10136 WAT  34034 34036     3   136  9807    
10137 WAT  34037 34039     3   137  9808    
10138 WAT  34040 34042     3   138  9809    
10139 WAT  34043 34045     3   139  9810    
10140 WAT  34046 34048     3   140  9811    
10141 WAT  34049 34051     3   141  9812    
10142 WAT  34052 34054     3   142  9813    
10143 WAT  34055 34057     3   143  9814    
10144 WAT  34058 34060     3   144  9815    
10145 WAT  34061 34063     3   145  9816    
10146 WAT  34064 34066     3   146  9817    
10147 WAT  34067 34069     3   147  9818    
10148 WAT  34070 34072     3   148  9819    
10149 WAT  34073 34075     3   149  9820    
10150 WAT  34076 34078     3   150  9821    
10151 WAT  34079 34081     3   151  9822    
10152 WAT  34082 34084     3   152  9823    
10153 WAT  34085 34087     3   153  9824    
10154 WAT  34088 34090     3   154  9825    
10155 WAT  34091 34093     3   155  9826    
10156 WAT  34094 34096     3   156  9827    
10157 WAT  34097 34099     3   157  9828    
10158 WAT  34100 34102     3   158  9829    
10159 WAT  34103 34105     3   159  9830    
10160 WAT  34106 34108     3   160  9831    
10161 WAT  34109 34111     3   161  9832    
10162 WAT  34112 34114     3   162  9833    
10163 WAT  34115 34117     3   163  9834    
10164 WAT  34118 34120     3   164  9835    
10165 WAT  34121 34123     3   165  9836    
10166 WAT  34124 34126     3   166  9837    
10167 WAT  34127 34129     3   167  9838    
10168 WAT  34130 34132     3   168  9839    
10169 WAT  34133 34135     3   169  9840    
10170 WAT  34136 34138     3   170  9841    
10171 WAT  34139 34141     3   171  9842    
10172 WAT  34142 34144     3   172  9843    
10173 WAT  34145 34147     3   173  9844    
10174 WAT  34148 34150     3   174  9845    
10175 WAT  34151 34153     3   175  9846    
10176 WAT  34154 34156     3   176  9847    
10177 WAT  34157 34159     3   177  9848    
10178 WAT  34160 34162     3   178  9849    
10179 WAT  34163 34165     3   179  9850    
10180 WAT  34166 34168     3   180  9851    
10181 WAT  34169 34171     3   181  9852    
10182 WAT  34172 34174     3   182  9853    
10183 WAT  34175 34177     3   183  9854    
10184 WAT  34178 34180     3   184  9855    
10185 WAT  34181 34183     3   185  9856    
10186 WAT  34184 34186     3   186  9857    
10187 WAT  34187 34189     3   187  9858    
10188 WAT  34190 34192     3   188  9859    
10189 WAT  34193 34195     3   189  9860    
10190 WAT  34196 34198     3   190  9861    
10191 WAT  34199 34201     3   191  9862    
10192 WAT  34202 34204     3   192  9863    
10193 WAT  34205 34207     3   193  9864    
10194 WAT  34208 34210     3   194  9865    
10195 WAT  34211 34213     3   195  9866    
10196 WAT  34214 34216     3   196  9867    
10197 WAT  34217 34219     3   197  9868    
10198 WAT  34220 34222     3   198  9869    
10199 WAT  34223 34225     3   199  9870    
10200 WAT  34226 34228     3   200  9871    
10201 WAT  34229 34231     3   201  9872    
10202 WAT  34232 34234     3   202  9873    
10203 WAT  34235 34237     3   203  9874    
10204 WAT  34238 34240     3   204  9875    
10205 WAT  34241 34243     3   205  9876    
10206 WAT  34244 34246     3   206  9877    
10207 WAT  34247 34249     3   207  9878    
10208 WAT  34250 34252     3   208  9879    
10209 WAT  34253 34255     3   209  9880    
10210 WAT  34256 34258     3   210  9881    
10211 WAT  34259 34261     3   211  9882    
10212 WAT  34262 34264     3   212  9883    
10213 WAT  34265 34267     3   213  9884    
10214 WAT  34268 34270     3   214  9885    
10215 WAT  34271 34273     3   215  9886    
10216 WAT  34274 34276     3   216  9887    
10217 WAT  34277 34279     3   217  9888    
10218 WAT  34280 34282     3   218  9889    
10219 WAT  34283 34285     3   219  9890    
10220 WAT  34286 34288     3   220  9891    
10221 WAT  34289 34291     3   221  9892    
10222 WAT  34292 34294     3   222  9893    
10223 WAT  34295 34297     3   223  9894    
10224 WAT  34298 34300     3   224  9895    
10225 WAT  34301 34303     3   225  9896    
10226 WAT  34304 34306     3   226  9897    
10227 WAT  34307 34309     3   227  9898    
10228 WAT  34310 34312     3   228  9899    
10229 WAT  34313 34315     3   229  9900    
10230 WAT  34316 34318     3   230  9901    
10231 WAT  34319 34321     3   231  9902    
10232 WAT  34322 34324     3   232  9903    
10233 WAT  34325 34327     3   233  9904    
10234 WAT  34328 34330     3   234  9905    
10235 WAT  34331 34333     3   235  9906    
10236 WAT  34334 34336     3   236  9907    
10237 WAT  34337 34339     3   237  9908    
10238 WAT  34340 34342     3   238  9909    
10239 WAT  34343 34345     3   239  9910    
10240 WAT  34346 34348     3   240  9911    
10241 WAT  34349 34351     3   241  9912    
10242 WAT  34352 34354     3   242  9913    
10243 WAT  34355 34357     3   243  9914    
10244 WAT  34358 34360     3   244  9915    
10245 WAT  34361 34363     3   245  9916    
10246 WAT  34364 34366     3   246  9917    
10247 WAT  34367 34369     3   247  9918    
10248 WAT  34370 34372     3   248  9919    
10249 WAT  34373 34375     3   249  9920    
10250 WAT  34376 34378     3   250  9921    
10251 WAT  34379 34381     3   251  9922    
10252 WAT  34382 34384     3   252  9923    
10253 WAT  34385 34387     3   253  9924    
10254 WAT  34388 34390     3   254  9925    
10255 WAT  34391 34393     3   255  9926    
10256 WAT  34394 34396     3   256  9927    
10257 WAT  34397 34399     3   257  9928    
10258 WAT  34400 34402     3   258  9929    
10259 WAT  34403 34405     3   259  9930    
10260 WAT  34406 34408     3   260  9931    
10261 WAT  34409 34411     3   261  9932    
10262 WAT  34412 34414     3   262  9933    
10263 WAT  34415 34417     3   263  9934    
10264 WAT  34418 34420     3   264  9935    
10265 WAT  34421 34423     3   265  9936    
10266 WAT  34424 34426     3   266  9937    
10267 WAT  34427 34429     3   267  9938    
10268 WAT  34430 34432     3   268  9939    
10269 WAT  34433 34435     3   269  9940    
10270 WAT  34436 34438     3   270  9941    
10271 WAT  34439 34441     3   271  9942    
10272 WAT  34442 34444     3   272  9943    
10273 WAT  34445 34447     3   273  9944    
10274 WAT  34448 34450     3   274  9945    
10275 WAT  34451 34453     3   275  9946    
10276 WAT  34454 34456     3   276  9947    
10277 WAT  34457 34459     3   277  9948    
10278 WAT  34460 34462     3   278  9949    
10279 WAT  34463 34465     3   279  9950    
10280 WAT  34466 34468     3   280  9951    
10281 WAT  34469 34471     3   281  9952    
10282 WAT  34472 34474     3   282  9953    
10283 WAT  34475 34477     3   283  9954    
10284 WAT  34478 34480     3   284  9955    
10285 WAT  34481 34483     3   285  9956    
10286 WAT  34484 34486     3   286  9957    
10287 WAT  34487 34489     3   287  9958    
10288 WAT  34490 34492     3   288  9959    
10289 WAT  34493 34495     3   289  9960    
10290 WAT  34496 34498     3   290  9961    
10291 WAT  34499 34501     3   291  9962    
10292 WAT  34502 34504     3   292  9963    
10293 WAT  34505 34507     3   293  9964    
10294 WAT  34508 34510     3   294  9965    
10295 WAT  34511 34513     3   295  9966    
10296 WAT  34514 34516     3   296  9967    
10297 WAT  34517 34519     3   297  9968    
10298 WAT  34520 34522     3   298  9969    
10299 WAT  34523 34525     3   299  9970    
10300 WAT  34526 34528     3   300  9971    
10301 WAT  34529 34531     3   301  9972    
10302 WAT  34532 34534     3   302  9973    
10303 WAT  34535 34537     3   303  9974    
10304 WAT  34538 34540     3   304  9975    
10305 WAT  34541 34543     3   305  9976    
10306 WAT  34544 34546     3   306  9977    
10307 WAT  34547 34549     3   307  9978    
10308 WAT  34550 34552     3   308  9979    
10309 WAT  34553 34555     3   309  9980    
10310 WAT  34556 34558     3   310  9981    
10311 WAT  34559 34561     3   311  9982    
10312 WAT  34562 34564     3   312  9983    
10313 WAT  34565 34567     3   313  9984    
10314 WAT  34568 34570     3   314  9985    
10315 WAT  34571 34573     3   315  9986    
10316 WAT  34574 34576     3   316  9987    
10317 WAT  34577 34579     3   317  9988    
10318 WAT  34580 34582     3   318  9989    
10319 WAT  34583 34585     3   319  9990    
10320 WAT  34586 34588     3   320  9991    
10321 WAT  34589 34591     3   321  9992    
10322 WAT  34592 34594     3   322  9993    
10323 WAT  34595 34597     3   323  9994    
10324 WAT  34598 34600     3   324  9995    
10325 WAT  34601 34603     3   325  9996    
10326 WAT  34604 34606     3   326  9997    
10327 WAT  34607 34609     3   327  9998    
10328 WAT  34610 34612     3   328  9999    
10329 WAT  34613 34615     3   329 10000    
10330 WAT  34616 34618     3   330 10001    
10331 WAT  34619 34621     3   331 10002    
10332 WAT  34622 34624     3   332 10003    
10333 WAT  34625 34627     3   333 10004    
10334 WAT  34628 34630     3   334 10005    
10335 WAT  34631 34633     3   335 10006    
10336 WAT  34634 34636     3   336 10007    
10337 WAT  34637 34639     3   337 10008    
10338 WAT  34640 34642     3   338 10009    
10339 WAT  34643 34645     3   339 10010    
10340 WAT  34646 34648     3   340 10011    
10341 WAT  34649 34651     3   341 10012    
10342 WAT  34652 34654     3   342 10013    
10343 WAT  34655 34657     3   343 10014    
10344 WAT  34658 34660     3   344 10015    
10345 WAT  34661 34663     3   345 10016    
10346 WAT  34664 34666     3   346 10017    
10347 WAT  34667 34669     3   347 10018    
10348 WAT  34670 34672     3   348 10019    
10349 WAT  34673 34675     3   349 10020    
10350 WAT  34676 34678     3   350 10021    
10351 WAT  34679 34681     3   351 10022    
10352 WAT  34682 34684     3   352 10023    
10353 WAT  34685 34687     3   353 10024    
10354 WAT  34688 34690     3   354 10025    
10355 WAT  34691 34693     3   355 10026    
10356 WAT  34694 34696     3   356 10027    
10357 WAT  34697 34699     3   357 10028    
10358 WAT  34700 34702     3   358 10029    
10359 WAT  34703 34705     3   359 10030    
10360 WAT  34706 34708     3   360 10031    
10361 WAT  34709 34711     3   361 10032    
10362 WAT  34712 34714     3   362 10033    
10363 WAT  34715 34717     3   363 10034    
10364 WAT  34718 34720     3   364 10035    
10365 WAT  34721 34723     3   365 10036    
10366 WAT  34724 34726     3   366 10037    
10367 WAT  34727 34729     3   367 10038    
10368 WAT  34730 34732     3   368 10039    
10369 WAT  34733 34735     3   369 10040    
10370 WAT  34736 34738     3   370 10041    
10371 WAT  34739 34741     3   371 10042    
10372 WAT  34742 34744     3   372 10043    
10373 WAT  34745 34747     3   373 10044    
10374 WAT  34748 34750     3   374 10045    
10375 WAT  34751 34753     3   375 10046    
10376 WAT  34754 34756     3   376 10047    
10377 WAT  34757 34759     3   377 10048    
10378 WAT  34760 34762     3   378 10049    
10379 WAT  34763 34765     3   379 10050    
10380 WAT  34766 34768     3   380 10051    
10381 WAT  34769 34771     3   381 10052    
10382 WAT  34772 34774     3   382 10053    
10383 WAT  34775 34777     3   383 10054    
10384 WAT  34778 34780     3   384 10055    
10385 WAT  34781 34783     3   385 10056    
10386 WAT  34784 34786     3   386 10057    
10387 WAT  34787 34789     3   387 10058    
10388 WAT  34790 34792     3   388 10059    
10389 WAT  34793 34795     3   389 10060    
10390 WAT  34796 34798     3   390 10061    
10391 WAT  34799 34801     3   391 10062    
10392 WAT  34802 34804     3   392 10063    
10393 WAT  34805 34807     3   393 10064    
10394 WAT  34808 34810     3   394 10065    
10395 WAT  34811 34813     3   395 10066    
10396 WAT  34814 34816     3   396 10067    
10397 WAT  34817 34819     3   397 10068    
10398 WAT  34820 34822     3   398 10069    
10399 WAT  34823 34825     3   399 10070    
10400 WAT  34826 34828     3   400 10071    
10401 WAT  34829 34831     3   401 10072    
10402 WAT  34832 34834     3   402 10073    
10403 WAT  34835 34837     3   403 10074    
10404 WAT  34838 34840     3   404 10075    
10405 WAT  34841 34843     3   405 10076    
10406 WAT  34844 34846     3   406 10077    
10407 WAT  34847 34849     3   407 10078    
10408 WAT  34850 34852     3   408 10079    
10409 WAT  34853 34855     3   409 10080    
10410 WAT  34856 34858     3   410 10081    
10411 WAT  34859 34861     3   411 10082    
10412 WAT  34862 34864     3   412 10083    
10413 WAT  34865 34867     3   413 10084    
10414 WAT  34868 34870     3   414 10085    
10415 WAT  34871 34873     3   415 10086    
10416 WAT  34874 34876     3   416 10087    
10417 WAT  34877 34879     3   417 10088    
10418 WAT  34880 34882     3   418 10089    
10419 WAT  34883 34885     3   419 10090    
10420 WAT  34886 34888     3   420 10091    
10421 WAT  34889 34891     3   421 10092    
10422 WAT  34892 34894     3   422 10093    
10423 WAT  34895 34897     3   423 10094    
10424 WAT  34898 34900     3   424 10095    
10425 WAT  34901 34903     3   425 10096    
10426 WAT  34904 34906     3   426 10097    
10427 WAT  34907 34909     3   427 10098    
10428 WAT  34910 34912     3   428 10099    
10429 WAT  34913 34915     3   429 10100    
10430 WAT  34916 34918     3   430 10101    
10431 WAT  34919 34921     3   431 10102    
10432 WAT  34922 34924     3   432 10103    
10433 WAT  34925 34927     3   433 10104    
10434 WAT  34928 34930     3   434 10105    
10435 WAT  34931 34933     3   435 10106    
10436 WAT  34934 34936     3   436 10107    
10437 WAT  34937 34939     3   437 10108    
10438 WAT  34940 34942     3   438 10109    
10439 WAT  34943 34945     3   439 10110    
10440 WAT  34946 34948     3   440 10111    
10441 WAT  34949 34951     3   441 10112    
10442 WAT  34952 34954     3   442 10113    
10443 WAT  34955 34957     3   443 10114    
10444 WAT  34958 34960     3   444 10115    
10445 WAT  34961 34963     3   445 10116    
10446 WAT  34964 34966     3   446 10117    
10447 WAT  34967 34969     3   447 10118    
10448 WAT  34970 34972     3   448 10119    
10449 WAT  34973 34975     3   449 10120    
10450 WAT  34976 34978     3   450 10121    
10451 WAT  34979 34981     3   451 10122    
10452 WAT  34982 34984     3   452 10123    
10453 WAT  34985 34987     3   453 10124    
10454 WAT  34988 34990     3   454 10125    
10455 WAT  34991 34993     3   455 10126    
10456 WAT  34994 34996     3   456 10127    
10457 WAT  34997 34999     3   457 10128    
10458 WAT  35000 35002     3   458 10129    
10459 WAT  35003 35005     3   459 10130    
10460 WAT  35006 35008     3   460 10131    
10461 WAT  35009 35011     3   461 10132    
10462 WAT  35012 35014     3   462 10133    
10463 WAT  35015 35017     3   463 10134    
10464 WAT  35018 35020     3   464 10135    
10465 WAT  35021 35023     3   465 10136    
10466 WAT  35024 35026     3   466 10137    
10467 WAT  35027 35029     3   467 10138    
10468 WAT  35030 35032     3   468 10139    
10469 WAT  35033 35035     3   469 10140    
10470 WAT  35036 35038     3   470 10141    
10471 WAT  35039 35041     3   471 10142    
10472 WAT  35042 35044     3   472 10143    
10473 WAT  35045 35047     3   473 10144    
10474 WAT  35048 35050     3   474 10145    
10475 WAT  35051 35053     3   475 10146    
10476 WAT  35054 35056     3   476 10147    
10477 WAT  35057 35059     3   477 10148    
10478 WAT  35060 35062     3   478 10149    
10479 WAT  35063 35065     3   479 10150    
10480 WAT  35066 35068     3   480 10151    
10481 WAT  35069 35071     3   481 10152    
10482 WAT  35072 35074     3   482 10153    
10483 WAT  35075 35077     3   483 10154    
10484 WAT  35078 35080     3   484 10155    
10485 WAT  35081 35083     3   485 10156    
10486 WAT  35084 35086     3   486 10157    
10487 WAT  35087 35089     3   487 10158    
10488 WAT  35090 35092     3   488 10159    
10489 WAT  35093 35095     3   489 10160    
10490 WAT  35096 35098     3   490 10161    
10491 WAT  35099 35101     3   491 10162    
10492 WAT  35102 35104     3   492 10163    
10493 WAT  35105 35107     3   493 10164    
10494 WAT  35108 35110     3   494 10165    
10495 WAT  35111 35113     3   495 10166    
10496 WAT  35114 35116     3   496 10167    
10497 WAT  35117 35119     3   497 10168    
10498 WAT  35120 35122     3   498 10169    
10499 WAT  35123 35125     3   499 10170    
10500 WAT  35126 35128     3   500 10171    
10501 WAT  35129 35131     3   501 10172    
10502 WAT  35132 35134     3   502 10173    
10503 WAT  35135 35137     3   503 10174    
10504 WAT  35138 35140     3   504 10175    
10505 WAT  35141 35143     3   505 10176    
10506 WAT  35144 35146     3   506 10177    
10507 WAT  35147 35149     3   507 10178    
10508 WAT  35150 35152     3   508 10179    
10509 WAT  35153 35155     3   509 10180    
10510 WAT  35156 35158     3   510 10181    
10511 WAT  35159 35161     3   511 10182    
10512 WAT  35162 35164     3   512 10183    
10513 WAT  35165 35167     3   513 10184    
10514 WAT  35168 35170     3   514 10185    
10515 WAT  35171 35173     3   515 10186    
10516 WAT  35174 35176     3   516 10187    
10517 WAT  35177 35179     3   517 10188    
10518 WAT  35180 35182     3   518 10189    
10519 WAT  35183 35185     3   519 10190    
10520 WAT  35186 35188     3   520 10191    
10521 WAT  35189 35191     3   521 10192    
10522 WAT  35192 35194     3   522 10193    
10523 WAT  35195 35197     3   523 10194    
10524 WAT  35198 35200     3   524 10195    
10525 WAT  35201 35203     3   525 10196    
10526 WAT  35204 35206     3   526 10197    
10527 WAT  35207 35209     3   527 10198    
10528 WAT  35210 35212     3   528 10199    
10529 WAT  35213 35215     3   529 10200    
10530 WAT  35216 35218     3   530 10201    
10531 WAT  35219 35221     3   531 10202    
10532 WAT  35222 35224     3   532 10203    
10533 WAT  35225 35227     3   533 10204    
10534 WAT  35228 35230     3   534 10205    
10535 WAT  35231 35233     3   535 10206    
10536 WAT  35234 35236     3   536 10207    
10537 WAT  35237 35239     3   537 10208    
10538 WAT  35240 35242     3   538 10209    
10539 WAT  35243 35245     3   539 10210    
10540 WAT  35246 35248     3   540 10211    
10541 WAT  35249 35251     3   541 10212    
10542 WAT  35252 35254     3   542 10213    
10543 WAT  35255 35257     3   543 10214    
10544 WAT  35258 35260     3   544 10215    
10545 WAT  35261 35263     3   545 10216    
10546 WAT  35264 35266     3   546 10217    
10547 WAT  35267 35269     3   547 10218    
10548 WAT  35270 35272     3   548 10219    
10549 WAT  35273 35275     3   549 10220    
10550 WAT  35276 35278     3   550 10221    
10551 WAT  35279 35281     3   551 10222    
10552 WAT  35282 35284     3   552 10223    
10553 WAT  35285 35287     3   553 10224    
10554 WAT  35288 35290     3   554 10225    
10555 WAT  35291 35293     3   555 10226    
10556 WAT  35294 35296     3   556 10227    
10557 WAT  35297 35299     3   557 10228    
10558 WAT  35300 35302     3   558 10229    
10559 WAT  35303 35305     3   559 10230    
10560 WAT  35306 35308     3   560 10231    
10561 WAT  35309 35311     3   561 10232    
10562 WAT  35312 35314     3   562 10233    
10563 WAT  35315 35317     3   563 10234    
10564 WAT  35318 35320     3   564 10235    
10565 WAT  35321 35323     3   565 10236    
10566 WAT  35324 35326     3   566 10237    
10567 WAT  35327 35329     3   567 10238    
10568 WAT  35330 35332     3   568 10239    
10569 WAT  35333 35335     3   569 10240    
10570 WAT  35336 35338     3   570 10241    
10571 WAT  35339 35341     3   571 10242    
10572 WAT  35342 35344     3   572 10243    
10573 WAT  35345 35347     3   573 10244    
10574 WAT  35348 35350     3   574 10245    
10575 WAT  35351 35353     3   575 10246    
10576 WAT  35354 35356     3   576 10247    
10577 WAT  35357 35359     3   577 10248    
10578 WAT  35360 35362     3   578 10249    
10579 WAT  35363 35365     3   579 10250    
10580 WAT  35366 35368     3   580 10251    
10581 WAT  35369 35371     3   581 10252    
10582 WAT  35372 35374     3   582 10253    
10583 WAT  35375 35377     3   583 10254    
10584 WAT  35378 35380     3   584 10255    
10585 WAT  35381 35383     3   585 10256    
10586 WAT  35384 35386     3   586 10257    
10587 WAT  35387 35389     3   587 10258    
10588 WAT  35390 35392     3   588 10259    
10589 WAT  35393 35395     3   589 10260    
10590 WAT  35396 35398     3   590 10261    
10591 WAT  35399 35401     3   591 10262    
10592 WAT  35402 35404     3   592 10263    
10593 WAT  35405 35407     3   593 10264    
10594 WAT  35408 35410     3   594 10265    
10595 WAT  35411 35413     3   595 10266    
10596 WAT  35414 35416     3   596 10267    
10597 WAT  35417 35419     3   597 10268    
10598 WAT  35420 35422     3   598 10269    
10599 WAT  35423 35425     3   599 10270    
10600 WAT  35426 35428     3   600 10271    
10601 WAT  35429 35431     3   601 10272    
10602 WAT  35432 35434     3   602 10273    
10603 WAT  35435 35437     3   603 10274    
10604 WAT  35438 35440     3   604 10275    
10605 WAT  35441 35443     3   605 10276    
10606 WAT  35444 35446     3   606 10277    
10607 WAT  35447 35449     3   607 10278    
10608 WAT  35450 35452     3   608 10279    
10609 WAT  35453 35455     3   609 10280    
10610 WAT  35456 35458     3   610 10281    
10611 WAT  35459 35461     3   611 10282    
10612 WAT  35462 35464     3   612 10283    
10613 WAT  35465 35467     3   613 10284    
10614 WAT  35468 35470     3   614 10285    
10615 WAT  35471 35473     3   615 10286    
10616 WAT  35474 35476     3   616 10287    
10617 WAT  35477 35479     3   617 10288    
10618 WAT  35480 35482     3   618 10289    
10619 WAT  35483 35485     3   619 10290    
10620 WAT  35486 35488     3   620 10291    
10621 WAT  35489 35491     3   621 10292    
10622 WAT  35492 35494     3   622 10293    
10623 WAT  35495 35497     3   623 10294    
10624 WAT  35498 35500     3   624 10295    
10625 WAT  35501 35503     3   625 10296    
10626 WAT  35504 35506     3   626 10297    
10627 WAT  35507 35509     3   627 10298    
10628 WAT  35510 35512     3   628 10299    
10629 WAT  35513 35515     3   629 10300    
10630 WAT  35516 35518     3   630 10301    
10631 WAT  35519 35521     3   631 10302    
10632 WAT  35522 35524     3   632 10303    
10633 WAT  35525 35527     3   633 10304    
10634 WAT  35528 35530     3   634 10305    
10635 WAT  35531 35533     3   635 10306    
10636 WAT  35534 35536     3   636 10307    
10637 WAT  35537 35539     3   637 10308    
10638 WAT  35540 35542     3   638 10309    
10639 WAT  35543 35545     3   639 10310    
10640 WAT  35546 35548     3   640 10311    
10641 WAT  35549 35551     3   641 10312    
10642 WAT  35552 35554     3   642 10313    
10643 WAT  35555 35557     3   643 10314    
10644 WAT  35558 35560     3   644 10315    
10645 WAT  35561 35563     3   645 10316    
10646 WAT  35564 35566     3   646 10317    
10647 WAT  35567 35569     3   647 10318    
10648 WAT  35570 35572     3   648 10319    
10649 WAT  35573 35575     3   649 10320    
10650 WAT  35576 35578     3   650 10321    
10651 WAT  35579 35581     3   651 10322    
10652 WAT  35582 35584     3   652 10323    
10653 WAT  35585 35587     3   653 10324    
10654 WAT  35588 35590     3   654 10325    
10655 WAT  35591 35593     3   655 10326    
10656 WAT  35594 35596     3   656 10327    
10657 WAT  35597 35599     3   657 10328    
10658 WAT  35600 35602     3   658 10329    
10659 WAT  35603 35605     3   659 10330    
10660 WAT  35606 35608     3   660 10331    
10661 WAT  35609 35611     3   661 10332    
10662 WAT  35612 35614     3   662 10333    
10663 WAT  35615 35617     3   663 10334    
10664 WAT  35618 35620     3   664 10335    
10665 WAT  35621 35623     3   665 10336    
10666 WAT  35624 35626     3   666 10337    
10667 WAT  35627 35629     3   667 10338    
10668 WAT  35630 35632     3   668 10339    
10669 WAT  35633 35635     3   669 10340    
10670 WAT  35636 35638     3   670 10341    
10671 WAT  35639 35641     3   671 10342    
10672 WAT  35642 35644     3   672 10343    
10673 WAT  35645 35647     3   673 10344    
10674 WAT  35648 35650     3   674 10345    
10675 WAT  35651 35653     3   675 10346    
10676 WAT  35654 35656     3   676 10347    
10677 WAT  35657 35659     3   677 10348    
10678 WAT  35660 35662     3   678 10349    
10679 WAT  35663 35665     3   679 10350    
10680 WAT  35666 35668     3   680 10351    
10681 WAT  35669 35671     3   681 10352    
10682 WAT  35672 35674     3   682 10353    
10683 WAT  35675 35677     3   683 10354    
10684 WAT  35678 35680     3   684 10355    
10685 WAT  35681 35683     3   685 10356    
10686 WAT  35684 35686     3   686 10357    
10687 WAT  35687 35689     3   687 10358    
10688 WAT  35690 35692     3   688 10359    
10689 WAT  35693 35695     3   689 10360    
10690 WAT  35696 35698     3   690 10361    
10691 WAT  35699 35701     3   691 10362    
10692 WAT  35702 35704     3   692 10363    
10693 WAT  35705 35707     3   693 10364    
10694 WAT  35708 35710     3   694 10365    
10695 WAT  35711 35713     3   695 10366    
10696 WAT  35714 35716     3   696 10367    
10697 WAT  35717 35719     3   697 10368    
10698 WAT  35720 35722     3   698 10369    
10699 WAT  35723 35725     3   699 10370    
10700 WAT  35726 35728     3   700 10371    
10701 WAT  35729 35731     3   701 10372    
10702 WAT  35732 35734     3   702 10373    
10703 WAT  35735 35737     3   703 10374    
10704 WAT  35738 35740     3   704 10375    
10705 WAT  35741 35743     3   705 10376    
10706 WAT  35744 35746     3   706 10377    
10707 WAT  35747 35749     3   707 10378    
10708 WAT  35750 35752     3   708 10379    
10709 WAT  35753 35755     3   709 10380    
10710 WAT  35756 35758     3   710 10381    
10711 WAT  35759 35761     3   711 10382    
10712 WAT  35762 35764     3   712 10383    
10713 WAT  35765 35767     3   713 10384    
10714 WAT  35768 35770     3   714 10385    
10715 WAT  35771 35773     3   715 10386    
10716 WAT  35774 35776     3   716 10387    
10717 WAT  35777 35779     3   717 10388    
10718 WAT  35780 35782     3   718 10389    
10719 WAT  35783 35785     3   719 10390    
10720 WAT  35786 35788     3   720 10391    
10721 WAT  35789 35791     3   721 10392    
10722 WAT  35792 35794     3   722 10393    
10723 WAT  35795 35797     3   723 10394    
10724 WAT  35798 35800     3   724 10395    
10725 WAT  35801 35803     3   725 10396    
10726 WAT  35804 35806     3   726 10397    
10727 WAT  35807 35809     3   727 10398    
10728 WAT  35810 35812     3   728 10399    
10729 WAT  35813 35815     3   729 10400    
10730 WAT  35816 35818     3   730 10401    
10731 WAT  35819 35821     3   731 10402    
10732 WAT  35822 35824     3   732 10403    
10733 WAT  35825 35827     3   733 10404    
10734 WAT  35828 35830     3   734 10405    
10735 WAT  35831 35833     3   735 10406    
10736 WAT  35834 35836     3   736 10407    
10737 WAT  35837 35839     3   737 10408    
10738 WAT  35840 35842     3   738 10409    
10739 WAT  35843 35845     3   739 10410    
10740 WAT  35846 35848     3   740 10411    
10741 WAT  35849 35851     3   741 10412    
10742 WAT  35852 35854     3   742 10413    
10743 WAT  35855 35857     3   743 10414    
10744 WAT  35858 35860     3   744 10415    
10745 WAT  35861 35863     3   745 10416    
10746 WAT  35864 35866     3   746 10417    
10747 WAT  35867 35869     3   747 10418    
10748 WAT  35870 35872     3   748 10419    
10749 WAT  35873 35875     3   749 10420    
10750 WAT  35876 35878     3   750 10421    
10751 WAT  35879 35881     3   751 10422    
10752 WAT  35882 35884     3   752 10423    
10753 WAT  35885 35887     3   753 10424    
10754 WAT  35888 35890     3   754 10425    
10755 WAT  35891 35893     3   755 10426    
10756 WAT  35894 35896     3   756 10427    
10757 WAT  35897 35899     3   757 10428    
10758 WAT  35900 35902     3   758 10429    
10759 WAT  35903 35905     3   759 10430    
10760 WAT  35906 35908     3   760 10431    
10761 WAT  35909 35911     3   761 10432    
10762 WAT  35912 35914     3   762 10433    
10763 WAT  35915 35917     3   763 10434    
10764 WAT  35918 35920     3   764 10435    
10765 WAT  35921 35923     3   765 10436    
10766 WAT  35924 35926     3   766 10437    
10767 WAT  35927 35929     3   767 10438    
10768 WAT  35930 35932     3   768 10439    
10769 WAT  35933 35935     3   769 10440    
10770 WAT  35936 35938     3   770 10441    
10771 WAT  35939 35941     3   771 10442    
10772 WAT  35942 35944     3   772 10443    
10773 WAT  35945 35947     3   773 10444    
10774 WAT  35948 35950     3   774 10445    
10775 WAT  35951 35953     3   775 10446    
10776 WAT  35954 35956     3   776 10447    
10777 WAT  35957 35959     3   777 10448    
10778 WAT  35960 35962     3   778 10449    
10779 WAT  35963 35965     3   779 10450    
10780 WAT  35966 35968     3   780 10451    
10781 WAT  35969 35971     3   781 10452    
10782 WAT  35972 35974     3   782 10453    
10783 WAT  35975 35977     3   783 10454    
10784 WAT  35978 35980     3   784 10455    
10785 WAT  35981 35983     3   785 10456    
10786 WAT  35984 35986     3   786 10457    
10787 WAT  35987 35989     3   787 10458    
10788 WAT  35990 35992     3   788 10459    
10789 WAT  35993 35995     3   789 10460    
10790 WAT  35996 35998     3   790 10461    
10791 WAT  35999 36001     3   791 10462    
10792 WAT  36002 36004     3   792 10463    
10793 WAT  36005 36007     3   793 10464    
10794 WAT  36008 36010     3   794 10465    
10795 WAT  36011 36013     3   795 10466    
10796 WAT  36014 36016     3   796 10467    
10797 WAT  36017 36019     3   797 10468    
10798 WAT  36020 36022     3   798 10469    
10799 WAT  36023 36025     3   799 10470    
10800 WAT  36026 36028     3   800 10471    
10801 WAT  36029 36031     3   801 10472    
10802 WAT  36032 36034     3   802 10473    
10803 WAT  36035 36037     3   803 10474    
10804 WAT  36038 36040     3   804 10475    
10805 WAT  36041 36043     3   805 10476    
10806 WAT  36044 36046     3   806 10477    
10807 WAT  36047 36049     3   807 10478    
10808 WAT  36050 36052     3   808 10479    
10809 WAT  36053 36055     3   809 10480    
10810 WAT  36056 36058     3   810 10481    
10811 WAT  36059 36061     3   811 10482    
10812 WAT  36062 36064     3   812 10483    
10813 WAT  36065 36067     3   813 10484    
10814 WAT  36068 36070     3   814 10485    
10815 WAT  36071 36073     3   815 10486    
10816 WAT  36074 36076     3   816 10487    
10817 WAT  36077 36079     3   817 10488    
10818 WAT  36080 36082     3   818 10489    
10819 WAT  36083 36085     3   819 10490    
10820 WAT  36086 36088     3   820 10491    
10821 WAT  36089 36091     3   821 10492    
10822 WAT  36092 36094     3   822 10493    
10823 WAT  36095 36097     3   823 10494    
10824 WAT  36098 36100     3   824 10495    
10825 WAT  36101 36103     3   825 10496    
10826 WAT  36104 36106     3   826 10497    
10827 WAT  36107 36109     3   827 10498    
10828 WAT  36110 36112     3   828 10499    
10829 WAT  36113 36115     3   829 10500    
10830 WAT  36116 36118     3   830 10501    
10831 WAT  36119 36121     3   831 10502    
10832 WAT  36122 36124     3   832 10503    
10833 WAT  36125 36127     3   833 10504    
10834 WAT  36128 36130     3   834 10505    
10835 WAT  36131 36133     3   835 10506    
10836 WAT  36134 36136     3   836 10507    
10837 WAT  36137 36139     3   837 10508    
10838 WAT  36140 36142     3   838 10509    
10839 WAT  36143 36145     3   839 10510    
10840 WAT  36146 36148     3   840 10511    
10841 WAT  36149 36151     3   841 10512    
10842 WAT  36152 36154     3   842 10513    
10843 WAT  36155 36157     3   843 10514    
10844 WAT  36158 36160     3   844 10515    
10845 WAT  36161 36163     3   845 10516    
10846 WAT  36164 36166     3   846 10517    
10847 WAT  36167 36169     3   847 10518    
10848 WAT  36170 36172     3   848 10519    
10849 WAT  36173 36175     3   849 10520    
10850 WAT  36176 36178     3   850 10521    
10851 WAT  36179 36181     3   851 10522    
10852 WAT  36182 36184     3   852 10523    
10853 WAT  36185 36187     3   853 10524    
10854 WAT  36188 36190     3   854 10525    
10855 WAT  36191 36193     3   855 10526    
10856 WAT  36194 36196     3   856 10527    
10857 WAT  36197 36199     3   857 10528    
10858 WAT  36200 36202     3   858 10529    
10859 WAT  36203 36205     3   859 10530    
10860 WAT  36206 36208     3   860 10531    
10861 WAT  36209 36211     3   861 10532    
10862 WAT  36212 36214     3   862 10533    
10863 WAT  36215 36217     3   863 10534    
10864 WAT  36218 36220     3   864 10535    
10865 WAT  36221 36223     3   865 10536    
10866 WAT  36224 36226     3   866 10537    
10867 WAT  36227 36229     3   867 10538    
10868 WAT  36230 36232     3   868 10539    
10869 WAT  36233 36235     3   869 10540    
10870 WAT  36236 36238     3   870 10541    
10871 WAT  36239 36241     3   871 10542    
10872 WAT  36242 36244     3   872 10543    
10873 WAT  36245 36247     3   873 10544    
10874 WAT  36248 36250     3   874 10545    
10875 WAT  36251 36253     3   875 10546    
10876 WAT  36254 36256     3   876 10547    
10877 WAT  36257 36259     3   877 10548    
10878 WAT  36260 36262     3   878 10549    
10879 WAT  36263 36265     3   879 10550    
10880 WAT  36266 36268     3   880 10551    
10881 WAT  36269 36271     3   881 10552    
10882 WAT  36272 36274     3   882 10553    
10883 WAT  36275 36277     3   883 10554    
10884 WAT  36278 36280     3   884 10555    
10885 WAT  36281 36283     3   885 10556    
10886 WAT  36284 36286     3   886 10557    
10887 WAT  36287 36289     3   887 10558    
10888 WAT  36290 36292     3   888 10559    
10889 WAT  36293 36295     3   889 10560    
10890 WAT  36296 36298     3   890 10561    
10891 WAT  36299 36301     3   891 10562    
10892 WAT  36302 36304     3   892 10563    
10893 WAT  36305 36307     3   893 10564    
10894 WAT  36308 36310     3   894 10565    
10895 WAT  36311 36313     3   895 10566    
10896 WAT  36314 36316     3   896 10567    
10897 WAT  36317 36319     3   897 10568    
10898 WAT  36320 36322     3   898 10569    
10899 WAT  36323 36325     3   899 10570    
10900 WAT  36326 36328     3   900 10571    
10901 WAT  36329 36331     3   901 10572    
10902 WAT  36332 36334     3   902 10573    
10903 WAT  36335 36337     3   903 10574    
10904 WAT  36338 36340     3   904 10575    
10905 WAT  36341 36343     3   905 10576    
10906 WAT  36344 36346     3   906 10577    
10907 WAT  36347 36349     3   907 10578    
10908 WAT  36350 36352     3   908 10579    
10909 WAT  36353 36355     3   909 10580    
10910 WAT  36356 36358     3   910 10581    
10911 WAT  36359 36361     3   911 10582    
10912 WAT  36362 36364     3   912 10583    
10913 WAT  36365 36367     3   913 10584    
10914 WAT  36368 36370     3   914 10585    
10915 WAT  36371 36373     3   915 10586    
10916 WAT  36374 36376     3   916 10587    
10917 WAT  36377 36379     3   917 10588    
10918 WAT  36380 36382     3   918 10589    
10919 WAT  36383 36385     3   919 10590    
10920 WAT  36386 36388     3   920 10591    
10921 WAT  36389 36391     3   921 10592    
10922 WAT  36392 36394     3   922 10593    
10923 WAT  36395 36397     3   923 10594    
10924 WAT  36398 36400     3   924 10595    
10925 WAT  36401 36403     3   925 10596    
10926 WAT  36404 36406     3   926 10597    
10927 WAT  36407 36409     3   927 10598    
10928 WAT  36410 36412     3   928 10599    
10929 WAT  36413 36415     3   929 10600    
10930 WAT  36416 36418     3   930 10601    
10931 WAT  36419 36421     3   931 10602    
10932 WAT  36422 36424     3   932 10603    
10933 WAT  36425 36427     3   933 10604    
10934 WAT  36428 36430     3   934 10605    
10935 WAT  36431 36433     3   935 10606    
10936 WAT  36434 36436     3   936 10607    
10937 WAT  36437 36439     3   937 10608    
10938 WAT  36440 36442     3   938 10609    
10939 WAT  36443 36445     3   939 10610    
10940 WAT  36446 36448     3   940 10611    
10941 WAT  36449 36451     3   941 10612    
10942 WAT  36452 36454     3   942 10613    
10943 WAT  36455 36457     3   943 10614    
10944 WAT  36458 36460     3   944 10615    
10945 WAT  36461 36463     3   945 10616    
10946 WAT  36464 36466     3   946 10617    
10947 WAT  36467 36469     3   947 10618    
10948 WAT  36470 36472     3   948 10619    
10949 WAT  36473 36475     3   949 10620    
10950 WAT  36476 36478     3   950 10621    
10951 WAT  36479 36481     3   951 10622    
10952 WAT  36482 36484     3   952 10623    
10953 WAT  36485 36487     3   953 10624    
10954 WAT  36488 36490     3   954 10625    
10955 WAT  36491 36493     3   955 10626    
10956 WAT  36494 36496     3   956 10627    
10957 WAT  36497 36499     3   957 10628    
10958 WAT  36500 36502     3   958 10629    
10959 WAT  36503 36505     3   959 10630    
10960 WAT  36506 36508     3   960 10631    
10961 WAT  36509 36511     3   961 10632    
10962 WAT  36512 36514     3   962 10633    
10963 WAT  36515 36517     3   963 10634    
10964 WAT  36518 36520     3   964 10635    
10965 WAT  36521 36523     3   965 10636    
10966 WAT  36524 36526     3   966 10637    
10967 WAT  36527 36529     3   967 10638    
10968 WAT  36530 36532     3   968 10639    
10969 WAT  36533 36535     3   969 10640    
10970 WAT  36536 36538     3   970 10641    
10971 WAT  36539 36541     3   971 10642    
10972 WAT  36542 36544     3   972 10643    
10973 WAT  36545 36547     3   973 10644    
10974 WAT  36548 36550     3   974 10645    
10975 WAT  36551 36553     3   975 10646    
10976 WAT  36554 36556     3   976 10647    
10977 WAT  36557 36559     3   977 10648    
10978 WAT  36560 36562     3   978 10649    
10979 WAT  36563 36565     3   979 10650    
10980 WAT  36566 36568     3   980 10651    
10981 WAT  36569 36571     3   981 10652    
10982 WAT  36572 36574     3   982 10653    
10983 WAT  36575 36577     3   983 10654    
10984 WAT  36578 36580     3   984 10655    
10985 WAT  36581 36583     3   985 10656    
10986 WAT  36584 36586     3   986 10657    
10987 WAT  36587 36589     3   987 10658    
10988 WAT  36590 36592     3   988 10659    
10989 WAT  36593 36595     3   989 10660    
10990 WAT  36596 36598     3   990 10661    
10991 WAT  36599 36601     3   991 10662    
10992 WAT  36602 36604     3   992 10663    
10993 WAT  36605 36607     3   993 10664    
10994 WAT  36608 36610     3   994 10665    
10995 WAT  36611 36613     3   995 10666    
10996 WAT  36614 36616     3   996 10667    
10997 WAT  36617 36619     3   997 10668    
10998 WAT  36620 36622     3   998 10669    
10999 WAT  36623 36625     3   999 10670    
11000 WAT  36626 36628     3  1000 10671    
11001 WAT  36629 36631     3  1001 10672    
11002 WAT  36632 36634     3  1002 10673    
11003 WAT  36635 36637     3  1003 10674    
11004 WAT  36638 36640     3  1004 10675    
11005 WAT  36641 36643     3  1005 10676    
11006 WAT  36644 36646     3  1006 10677    
11007 WAT  36647 36649     3  1007 10678    
11008 WAT  36650 36652     3  1008 10679    
11009 WAT  36653 36655     3  1009 10680    
11010 WAT  36656 36658     3  1010 10681    
11011 WAT  36659 36661     3  1011 10682    
11012 WAT  36662 36664     3  1012 10683    
11013 WAT  36665 36667     3  1013 10684    
11014 WAT  36668 36670     3  1014 10685    
11015 WAT  36671 36673     3  1015 10686    
11016 WAT  36674 36676     3  1016 10687    
11017 WAT  36677 36679     3  1017 10688    
11018 WAT  36680 36682     3  1018 10689    
11019 WAT  36683 36685     3  1019 10690    
11020 WAT  36686 36688     3  1020 10691    
11021 WAT  36689 36691     3  1021 10692    
11022 WAT  36692 36694     3  1022 10693    
11023 WAT  36695 36697     3  1023 10694    
11024 WAT  36698 36700     3  1024 10695    
11025 WAT  36701 36703     3  1025 10696    
11026 WAT  36704 36706     3  1026 10697    
11027 WAT  36707 36709     3  1027 10698    
11028 WAT  36710 36712     3  1028 10699    
11029 WAT  36713 36715     3  1029 10700    
11030 WAT  36716 36718     3  1030 10701    
11031 WAT  36719 36721     3  1031 10702    
11032 WAT  36722 36724     3  1032 10703    
11033 WAT  36725 36727     3  1033 10704    
11034 WAT  36728 36730     3  1034 10705    
11035 WAT  36731 36733     3  1035 10706    
11036 WAT  36734 36736     3  1036 10707    
11037 WAT  36737 36739     3  1037 10708    
11038 WAT  36740 36742     3  1038 10709    
11039 WAT  36743 36745     3  1039 10710    
11040 WAT  36746 36748     3  1040 10711    
11041 WAT  36749 36751     3  1041 10712    
11042 WAT  36752 36754     3  1042 10713    
11043 WAT  36755 36757     3  1043 10714    
11044 WAT  36758 36760     3  1044 10715    
11045 WAT  36761 36763     3  1045 10716    
11046 WAT  36764 36766     3  1046 10717    
11047 WAT  36767 36769     3  1047 10718    
11048 WAT  36770 36772     3  1048 10719    
11049 WAT  36773 36775     3  1049 10720    
11050 WAT  36776 36778     3  1050 10721    
11051 WAT  36779 36781     3  1051 10722    
11052 WAT  36782 36784     3  1052 10723    
11053 WAT  36785 36787     3  1053 10724    
11054 WAT  36788 36790     3  1054 10725    
11055 WAT  36791 36793     3  1055 10726    
11056 WAT  36794 36796     3  1056 10727    
11057 WAT  36797 36799     3  1057 10728    
11058 WAT  36800 36802     3  1058 10729    
11059 WAT  36803 36805     3  1059 10730    
11060 WAT  36806 36808     3  1060 10731    
11061 WAT  36809 36811     3  1061 10732    
11062 WAT  36812 36814     3  1062 10733    
11063 WAT  36815 36817     3  1063 10734    
11064 WAT  36818 36820     3  1064 10735    
11065 WAT  36821 36823     3  1065 10736    
11066 WAT  36824 36826     3  1066 10737    
11067 WAT  36827 36829     3  1067 10738    
11068 WAT  36830 36832     3  1068 10739    
11069 WAT  36833 36835     3  1069 10740    
11070 WAT  36836 36838     3  1070 10741    
11071 WAT  36839 36841     3  1071 10742    
11072 WAT  36842 36844     3  1072 10743    
11073 WAT  36845 36847     3  1073 10744    
11074 WAT  36848 36850     3  1074 10745    
11075 WAT  36851 36853     3  1075 10746    
11076 WAT  36854 36856     3  1076 10747    
11077 WAT  36857 36859     3  1077 10748    
11078 WAT  36860 36862     3  1078 10749    
11079 WAT  36863 36865     3  1079 10750    
11080 WAT  36866 36868     3  1080 10751    
11081 WAT  36869 36871     3  1081 10752    
11082 WAT  36872 36874     3  1082 10753    
11083 WAT  36875 36877     3  1083 10754    
11084 WAT  36878 36880     3  1084 10755    
11085 WAT  36881 36883     3  1085 10756    
11086 WAT  36884 36886     3  1086 10757    
11087 WAT  36887 36889     3  1087 10758    
11088 WAT  36890 36892     3  1088 10759    
11089 WAT  36893 36895     3  1089 10760    
11090 WAT  36896 36898     3  1090 10761    
11091 WAT  36899 36901     3  1091 10762    
11092 WAT  36902 36904     3  1092 10763    
11093 WAT  36905 36907     3  1093 10764    
11094 WAT  36908 36910     3  1094 10765    
11095 WAT  36911 36913     3  1095 10766    
11096 WAT  36914 36916     3  1096 10767    
11097 WAT  36917 36919     3  1097 10768    
11098 WAT  36920 36922     3  1098 10769    
11099 WAT  36923 36925     3  1099 10770    
11100 WAT  36926 36928     3  1100 10771    
11101 WAT  36929 36931     3  1101 10772    
11102 WAT  36932 36934     3  1102 10773    
11103 WAT  36935 36937     3  1103 10774    
11104 WAT  36938 36940     3  1104 10775    
11105 WAT  36941 36943     3  1105 10776    
11106 WAT  36944 36946     3  1106 10777    
11107 WAT  36947 36949     3  1107 10778    
11108 WAT  36950 36952     3  1108 10779    
11109 WAT  36953 36955     3  1109 10780    
11110 WAT  36956 36958     3  1110 10781    
11111 WAT  36959 36961     3  1111 10782    
11112 WAT  36962 36964     3  1112 10783    
11113 WAT  36965 36967     3  1113 10784    
11114 WAT  36968 36970     3  1114 10785    
11115 WAT  36971 36973     3  1115 10786    
11116 WAT  36974 36976     3  1116 10787    
11117 WAT  36977 36979     3  1117 10788    
11118 WAT  36980 36982     3  1118 10789    
11119 WAT  36983 36985     3  1119 10790    
11120 WAT  36986 36988     3  1120 10791    
11121 WAT  36989 36991     3  1121 10792    
11122 WAT  36992 36994     3  1122 10793    
11123 WAT  36995 36997     3  1123 10794    
11124 WAT  36998 37000     3  1124 10795    
11125 WAT  37001 37003     3  1125 10796    
11126 WAT  37004 37006     3  1126 10797    
11127 WAT  37007 37009     3  1127 10798    
11128 WAT  37010 37012     3  1128 10799    
11129 WAT  37013 37015     3  1129 10800    
11130 WAT  37016 37018     3  1130 10801    
11131 WAT  37019 37021     3  1131 10802    
11132 WAT  37022 37024     3  1132 10803    
11133 WAT  37025 37027     3  1133 10804    
11134 WAT  37028 37030     3  1134 10805    
11135 WAT  37031 37033     3  1135 10806    
11136 WAT  37034 37036     3  1136 10807    
11137 WAT  37037 37039     3  1137 10808    
11138 WAT  37040 37042     3  1138 10809    
11139 WAT  37043 37045     3  1139 10810    
11140 WAT  37046 37048     3  1140 10811    
11141 WAT  37049 37051     3  1141 10812    
11142 WAT  37052 37054     3  1142 10813    
11143 WAT  37055 37057     3  1143 10814    
11144 WAT  37058 37060     3  1144 10815    
11145 WAT  37061 37063     3  1145 10816    
11146 WAT  37064 37066     3  1146 10817    
11147 WAT  37067 37069     3  1147 10818    
11148 WAT  37070 37072     3  1148 10819    
11149 WAT  37073 37075     3  1149 10820    
11150 WAT  37076 37078     3  1150 10821    
11151 WAT  37079 37081     3  1151 10822    
11152 WAT  37082 37084     3  1152 10823    
11153 WAT  37085 37087     3  1153 10824    
11154 WAT  37088 37090     3  1154 10825    
11155 WAT  37091 37093     3  1155 10826    
11156 WAT  37094 37096     3  1156 10827    
11157 WAT  37097 37099     3  1157 10828    
11158 WAT  37100 37102     3  1158 10829    
11159 WAT  37103 37105     3  1159 10830    
11160 WAT  37106 37108     3  1160 10831    
11161 WAT  37109 37111     3  1161 10832    
11162 WAT  37112 37114     3  1162 10833    
11163 WAT  37115 37117     3  1163 10834    
11164 WAT  37118 37120     3  1164 10835    
11165 WAT  37121 37123     3  1165 10836    
11166 WAT  37124 37126     3  1166 10837    
11167 WAT  37127 37129     3  1167 10838    
11168 WAT  37130 37132     3  1168 10839    
11169 WAT  37133 37135     3  1169 10840    
11170 WAT  37136 37138     3  1170 10841    
11171 WAT  37139 37141     3  1171 10842    
11172 WAT  37142 37144     3  1172 10843    
11173 WAT  37145 37147     3  1173 10844    
11174 WAT  37148 37150     3  1174 10845    
11175 WAT  37151 37153     3  1175 10846    
11176 WAT  37154 37156     3  1176 10847    
11177 WAT  37157 37159     3  1177 10848    
11178 WAT  37160 37162     3  1178 10849    
11179 WAT  37163 37165     3  1179 10850    
11180 WAT  37166 37168     3  1180 10851    
11181 WAT  37169 37171     3  1181 10852    
11182 WAT  37172 37174     3  1182 10853    
11183 WAT  37175 37177     3  1183 10854    
11184 WAT  37178 37180     3  1184 10855    
11185 WAT  37181 37183     3  1185 10856    
11186 WAT  37184 37186     3  1186 10857    
11187 WAT  37187 37189     3  1187 10858    
11188 WAT  37190 37192     3  1188 10859    
11189 WAT  37193 37195     3  1189 10860    
11190 WAT  37196 37198     3  1190 10861    
11191 WAT  37199 37201     3  1191 10862    
11192 WAT  37202 37204     3  1192 10863    
11193 WAT  37205 37207     3  1193 10864    
11194 WAT  37208 37210     3  1194 10865    
11195 WAT  37211 37213     3  1195 10866    
11196 WAT  37214 37216     3  1196 10867    
11197 WAT  37217 37219     3  1197 10868    
11198 WAT  37220 37222     3  1198 10869    
11199 WAT  37223 37225     3  1199 10870    
11200 WAT  37226 37228     3  1200 10871    
11201 WAT  37229 37231     3  1201 10872    
11202 WAT  37232 37234     3  1202 10873    
11203 WAT  37235 37237     3  1203 10874    
11204 WAT  37238 37240     3  1204 10875    
11205 WAT  37241 37243     3  1205 10876    
11206 WAT  37244 37246     3  1206 10877    
11207 WAT  37247 37249     3  1207 10878    
11208 WAT  37250 37252     3  1208 10879    
11209 WAT  37253 37255     3  1209 10880    
11210 WAT  37256 37258     3  1210 10881    
11211 WAT  37259 37261     3  1211 10882    
11212 WAT  37262 37264     3  1212 10883    
11213 WAT  37265 37267     3  1213 10884    
11214 WAT  37268 37270     3  1214 10885    
11215 WAT  37271 37273     3  1215 10886    
11216 WAT  37274 37276     3  1216 10887    
11217 WAT  37277 37279     3  1217 10888    
11218 WAT  37280 37282     3  1218 10889    
11219 WAT  37283 37285     3  1219 10890    
11220 WAT  37286 37288     3  1220 10891    
11221 WAT  37289 37291     3  1221 10892    
11222 WAT  37292 37294     3  1222 10893    
11223 WAT  37295 37297     3  1223 10894    
11224 WAT  37298 37300     3  1224 10895    
11225 WAT  37301 37303     3  1225 10896    
11226 WAT  37304 37306     3  1226 10897    
11227 WAT  37307 37309     3  1227 10898    
11228 WAT  37310 37312     3  1228 10899    
11229 WAT  37313 37315     3  1229 10900    
11230 WAT  37316 37318     3  1230 10901    
11231 WAT  37319 37321     3  1231 10902    
11232 WAT  37322 37324     3  1232 10903    
11233 WAT  37325 37327     3  1233 10904    
11234 WAT  37328 37330     3  1234 10905    
11235 WAT  37331 37333     3  1235 10906    
11236 WAT  37334 37336     3  1236 10907    
11237 WAT  37337 37339     3  1237 10908    
11238 WAT  37340 37342     3  1238 10909    
11239 WAT  37343 37345     3  1239 10910    
11240 WAT  37346 37348     3  1240 10911    
11241 WAT  37349 37351     3  1241 10912    
11242 WAT  37352 37354     3  1242 10913    
11243 WAT  37355 37357     3  1243 10914    
11244 WAT  37358 37360     3  1244 10915    
11245 WAT  37361 37363     3  1245 10916    
11246 WAT  37364 37366     3  1246 10917    
11247 WAT  37367 37369     3  1247 10918    
11248 WAT  37370 37372     3  1248 10919    
11249 WAT  37373 37375     3  1249 10920    
11250 WAT  37376 37378     3  1250 10921    
11251 WAT  37379 37381     3  1251 10922    
11252 WAT  37382 37384     3  1252 10923    
11253 WAT  37385 37387     3  1253 10924    
11254 WAT  37388 37390     3  1254 10925    
11255 WAT  37391 37393     3  1255 10926    
11256 WAT  37394 37396     3  1256 10927    
11257 WAT  37397 37399     3  1257 10928    
11258 WAT  37400 37402     3  1258 10929    
11259 WAT  37403 37405     3  1259 10930    
11260 WAT  37406 37408     3  1260 10931    
11261 WAT  37409 37411     3  1261 10932    
11262 WAT  37412 37414     3  1262 10933    
11263 WAT  37415 37417     3  1263 10934    
11264 WAT  37418 37420     3  1264 10935    
11265 WAT  37421 37423     3  1265 10936    
11266 WAT  37424 37426     3  1266 10937    
11267 WAT  37427 37429     3  1267 10938    
11268 WAT  37430 37432     3  1268 10939    
11269 WAT  37433 37435     3  1269 10940    
11270 WAT  37436 37438     3  1270 10941    
11271 WAT  37439 37441     3  1271 10942    
11272 WAT  37442 37444     3  1272 10943    
11273 WAT  37445 37447     3  1273 10944    
11274 WAT  37448 37450     3  1274 10945    
11275 WAT  37451 37453     3  1275 10946    
11276 WAT  37454 37456     3  1276 10947    
11277 WAT  37457 37459     3  1277 10948    
11278 WAT  37460 37462     3  1278 10949    
11279 WAT  37463 37465     3  1279 10950    
11280 WAT  37466 37468     3  1280 10951    
11281 WAT  37469 37471     3  1281 10952    
11282 WAT  37472 37474     3  1282 10953    
11283 WAT  37475 37477     3  1283 10954    
11284 WAT  37478 37480     3  1284 10955    
11285 WAT  37481 37483     3  1285 10956    
11286 WAT  37484 37486     3  1286 10957    
11287 WAT  37487 37489     3  1287 10958    
11288 WAT  37490 37492     3  1288 10959    
11289 WAT  37493 37495     3  1289 10960    
11290 WAT  37496 37498     3  1290 10961    
11291 WAT  37499 37501     3  1291 10962    
11292 WAT  37502 37504     3  1292 10963    
11293 WAT  37505 37507     3  1293 10964    
11294 WAT  37508 37510     3  1294 10965    
11295 WAT  37511 37513     3  1295 10966    
11296 WAT  37514 37516     3  1296 10967    
11297 WAT  37517 37519     3  1297 10968    
11298 WAT  37520 37522     3  1298 10969    
11299 WAT  37523 37525     3  1299 10970    
11300 WAT  37526 37528     3  1300 10971    
11301 WAT  37529 37531     3  1301 10972    
11302 WAT  37532 37534     3  1302 10973    
11303 WAT  37535 37537     3  1303 10974    
11304 WAT  37538 37540     3  1304 10975    
11305 WAT  37541 37543     3  1305 10976    
11306 WAT  37544 37546     3  1306 10977    
11307 WAT  37547 37549     3  1307 10978    
11308 WAT  37550 37552     3  1308 10979    
11309 WAT  37553 37555     3  1309 10980    
11310 WAT  37556 37558     3  1310 10981    
11311 WAT  37559 37561     3  1311 10982    
11312 WAT  37562 37564     3  1312 10983    
11313 WAT  37565 37567     3  1313 10984    
11314 WAT  37568 37570     3  1314 10985    
11315 WAT  37571 37573     3  1315 10986    
11316 WAT  37574 37576     3  1316 10987    
11317 WAT  37577 37579     3  1317 10988    
11318 WAT  37580 37582     3  1318 10989    
11319 WAT  37583 37585     3  1319 10990    
11320 WAT  37586 37588     3  1320 10991    
11321 WAT  37589 37591     3  1321 10992    
11322 WAT  37592 37594     3  1322 10993    
11323 WAT  37595 37597     3  1323 10994    
11324 WAT  37598 37600     3  1324 10995    
11325 WAT  37601 37603     3  1325 10996    
11326 WAT  37604 37606     3  1326 10997    
11327 WAT  37607 37609     3  1327 10998    
11328 WAT  37610 37612     3  1328 10999    
11329 WAT  37613 37615     3  1329 11000    
11330 WAT  37616 37618     3  1330 11001    
11331 WAT  37619 37621     3  1331 11002    
11332 WAT  37622 37624     3  1332 11003    
11333 WAT  37625 37627     3  1333 11004    
11334 WAT  37628 37630     3  1334 11005    
11335 WAT  37631 37633     3  1335 11006    
11336 WAT  37634 37636     3  1336 11007    
11337 WAT  37637 37639     3  1337 11008    
11338 WAT  37640 37642     3  1338 11009    
11339 WAT  37643 37645     3  1339 11010    
11340 WAT  37646 37648     3  1340 11011    
11341 WAT  37649 37651     3  1341 11012    
11342 WAT  37652 37654     3  1342 11013    
11343 WAT  37655 37657     3  1343 11014    
11344 WAT  37658 37660     3  1344 11015    
11345 WAT  37661 37663     3  1345 11016    
11346 WAT  37664 37666     3  1346 11017    
11347 WAT  37667 37669     3  1347 11018    
11348 WAT  37670 37672     3  1348 11019    
11349 WAT  37673 37675     3  1349 11020    
11350 WAT  37676 37678     3  1350 11021    
11351 WAT  37679 37681     3  1351 11022    
11352 WAT  37682 37684     3  1352 11023    
11353 WAT  37685 37687     3  1353 11024    
11354 WAT  37688 37690     3  1354 11025    
11355 WAT  37691 37693     3  1355 11026    
11356 WAT  37694 37696     3  1356 11027    
11357 WAT  37697 37699     3  1357 11028    
11358 WAT  37700 37702     3  1358 11029    
11359 WAT  37703 37705     3  1359 11030    
11360 WAT  37706 37708     3  1360 11031    
11361 WAT  37709 37711     3  1361 11032    
11362 WAT  37712 37714     3  1362 11033    
11363 WAT  37715 37717     3  1363 11034    
11364 WAT  37718 37720     3  1364 11035    
11365 WAT  37721 37723     3  1365 11036    
11366 WAT  37724 37726     3  1366 11037    
11367 WAT  37727 37729     3  1367 11038    
11368 WAT  37730 37732     3  1368 11039    
11369 WAT  37733 37735     3  1369 11040    
11370 WAT  37736 37738     3  1370 11041    
11371 WAT  37739 37741     3  1371 11042    
11372 WAT  37742 37744     3  1372 11043    
11373 WAT  37745 37747     3  1373 11044    
11374 WAT  37748 37750     3  1374 11045    
11375 WAT  37751 37753     3  1375 11046    
11376 WAT  37754 37756     3  1376 11047    
11377 WAT  37757 37759     3  1377 11048    
11378 WAT  37760 37762     3  1378 11049    
11379 WAT  37763 37765     3  1379 11050    
11380 WAT  37766 37768     3  1380 11051    
11381 WAT  37769 37771     3  1381 11052    
11382 WAT  37772 37774     3  1382 11053    
11383 WAT  37775 37777     3  1383 11054    
11384 WAT  37778 37780     3  1384 11055    
11385 WAT  37781 37783     3  1385 11056    
11386 WAT  37784 37786     3  1386 11057    
11387 WAT  37787 37789     3  1387 11058    
11388 WAT  37790 37792     3  1388 11059    
11389 WAT  37793 37795     3  1389 11060    
11390 WAT  37796 37798     3  1390 11061    
11391 WAT  37799 37801     3  1391 11062    
11392 WAT  37802 37804     3  1392 11063    
11393 WAT  37805 37807     3  1393 11064    
11394 WAT  37808 37810     3  1394 11065    
11395 WAT  37811 37813     3  1395 11066    
11396 WAT  37814 37816     3  1396 11067    
11397 WAT  37817 37819     3  1397 11068    
11398 WAT  37820 37822     3  1398 11069    
11399 WAT  37823 37825     3  1399 11070    
11400 WAT  37826 37828     3  1400 11071    
11401 WAT  37829 37831     3  1401 11072    
11402 WAT  37832 37834     3  1402 11073    
11403 WAT  37835 37837     3  1403 11074    
11404 WAT  37838 37840     3  1404 11075    
11405 WAT  37841 37843     3  1405 11076    
11406 WAT  37844 37846     3  1406 11077    
11407 WAT  37847 37849     3  1407 11078    
11408 WAT  37850 37852     3  1408 11079    
11409 WAT  37853 37855     3  1409 11080    
11410 WAT  37856 37858     3  1410 11081    
11411 WAT  37859 37861     3  1411 11082    
11412 WAT  37862 37864     3  1412 11083    
11413 WAT  37865 37867     3  1413 11084    
11414 WAT  37868 37870     3  1414 11085    
11415 WAT  37871 37873     3  1415 11086    
11416 WAT  37874 37876     3  1416 11087    
11417 WAT  37877 37879     3  1417 11088    
11418 WAT  37880 37882     3  1418 11089    
11419 WAT  37883 37885     3  1419 11090    
11420 WAT  37886 37888     3  1420 11091    
11421 WAT  37889 37891     3  1421 11092    
11422 WAT  37892 37894     3  1422 11093    
11423 WAT  37895 37897     3  1423 11094    
11424 WAT  37898 37900     3  1424 11095    
11425 WAT  37901 37903     3  1425 11096    
11426 WAT  37904 37906     3  1426 11097    
11427 WAT  37907 37909     3  1427 11098    
11428 WAT  37910 37912     3  1428 11099    
11429 WAT  37913 37915     3  1429 11100    
11430 WAT  37916 37918     3  1430 11101    
11431 WAT  37919 37921     3  1431 11102    
11432 WAT  37922 37924     3  1432 11103    
11433 WAT  37925 37927     3  1433 11104    
11434 WAT  37928 37930     3  1434 11105    
11435 WAT  37931 37933     3  1435 11106    
11436 WAT  37934 37936     3  1436 11107    
11437 WAT  37937 37939     3  1437 11108    
11438 WAT  37940 37942     3  1438 11109    
11439 WAT  37943 37945     3  1439 11110    
11440 WAT  37946 37948     3  1440 11111    
11441 WAT  37949 37951     3  1441 11112    
11442 WAT  37952 37954     3  1442 11113    
11443 WAT  37955 37957     3  1443 11114    
11444 WAT  37958 37960     3  1444 11115    
11445 WAT  37961 37963     3  1445 11116    
11446 WAT  37964 37966     3  1446 11117    
11447 WAT  37967 37969     3  1447 11118    
11448 WAT  37970 37972     3  1448 11119    
11449 WAT  37973 37975     3  1449 11120    
11450 WAT  37976 37978     3  1450 11121    
11451 WAT  37979 37981     3  1451 11122    
11452 WAT  37982 37984     3  1452 11123    
11453 WAT  37985 37987     3  1453 11124    
11454 WAT  37988 37990     3  1454 11125    
11455 WAT  37991 37993     3  1455 11126    
11456 WAT  37994 37996     3  1456 11127    
11457 WAT  37997 37999     3  1457 11128    
11458 WAT  38000 38002     3  1458 11129    
11459 WAT  38003 38005     3  1459 11130    
11460 WAT  38006 38008     3  1460 11131    
11461 WAT  38009 38011     3  1461 11132    
11462 WAT  38012 38014     3  1462 11133    
11463 WAT  38015 38017     3  1463 11134    
11464 WAT  38018 38020     3  1464 11135    
11465 WAT  38021 38023     3  1465 11136    
11466 WAT  38024 38026     3  1466 11137    
11467 WAT  38027 38029     3  1467 11138    
11468 WAT  38030 38032     3  1468 11139    
11469 WAT  38033 38035     3  1469 11140    
11470 WAT  38036 38038     3  1470 11141    
11471 WAT  38039 38041     3  1471 11142    
11472 WAT  38042 38044     3  1472 11143    
11473 WAT  38045 38047     3  1473 11144    
11474 WAT  38048 38050     3  1474 11145    
11475 WAT  38051 38053     3  1475 11146    
11476 WAT  38054 38056     3  1476 11147    
11477 WAT  38057 38059     3  1477 11148    
11478 WAT  38060 38062     3  1478 11149    
11479 WAT  38063 38065     3  1479 11150    
11480 WAT  38066 38068     3  1480 11151    
11481 WAT  38069 38071     3  1481 11152    
11482 WAT  38072 38074     3  1482 11153    
11483 WAT  38075 38077     3  1483 11154    
11484 WAT  38078 38080     3  1484 11155    
11485 WAT  38081 38083     3  1485 11156    
11486 WAT  38084 38086     3  1486 11157    
11487 WAT  38087 38089     3  1487 11158    
11488 WAT  38090 38092     3  1488 11159    
11489 WAT  38093 38095     3  1489 11160    
11490 WAT  38096 38098     3  1490 11161    
11491 WAT  38099 38101     3  1491 11162    
11492 WAT  38102 38104     3  1492 11163    
11493 WAT  38105 38107     3  1493 11164    
11494 WAT  38108 38110     3  1494 11165    
11495 WAT  38111 38113     3  1495 11166    
11496 WAT  38114 38116     3  1496 11167    
11497 WAT  38117 38119     3  1497 11168    
11498 WAT  38120 38122     3  1498 11169    
11499 WAT  38123 38125     3  1499 11170    
11500 WAT  38126 38128     3  1500 11171    
11501 WAT  38129 38131     3  1501 11172    
11502 WAT  38132 38134     3  1502 11173    
11503 WAT  38135 38137     3  1503 11174    
11504 WAT  38138 38140     3  1504 11175    
11505 WAT  38141 38143     3  1505 11176    
11506 WAT  38144 38146     3  1506 11177    
11507 WAT  38147 38149     3  1507 11178    
11508 WAT  38150 38152     3  1508 11179    
11509 WAT  38153 38155     3  1509 11180    
11510 WAT  38156 38158     3  1510 11181    
11511 WAT  38159 38161     3  1511 11182    
11512 WAT  38162 38164     3  1512 11183    
11513 WAT  38165 38167     3  1513 11184    
11514 WAT  38168 38170     3  1514 11185    
11515 WAT  38171 38173     3  1515 11186    
11516 WAT  38174 38176     3  1516 11187    
11517 WAT  38177 38179     3  1517 11188    
11518 WAT  38180 38182     3  1518 11189    
11519 WAT  38183 38185     3  1519 11190    
11520 WAT  38186 38188     3  1520 11191    
11521 WAT  38189 38191     3  1521 11192    
11522 WAT  38192 38194     3  1522 11193    
11523 WAT  38195 38197     3  1523 11194    
11524 WAT  38198 38200     3  1524 11195    
11525 WAT  38201 38203     3  1525 11196    
11526 WAT  38204 38206     3  1526 11197    
11527 WAT  38207 38209     3  1527 11198    
11528 WAT  38210 38212     3  1528 11199    
11529 WAT  38213 38215     3  1529 11200    
11530 WAT  38216 38218     3  1530 11201    
11531 WAT  38219 38221     3  1531 11202    
11532 WAT  38222 38224     3  1532 11203    
11533 WAT  38225 38227     3  1533 11204    
11534 WAT  38228 38230     3  1534 11205    
11535 WAT  38231 38233     3  1535 11206    
11536 WAT  38234 38236     3  1536 11207    
11537 WAT  38237 38239     3  1537 11208    
11538 WAT  38240 38242     3  1538 11209    
11539 WAT  38243 38245     3  1539 11210    
11540 WAT  38246 38248     3  1540 11211    
11541 WAT  38249 38251     3  1541 11212    
11542 WAT  38252 38254     3  1542 11213    
11543 WAT  38255 38257     3  1543 11214    
11544 WAT  38258 38260     3  1544 11215    
11545 WAT  38261 38263     3  1545 11216    
11546 WAT  38264 38266     3  1546 11217    
11547 WAT  38267 38269     3  1547 11218    
11548 WAT  38270 38272     3  1548 11219    
11549 WAT  38273 38275     3  1549 11220    
11550 WAT  38276 38278     3  1550 11221    
11551 WAT  38279 38281     3  1551 11222    
11552 WAT  38282 38284     3  1552 11223    
11553 WAT  38285 38287     3  1553 11224    
11554 WAT  38288 38290     3  1554 11225    
11555 WAT  38291 38293     3  1555 11226    
11556 WAT  38294 38296     3  1556 11227    
11557 WAT  38297 38299     3  1557 11228    
11558 WAT  38300 38302     3  1558 11229    
11559 WAT  38303 38305     3  1559 11230    
11560 WAT  38306 38308     3  1560 11231    
11561 WAT  38309 38311     3  1561 11232    
11562 WAT  38312 38314     3  1562 11233    
11563 WAT  38315 38317     3  1563 11234    
11564 WAT  38318 38320     3  1564 11235    
11565 WAT  38321 38323     3  1565 11236    
11566 WAT  38324 38326     3  1566 11237    
11567 WAT  38327 38329     3  1567 11238    
11568 WAT  38330 38332     3  1568 11239    
11569 WAT  38333 38335     3  1569 11240    
11570 WAT  38336 38338     3  1570 11241    
11571 WAT  38339 38341     3  1571 11242    
11572 WAT  38342 38344     3  1572 11243    
11573 WAT  38345 38347     3  1573 11244    
11574 WAT  38348 38350     3  1574 11245    
11575 WAT  38351 38353     3  1575 11246    
11576 WAT  38354 38356     3  1576 11247    
11577 WAT  38357 38359     3  1577 11248    
11578 WAT  38360 38362     3  1578 11249    
11579 WAT  38363 38365     3  1579 11250    
11580 WAT  38366 38368     3  1580 11251    
11581 WAT  38369 38371     3  1581 11252    
11582 WAT  38372 38374     3  1582 11253    
11583 WAT  38375 38377     3  1583 11254    
11584 WAT  38378 38380     3  1584 11255    
11585 WAT  38381 38383     3  1585 11256    
11586 WAT  38384 38386     3  1586 11257    
11587 WAT  38387 38389     3  1587 11258    
11588 WAT  38390 38392     3  1588 11259    
11589 WAT  38393 38395     3  1589 11260    
11590 WAT  38396 38398     3  1590 11261    
11591 WAT  38399 38401     3  1591 11262    
11592 WAT  38402 38404     3  1592 11263    
11593 WAT  38405 38407     3  1593 11264    
11594 WAT  38408 38410     3  1594 11265    
11595 WAT  38411 38413     3  1595 11266    
11596 WAT  38414 38416     3  1596 11267    
11597 WAT  38417 38419     3  1597 11268    
11598 WAT  38420 38422     3  1598 11269    
11599 WAT  38423 38425     3  1599 11270    
11600 WAT  38426 38428     3  1600 11271    
11601 WAT  38429 38431     3  1601 11272    
11602 WAT  38432 38434     3  1602 11273    
11603 WAT  38435 38437     3  1603 11274    
11604 WAT  38438 38440     3  1604 11275    
11605 WAT  38441 38443     3  1605 11276    
11606 WAT  38444 38446     3  1606 11277    
11607 WAT  38447 38449     3  1607 11278    
11608 WAT  38450 38452     3  1608 11279    
11609 WAT  38453 38455     3  1609 11280    
11610 WAT  38456 38458     3  1610 11281    
11611 WAT  38459 38461     3  1611 11282    
11612 WAT  38462 38464     3  1612 11283    
11613 WAT  38465 38467     3  1613 11284    
11614 WAT  38468 38470     3  1614 11285    
11615 WAT  38471 38473     3  1615 11286    
11616 WAT  38474 38476     3  1616 11287    
11617 WAT  38477 38479     3  1617 11288    
11618 WAT  38480 38482     3  1618 11289    
11619 WAT  38483 38485     3  1619 11290    
11620 WAT  38486 38488     3  1620 11291    
11621 WAT  38489 38491     3  1621 11292    
11622 WAT  38492 38494     3  1622 11293    
11623 WAT  38495 38497     3  1623 11294    
11624 WAT  38498 38500     3  1624 11295    
11625 WAT  38501 38503     3  1625 11296    
11626 WAT  38504 38506     3  1626 11297    
11627 WAT  38507 38509     3  1627 11298    
11628 WAT  38510 38512     3  1628 11299    
11629 WAT  38513 38515     3  1629 11300    
11630 WAT  38516 38518     3  1630 11301    
11631 WAT  38519 38521     3  1631 11302    
11632 WAT  38522 38524     3  1632 11303    
11633 WAT  38525 38527     3  1633 11304    
11634 WAT  38528 38530     3  1634 11305    
11635 WAT  38531 38533     3  1635 11306    
11636 WAT  38534 38536     3  1636 11307    
11637 WAT  38537 38539     3  1637 11308    
11638 WAT  38540 38542     3  1638 11309    
11639 WAT  38543 38545     3  1639 11310    
11640 WAT  38546 38548     3  1640 11311    
11641 WAT  38549 38551     3  1641 11312    
11642 WAT  38552 38554     3  1642 11313    
11643 WAT  38555 38557     3  1643 11314    
11644 WAT  38558 38560     3  1644 11315    
11645 WAT  38561 38563     3  1645 11316    
11646 WAT  38564 38566     3  1646 11317    
11647 WAT  38567 38569     3  1647 11318    
11648 WAT  38570 38572     3  1648 11319    
11649 WAT  38573 38575     3  1649 11320    
11650 WAT  38576 38578     3  1650 11321    
11651 WAT  38579 38581     3  1651 11322    
11652 WAT  38582 38584     3  1652 11323    
11653 WAT  38585 38587     3  1653 11324    
11654 WAT  38588 38590     3  1654 11325    
11655 WAT  38591 38593     3  1655 11326    
11656 WAT  38594 38596     3  1656 11327    
11657 WAT  38597 38599     3  1657 11328    
11658 WAT  38600 38602     3  1658 11329    
11659 WAT  38603 38605     3  1659 11330    
11660 WAT  38606 38608     3  1660 11331    
11661 WAT  38609 38611     3  1661 11332    
11662 WAT  38612 38614     3  1662 11333    
11663 WAT  38615 38617     3  1663 11334    
11664 WAT  38618 38620     3  1664 11335    
11665 WAT  38621 38623     3  1665 11336    
11666 WAT  38624 38626     3  1666 11337    
11667 WAT  38627 38629     3  1667 11338    
11668 WAT  38630 38632     3  1668 11339    
11669 WAT  38633 38635     3  1669 11340    
11670 WAT  38636 38638     3  1670 11341    
11671 WAT  38639 38641     3  1671 11342    
11672 WAT  38642 38644     3  1672 11343    
11673 WAT  38645 38647     3  1673 11344    
11674 WAT  38648 38650     3  1674 11345    
11675 WAT  38651 38653     3  1675 11346    
11676 WAT  38654 38656     3  1676 11347    
11677 WAT  38657 38659     3  1677 11348    
11678 WAT  38660 38662     3  1678 11349    
11679 WAT  38663 38665     3  1679 11350    
11680 WAT  38666 38668     3  1680 11351    
11681 WAT  38669 38671     3  1681 11352    
11682 WAT  38672 38674     3  1682 11353    
11683 WAT  38675 38677     3  1683 11354    
11684 WAT  38678 38680     3  1684 11355    
11685 WAT  38681 38683     3  1685 11356    
11686 WAT  38684 38686     3  1686 11357    
11687 WAT  38687 38689     3  1687 11358    
11688 WAT  38690 38692     3  1688 11359    
11689 WAT  38693 38695     3  1689 11360    
11690 WAT  38696 38698     3  1690 11361    
11691 WAT  38699 38701     3  1691 11362    
11692 WAT  38702 38704     3  1692 11363    
11693 WAT  38705 38707     3  1693 11364    
11694 WAT  38708 38710     3  1694 11365    
11695 WAT  38711 38713     3  1695 11366    
11696 WAT  38714 38716     3  1696 11367    
11697 WAT  38717 38719     3  1697 11368    
11698 WAT  38720 38722     3  1698 11369    
11699 WAT  38723 38725     3  1699 11370    
11700 WAT  38726 38728     3  1700 11371    
11701 WAT  38729 38731     3  1701 11372    
11702 WAT  38732 38734     3  1702 11373    
11703 WAT  38735 38737     3  1703 11374    
11704 WAT  38738 38740     3  1704 11375    
11705 WAT  38741 38743     3  1705 11376    
11706 WAT  38744 38746     3  1706 11377    
11707 WAT  38747 38749     3  1707 11378    
11708 WAT  38750 38752     3  1708 11379    
11709 WAT  38753 38755     3  1709 11380    
11710 WAT  38756 38758     3  1710 11381    
11711 WAT  38759 38761     3  1711 11382    
11712 WAT  38762 38764     3  1712 11383    
11713 WAT  38765 38767     3  1713 11384    
11714 WAT  38768 38770     3  1714 11385    
11715 WAT  38771 38773     3  1715 11386    
11716 WAT  38774 38776     3  1716 11387    
11717 WAT  38777 38779     3  1717 11388    
11718 WAT  38780 38782     3  1718 11389    
11719 WAT  38783 38785     3  1719 11390    
11720 WAT  38786 38788     3  1720 11391    
11721 WAT  38789 38791     3  1721 11392    
11722 WAT  38792 38794     3  1722 11393    
11723 WAT  38795 38797     3  1723 11394    
11724 WAT  38798 38800     3  1724 11395    
11725 WAT  38801 38803     3  1725 11396    
11726 WAT  38804 38806     3  1726 11397    
11727 WAT  38807 38809     3  1727 11398    
11728 WAT  38810 38812     3  1728 11399    
11729 WAT  38813 38815     3  1729 11400    
11730 WAT  38816 38818     3  1730 11401    
11731 WAT  38819 38821     3  1731 11402    
11732 WAT  38822 38824     3  1732 11403    
11733 WAT  38825 38827     3  1733 11404    
11734 WAT  38828 38830     3  1734 11405    
11735 WAT  38831 38833     3  1735 11406    
11736 WAT  38834 38836     3  1736 11407    
11737 WAT  38837 38839     3  1737 11408    
11738 WAT  38840 38842     3  1738 11409    
11739 WAT  38843 38845     3  1739 11410    
11740 WAT  38846 38848     3  1740 11411    
11741 WAT  38849 38851     3  1741 11412    
11742 WAT  38852 38854     3  1742 11413    
11743 WAT  38855 38857     3  1743 11414    
11744 WAT  38858 38860     3  1744 11415    
11745 WAT  38861 38863     3  1745 11416    
11746 WAT  38864 38866     3  1746 11417    
11747 WAT  38867 38869     3  1747 11418    
11748 WAT  38870 38872     3  1748 11419    
11749 WAT  38873 38875     3  1749 11420    
11750 WAT  38876 38878     3  1750 11421    
11751 WAT  38879 38881     3  1751 11422    
11752 WAT  38882 38884     3  1752 11423    
11753 WAT  38885 38887     3  1753 11424    
11754 WAT  38888 38890     3  1754 11425    
11755 WAT  38891 38893     3  1755 11426    
11756 WAT  38894 38896     3  1756 11427    
11757 WAT  38897 38899     3  1757 11428    
11758 WAT  38900 38902     3  1758 11429    
11759 WAT  38903 38905     3  1759 11430    
11760 WAT  38906 38908     3  1760 11431    
11761 WAT  38909 38911     3  1761 11432    
11762 WAT  38912 38914     3  1762 11433    
11763 WAT  38915 38917     3  1763 11434    
11764 WAT  38918 38920     3  1764 11435    
11765 WAT  38921 38923     3  1765 11436    
11766 WAT  38924 38926     3  1766 11437    
11767 WAT  38927 38929     3  1767 11438    
11768 WAT  38930 38932     3  1768 11439    
11769 WAT  38933 38935     3  1769 11440    
11770 WAT  38936 38938     3  1770 11441    
11771 WAT  38939 38941     3  1771 11442    
11772 WAT  38942 38944     3  1772 11443    
11773 WAT  38945 38947     3  1773 11444    
11774 WAT  38948 38950     3  1774 11445    
11775 WAT  38951 38953     3  1775 11446    
11776 WAT  38954 38956     3  1776 11447    
11777 WAT  38957 38959     3  1777 11448    
11778 WAT  38960 38962     3  1778 11449    
11779 WAT  38963 38965     3  1779 11450    
11780 WAT  38966 38968     3  1780 11451    
11781 WAT  38969 38971     3  1781 11452    
11782 WAT  38972 38974     3  1782 11453    
11783 WAT  38975 38977     3  1783 11454    
11784 WAT  38978 38980     3  1784 11455    
11785 WAT  38981 38983     3  1785 11456    
11786 WAT  38984 38986     3  1786 11457    
11787 WAT  38987 38989     3  1787 11458    
11788 WAT  38990 38992     3  1788 11459    
11789 WAT  38993 38995     3  1789 11460    
11790 WAT  38996 38998     3  1790 11461    
11791 WAT  38999 39001     3  1791 11462    
11792 WAT  39002 39004     3  1792 11463    
11793 WAT  39005 39007     3  1793 11464    
11794 WAT  39008 39010     3  1794 11465    
11795 WAT  39011 39013     3  1795 11466    
11796 WAT  39014 39016     3  1796 11467    
11797 WAT  39017 39019     3  1797 11468    
11798 WAT  39020 39022     3  1798 11469    
11799 WAT  39023 39025     3  1799 11470    
11800 WAT  39026 39028     3  1800 11471    
11801 WAT  39029 39031     3  1801 11472    
11802 WAT  39032 39034     3  1802 11473    
11803 WAT  39035 39037     3  1803 11474    
11804 WAT  39038 39040     3  1804 11475    
11805 WAT  39041 39043     3  1805 11476    
11806 WAT  39044 39046     3  1806 11477    
11807 WAT  39047 39049     3  1807 11478    
11808 WAT  39050 39052     3  1808 11479    
11809 WAT  39053 39055     3  1809 11480    
11810 WAT  39056 39058     3  1810 11481    
11811 WAT  39059 39061     3  1811 11482    
11812 WAT  39062 39064     3  1812 11483    
11813 WAT  39065 39067     3  1813 11484    
11814 WAT  39068 39070     3  1814 11485    
11815 WAT  39071 39073     3  1815 11486    
11816 WAT  39074 39076     3  1816 11487    
11817 WAT  39077 39079     3  1817 11488    
11818 WAT  39080 39082     3  1818 11489    
11819 WAT  39083 39085     3  1819 11490    
11820 WAT  39086 39088     3  1820 11491    
11821 WAT  39089 39091     3  1821 11492    
11822 WAT  39092 39094     3  1822 11493    
11823 WAT  39095 39097     3  1823 11494    
11824 WAT  39098 39100     3  1824 11495    
11825 WAT  39101 39103     3  1825 11496    
11826 WAT  39104 39106     3  1826 11497    
11827 WAT  39107 39109     3  1827 11498    
11828 WAT  39110 39112     3  1828 11499    
11829 WAT  39113 39115     3  1829 11500    
11830 WAT  39116 39118     3  1830 11501    
11831 WAT  39119 39121     3  1831 11502    
11832 WAT  39122 39124     3  1832 11503    
11833 WAT  39125 39127     3  1833 11504    
11834 WAT  39128 39130     3  1834 11505    
11835 WAT  39131 39133     3  1835 11506    
11836 WAT  39134 39136     3  1836 11507    
11837 WAT  39137 39139     3  1837 11508    
11838 WAT  39140 39142     3  1838 11509    
11839 WAT  39143 39145     3  1839 11510    
11840 WAT  39146 39148     3  1840 11511    
11841 WAT  39149 39151     3  1841 11512    
11842 WAT  39152 39154     3  1842 11513    
11843 WAT  39155 39157     3  1843 11514    
11844 WAT  39158 39160     3  1844 11515    
11845 WAT  39161 39163     3  1845 11516    
11846 WAT  39164 39166     3  1846 11517    
11847 WAT  39167 39169     3  1847 11518    
11848 WAT  39170 39172     3  1848 11519    
11849 WAT  39173 39175     3  1849 11520    
11850 WAT  39176 39178     3  1850 11521    
11851 WAT  39179 39181     3  1851 11522    
11852 WAT  39182 39184     3  1852 11523    
11853 WAT  39185 39187     3  1853 11524    
11854 WAT  39188 39190     3  1854 11525    
11855 WAT  39191 39193     3  1855 11526    
11856 WAT  39194 39196     3  1856 11527    
11857 WAT  39197 39199     3  1857 11528    
11858 WAT  39200 39202     3  1858 11529    
11859 WAT  39203 39205     3  1859 11530    
11860 WAT  39206 39208     3  1860 11531    
11861 WAT  39209 39211     3  1861 11532    
11862 WAT  39212 39214     3  1862 11533    
11863 WAT  39215 39217     3  1863 11534    
11864 WAT  39218 39220     3  1864 11535    
11865 WAT  39221 39223     3  1865 11536    
11866 WAT  39224 39226     3  1866 11537    
11867 WAT  39227 39229     3  1867 11538    
11868 WAT  39230 39232     3  1868 11539    
11869 WAT  39233 39235     3  1869 11540    
11870 WAT  39236 39238     3  1870 11541    
11871 WAT  39239 39241     3  1871 11542    
11872 WAT  39242 39244     3  1872 11543    
11873 WAT  39245 39247     3  1873 11544    
11874 WAT  39248 39250     3  1874 11545    
11875 WAT  39251 39253     3  1875 11546    
11876 WAT  39254 39256     3  1876 11547    
11877 WAT  39257 39259     3  1877 11548    
11878 WAT  39260 39262     3  1878 11549    
11879 WAT  39263 39265     3  1879 11550    
11880 WAT  39266 39268     3  1880 11551    
11881 WAT  39269 39271     3  1881 11552    
11882 WAT  39272 39274     3  1882 11553    
11883 WAT  39275 39277     3  1883 11554    
11884 WAT  39278 39280     3  1884 11555    
11885 WAT  39281 39283     3  1885 11556    
11886 WAT  39284 39286     3  1886 11557    
11887 WAT  39287 39289     3  1887 11558    
11888 WAT  39290 39292     3  1888 11559    
11889 WAT  39293 39295     3  1889 11560    
11890 WAT  39296 39298     3  1890 11561    
11891 WAT  39299 39301     3  1891 11562    
11892 WAT  39302 39304     3  1892 11563    
11893 WAT  39305 39307     3  1893 11564    
11894 WAT  39308 39310     3  1894 11565    
11895 WAT  39311 39313     3  1895 11566    
11896 WAT  39314 39316     3  1896 11567    
11897 WAT  39317 39319     3  1897 11568    
11898 WAT  39320 39322     3  1898 11569    
11899 WAT  39323 39325     3  1899 11570    
11900 WAT  39326 39328     3  1900 11571    
11901 WAT  39329 39331     3  1901 11572    
11902 WAT  39332 39334     3  1902 11573    
11903 WAT  39335 39337     3  1903 11574    
11904 WAT  39338 39340     3  1904 11575    
11905 WAT  39341 39343     3  1905 11576    
11906 WAT  39344 39346     3  1906 11577    
11907 WAT  39347 39349     3  1907 11578    
11908 WAT  39350 39352     3  1908 11579    
11909 WAT  39353 39355     3  1909 11580    
11910 WAT  39356 39358     3  1910 11581    
11911 WAT  39359 39361     3  1911 11582    
11912 WAT  39362 39364     3  1912 11583    
11913 WAT  39365 39367     3  1913 11584    
11914 WAT  39368 39370     3  1914 11585    
11915 WAT  39371 39373     3  1915 11586    
11916 WAT  39374 39376     3  1916 11587    
11917 WAT  39377 39379     3  1917 11588    
11918 WAT  39380 39382     3  1918 11589    
11919 WAT  39383 39385     3  1919 11590    
11920 WAT  39386 39388     3  1920 11591    
11921 WAT  39389 39391     3  1921 11592    
11922 WAT  39392 39394     3  1922 11593    
11923 WAT  39395 39397     3  1923 11594    
11924 WAT  39398 39400     3  1924 11595    
11925 WAT  39401 39403     3  1925 11596    
11926 WAT  39404 39406     3  1926 11597    
11927 WAT  39407 39409     3  1927 11598    
11928 WAT  39410 39412     3  1928 11599    
11929 WAT  39413 39415     3  1929 11600    
11930 WAT  39416 39418     3  1930 11601    
11931 WAT  39419 39421     3  1931 11602    
11932 WAT  39422 39424     3  1932 11603    
11933 WAT  39425 39427     3  1933 11604    
11934 WAT  39428 39430     3  1934 11605    
11935 WAT  39431 39433     3  1935 11606    
11936 WAT  39434 39436     3  1936 11607    
11937 WAT  39437 39439     3  1937 11608    
11938 WAT  39440 39442     3  1938 11609    
11939 WAT  39443 39445     3  1939 11610    
11940 WAT  39446 39448     3  1940 11611    
11941 WAT  39449 39451     3  1941 11612    
11942 WAT  39452 39454     3  1942 11613    
11943 WAT  39455 39457     3  1943 11614    
11944 WAT  39458 39460     3  1944 11615    
11945 WAT  39461 39463     3  1945 11616    
11946 WAT  39464 39466     3  1946 11617    
11947 WAT  39467 39469     3  1947 11618    
11948 WAT  39470 39472     3  1948 11619    
11949 WAT  39473 39475     3  1949 11620    
11950 WAT  39476 39478     3  1950 11621    
11951 WAT  39479 39481     3  1951 11622    
11952 WAT  39482 39484     3  1952 11623    
11953 WAT  39485 39487     3  1953 11624    
11954 WAT  39488 39490     3  1954 11625    
11955 WAT  39491 39493     3  1955 11626    
11956 WAT  39494 39496     3  1956 11627    
11957 WAT  39497 39499     3  1957 11628    
11958 WAT  39500 39502     3  1958 11629    
11959 WAT  39503 39505     3  1959 11630    
11960 WAT  39506 39508     3  1960 11631    
11961 WAT  39509 39511     3  1961 11632    
11962 WAT  39512 39514     3  1962 11633    
11963 WAT  39515 39517     3  1963 11634    
11964 WAT  39518 39520     3  1964 11635    
11965 WAT  39521 39523     3  1965 11636    
11966 WAT  39524 39526     3  1966 11637    
11967 WAT  39527 39529     3  1967 11638    
11968 WAT  39530 39532     3  1968 11639    
11969 WAT  39533 39535     3  1969 11640    
11970 WAT  39536 39538     3  1970 11641    
11971 WAT  39539 39541     3  1971 11642    
11972 WAT  39542 39544     3  1972 11643    
11973 WAT  39545 39547     3  1973 11644    
11974 WAT  39548 39550     3  1974 11645    
11975 WAT  39551 39553     3  1975 11646    
11976 WAT  39554 39556     3  1976 11647    
11977 WAT  39557 39559     3  1977 11648    
11978 WAT  39560 39562     3  1978 11649    
11979 WAT  39563 39565     3  1979 11650    
11980 WAT  39566 39568     3  1980 11651    
11981 WAT  39569 39571     3  1981 11652    
11982 WAT  39572 39574     3  1982 11653    
11983 WAT  39575 39577     3  1983 11654    
11984 WAT  39578 39580     3  1984 11655    
11985 WAT  39581 39583     3  1985 11656    
11986 WAT  39584 39586     3  1986 11657    
11987 WAT  39587 39589     3  1987 11658    
11988 WAT  39590 39592     3  1988 11659    
11989 WAT  39593 39595     3  1989 11660    
11990 WAT  39596 39598     3  1990 11661    
11991 WAT  39599 39601     3  1991 11662    
11992 WAT  39602 39604     3  1992 11663    
11993 WAT  39605 39607     3  1993 11664    
11994 WAT  39608 39610     3  1994 11665    
11995 WAT  39611 39613     3  1995 11666    
11996 WAT  39614 39616     3  1996 11667    
11997 WAT  39617 39619     3  1997 11668    
11998 WAT  39620 39622     3  1998 11669    
11999 WAT  39623 39625     3  1999 11670    
12000 WAT  39626 39628     3  2000 11671    
12001 WAT  39629 39631     3  2001 11672    
12002 WAT  39632 39634     3  2002 11673    
12003 WAT  39635 39637     3  2003 11674    
12004 WAT  39638 39640     3  2004 11675    
12005 WAT  39641 39643     3  2005 11676    
12006 WAT  39644 39646     3  2006 11677    
12007 WAT  39647 39649     3  2007 11678    
12008 WAT  39650 39652     3  2008 11679    
12009 WAT  39653 39655     3  2009 11680    
12010 WAT  39656 39658     3  2010 11681    
12011 WAT  39659 39661     3  2011 11682    
12012 WAT  39662 39664     3  2012 11683    
12013 WAT  39665 39667     3  2013 11684    
12014 WAT  39668 39670     3  2014 11685    
12015 WAT  39671 39673     3  2015 11686    
12016 WAT  39674 39676     3  2016 11687    
12017 WAT  39677 39679     3  2017 11688    
12018 WAT  39680 39682     3  2018 11689    
12019 WAT  39683 39685     3  2019 11690    
12020 WAT  39686 39688     3  2020 11691    
12021 WAT  39689 39691     3  2021 11692    
12022 WAT  39692 39694     3  2022 11693    
12023 WAT  39695 39697     3  2023 11694    
12024 WAT  39698 39700     3  2024 11695    
12025 WAT  39701 39703     3  2025 11696    
12026 WAT  39704 39706     3  2026 11697    
12027 WAT  39707 39709     3  2027 11698    
12028 WAT  39710 39712     3  2028 11699    
12029 WAT  39713 39715     3  2029 11700    
12030 WAT  39716 39718     3  2030 11701    
12031 WAT  39719 39721     3  2031 11702    
12032 WAT  39722 39724     3  2032 11703    
12033 WAT  39725 39727     3  2033 11704    
12034 WAT  39728 39730     3  2034 11705    
12035 WAT  39731 39733     3  2035 11706    
12036 WAT  39734 39736     3  2036 11707    
12037 WAT  39737 39739     3  2037 11708    
12038 WAT  39740 39742     3  2038 11709    
12039 WAT  39743 39745     3  2039 11710    
12040 WAT  39746 39748     3  2040 11711    
12041 WAT  39749 39751     3  2041 11712    
12042 WAT  39752 39754     3  2042 11713    
12043 WAT  39755 39757     3  2043 11714    
12044 WAT  39758 39760     3  2044 11715    
12045 WAT  39761 39763     3  2045 11716    
12046 WAT  39764 39766     3  2046 11717    
12047 WAT  39767 39769     3  2047 11718    
12048 WAT  39770 39772     3  2048 11719    
12049 WAT  39773 39775     3  2049 11720    
12050 WAT  39776 39778     3  2050 11721    
12051 WAT  39779 39781     3  2051 11722    
12052 WAT  39782 39784     3  2052 11723    
12053 WAT  39785 39787     3  2053 11724    
12054 WAT  39788 39790     3  2054 11725    
12055 WAT  39791 39793     3  2055 11726    
12056 WAT  39794 39796     3  2056 11727    
12057 WAT  39797 39799     3  2057 11728    
12058 WAT  39800 39802     3  2058 11729    
12059 WAT  39803 39805     3  2059 11730    
12060 WAT  39806 39808     3  2060 11731    
12061 WAT  39809 39811     3  2061 11732    
12062 WAT  39812 39814     3  2062 11733    
12063 WAT  39815 39817     3  2063 11734    
12064 WAT  39818 39820     3  2064 11735    
12065 WAT  39821 39823     3  2065 11736    
12066 WAT  39824 39826     3  2066 11737    
12067 WAT  39827 39829     3  2067 11738    
12068 WAT  39830 39832     3  2068 11739    
12069 WAT  39833 39835     3  2069 11740    
12070 WAT  39836 39838     3  2070 11741    
12071 WAT  39839 39841     3  2071 11742    
12072 WAT  39842 39844     3  2072 11743    
12073 WAT  39845 39847     3  2073 11744    
12074 WAT  39848 39850     3  2074 11745    
12075 WAT  39851 39853     3  2075 11746    
12076 WAT  39854 39856     3  2076 11747    
12077 WAT  39857 39859     3  2077 11748    
12078 WAT  39860 39862     3  2078 11749    
12079 WAT  39863 39865     3  2079 11750    
12080 WAT  39866 39868     3  2080 11751    
12081 WAT  39869 39871     3  2081 11752    
12082 WAT  39872 39874     3  2082 11753    
12083 WAT  39875 39877     3  2083 11754    
12084 WAT  39878 39880     3  2084 11755    
12085 WAT  39881 39883     3  2085 11756    
12086 WAT  39884 39886     3  2086 11757    
12087 WAT  39887 39889     3  2087 11758    
12088 WAT  39890 39892     3  2088 11759    
12089 WAT  39893 39895     3  2089 11760    
12090 WAT  39896 39898     3  2090 11761    
12091 WAT  39899 39901     3  2091 11762    
12092 WAT  39902 39904     3  2092 11763    
12093 WAT  39905 39907     3  2093 11764    
12094 WAT  39908 39910     3  2094 11765    
12095 WAT  39911 39913     3  2095 11766    
12096 WAT  39914 39916     3  2096 11767    
12097 WAT  39917 39919     3  2097 11768    
12098 WAT  39920 39922     3  2098 11769    
12099 WAT  39923 39925     3  2099 11770    
12100 WAT  39926 39928     3  2100 11771    
12101 WAT  39929 39931     3  2101 11772    
12102 WAT  39932 39934     3  2102 11773    
12103 WAT  39935 39937     3  2103 11774    
12104 WAT  39938 39940     3  2104 11775    
12105 WAT  39941 39943     3  2105 11776    
12106 WAT  39944 39946     3  2106 11777    
12107 WAT  39947 39949     3  2107 11778    
12108 WAT  39950 39952     3  2108 11779    
12109 WAT  39953 39955     3  2109 11780    
12110 WAT  39956 39958     3  2110 11781    
12111 WAT  39959 39961     3  2111 11782    
12112 WAT  39962 39964     3  2112 11783    
12113 WAT  39965 39967     3  2113 11784    
12114 WAT  39968 39970     3  2114 11785    
12115 WAT  39971 39973     3  2115 11786    
12116 WAT  39974 39976     3  2116 11787    
12117 WAT  39977 39979     3  2117 11788    
12118 WAT  39980 39982     3  2118 11789    
12119 WAT  39983 39985     3  2119 11790    
12120 WAT  39986 39988     3  2120 11791    
12121 WAT  39989 39991     3  2121 11792    
12122 WAT  39992 39994     3  2122 11793    
12123 WAT  39995 39997     3  2123 11794    
12124 WAT  39998 40000     3  2124 11795    
12125 WAT  40001 40003     3  2125 11796    
12126 WAT  40004 40006     3  2126 11797    
12127 WAT  40007 40009     3  2127 11798    
12128 WAT  40010 40012     3  2128 11799    
12129 WAT  40013 40015     3  2129 11800    
12130 WAT  40016 40018     3  2130 11801    
12131 WAT  40019 40021     3  2131 11802    
12132 WAT  40022 40024     3  2132 11803    
12133 WAT  40025 40027     3  2133 11804    
12134 WAT  40028 40030     3  2134 11805    
12135 WAT  40031 40033     3  2135 11806    
12136 WAT  40034 40036     3  2136 11807    
12137 WAT  40037 40039     3  2137 11808    
12138 WAT  40040 40042     3  2138 11809    
12139 WAT  40043 40045     3  2139 11810    
12140 WAT  40046 40048     3  2140 11811    
12141 WAT  40049 40051     3  2141 11812    
12142 WAT  40052 40054     3  2142 11813    
12143 WAT  40055 40057     3  2143 11814    
12144 WAT  40058 40060     3  2144 11815    
12145 WAT  40061 40063     3  2145 11816    
12146 WAT  40064 40066     3  2146 11817    
12147 WAT  40067 40069     3  2147 11818    
12148 WAT  40070 40072     3  2148 11819    
12149 WAT  40073 40075     3  2149 11820    
12150 WAT  40076 40078     3  2150 11821    
12151 WAT  40079 40081     3  2151 11822    
12152 WAT  40082 40084     3  2152 11823    
12153 WAT  40085 40087     3  2153 11824    
12154 WAT  40088 40090     3  2154 11825    
12155 WAT  40091 40093     3  2155 11826    
12156 WAT  40094 40096     3  2156 11827    
12157 WAT  40097 40099     3  2157 11828    
12158 WAT  40100 40102     3  2158 11829    
12159 WAT  40103 40105     3  2159 11830    
12160 WAT  40106 40108     3  2160 11831    
12161 WAT  40109 40111     3  2161 11832    
12162 WAT  40112 40114     3  2162 11833    
12163 WAT  40115 40117     3  2163 11834    
12164 WAT  40118 40120     3  2164 11835    
12165 WAT  40121 40123     3  2165 11836    
12166 WAT  40124 40126     3  2166 11837    
12167 WAT  40127 40129     3  2167 11838    
12168 WAT  40130 40132     3  2168 11839    
12169 WAT  40133 40135     3  2169 11840    
12170 WAT  40136 40138     3  2170 11841    
12171 WAT  40139 40141     3  2171 11842    
12172 WAT  40142 40144     3  2172 11843    
12173 WAT  40145 40147     3  2173 11844    
12174 WAT  40148 40150     3  2174 11845    
12175 WAT  40151 40153     3  2175 11846    
12176 WAT  40154 40156     3  2176 11847    
12177 WAT  40157 40159     3  2177 11848    
12178 WAT  40160 40162     3  2178 11849    
12179 WAT  40163 40165     3  2179 11850    
12180 WAT  40166 40168     3  2180 11851    
12181 WAT  40169 40171     3  2181 11852    
12182 WAT  40172 40174     3  2182 11853    
12183 WAT  40175 40177     3  2183 11854    
12184 WAT  40178 40180     3  2184 11855    
12185 WAT  40181 40183     3  2185 11856    
12186 WAT  40184 40186     3  2186 11857    
12187 WAT  40187 40189     3  2187 11858    
12188 WAT  40190 40192     3  2188 11859    
12189 WAT  40193 40195     3  2189 11860    
12190 WAT  40196 40198     3  2190 11861    
12191 WAT  40199 40201     3  2191 11862    
12192 WAT  40202 40204     3  2192 11863    
12193 WAT  40205 40207     3  2193 11864    
12194 WAT  40208 40210     3  2194 11865    
12195 WAT  40211 40213     3  2195 11866    
12196 WAT  40214 40216     3  2196 11867    
12197 WAT  40217 40219     3  2197 11868    
12198 WAT  40220 40222     3  2198 11869    
12199 WAT  40223 40225     3  2199 11870    
12200 WAT  40226 40228     3  2200 11871    
12201 WAT  40229 40231     3  2201 11872    
12202 WAT  40232 40234     3  2202 11873    
12203 WAT  40235 40237     3  2203 11874    
12204 WAT  40238 40240     3  2204 11875    
12205 WAT  40241 40243     3  2205 11876    
12206 WAT  40244 40246     3  2206 11877    
12207 WAT  40247 40249     3  2207 11878    
12208 WAT  40250 40252     3  2208 11879    
12209 WAT  40253 40255     3  2209 11880    
12210 WAT  40256 40258     3  2210 11881    
12211 WAT  40259 40261     3  2211 11882    
12212 WAT  40262 40264     3  2212 11883    
12213 WAT  40265 40267     3  2213 11884    
12214 WAT  40268 40270     3  2214 11885    
12215 WAT  40271 40273     3  2215 11886    
12216 WAT  40274 40276     3  2216 11887    
12217 WAT  40277 40279     3  2217 11888    
12218 WAT  40280 40282     3  2218 11889    
12219 WAT  40283 40285     3  2219 11890    
12220 WAT  40286 40288     3  2220 11891    
12221 WAT  40289 40291     3  2221 11892    
12222 WAT  40292 40294     3  2222 11893    
12223 WAT  40295 40297     3  2223 11894    
12224 WAT  40298 40300     3  2224 11895    
12225 WAT  40301 40303     3  2225 11896    
12226 WAT  40304 40306     3  2226 11897    
12227 WAT  40307 40309     3  2227 11898    
12228 WAT  40310 40312     3  2228 11899    
12229 WAT  40313 40315     3  2229 11900    
12230 WAT  40316 40318     3  2230 11901    
12231 WAT  40319 40321     3  2231 11902    
12232 WAT  40322 40324     3  2232 11903    
12233 WAT  40325 40327     3  2233 11904    
12234 WAT  40328 40330     3  2234 11905    
12235 WAT  40331 40333     3  2235 11906    
12236 WAT  40334 40336     3  2236 11907    
12237 WAT  40337 40339     3  2237 11908    
12238 WAT  40340 40342     3  2238 11909    
12239 WAT  40343 40345     3  2239 11910    
12240 WAT  40346 40348     3  2240 11911    
12241 WAT  40349 40351     3  2241 11912    
12242 WAT  40352 40354     3  2242 11913    
12243 WAT  40355 40357     3  2243 11914    
12244 WAT  40358 40360     3  2244 11915    
12245 WAT  40361 40363     3  2245 11916    
12246 WAT  40364 40366     3  2246 11917    
12247 WAT  40367 40369     3  2247 11918    
12248 WAT  40370 40372     3  2248 11919    
12249 WAT  40373 40375     3  2249 11920    
12250 WAT  40376 40378     3  2250 11921    
12251 WAT  40379 40381     3  2251 11922    
12252 WAT  40382 40384     3  2252 11923    
12253 WAT  40385 40387     3  2253 11924    
12254 WAT  40388 40390     3  2254 11925    
12255 WAT  40391 40393     3  2255 11926    
12256 WAT  40394 40396     3  2256 11927    
12257 WAT  40397 40399     3  2257 11928    
12258 WAT  40400 40402     3  2258 11929    
12259 WAT  40403 40405     3  2259 11930    
12260 WAT  40406 40408     3  2260 11931    
12261 WAT  40409 40411     3  2261 11932    
12262 WAT  40412 40414     3  2262 11933    
12263 WAT  40415 40417     3  2263 11934    
12264 WAT  40418 40420     3  2264 11935    
12265 WAT  40421 40423     3  2265 11936    
12266 WAT  40424 40426     3  2266 11937    
12267 WAT  40427 40429     3  2267 11938    
12268 WAT  40430 40432     3  2268 11939    
12269 WAT  40433 40435     3  2269 11940    
12270 WAT  40436 40438     3  2270 11941    
12271 WAT  40439 40441     3  2271 11942    
12272 WAT  40442 40444     3  2272 11943    
12273 WAT  40445 40447     3  2273 11944    
12274 WAT  40448 40450     3  2274 11945    
12275 WAT  40451 40453     3  2275 11946    
12276 WAT  40454 40456     3  2276 11947    
12277 WAT  40457 40459     3  2277 11948    
12278 WAT  40460 40462     3  2278 11949    
12279 WAT  40463 40465     3  2279 11950    
12280 WAT  40466 40468     3  2280 11951    
12281 WAT  40469 40471     3  2281 11952    
12282 WAT  40472 40474     3  2282 11953    
12283 WAT  40475 40477     3  2283 11954    
12284 WAT  40478 40480     3  2284 11955    
12285 WAT  40481 40483     3  2285 11956    
12286 WAT  40484 40486     3  2286 11957    
12287 WAT  40487 40489     3  2287 11958    
12288 WAT  40490 40492     3  2288 11959    
12289 WAT  40493 40495     3  2289 11960    
12290 WAT  40496 40498     3  2290 11961    
12291 WAT  40499 40501     3  2291 11962    
12292 WAT  40502 40504     3  2292 11963    
12293 WAT  40505 40507     3  2293 11964    
12294 WAT  40508 40510     3  2294 11965    
12295 WAT  40511 40513     3  2295 11966    
12296 WAT  40514 40516     3  2296 11967    
12297 WAT  40517 40519     3  2297 11968    
12298 WAT  40520 40522     3  2298 11969    
12299 WAT  40523 40525     3  2299 11970    
12300 WAT  40526 40528     3  2300 11971    
12301 WAT  40529 40531     3  2301 11972    
12302 WAT  40532 40534     3  2302 11973    
12303 WAT  40535 40537     3  2303 11974    
12304 WAT  40538 40540     3  2304 11975    
12305 WAT  40541 40543     3  2305 11976    
12306 WAT  40544 40546     3  2306 11977    
12307 WAT  40547 40549     3  2307 11978    
12308 WAT  40550 40552     3  2308 11979    
12309 WAT  40553 40555     3  2309 11980    
12310 WAT  40556 40558     3  2310 11981    
12311 WAT  40559 40561     3  2311 11982    
12312 WAT  40562 40564     3  2312 11983    
12313 WAT  40565 40567     3  2313 11984    
12314 WAT  40568 40570     3  2314 11985    
12315 WAT  40571 40573     3  2315 11986    
12316 WAT  40574 40576     3  2316 11987    
12317 WAT  40577 40579     3  2317 11988    
12318 WAT  40580 40582     3  2318 11989    
12319 WAT  40583 40585     3  2319 11990    
12320 WAT  40586 40588     3  2320 11991    
12321 WAT  40589 40591     3  2321 11992    
12322 WAT  40592 40594     3  2322 11993    
12323 WAT  40595 40597     3  2323 11994    
12324 WAT  40598 40600     3  2324 11995    
12325 WAT  40601 40603     3  2325 11996    
12326 WAT  40604 40606     3  2326 11997    
12327 WAT  40607 40609     3  2327 11998    
12328 WAT  40610 40612     3  2328 11999    
12329 WAT  40613 40615     3  2329 12000    
12330 WAT  40616 40618     3  2330 12001    
12331 WAT  40619 40621     3  2331 12002    
12332 WAT  40622 40624     3  2332 12003    
12333 WAT  40625 40627     3  2333 12004    
12334 WAT  40628 40630     3  2334 12005    
12335 WAT  40631 40633     3  2335 12006    
12336 WAT  40634 40636     3  2336 12007    
12337 WAT  40637 40639     3  2337 12008    
12338 WAT  40640 40642     3  2338 12009    
12339 WAT  40643 40645     3  2339 12010    
12340 WAT  40646 40648     3  2340 12011    
12341 WAT  40649 40651     3  2341 12012    
12342 WAT  40652 40654     3  2342 12013    
12343 WAT  40655 40657     3  2343 12014    
12344 WAT  40658 40660     3  2344 12015    
12345 WAT  40661 40663     3  2345 12016    
12346 WAT  40664 40666     3  2346 12017    
12347 WAT  40667 40669     3  2347 12018    
12348 WAT  40670 40672     3  2348 12019    
12349 WAT  40673 40675     3  2349 12020    
12350 WAT  40676 40678     3  2350 12021    
12351 WAT  40679 40681     3  2351 12022    
12352 WAT  40682 40684     3  2352 12023    
12353 WAT  40685 40687     3  2353 12024    
12354 WAT  40688 40690     3  2354 12025    
12355 WAT  40691 40693     3  2355 12026    
12356 WAT  40694 40696     3  2356 12027    
12357 WAT  40697 40699     3  2357 12028    
12358 WAT  40700 40702     3  2358 12029    
12359 WAT  40703 40705     3  2359 12030    
12360 WAT  40706 40708     3  2360 12031    
12361 WAT  40709 40711     3  2361 12032    
12362 WAT  40712 40714     3  2362 12033    
12363 WAT  40715 40717     3  2363 12034    
12364 WAT  40718 40720     3  2364 12035    
12365 WAT  40721 40723     3  2365 12036    
12366 WAT  40724 40726     3  2366 12037    
12367 WAT  40727 40729     3  2367 12038    
12368 WAT  40730 40732     3  2368 12039    
12369 WAT  40733 40735     3  2369 12040    
12370 WAT  40736 40738     3  2370 12041    
12371 WAT  40739 40741     3  2371 12042    
12372 WAT  40742 40744     3  2372 12043    
12373 WAT  40745 40747     3  2373 12044    
12374 WAT  40748 40750     3  2374 12045    
12375 WAT  40751 40753     3  2375 12046    
12376 WAT  40754 40756     3  2376 12047    
12377 WAT  40757 40759     3  2377 12048    
12378 WAT  40760 40762     3  2378 12049    
12379 WAT  40763 40765     3  2379 12050    
12380 WAT  40766 40768     3  2380 12051    
12381 WAT  40769 40771     3  2381 12052    
12382 WAT  40772 40774     3  2382 12053    
12383 WAT  40775 40777     3  2383 12054    
12384 WAT  40778 40780     3  2384 12055    
12385 WAT  40781 40783     3  2385 12056    
12386 WAT  40784 40786     3  2386 12057    
12387 WAT  40787 40789     3  2387 12058    
12388 WAT  40790 40792     3  2388 12059    
12389 WAT  40793 40795     3  2389 12060    
12390 WAT  40796 40798     3  2390 12061    
12391 WAT  40799 40801     3  2391 12062    
12392 WAT  40802 40804     3  2392 12063    
12393 WAT  40805 40807     3  2393 12064    
12394 WAT  40808 40810     3  2394 12065    
12395 WAT  40811 40813     3  2395 12066    
12396 WAT  40814 40816     3  2396 12067    
12397 WAT  40817 40819     3  2397 12068    
12398 WAT  40820 40822     3  2398 12069    
12399 WAT  40823 40825     3  2399 12070    
12400 WAT  40826 40828     3  2400 12071    
12401 WAT  40829 40831     3  2401 12072    
12402 WAT  40832 40834     3  2402 12073    
12403 WAT  40835 40837     3  2403 12074    
12404 WAT  40838 40840     3  2404 12075    
12405 WAT  40841 40843     3  2405 12076    
12406 WAT  40844 40846     3  2406 12077    
12407 WAT  40847 40849     3  2407 12078    
12408 WAT  40850 40852     3  2408 12079    
12409 WAT  40853 40855     3  2409 12080    
12410 WAT  40856 40858     3  2410 12081    
12411 WAT  40859 40861     3  2411 12082    
12412 WAT  40862 40864     3  2412 12083    
12413 WAT  40865 40867     3  2413 12084    
12414 WAT  40868 40870     3  2414 12085    
12415 WAT  40871 40873     3  2415 12086    
12416 WAT  40874 40876     3  2416 12087    
12417 WAT  40877 40879     3  2417 12088    
12418 WAT  40880 40882     3  2418 12089    
12419 WAT  40883 40885     3  2419 12090    
12420 WAT  40886 40888     3  2420 12091    
12421 WAT  40889 40891     3  2421 12092    
12422 WAT  40892 40894     3  2422 12093    
12423 WAT  40895 40897     3  2423 12094    
12424 WAT  40898 40900     3  2424 12095    
12425 WAT  40901 40903     3  2425 12096    
12426 WAT  40904 40906     3  2426 12097    
12427 WAT  40907 40909     3  2427 12098    
12428 WAT  40910 40912     3  2428 12099    
12429 WAT  40913 40915     3  2429 12100    
12430 WAT  40916 40918     3  2430 12101    
12431 WAT  40919 40921     3  2431 12102    
12432 WAT  40922 40924     3  2432 12103    
12433 WAT  40925 40927     3  2433 12104    
12434 WAT  40928 40930     3  2434 12105    
12435 WAT  40931 40933     3  2435 12106    
12436 WAT  40934 40936     3  2436 12107    
12437 WAT  40937 40939     3  2437 12108    
12438 WAT  40940 40942     3  2438 12109    
12439 WAT  40943 40945     3  2439 12110    
12440 WAT  40946 40948     3  2440 12111    
12441 WAT  40949 40951     3  2441 12112    
12442 WAT  40952 40954     3  2442 12113    
12443 WAT  40955 40957     3  2443 12114    
12444 WAT  40958 40960     3  2444 12115    
12445 WAT  40961 40963     3  2445 12116    
12446 WAT  40964 40966     3  2446 12117    
12447 WAT  40967 40969     3  2447 12118    
12448 WAT  40970 40972     3  2448 12119    
12449 WAT  40973 40975     3  2449 12120    
12450 WAT  40976 40978     3  2450 12121    
12451 WAT  40979 40981     3  2451 12122    
12452 WAT  40982 40984     3  2452 12123    
12453 WAT  40985 40987     3  2453 12124    
12454 WAT  40988 40990     3  2454 12125    
12455 WAT  40991 40993     3  2455 12126    
12456 WAT  40994 40996     3  2456 12127    
12457 WAT  40997 40999     3  2457 12128    
12458 WAT  41000 41002     3  2458 12129    
12459 WAT  41003 41005     3  2459 12130    
12460 WAT  41006 41008     3  2460 12131    
12461 WAT  41009 41011     3  2461 12132    
12462 WAT  41012 41014     3  2462 12133    
12463 WAT  41015 41017     3  2463 12134    
12464 WAT  41018 41020     3  2464 12135    
12465 WAT  41021 41023     3  2465 12136    
12466 WAT  41024 41026     3  2466 12137    
12467 WAT  41027 41029     3  2467 12138    
12468 WAT  41030 41032     3  2468 12139    
12469 WAT  41033 41035     3  2469 12140    
12470 WAT  41036 41038     3  2470 12141    
12471 WAT  41039 41041     3  2471 12142    
12472 WAT  41042 41044     3  2472 12143    
12473 WAT  41045 41047     3  2473 12144    
12474 WAT  41048 41050     3  2474 12145    
12475 WAT  41051 41053     3  2475 12146    
12476 WAT  41054 41056     3  2476 12147    
12477 WAT  41057 41059     3  2477 12148    
12478 WAT  41060 41062     3  2478 12149    
12479 WAT  41063 41065     3  2479 12150    
12480 WAT  41066 41068     3  2480 12151    
12481 WAT  41069 41071     3  2481 12152    
12482 WAT  41072 41074     3  2482 12153    
12483 WAT  41075 41077     3  2483 12154    
12484 WAT  41078 41080     3  2484 12155    
12485 WAT  41081 41083     3  2485 12156    
12486 WAT  41084 41086     3  2486 12157    
12487 WAT  41087 41089     3  2487 12158    
12488 WAT  41090 41092     3  2488 12159    
12489 WAT  41093 41095     3  2489 12160    
12490 WAT  41096 41098     3  2490 12161    
12491 WAT  41099 41101     3  2491 12162    
12492 WAT  41102 41104     3  2492 12163    
12493 WAT  41105 41107     3  2493 12164    
12494 WAT  41108 41110     3  2494 12165    
12495 WAT  41111 41113     3  2495 12166    
12496 WAT  41114 41116     3  2496 12167    
12497 WAT  41117 41119     3  2497 12168    
12498 WAT  41120 41122     3  2498 12169    
12499 WAT  41123 41125     3  2499 12170    
12500 WAT  41126 41128     3  2500 12171    
12501 WAT  41129 41131     3  2501 12172    
12502 WAT  41132 41134     3  2502 12173    
12503 WAT  41135 41137     3  2503 12174    
12504 WAT  41138 41140     3  2504 12175    
12505 WAT  41141 41143     3  2505 12176    
12506 WAT  41144 41146     3  2506 12177    
12507 WAT  41147 41149     3  2507 12178    
12508 WAT  41150 41152     3  2508 12179    
12509 WAT  41153 41155     3  2509 12180    
12510 WAT  41156 41158     3  2510 12181    
12511 WAT  41159 41161     3  2511 12182    
12512 WAT  41162 41164     3  2512 12183    
12513 WAT  41165 41167     3  2513 12184    
12514 WAT  41168 41170     3  2514 12185    
12515 WAT  41171 41173     3  2515 12186    
12516 WAT  41174 41176     3  2516 12187    
12517 WAT  41177 41179     3  2517 12188    
12518 WAT  41180 41182     3  2518 12189    
12519 WAT  41183 41185     3  2519 12190    
12520 WAT  41186 41188     3  2520 12191    
12521 WAT  41189 41191     3  2521 12192    
12522 WAT  41192 41194     3  2522 12193    
12523 WAT  41195 41197     3  2523 12194    
12524 WAT  41198 41200     3  2524 12195    
12525 WAT  41201 41203     3  2525 12196    
12526 WAT  41204 41206     3  2526 12197    
12527 WAT  41207 41209     3  2527 12198    
12528 WAT  41210 41212     3  2528 12199    
12529 WAT  41213 41215     3  2529 12200    
12530 WAT  41216 41218     3  2530 12201    
12531 WAT  41219 41221     3  2531 12202    
12532 WAT  41222 41224     3  2532 12203    
12533 WAT  41225 41227     3  2533 12204    
12534 WAT  41228 41230     3  2534 12205    
12535 WAT  41231 41233     3  2535 12206    
12536 WAT  41234 41236     3  2536 12207    
12537 WAT  41237 41239     3  2537 12208    
12538 WAT  41240 41242     3  2538 12209    
12539 WAT  41243 41245     3  2539 12210    
12540 WAT  41246 41248     3  2540 12211    
12541 WAT  41249 41251     3  2541 12212    
12542 WAT  41252 41254     3  2542 12213    
12543 WAT  41255 41257     3  2543 12214    
12544 WAT  41258 41260     3  2544 12215    
12545 WAT  41261 41263     3  2545 12216    
12546 WAT  41264 41266     3  2546 12217    
12547 WAT  41267 41269     3  2547 12218    
12548 WAT  41270 41272     3  2548 12219    
12549 WAT  41273 41275     3  2549 12220    
12550 WAT  41276 41278     3  2550 12221    
12551 WAT  41279 41281     3  2551 12222    
12552 WAT  41282 41284     3  2552 12223    
12553 WAT  41285 41287     3  2553 12224    
12554 WAT  41288 41290     3  2554 12225    
12555 WAT  41291 41293     3  2555 12226    
12556 WAT  41294 41296     3  2556 12227    
12557 WAT  41297 41299     3  2557 12228    
12558 WAT  41300 41302     3  2558 12229    
12559 WAT  41303 41305     3  2559 12230    
12560 WAT  41306 41308     3  2560 12231    
12561 WAT  41309 41311     3  2561 12232    
12562 WAT  41312 41314     3  2562 12233    
12563 WAT  41315 41317     3  2563 12234    
12564 WAT  41318 41320     3  2564 12235    
12565 WAT  41321 41323     3  2565 12236    
12566 WAT  41324 41326     3  2566 12237    
12567 WAT  41327 41329     3  2567 12238    
12568 WAT  41330 41332     3  2568 12239    
12569 WAT  41333 41335     3  2569 12240    
12570 WAT  41336 41338     3  2570 12241    
12571 WAT  41339 41341     3  2571 12242    
12572 WAT  41342 41344     3  2572 12243    
12573 WAT  41345 41347     3  2573 12244    
12574 WAT  41348 41350     3  2574 12245    
12575 WAT  41351 41353     3  2575 12246    
12576 WAT  41354 41356     3  2576 12247    
12577 WAT  41357 41359     3  2577 12248    
12578 WAT  41360 41362     3  2578 12249    
12579 WAT  41363 41365     3  2579 12250    
12580 WAT  41366 41368     3  2580 12251    
12581 WAT  41369 41371     3  2581 12252    
12582 WAT  41372 41374     3  2582 12253    
12583 WAT  41375 41377     3  2583 12254    
12584 WAT  41378 41380     3  2584 12255    
12585 WAT  41381 41383     3  2585 12256    
12586 WAT  41384 41386     3  2586 12257    
12587 WAT  41387 41389     3  2587 12258    
12588 WAT  41390 41392     3  2588 12259    
12589 WAT  41393 41395     3  2589 12260    
12590 WAT  41396 41398     3  2590 12261    
12591 WAT  41399 41401     3  2591 12262    
12592 WAT  41402 41404     3  2592 12263    
12593 WAT  41405 41407     3  2593 12264    
12594 WAT  41408 41410     3  2594 12265    
12595 WAT  41411 41413     3  2595 12266    
12596 WAT  41414 41416     3  2596 12267    
12597 WAT  41417 41419     3  2597 12268    
12598 WAT  41420 41422     3  2598 12269    
12599 WAT  41423 41425     3  2599 12270    
12600 WAT  41426 41428     3  2600 12271    
12601 WAT  41429 41431     3  2601 12272    
12602 WAT  41432 41434     3  2602 12273    
12603 WAT  41435 41437     3  2603 12274    
12604 WAT  41438 41440     3  2604 12275    
12605 WAT  41441 41443     3  2605 12276    
12606 WAT  41444 41446     3  2606 12277    
12607 WAT  41447 41449     3  2607 12278    
12608 WAT  41450 41452     3  2608 12279    
12609 WAT  41453 41455     3  2609 12280    
12610 WAT  41456 41458     3  2610 12281    
12611 WAT  41459 41461     3  2611 12282    
12612 WAT  41462 41464     3  2612 12283    
12613 WAT  41465 41467     3  2613 12284    
12614 WAT  41468 41470     3  2614 12285    
12615 WAT  41471 41473     3  2615 12286    
12616 WAT  41474 41476     3  2616 12287    
12617 WAT  41477 41479     3  2617 12288    
12618 WAT  41480 41482     3  2618 12289    
12619 WAT  41483 41485     3  2619 12290    
12620 WAT  41486 41488     3  2620 12291    
12621 WAT  41489 41491     3  2621 12292    
12622 WAT  41492 41494     3  2622 12293    
12623 WAT  41495 41497     3  2623 12294    
12624 WAT  41498 41500     3  2624 12295    
12625 WAT  41501 41503     3  2625 12296    
12626 WAT  41504 41506     3  2626 12297    
12627 WAT  41507 41509     3  2627 12298    
12628 WAT  41510 41512     3  2628 12299    
12629 WAT  41513 41515     3  2629 12300    
12630 WAT  41516 41518     3  2630 12301    
12631 WAT  41519 41521     3  2631 12302    
12632 WAT  41522 41524     3  2632 12303    
12633 WAT  41525 41527     3  2633 12304    
12634 WAT  41528 41530     3  2634 12305    
12635 WAT  41531 41533     3  2635 12306    
12636 WAT  41534 41536     3  2636 12307    
12637 WAT  41537 41539     3  2637 12308    
12638 WAT  41540 41542     3  2638 12309    
12639 WAT  41543 41545     3  2639 12310    
12640 WAT  41546 41548     3  2640 12311    
12641 WAT  41549 41551     3  2641 12312    
12642 WAT  41552 41554     3  2642 12313    
12643 WAT  41555 41557     3  2643 12314    
12644 WAT  41558 41560     3  2644 12315    
12645 WAT  41561 41563     3  2645 12316    
12646 WAT  41564 41566     3  2646 12317    
12647 WAT  41567 41569     3  2647 12318    
12648 WAT  41570 41572     3  2648 12319    
12649 WAT  41573 41575     3  2649 12320    
12650 WAT  41576 41578     3  2650 12321    
12651 WAT  41579 41581     3  2651 12322    
12652 WAT  41582 41584     3  2652 12323    
12653 WAT  41585 41587     3  2653 12324    
12654 WAT  41588 41590     3  2654 12325    
12655 WAT  41591 41593     3  2655 12326    
12656 WAT  41594 41596     3  2656 12327    
12657 WAT  41597 41599     3  2657 12328    
12658 WAT  41600 41602     3  2658 12329    
12659 WAT  41603 41605     3  2659 12330    
12660 WAT  41606 41608     3  2660 12331    
12661 WAT  41609 41611     3  2661 12332    
12662 WAT  41612 41614     3  2662 12333    
12663 WAT  41615 41617     3  2663 12334    
12664 WAT  41618 41620     3  2664 12335    
12665 WAT  41621 41623     3  2665 12336    
12666 WAT  41624 41626     3  2666 12337    
12667 WAT  41627 41629     3  2667 12338    
12668 WAT  41630 41632     3  2668 12339    
12669 WAT  41633 41635     3  2669 12340    
12670 WAT  41636 41638     3  2670 12341    
12671 WAT  41639 41641     3  2671 12342    
12672 WAT  41642 41644     3  2672 12343    
12673 WAT  41645 41647     3  2673 12344    
12674 WAT  41648 41650     3  2674 12345    
12675 WAT  41651 41653     3  2675 12346    
12676 WAT  41654 41656     3  2676 12347    
12677 WAT  41657 41659     3  2677 12348    
12678 WAT  41660 41662     3  2678 12349    
12679 WAT  41663 41665     3  2679 12350    
12680 WAT  41666 41668     3  2680 12351    
12681 WAT  41669 41671     3  2681 12352    
12682 WAT  41672 41674     3  2682 12353    
12683 WAT  41675 41677     3  2683 12354    
12684 WAT  41678 41680     3  2684 12355    
12685 WAT  41681 41683     3  2685 12356    
12686 WAT  41684 41686     3  2686 12357    
12687 WAT  41687 41689     3  2687 12358    
12688 WAT  41690 41692     3  2688 12359    
12689 WAT  41693 41695     3  2689 12360    
12690 WAT  41696 41698     3  2690 12361    
12691 WAT  41699 41701     3  2691 12362    
12692 WAT  41702 41704     3  2692 12363    
12693 WAT  41705 41707     3  2693 12364    
12694 WAT  41708 41710     3  2694 12365    
12695 WAT  41711 41713     3  2695 12366    
12696 WAT  41714 41716     3  2696 12367    
12697 WAT  41717 41719     3  2697 12368    
12698 WAT  41720 41722     3  2698 12369    
12699 WAT  41723 41725     3  2699 12370    
12700 WAT  41726 41728     3  2700 12371    
12701 WAT  41729 41731     3  2701 12372    
12702 WAT  41732 41734     3  2702 12373    
12703 WAT  41735 41737     3  2703 12374    
12704 WAT  41738 41740     3  2704 12375    
12705 WAT  41741 41743     3  2705 12376    
12706 WAT  41744 41746     3  2706 12377    
12707 WAT  41747 41749     3  2707 12378    
12708 WAT  41750 41752     3  2708 12379    
12709 WAT  41753 41755     3  2709 12380    
12710 WAT  41756 41758     3  2710 12381    
12711 WAT  41759 41761     3  2711 12382    
12712 WAT  41762 41764     3  2712 12383    
12713 WAT  41765 41767     3  2713 12384    
12714 WAT  41768 41770     3  2714 12385    
12715 WAT  41771 41773     3  2715 12386    
12716 WAT  41774 41776     3  2716 12387    
12717 WAT  41777 41779     3  2717 12388    
12718 WAT  41780 41782     3  2718 12389    
12719 WAT  41783 41785     3  2719 12390    
12720 WAT  41786 41788     3  2720 12391    
12721 WAT  41789 41791     3  2721 12392    
12722 WAT  41792 41794     3  2722 12393    
12723 WAT  41795 41797     3  2723 12394    
12724 WAT  41798 41800     3  2724 12395    
12725 WAT  41801 41803     3  2725 12396    
12726 WAT  41804 41806     3  2726 12397    
12727 WAT  41807 41809     3  2727 12398    
12728 WAT  41810 41812     3  2728 12399    
12729 WAT  41813 41815     3  2729 12400    
12730 WAT  41816 41818     3  2730 12401    
12731 WAT  41819 41821     3  2731 12402    
12732 WAT  41822 41824     3  2732 12403    
12733 WAT  41825 41827     3  2733 12404    
12734 WAT  41828 41830     3  2734 12405    
12735 WAT  41831 41833     3  2735 12406    
12736 WAT  41834 41836     3  2736 12407    
12737 WAT  41837 41839     3  2737 12408    
12738 WAT  41840 41842     3  2738 12409    
12739 WAT  41843 41845     3  2739 12410    
12740 WAT  41846 41848     3  2740 12411    
12741 WAT  41849 41851     3  2741 12412    
12742 WAT  41852 41854     3  2742 12413    
12743 WAT  41855 41857     3  2743 12414    
12744 WAT  41858 41860     3  2744 12415    
12745 WAT  41861 41863     3  2745 12416    
12746 WAT  41864 41866     3  2746 12417    
12747 WAT  41867 41869     3  2747 12418    
12748 WAT  41870 41872     3  2748 12419    
12749 WAT  41873 41875     3  2749 12420    
12750 WAT  41876 41878     3  2750 12421    
12751 WAT  41879 41881     3  2751 12422    
12752 WAT  41882 41884     3  2752 12423    
12753 WAT  41885 41887     3  2753 12424    
12754 WAT  41888 41890     3  2754 12425    
12755 WAT  41891 41893     3  2755 12426    
12756 WAT  41894 41896     3  2756 12427    
12757 WAT  41897 41899     3  2757 12428    
12758 WAT  41900 41902     3  2758 12429    
12759 WAT  41903 41905     3  2759 12430    
12760 WAT  41906 41908     3  2760 12431    
12761 WAT  41909 41911     3  2761 12432    
12762 WAT  41912 41914     3  2762 12433    
12763 WAT  41915 41917     3  2763 12434    
12764 WAT  41918 41920     3  2764 12435    
12765 WAT  41921 41923     3  2765 12436    
12766 WAT  41924 41926     3  2766 12437    
12767 WAT  41927 41929     3  2767 12438    
12768 WAT  41930 41932     3  2768 12439    
12769 WAT  41933 41935     3  2769 12440    
12770 WAT  41936 41938     3  2770 12441    
12771 WAT  41939 41941     3  2771 12442    
12772 WAT  41942 41944     3  2772 12443    
12773 WAT  41945 41947     3  2773 12444    
12774 WAT  41948 41950     3  2774 12445    
12775 WAT  41951 41953     3  2775 12446    
12776 WAT  41954 41956     3  2776 12447    
12777 WAT  41957 41959     3  2777 12448    
12778 WAT  41960 41962     3  2778 12449    
12779 WAT  41963 41965     3  2779 12450    
12780 WAT  41966 41968     3  2780 12451    
12781 WAT  41969 41971     3  2781 12452    
12782 WAT  41972 41974     3  2782 12453    
12783 WAT  41975 41977     3  2783 12454    
12784 WAT  41978 41980     3  2784 12455    
12785 WAT  41981 41983     3  2785 12456    
12786 WAT  41984 41986     3  2786 12457    
12787 WAT  41987 41989     3  2787 12458    
12788 WAT  41990 41992     3  2788 12459    
12789 WAT  41993 41995     3  2789 12460    
12790 WAT  41996 41998     3  2790 12461    
12791 WAT  41999 42001     3  2791 12462    
12792 WAT  42002 42004     3  2792 12463    
12793 WAT  42005 42007     3  2793 12464    
12794 WAT  42008 42010     3  2794 12465    
12795 WAT  42011 42013     3  2795 12466    
12796 WAT  42014 42016     3  2796 12467    
12797 WAT  42017 42019     3  2797 12468    
12798 WAT  42020 42022     3  2798 12469    
12799 WAT  42023 42025     3  2799 12470    
12800 WAT  42026 42028     3  2800 12471    
12801 WAT  42029 42031     3  2801 12472    
12802 WAT  42032 42034     3  2802 12473    
12803 WAT  42035 42037     3  2803 12474    
12804 WAT  42038 42040     3  2804 12475    
12805 WAT  42041 42043     3  2805 12476    
