log started: Mon May 19 14:04:07 2025

Log file: ./leap.log
>> #
>> # ----- leaprc for loading the ff19SB force field
>> # ----- NOTE: this is designed for PDB format 3!
>> #
>> #	load atom type hybridizations
>> #
>> addAtomTypes {
>> 	{ "H"   "H" "sp3" }
>> 	{ "HO"  "H" "sp3" }
>> 	{ "HS"  "H" "sp3" }
>> 	{ "H1"  "H" "sp3" }
>> 	{ "H2"  "H" "sp3" }
>> 	{ "H3"  "H" "sp3" }
>> 	{ "H4"  "H" "sp3" }
>> 	{ "H5"  "H" "sp3" }
>> 	{ "HW"  "H" "sp3" }
>> 	{ "HC"  "H" "sp3" }
>> 	{ "HA"  "H" "sp3" }
>> 	{ "HP"  "H" "sp3" }
>> 	{ "HZ"  "H" "sp3" }
>> 	{ "OH"  "O" "sp3" }
>> 	{ "OS"  "O" "sp3" }
>> 	{ "O"   "O" "sp2" }
>> 	{ "O2"  "O" "sp2" }
>> 	{ "OP"  "O" "sp2" }
>> 	{ "OW"  "O" "sp3" }
>> 	{ "CT"  "C" "sp3" }
>> 	{ "CX"  "C" "sp3" }
>> 	{ "XC"  "C" "sp3" }
>> 	{ "C8"  "C" "sp3" }
>> 	{ "2C"  "C" "sp3" }
>> 	{ "3C"  "C" "sp3" }
>> 	{ "CH"  "C" "sp3" }
>> 	{ "CS"  "C" "sp2" }
>> 	{ "C"   "C" "sp2" }
>> 	{ "CO"   "C" "sp2" }
>> 	{ "C*"  "C" "sp2" }
>> 	{ "CA"  "C" "sp2" }
>> 	{ "CB"  "C" "sp2" }
>> 	{ "CC"  "C" "sp2" }
>> 	{ "CN"  "C" "sp2" }
>> 	{ "CM"  "C" "sp2" }
>> 	{ "CK"  "C" "sp2" }
>> 	{ "CQ"  "C" "sp2" }
>> 	{ "CD"  "C" "sp2" }
>> 	{ "C5"  "C" "sp2" }
>> 	{ "C4"  "C" "sp2" }
>> 	{ "CP"  "C" "sp2" }
>> 	{ "CI"  "C" "sp3" }
>> 	{ "CJ"  "C" "sp2" }
>> 	{ "CW"  "C" "sp2" }
>> 	{ "CV"  "C" "sp2" }
>> 	{ "CR"  "C" "sp2" }
>> 	{ "CA"  "C" "sp2" }
>> 	{ "CY"  "C" "sp2" }
>> 	{ "C0"  "Ca" "sp3" }
>> 	{ "MG"  "Mg" "sp3" }
>> 	{ "N"   "N" "sp2" }
>> 	{ "NA"  "N" "sp2" }
>> 	{ "N2"  "N" "sp2" }
>> 	{ "N*"  "N" "sp2" }
>> 	{ "NP"  "N" "sp2" }
>> 	{ "NQ"  "N" "sp2" }
>> 	{ "NB"  "N" "sp2" }
>> 	{ "NC"  "N" "sp2" }
>> 	{ "NT"  "N" "sp3" }
>> 	{ "NY"  "N" "sp2" }
>> 	{ "N3"  "N" "sp3" }
>> 	{ "S"   "S" "sp3" }
>> 	{ "SH"  "S" "sp3" }
>> 	{ "P"   "P" "sp3" }
>> 	{ "LP"  ""  "sp3" }
>> 	{ "EP"  ""  "sp3" }
>> 	{ "F"   "F" "sp3" }
>> 	{ "Cl"  "Cl" "sp3" }
>> 	{ "Br"  "Br" "sp3" }
>> 	{ "I"   "I"  "sp3" }
>> }
>> #
>> #	Load the main parameter set.
>> #
>> set default cmap on
>> parm19 = loadamberparams parm19.dat
Loading parameters: /home/johann/miniconda3/dat/leap/parm/parm19.dat
Reading title:
PARM99 + frcmod.ff99SB + frcmod.parmbsc0 + OL3 for RNA + ff19SB
(UNKNOWN ATOM TYPE: Zn)
(UNKNOWN ATOM TYPE: EP)
>> frcmod19SB = loadamberparams frcmod.ff19SB
Loading parameters: /home/johann/miniconda3/dat/leap/parm/frcmod.ff19SB
Reading force field modification type file (frcmod)
Reading title:
ff19SB AA-specific backbone CMAPs for protein 07/25/2019
>> #
>> #	Load main chain and terminating amino acid libraries
>> #
>> loadOff amino19.lib
Loading library: /home/johann/miniconda3/dat/leap/lib/amino19.lib
Loading: ALA
Loading: ARG
Loading: ASH
Loading: ASN
Loading: ASP
Loading: CYM
Loading: CYS
Loading: CYX
Loading: GLH
Loading: GLN
Loading: GLU
Loading: GLY
Loading: HID
Loading: HIE
Loading: HIP
Loading: HYP
Loading: ILE
Loading: LEU
Loading: LYN
Loading: LYS
Loading: MET
Loading: PHE
Loading: PRO
Loading: SER
Loading: THR
Loading: TRP
Loading: TYR
Loading: VAL
>> loadOff aminoct12.lib
Loading library: /home/johann/miniconda3/dat/leap/lib/aminoct12.lib
Loading: CALA
Loading: CARG
Loading: CASN
Loading: CASP
Loading: CCYS
Loading: CCYX
Loading: CGLN
Loading: CGLU
Loading: CGLY
Loading: CHID
Loading: CHIE
Loading: CHIP
Loading: CHYP
Loading: CILE
Loading: CLEU
Loading: CLYS
Loading: CMET
Loading: CPHE
Loading: CPRO
Loading: CSER
Loading: CTHR
Loading: CTRP
Loading: CTYR
Loading: CVAL
Loading: NHE
Loading: NME
>> loadOff aminont12.lib
Loading library: /home/johann/miniconda3/dat/leap/lib/aminont12.lib
Loading: ACE
Loading: NALA
Loading: NARG
Loading: NASN
Loading: NASP
Loading: NCYS
Loading: NCYX
Loading: NGLN
Loading: NGLU
Loading: NGLY
Loading: NHID
Loading: NHIE
Loading: NHIP
Loading: NILE
Loading: NLEU
Loading: NLYS
Loading: NMET
Loading: NPHE
Loading: NPRO
Loading: NSER
Loading: NTHR
Loading: NTRP
Loading: NTYR
Loading: NVAL
>> 
>> #
>> #	Define the PDB name map for the amino acids
>> #
>> addPdbResMap {
>>   { 0 "HYP" "NHYP" } { 1 "HYP" "CHYP" }
>>   { 0 "ALA" "NALA" } { 1 "ALA" "CALA" }
>>   { 0 "ARG" "NARG" } { 1 "ARG" "CARG" }
>>   { 0 "ASN" "NASN" } { 1 "ASN" "CASN" }
>>   { 0 "ASP" "NASP" } { 1 "ASP" "CASP" }
>>   { 0 "CYS" "NCYS" } { 1 "CYS" "CCYS" }
>>   { 0 "CYX" "NCYX" } { 1 "CYX" "CCYX" }
>>   { 0 "GLN" "NGLN" } { 1 "GLN" "CGLN" }
>>   { 0 "GLU" "NGLU" } { 1 "GLU" "CGLU" }
>>   { 0 "GLY" "NGLY" } { 1 "GLY" "CGLY" }
>>   { 0 "HID" "NHID" } { 1 "HID" "CHID" }
>>   { 0 "HIE" "NHIE" } { 1 "HIE" "CHIE" }
>>   { 0 "HIP" "NHIP" } { 1 "HIP" "CHIP" }
>>   { 0 "ILE" "NILE" } { 1 "ILE" "CILE" }
>>   { 0 "LEU" "NLEU" } { 1 "LEU" "CLEU" }
>>   { 0 "LYS" "NLYS" } { 1 "LYS" "CLYS" }
>>   { 0 "MET" "NMET" } { 1 "MET" "CMET" }
>>   { 0 "PHE" "NPHE" } { 1 "PHE" "CPHE" }
>>   { 0 "PRO" "NPRO" } { 1 "PRO" "CPRO" }
>>   { 0 "SER" "NSER" } { 1 "SER" "CSER" }
>>   { 0 "THR" "NTHR" } { 1 "THR" "CTHR" }
>>   { 0 "TRP" "NTRP" } { 1 "TRP" "CTRP" }
>>   { 0 "TYR" "NTYR" } { 1 "TYR" "CTYR" }
>>   { 0 "VAL" "NVAL" } { 1 "VAL" "CVAL" }
>>   { 0 "HIS" "NHIS" } { 1 "HIS" "CHIS" }
>> }
>> 
>> #
>> # assume that most often proteins use HIE
>> #
>> NHIS = NHIE
>> HIS = HIE
>> CHIS = CHIE
> 
> source leaprc.gaff
----- Source: /home/johann/miniconda3/dat/leap/cmd/leaprc.gaff
----- Source of /home/johann/miniconda3/dat/leap/cmd/leaprc.gaff done
>> logFile leap.log
log started: Mon May 19 14:04:07 2025

Log file: ./leap.log
>> #
>> # ----- leaprc for loading the general Amber Force field.
>> #       This file is mostly for use with Antechamber
>> #
>> #	load atom type hybridizations
>> #
>> addAtomTypes {
>> 	{ "h1"  "H" "sp3" }
>> 	{ "h2"  "H" "sp3" }
>> 	{ "h3"  "H" "sp3" }
>> 	{ "h4"  "H" "sp3" }
>> 	{ "h5"  "H" "sp3" }
>> 	{ "ha"  "H" "sp3" }
>> 	{ "hc"  "H" "sp3" }
>> 	{ "hn"  "H" "sp3" }
>> 	{ "ho"  "H" "sp3" }
>> 	{ "hp"  "H" "sp3" }
>> 	{ "hs"  "H" "sp3" }
>> 	{ "hw"  "H" "sp3" }
>> 	{ "hx"  "H" "sp3" }
>> 	{ "o"  "O" "sp2" }
>> 	{ "o2"  "O" "sp2" }
>> 	{ "oh"  "O" "sp3" }
>> 	{ "op"  "O" "sp3" }
>> 	{ "oq"  "O" "sp3" }
>> 	{ "os"  "O" "sp3" }
>> 	{ "ow"  "O" "sp3" }
>> 	{ "c"  "C" "sp2" }
>> 	{ "c1"  "C" "sp2" }
>> 	{ "c2"  "C" "sp2" }
>> 	{ "c3"  "C" "sp3" }
>> 	{ "ca"  "C" "sp2" }
>> 	{ "cc"  "C" "sp2" }
>> 	{ "cd"  "C" "sp2" }
>> 	{ "ce"  "C" "sp2" }
>> 	{ "cf"  "C" "sp2" }
>> 	{ "cg"  "C" "sp2" }
>> 	{ "ch"  "C" "sp2" }
>> 	{ "cp"  "C" "sp2" }
>> 	{ "cq"  "C" "sp2" }
>> 	{ "cu"  "C" "sp2" }
>> 	{ "cv"  "C" "sp2" }
>> 	{ "cx"  "C" "sp2" }
>> 	{ "cy"  "C" "sp2" }
>> 	{ "cz"  "C" "sp2" }
>> 	{ "n"   "N" "sp2" }
>> 	{ "n1"  "N" "sp2" }
>> 	{ "n2"  "N" "sp2" }
>> 	{ "n3"  "N" "sp3" }
>> 	{ "n4"  "N" "sp3" }
>> 	{ "na"  "N" "sp2" }
>> 	{ "nb"  "N" "sp2" }
>> 	{ "nc"  "N" "sp2" }
>> 	{ "nd"  "N" "sp2" }
>> 	{ "ne"  "N" "sp2" }
>> 	{ "nf"  "N" "sp2" }
>> 	{ "nh"  "N" "sp2" }
>> 	{ "ni"  "N" "sp2" }
>> 	{ "nj"  "N" "sp2" }
>> 	{ "nk"  "N" "sp3" }
>> 	{ "nl"  "N" "sp3" }
>> 	{ "nm"  "N" "sp2" }
>> 	{ "nn"  "N" "sp2" }
>> 	{ "no"  "N" "sp2" }
>> 	{ "np"  "N" "sp3" }
>> 	{ "nq"  "N" "sp3" }
>> 	{ "s"   "S" "sp2" }
>> 	{ "s2"   "S" "sp2" }
>> 	{ "s3"   "S" "sp3" }
>> 	{ "s4"   "S" "sp3" }
>> 	{ "s6"   "S" "sp3" }
>> 	{ "sh"   "S" "sp3" }
>> 	{ "sp"   "S" "sp3" }
>> 	{ "sq"   "S" "sp3" }
>> 	{ "ss"   "S" "sp3" }
>> 	{ "sx"   "S" "sp3" }
>> 	{ "sy"   "S" "sp3" }
>> 	{ "p2"   "P" "sp2" }
>> 	{ "p3"   "P" "sp3" }
>> 	{ "p4"   "P" "sp3" }
>> 	{ "p5"   "P" "sp3" }
>> 	{ "pb"   "P" "sp3" }
>> 	{ "pc"   "P" "sp3" }
>> 	{ "pd"   "P" "sp3" }
>> 	{ "pe"   "P" "sp3" }
>> 	{ "pf"   "P" "sp3" }
>> 	{ "px"   "P" "sp3" }
>> 	{ "py"   "P" "sp3" }
>> 	{ "f"   "F" "sp3" }
>> 	{ "cl"  "Cl" "sp3" }
>> 	{ "br"  "Br" "sp3" }
>> 	{ "i"   "I"  "sp3" }
>> }
>> #
>> #	Load the general force field parameter set.
>> #
>> gaff = loadamberparams gaff.dat
Loading parameters: /home/johann/miniconda3/dat/leap/parm/gaff.dat
Reading title:
AMBER General Force Field for organic molecules (Version 1.81, May 2017)
> 
> loadamberparams ./1bzc/LIGAND.frcmod
Loading parameters: ./1bzc/LIGAND.frcmod
Reading force field modification type file (frcmod)
Reading title:
Remark line goes here
> LIG = loadmol2 ./1bzc/LIGAND.mol2
Loading Mol2 file: ./1bzc/LIGAND.mol2
Reading MOLECULE named TPI
> PROT = loadpdb ./1bzc/PROTEIN.pdb
Loading PDB file: ./1bzc/PROTEIN.pdb
Matching PDB residue names to LEaP variables.
  Added missing heavy atom: .R<ACE 34>.A<CH3 2>
  Added missing heavy atom: .R<NME 36>.A<C 3>
  Added missing heavy atom: .R<ACE 37>.A<CH3 2>
  Added missing heavy atom: .R<NME 43>.A<C 3>
  Added missing heavy atom: .R<ACE 44>.A<CH3 2>
  Added missing heavy atom: .R<NME 49>.A<C 3>
  Added missing heavy atom: .R<ACE 50>.A<CH3 2>
  Added missing heavy atom: .R<NME 53>.A<C 3>
  Added missing heavy atom: .R<ACE 54>.A<CH3 2>
  Added missing heavy atom: .R<NME 57>.A<C 3>
  Added missing heavy atom: .R<ACE 58>.A<CH3 2>
  Added missing heavy atom: .R<NME 61>.A<C 3>
  Added missing heavy atom: .R<ACE 62>.A<CH3 2>
  Added missing heavy atom: .R<NME 68>.A<C 3>
  Added missing heavy atom: .R<ACE 69>.A<CH3 2>
  Added missing heavy atom: .R<NME 81>.A<C 3>
  Added missing heavy atom: .R<ACE 82>.A<CH3 2>
  Added missing heavy atom: .R<NME 90>.A<C 3>
  Added missing heavy atom: .R<ACE 91>.A<CH3 2>
  Added missing heavy atom: .R<NME 93>.A<C 3>
  total atoms in file: 667
  Leap added 81 missing atoms according to residue templates:
       20 Heavy
       61 H / lone pairs
> COMPLEX = combine {PROT LIG}
  Sequence: default_name
  Sequence: TPI
> saveamberparm COMPLEX ./1bzc/1bzc.top ./1bzc/1bzc.crd
Checking Unit.

/home/johann/miniconda3/bin/teLeap: Warning!
The unperturbed charge of the unit (2.997000) is not zero.

/home/johann/miniconda3/bin/teLeap: Note.
Ignoring the warning from Unit Checking.

Building topology.
Building atom parameters.
Building bond parameters.
Building angle parameters.
Building proper torsion parameters.
Building improper torsion parameters.
 total 167 improper torsions applied
Building H-Bond parameters.
Incorporating Non-Bonded adjustments.
Not Marking per-residue atom chain types.
Marking per-residue atom chain types.
  (Residues lacking connect0/connect1 - 
   these don't have chain types marked:

	res	total affected

	TPI	1
  )
 (no restraints)
> savepdb COMPLEX ./1bzc/1bzc.pdb
Writing pdb file: ./1bzc/1bzc.pdb
 quit
	Quit

Exiting LEaP: Errors = 0; Warnings = 1; Notes = 1.
log started: Mon May 19 14:37:04 2025

Log file: ./leap.log
>> #
>> # ----- leaprc for loading the ff19SB force field
>> # ----- NOTE: this is designed for PDB format 3!
>> #
>> #	load atom type hybridizations
>> #
>> addAtomTypes {
>> 	{ "H"   "H" "sp3" }
>> 	{ "HO"  "H" "sp3" }
>> 	{ "HS"  "H" "sp3" }
>> 	{ "H1"  "H" "sp3" }
>> 	{ "H2"  "H" "sp3" }
>> 	{ "H3"  "H" "sp3" }
>> 	{ "H4"  "H" "sp3" }
>> 	{ "H5"  "H" "sp3" }
>> 	{ "HW"  "H" "sp3" }
>> 	{ "HC"  "H" "sp3" }
>> 	{ "HA"  "H" "sp3" }
>> 	{ "HP"  "H" "sp3" }
>> 	{ "HZ"  "H" "sp3" }
>> 	{ "OH"  "O" "sp3" }
>> 	{ "OS"  "O" "sp3" }
>> 	{ "O"   "O" "sp2" }
>> 	{ "O2"  "O" "sp2" }
>> 	{ "OP"  "O" "sp2" }
>> 	{ "OW"  "O" "sp3" }
>> 	{ "CT"  "C" "sp3" }
>> 	{ "CX"  "C" "sp3" }
>> 	{ "XC"  "C" "sp3" }
>> 	{ "C8"  "C" "sp3" }
>> 	{ "2C"  "C" "sp3" }
>> 	{ "3C"  "C" "sp3" }
>> 	{ "CH"  "C" "sp3" }
>> 	{ "CS"  "C" "sp2" }
>> 	{ "C"   "C" "sp2" }
>> 	{ "CO"   "C" "sp2" }
>> 	{ "C*"  "C" "sp2" }
>> 	{ "CA"  "C" "sp2" }
>> 	{ "CB"  "C" "sp2" }
>> 	{ "CC"  "C" "sp2" }
>> 	{ "CN"  "C" "sp2" }
>> 	{ "CM"  "C" "sp2" }
>> 	{ "CK"  "C" "sp2" }
>> 	{ "CQ"  "C" "sp2" }
>> 	{ "CD"  "C" "sp2" }
>> 	{ "C5"  "C" "sp2" }
>> 	{ "C4"  "C" "sp2" }
>> 	{ "CP"  "C" "sp2" }
>> 	{ "CI"  "C" "sp3" }
>> 	{ "CJ"  "C" "sp2" }
>> 	{ "CW"  "C" "sp2" }
>> 	{ "CV"  "C" "sp2" }
>> 	{ "CR"  "C" "sp2" }
>> 	{ "CA"  "C" "sp2" }
>> 	{ "CY"  "C" "sp2" }
>> 	{ "C0"  "Ca" "sp3" }
>> 	{ "MG"  "Mg" "sp3" }
>> 	{ "N"   "N" "sp2" }
>> 	{ "NA"  "N" "sp2" }
>> 	{ "N2"  "N" "sp2" }
>> 	{ "N*"  "N" "sp2" }
>> 	{ "NP"  "N" "sp2" }
>> 	{ "NQ"  "N" "sp2" }
>> 	{ "NB"  "N" "sp2" }
>> 	{ "NC"  "N" "sp2" }
>> 	{ "NT"  "N" "sp3" }
>> 	{ "NY"  "N" "sp2" }
>> 	{ "N3"  "N" "sp3" }
>> 	{ "S"   "S" "sp3" }
>> 	{ "SH"  "S" "sp3" }
>> 	{ "P"   "P" "sp3" }
>> 	{ "LP"  ""  "sp3" }
>> 	{ "EP"  ""  "sp3" }
>> 	{ "F"   "F" "sp3" }
>> 	{ "Cl"  "Cl" "sp3" }
>> 	{ "Br"  "Br" "sp3" }
>> 	{ "I"   "I"  "sp3" }
>> }
>> #
>> #	Load the main parameter set.
>> #
>> set default cmap on
>> parm19 = loadamberparams parm19.dat
Loading parameters: /home/johann/miniconda3/dat/leap/parm/parm19.dat
Reading title:
PARM99 + frcmod.ff99SB + frcmod.parmbsc0 + OL3 for RNA + ff19SB
(UNKNOWN ATOM TYPE: Zn)
(UNKNOWN ATOM TYPE: EP)
>> frcmod19SB = loadamberparams frcmod.ff19SB
Loading parameters: /home/johann/miniconda3/dat/leap/parm/frcmod.ff19SB
Reading force field modification type file (frcmod)
Reading title:
ff19SB AA-specific backbone CMAPs for protein 07/25/2019
>> #
>> #	Load main chain and terminating amino acid libraries
>> #
>> loadOff amino19.lib
Loading library: /home/johann/miniconda3/dat/leap/lib/amino19.lib
Loading: ALA
Loading: ARG
Loading: ASH
Loading: ASN
Loading: ASP
Loading: CYM
Loading: CYS
Loading: CYX
Loading: GLH
Loading: GLN
Loading: GLU
Loading: GLY
Loading: HID
Loading: HIE
Loading: HIP
Loading: HYP
Loading: ILE
Loading: LEU
Loading: LYN
Loading: LYS
Loading: MET
Loading: PHE
Loading: PRO
Loading: SER
Loading: THR
Loading: TRP
Loading: TYR
Loading: VAL
>> loadOff aminoct12.lib
Loading library: /home/johann/miniconda3/dat/leap/lib/aminoct12.lib
Loading: CALA
Loading: CARG
Loading: CASN
Loading: CASP
Loading: CCYS
Loading: CCYX
Loading: CGLN
Loading: CGLU
Loading: CGLY
Loading: CHID
Loading: CHIE
Loading: CHIP
Loading: CHYP
Loading: CILE
Loading: CLEU
Loading: CLYS
Loading: CMET
Loading: CPHE
Loading: CPRO
Loading: CSER
Loading: CTHR
Loading: CTRP
Loading: CTYR
Loading: CVAL
Loading: NHE
Loading: NME
>> loadOff aminont12.lib
Loading library: /home/johann/miniconda3/dat/leap/lib/aminont12.lib
Loading: ACE
Loading: NALA
Loading: NARG
Loading: NASN
Loading: NASP
Loading: NCYS
Loading: NCYX
Loading: NGLN
Loading: NGLU
Loading: NGLY
Loading: NHID
Loading: NHIE
Loading: NHIP
Loading: NILE
Loading: NLEU
Loading: NLYS
Loading: NMET
Loading: NPHE
Loading: NPRO
Loading: NSER
Loading: NTHR
Loading: NTRP
Loading: NTYR
Loading: NVAL
>> 
>> #
>> #	Define the PDB name map for the amino acids
>> #
>> addPdbResMap {
>>   { 0 "HYP" "NHYP" } { 1 "HYP" "CHYP" }
>>   { 0 "ALA" "NALA" } { 1 "ALA" "CALA" }
>>   { 0 "ARG" "NARG" } { 1 "ARG" "CARG" }
>>   { 0 "ASN" "NASN" } { 1 "ASN" "CASN" }
>>   { 0 "ASP" "NASP" } { 1 "ASP" "CASP" }
>>   { 0 "CYS" "NCYS" } { 1 "CYS" "CCYS" }
>>   { 0 "CYX" "NCYX" } { 1 "CYX" "CCYX" }
>>   { 0 "GLN" "NGLN" } { 1 "GLN" "CGLN" }
>>   { 0 "GLU" "NGLU" } { 1 "GLU" "CGLU" }
>>   { 0 "GLY" "NGLY" } { 1 "GLY" "CGLY" }
>>   { 0 "HID" "NHID" } { 1 "HID" "CHID" }
>>   { 0 "HIE" "NHIE" } { 1 "HIE" "CHIE" }
>>   { 0 "HIP" "NHIP" } { 1 "HIP" "CHIP" }
>>   { 0 "ILE" "NILE" } { 1 "ILE" "CILE" }
>>   { 0 "LEU" "NLEU" } { 1 "LEU" "CLEU" }
>>   { 0 "LYS" "NLYS" } { 1 "LYS" "CLYS" }
>>   { 0 "MET" "NMET" } { 1 "MET" "CMET" }
>>   { 0 "PHE" "NPHE" } { 1 "PHE" "CPHE" }
>>   { 0 "PRO" "NPRO" } { 1 "PRO" "CPRO" }
>>   { 0 "SER" "NSER" } { 1 "SER" "CSER" }
>>   { 0 "THR" "NTHR" } { 1 "THR" "CTHR" }
>>   { 0 "TRP" "NTRP" } { 1 "TRP" "CTRP" }
>>   { 0 "TYR" "NTYR" } { 1 "TYR" "CTYR" }
>>   { 0 "VAL" "NVAL" } { 1 "VAL" "CVAL" }
>>   { 0 "HIS" "NHIS" } { 1 "HIS" "CHIS" }
>> }
>> 
>> #
>> # assume that most often proteins use HIE
>> #
>> NHIS = NHIE
>> HIS = HIE
>> CHIS = CHIE
> 
> source leaprc.gaff
----- Source: /home/johann/miniconda3/dat/leap/cmd/leaprc.gaff
----- Source of /home/johann/miniconda3/dat/leap/cmd/leaprc.gaff done
>> logFile leap.log
log started: Mon May 19 14:37:04 2025

Log file: ./leap.log
>> #
>> # ----- leaprc for loading the general Amber Force field.
>> #       This file is mostly for use with Antechamber
>> #
>> #	load atom type hybridizations
>> #
>> addAtomTypes {
>> 	{ "h1"  "H" "sp3" }
>> 	{ "h2"  "H" "sp3" }
>> 	{ "h3"  "H" "sp3" }
>> 	{ "h4"  "H" "sp3" }
>> 	{ "h5"  "H" "sp3" }
>> 	{ "ha"  "H" "sp3" }
>> 	{ "hc"  "H" "sp3" }
>> 	{ "hn"  "H" "sp3" }
>> 	{ "ho"  "H" "sp3" }
>> 	{ "hp"  "H" "sp3" }
>> 	{ "hs"  "H" "sp3" }
>> 	{ "hw"  "H" "sp3" }
>> 	{ "hx"  "H" "sp3" }
>> 	{ "o"  "O" "sp2" }
>> 	{ "o2"  "O" "sp2" }
>> 	{ "oh"  "O" "sp3" }
>> 	{ "op"  "O" "sp3" }
>> 	{ "oq"  "O" "sp3" }
>> 	{ "os"  "O" "sp3" }
>> 	{ "ow"  "O" "sp3" }
>> 	{ "c"  "C" "sp2" }
>> 	{ "c1"  "C" "sp2" }
>> 	{ "c2"  "C" "sp2" }
>> 	{ "c3"  "C" "sp3" }
>> 	{ "ca"  "C" "sp2" }
>> 	{ "cc"  "C" "sp2" }
>> 	{ "cd"  "C" "sp2" }
>> 	{ "ce"  "C" "sp2" }
>> 	{ "cf"  "C" "sp2" }
>> 	{ "cg"  "C" "sp2" }
>> 	{ "ch"  "C" "sp2" }
>> 	{ "cp"  "C" "sp2" }
>> 	{ "cq"  "C" "sp2" }
>> 	{ "cu"  "C" "sp2" }
>> 	{ "cv"  "C" "sp2" }
>> 	{ "cx"  "C" "sp2" }
>> 	{ "cy"  "C" "sp2" }
>> 	{ "cz"  "C" "sp2" }
>> 	{ "n"   "N" "sp2" }
>> 	{ "n1"  "N" "sp2" }
>> 	{ "n2"  "N" "sp2" }
>> 	{ "n3"  "N" "sp3" }
>> 	{ "n4"  "N" "sp3" }
>> 	{ "na"  "N" "sp2" }
>> 	{ "nb"  "N" "sp2" }
>> 	{ "nc"  "N" "sp2" }
>> 	{ "nd"  "N" "sp2" }
>> 	{ "ne"  "N" "sp2" }
>> 	{ "nf"  "N" "sp2" }
>> 	{ "nh"  "N" "sp2" }
>> 	{ "ni"  "N" "sp2" }
>> 	{ "nj"  "N" "sp2" }
>> 	{ "nk"  "N" "sp3" }
>> 	{ "nl"  "N" "sp3" }
>> 	{ "nm"  "N" "sp2" }
>> 	{ "nn"  "N" "sp2" }
>> 	{ "no"  "N" "sp2" }
>> 	{ "np"  "N" "sp3" }
>> 	{ "nq"  "N" "sp3" }
>> 	{ "s"   "S" "sp2" }
>> 	{ "s2"   "S" "sp2" }
>> 	{ "s3"   "S" "sp3" }
>> 	{ "s4"   "S" "sp3" }
>> 	{ "s6"   "S" "sp3" }
>> 	{ "sh"   "S" "sp3" }
>> 	{ "sp"   "S" "sp3" }
>> 	{ "sq"   "S" "sp3" }
>> 	{ "ss"   "S" "sp3" }
>> 	{ "sx"   "S" "sp3" }
>> 	{ "sy"   "S" "sp3" }
>> 	{ "p2"   "P" "sp2" }
>> 	{ "p3"   "P" "sp3" }
>> 	{ "p4"   "P" "sp3" }
>> 	{ "p5"   "P" "sp3" }
>> 	{ "pb"   "P" "sp3" }
>> 	{ "pc"   "P" "sp3" }
>> 	{ "pd"   "P" "sp3" }
>> 	{ "pe"   "P" "sp3" }
>> 	{ "pf"   "P" "sp3" }
>> 	{ "px"   "P" "sp3" }
>> 	{ "py"   "P" "sp3" }
>> 	{ "f"   "F" "sp3" }
>> 	{ "cl"  "Cl" "sp3" }
>> 	{ "br"  "Br" "sp3" }
>> 	{ "i"   "I"  "sp3" }
>> }
>> #
>> #	Load the general force field parameter set.
>> #
>> gaff = loadamberparams gaff.dat
Loading parameters: /home/johann/miniconda3/dat/leap/parm/gaff.dat
Reading title:
AMBER General Force Field for organic molecules (Version 1.81, May 2017)
> 
> loadamberparams ./2f1g/LIGAND.frcmod
Loading parameters: ./2f1g/LIGAND.frcmod
Reading force field modification type file (frcmod)
Reading title:
Remark line goes here
> LIG = loadmol2 ./2f1g/LIGAND.mol2
Loading Mol2 file: ./2f1g/LIGAND.mol2
Reading MOLECULE named GNF
> PROT = loadpdb ./2f1g/PROTEIN.pdb
Loading PDB file: ./2f1g/PROTEIN.pdb
Matching PDB residue names to LEaP variables.
  Added missing heavy atom: .R<ACE 21>.A<CH3 2>
  Added missing heavy atom: .R<NME 33>.A<C 3>
  Added missing heavy atom: .R<ACE 34>.A<CH3 2>
  Added missing heavy atom: .R<NME 48>.A<C 3>
  Added missing heavy atom: .R<ACE 49>.A<CH3 2>
  Added missing heavy atom: .R<NME 57>.A<C 3>
  Added missing heavy atom: .R<ACE 58>.A<CH3 2>
  Added missing heavy atom: .R<NME 61>.A<C 3>
  Added missing heavy atom: .R<ACE 62>.A<CH3 2>
  Added missing heavy atom: .R<NME 69>.A<C 3>
  Added missing heavy atom: .R<ACE 70>.A<CH3 2>
  Added missing heavy atom: .R<NME 74>.A<C 3>
  Added missing heavy atom: .R<ACE 75>.A<CH3 2>
  Added missing heavy atom: .R<NME 77>.A<C 3>
  Added missing heavy atom: .R<ACE 78>.A<CH3 2>
  Added missing heavy atom: .R<NME 82>.A<C 3>
  total atoms in file: 665
  Leap added 64 missing atoms according to residue templates:
       16 Heavy
       48 H / lone pairs
> COMPLEX = combine {PROT LIG}
  Sequence: default_name
  Sequence: GNF
> saveamberparm COMPLEX ./2f1g/2f1g.top ./2f1g/2f1g.crd
Checking Unit.

/home/johann/miniconda3/bin/teLeap: Warning!
The unperturbed charge of the unit (0.999999) is not zero.

/home/johann/miniconda3/bin/teLeap: Note.
Ignoring the warning from Unit Checking.

Building topology.
Building atom parameters.
Building bond parameters.
Building angle parameters.
Building proper torsion parameters.
Building improper torsion parameters.
 total 200 improper torsions applied
Building H-Bond parameters.
Incorporating Non-Bonded adjustments.
Not Marking per-residue atom chain types.
Marking per-residue atom chain types.
  (Residues lacking connect0/connect1 - 
   these don't have chain types marked:

	res	total affected

	GNF	1
  )
 (no restraints)
> savepdb COMPLEX ./2f1g/2f1g.pdb
Writing pdb file: ./2f1g/2f1g.pdb
 quit
	Quit

Exiting LEaP: Errors = 0; Warnings = 1; Notes = 1.
log started: Mon May 19 14:52:08 2025

Log file: ./leap.log
>> #
>> # ----- leaprc for loading the ff19SB force field
>> # ----- NOTE: this is designed for PDB format 3!
>> #
>> #	load atom type hybridizations
>> #
>> addAtomTypes {
>> 	{ "H"   "H" "sp3" }
>> 	{ "HO"  "H" "sp3" }
>> 	{ "HS"  "H" "sp3" }
>> 	{ "H1"  "H" "sp3" }
>> 	{ "H2"  "H" "sp3" }
>> 	{ "H3"  "H" "sp3" }
>> 	{ "H4"  "H" "sp3" }
>> 	{ "H5"  "H" "sp3" }
>> 	{ "HW"  "H" "sp3" }
>> 	{ "HC"  "H" "sp3" }
>> 	{ "HA"  "H" "sp3" }
>> 	{ "HP"  "H" "sp3" }
>> 	{ "HZ"  "H" "sp3" }
>> 	{ "OH"  "O" "sp3" }
>> 	{ "OS"  "O" "sp3" }
>> 	{ "O"   "O" "sp2" }
>> 	{ "O2"  "O" "sp2" }
>> 	{ "OP"  "O" "sp2" }
>> 	{ "OW"  "O" "sp3" }
>> 	{ "CT"  "C" "sp3" }
>> 	{ "CX"  "C" "sp3" }
>> 	{ "XC"  "C" "sp3" }
>> 	{ "C8"  "C" "sp3" }
>> 	{ "2C"  "C" "sp3" }
>> 	{ "3C"  "C" "sp3" }
>> 	{ "CH"  "C" "sp3" }
>> 	{ "CS"  "C" "sp2" }
>> 	{ "C"   "C" "sp2" }
>> 	{ "CO"   "C" "sp2" }
>> 	{ "C*"  "C" "sp2" }
>> 	{ "CA"  "C" "sp2" }
>> 	{ "CB"  "C" "sp2" }
>> 	{ "CC"  "C" "sp2" }
>> 	{ "CN"  "C" "sp2" }
>> 	{ "CM"  "C" "sp2" }
>> 	{ "CK"  "C" "sp2" }
>> 	{ "CQ"  "C" "sp2" }
>> 	{ "CD"  "C" "sp2" }
>> 	{ "C5"  "C" "sp2" }
>> 	{ "C4"  "C" "sp2" }
>> 	{ "CP"  "C" "sp2" }
>> 	{ "CI"  "C" "sp3" }
>> 	{ "CJ"  "C" "sp2" }
>> 	{ "CW"  "C" "sp2" }
>> 	{ "CV"  "C" "sp2" }
>> 	{ "CR"  "C" "sp2" }
>> 	{ "CA"  "C" "sp2" }
>> 	{ "CY"  "C" "sp2" }
>> 	{ "C0"  "Ca" "sp3" }
>> 	{ "MG"  "Mg" "sp3" }
>> 	{ "N"   "N" "sp2" }
>> 	{ "NA"  "N" "sp2" }
>> 	{ "N2"  "N" "sp2" }
>> 	{ "N*"  "N" "sp2" }
>> 	{ "NP"  "N" "sp2" }
>> 	{ "NQ"  "N" "sp2" }
>> 	{ "NB"  "N" "sp2" }
>> 	{ "NC"  "N" "sp2" }
>> 	{ "NT"  "N" "sp3" }
>> 	{ "NY"  "N" "sp2" }
>> 	{ "N3"  "N" "sp3" }
>> 	{ "S"   "S" "sp3" }
>> 	{ "SH"  "S" "sp3" }
>> 	{ "P"   "P" "sp3" }
>> 	{ "LP"  ""  "sp3" }
>> 	{ "EP"  ""  "sp3" }
>> 	{ "F"   "F" "sp3" }
>> 	{ "Cl"  "Cl" "sp3" }
>> 	{ "Br"  "Br" "sp3" }
>> 	{ "I"   "I"  "sp3" }
>> }
>> #
>> #	Load the main parameter set.
>> #
>> set default cmap on
>> parm19 = loadamberparams parm19.dat
Loading parameters: /home/johann/miniconda3/dat/leap/parm/parm19.dat
Reading title:
PARM99 + frcmod.ff99SB + frcmod.parmbsc0 + OL3 for RNA + ff19SB
(UNKNOWN ATOM TYPE: Zn)
(UNKNOWN ATOM TYPE: EP)
>> frcmod19SB = loadamberparams frcmod.ff19SB
Loading parameters: /home/johann/miniconda3/dat/leap/parm/frcmod.ff19SB
Reading force field modification type file (frcmod)
Reading title:
ff19SB AA-specific backbone CMAPs for protein 07/25/2019
>> #
>> #	Load main chain and terminating amino acid libraries
>> #
>> loadOff amino19.lib
Loading library: /home/johann/miniconda3/dat/leap/lib/amino19.lib
Loading: ALA
Loading: ARG
Loading: ASH
Loading: ASN
Loading: ASP
Loading: CYM
Loading: CYS
Loading: CYX
Loading: GLH
Loading: GLN
Loading: GLU
Loading: GLY
Loading: HID
Loading: HIE
Loading: HIP
Loading: HYP
Loading: ILE
Loading: LEU
Loading: LYN
Loading: LYS
Loading: MET
Loading: PHE
Loading: PRO
Loading: SER
Loading: THR
Loading: TRP
Loading: TYR
Loading: VAL
>> loadOff aminoct12.lib
Loading library: /home/johann/miniconda3/dat/leap/lib/aminoct12.lib
Loading: CALA
Loading: CARG
Loading: CASN
Loading: CASP
Loading: CCYS
Loading: CCYX
Loading: CGLN
Loading: CGLU
Loading: CGLY
Loading: CHID
Loading: CHIE
Loading: CHIP
Loading: CHYP
Loading: CILE
Loading: CLEU
Loading: CLYS
Loading: CMET
Loading: CPHE
Loading: CPRO
Loading: CSER
Loading: CTHR
Loading: CTRP
Loading: CTYR
Loading: CVAL
Loading: NHE
Loading: NME
>> loadOff aminont12.lib
Loading library: /home/johann/miniconda3/dat/leap/lib/aminont12.lib
Loading: ACE
Loading: NALA
Loading: NARG
Loading: NASN
Loading: NASP
Loading: NCYS
Loading: NCYX
Loading: NGLN
Loading: NGLU
Loading: NGLY
Loading: NHID
Loading: NHIE
Loading: NHIP
Loading: NILE
Loading: NLEU
Loading: NLYS
Loading: NMET
Loading: NPHE
Loading: NPRO
Loading: NSER
Loading: NTHR
Loading: NTRP
Loading: NTYR
Loading: NVAL
>> 
>> #
>> #	Define the PDB name map for the amino acids
>> #
>> addPdbResMap {
>>   { 0 "HYP" "NHYP" } { 1 "HYP" "CHYP" }
>>   { 0 "ALA" "NALA" } { 1 "ALA" "CALA" }
>>   { 0 "ARG" "NARG" } { 1 "ARG" "CARG" }
>>   { 0 "ASN" "NASN" } { 1 "ASN" "CASN" }
>>   { 0 "ASP" "NASP" } { 1 "ASP" "CASP" }
>>   { 0 "CYS" "NCYS" } { 1 "CYS" "CCYS" }
>>   { 0 "CYX" "NCYX" } { 1 "CYX" "CCYX" }
>>   { 0 "GLN" "NGLN" } { 1 "GLN" "CGLN" }
>>   { 0 "GLU" "NGLU" } { 1 "GLU" "CGLU" }
>>   { 0 "GLY" "NGLY" } { 1 "GLY" "CGLY" }
>>   { 0 "HID" "NHID" } { 1 "HID" "CHID" }
>>   { 0 "HIE" "NHIE" } { 1 "HIE" "CHIE" }
>>   { 0 "HIP" "NHIP" } { 1 "HIP" "CHIP" }
>>   { 0 "ILE" "NILE" } { 1 "ILE" "CILE" }
>>   { 0 "LEU" "NLEU" } { 1 "LEU" "CLEU" }
>>   { 0 "LYS" "NLYS" } { 1 "LYS" "CLYS" }
>>   { 0 "MET" "NMET" } { 1 "MET" "CMET" }
>>   { 0 "PHE" "NPHE" } { 1 "PHE" "CPHE" }
>>   { 0 "PRO" "NPRO" } { 1 "PRO" "CPRO" }
>>   { 0 "SER" "NSER" } { 1 "SER" "CSER" }
>>   { 0 "THR" "NTHR" } { 1 "THR" "CTHR" }
>>   { 0 "TRP" "NTRP" } { 1 "TRP" "CTRP" }
>>   { 0 "TYR" "NTYR" } { 1 "TYR" "CTYR" }
>>   { 0 "VAL" "NVAL" } { 1 "VAL" "CVAL" }
>>   { 0 "HIS" "NHIS" } { 1 "HIS" "CHIS" }
>> }
>> 
>> #
>> # assume that most often proteins use HIE
>> #
>> NHIS = NHIE
>> HIS = HIE
>> CHIS = CHIE
> 
> source leaprc.gaff
----- Source: /home/johann/miniconda3/dat/leap/cmd/leaprc.gaff
----- Source of /home/johann/miniconda3/dat/leap/cmd/leaprc.gaff done
>> logFile leap.log
log started: Mon May 19 14:52:08 2025

Log file: ./leap.log
>> #
>> # ----- leaprc for loading the general Amber Force field.
>> #       This file is mostly for use with Antechamber
>> #
>> #	load atom type hybridizations
>> #
>> addAtomTypes {
>> 	{ "h1"  "H" "sp3" }
>> 	{ "h2"  "H" "sp3" }
>> 	{ "h3"  "H" "sp3" }
>> 	{ "h4"  "H" "sp3" }
>> 	{ "h5"  "H" "sp3" }
>> 	{ "ha"  "H" "sp3" }
>> 	{ "hc"  "H" "sp3" }
>> 	{ "hn"  "H" "sp3" }
>> 	{ "ho"  "H" "sp3" }
>> 	{ "hp"  "H" "sp3" }
>> 	{ "hs"  "H" "sp3" }
>> 	{ "hw"  "H" "sp3" }
>> 	{ "hx"  "H" "sp3" }
>> 	{ "o"  "O" "sp2" }
>> 	{ "o2"  "O" "sp2" }
>> 	{ "oh"  "O" "sp3" }
>> 	{ "op"  "O" "sp3" }
>> 	{ "oq"  "O" "sp3" }
>> 	{ "os"  "O" "sp3" }
>> 	{ "ow"  "O" "sp3" }
>> 	{ "c"  "C" "sp2" }
>> 	{ "c1"  "C" "sp2" }
>> 	{ "c2"  "C" "sp2" }
>> 	{ "c3"  "C" "sp3" }
>> 	{ "ca"  "C" "sp2" }
>> 	{ "cc"  "C" "sp2" }
>> 	{ "cd"  "C" "sp2" }
>> 	{ "ce"  "C" "sp2" }
>> 	{ "cf"  "C" "sp2" }
>> 	{ "cg"  "C" "sp2" }
>> 	{ "ch"  "C" "sp2" }
>> 	{ "cp"  "C" "sp2" }
>> 	{ "cq"  "C" "sp2" }
>> 	{ "cu"  "C" "sp2" }
>> 	{ "cv"  "C" "sp2" }
>> 	{ "cx"  "C" "sp2" }
>> 	{ "cy"  "C" "sp2" }
>> 	{ "cz"  "C" "sp2" }
>> 	{ "n"   "N" "sp2" }
>> 	{ "n1"  "N" "sp2" }
>> 	{ "n2"  "N" "sp2" }
>> 	{ "n3"  "N" "sp3" }
>> 	{ "n4"  "N" "sp3" }
>> 	{ "na"  "N" "sp2" }
>> 	{ "nb"  "N" "sp2" }
>> 	{ "nc"  "N" "sp2" }
>> 	{ "nd"  "N" "sp2" }
>> 	{ "ne"  "N" "sp2" }
>> 	{ "nf"  "N" "sp2" }
>> 	{ "nh"  "N" "sp2" }
>> 	{ "ni"  "N" "sp2" }
>> 	{ "nj"  "N" "sp2" }
>> 	{ "nk"  "N" "sp3" }
>> 	{ "nl"  "N" "sp3" }
>> 	{ "nm"  "N" "sp2" }
>> 	{ "nn"  "N" "sp2" }
>> 	{ "no"  "N" "sp2" }
>> 	{ "np"  "N" "sp3" }
>> 	{ "nq"  "N" "sp3" }
>> 	{ "s"   "S" "sp2" }
>> 	{ "s2"   "S" "sp2" }
>> 	{ "s3"   "S" "sp3" }
>> 	{ "s4"   "S" "sp3" }
>> 	{ "s6"   "S" "sp3" }
>> 	{ "sh"   "S" "sp3" }
>> 	{ "sp"   "S" "sp3" }
>> 	{ "sq"   "S" "sp3" }
>> 	{ "ss"   "S" "sp3" }
>> 	{ "sx"   "S" "sp3" }
>> 	{ "sy"   "S" "sp3" }
>> 	{ "p2"   "P" "sp2" }
>> 	{ "p3"   "P" "sp3" }
>> 	{ "p4"   "P" "sp3" }
>> 	{ "p5"   "P" "sp3" }
>> 	{ "pb"   "P" "sp3" }
>> 	{ "pc"   "P" "sp3" }
>> 	{ "pd"   "P" "sp3" }
>> 	{ "pe"   "P" "sp3" }
>> 	{ "pf"   "P" "sp3" }
>> 	{ "px"   "P" "sp3" }
>> 	{ "py"   "P" "sp3" }
>> 	{ "f"   "F" "sp3" }
>> 	{ "cl"  "Cl" "sp3" }
>> 	{ "br"  "Br" "sp3" }
>> 	{ "i"   "I"  "sp3" }
>> }
>> #
>> #	Load the general force field parameter set.
>> #
>> gaff = loadamberparams gaff.dat
Loading parameters: /home/johann/miniconda3/dat/leap/parm/gaff.dat
Reading title:
AMBER General Force Field for organic molecules (Version 1.81, May 2017)
> 
> loadamberparams ./2iwx/LIGAND.frcmod
Loading parameters: ./2iwx/LIGAND.frcmod
Reading force field modification type file (frcmod)
Reading title:
Remark line goes here
> LIG = loadmol2 ./2iwx/LIGAND.mol2
Loading Mol2 file: ./2iwx/LIGAND.mol2
Reading MOLECULE named M1S
> PROT = loadpdb ./2iwx/PROTEIN.pdb
Loading PDB file: ./2iwx/PROTEIN.pdb
Matching PDB residue names to LEaP variables.
  Added missing heavy atom: .R<ACE 32>.A<CH3 2>
  Added missing heavy atom: .R<NME 46>.A<C 3>
  Added missing heavy atom: .R<ACE 47>.A<CH3 2>
  Added missing heavy atom: .R<NME 49>.A<C 3>
  Added missing heavy atom: .R<ACE 50>.A<CH3 2>
  Added missing heavy atom: .R<NME 60>.A<C 3>
  Added missing heavy atom: .R<ACE 61>.A<CH3 2>
  Added missing heavy atom: .R<NME 64>.A<C 3>
  Added missing heavy atom: .R<ACE 65>.A<CH3 2>
  Added missing heavy atom: .R<NME 68>.A<C 3>
  Added missing heavy atom: .R<ACE 69>.A<CH3 2>
  Added missing heavy atom: .R<NME 71>.A<C 3>
  Added missing heavy atom: .R<ACE 72>.A<CH3 2>
  Added missing heavy atom: .R<NME 74>.A<C 3>
  Added missing heavy atom: .R<ACE 75>.A<CH3 2>
  Added missing heavy atom: .R<NME 83>.A<C 3>
  Added missing heavy atom: .R<ACE 84>.A<CH3 2>
  Added missing heavy atom: .R<NME 90>.A<C 3>
  Added missing heavy atom: .R<ACE 91>.A<CH3 2>
  Added missing heavy atom: .R<NME 98>.A<C 3>
  total atoms in file: 749
  Leap added 80 missing atoms according to residue templates:
       20 Heavy
       60 H / lone pairs
> COMPLEX = combine {PROT LIG}
  Sequence: default_name
  Sequence: M1S
> saveamberparm COMPLEX ./2iwx/2iwx.top ./2iwx/2iwx.crd
Checking Unit.

/home/johann/miniconda3/bin/teLeap: Warning!
The unperturbed charge of the unit (-1.000000) is not zero.

/home/johann/miniconda3/bin/teLeap: Note.
Ignoring the warning from Unit Checking.

Building topology.
Building atom parameters.
Building bond parameters.
Building angle parameters.
Building proper torsion parameters.
Building improper torsion parameters.
 total 153 improper torsions applied
Building H-Bond parameters.
Incorporating Non-Bonded adjustments.
Not Marking per-residue atom chain types.
Marking per-residue atom chain types.
  (Residues lacking connect0/connect1 - 
   these don't have chain types marked:

	res	total affected

	M1S	1
  )
 (no restraints)
> savepdb COMPLEX ./2iwx/2iwx.pdb
Writing pdb file: ./2iwx/2iwx.pdb
 quit
	Quit

Exiting LEaP: Errors = 0; Warnings = 1; Notes = 1.
log started: Mon May 19 15:00:24 2025

Log file: ./leap.log
>> #
>> # ----- leaprc for loading the ff19SB force field
>> # ----- NOTE: this is designed for PDB format 3!
>> #
>> #	load atom type hybridizations
>> #
>> addAtomTypes {
>> 	{ "H"   "H" "sp3" }
>> 	{ "HO"  "H" "sp3" }
>> 	{ "HS"  "H" "sp3" }
>> 	{ "H1"  "H" "sp3" }
>> 	{ "H2"  "H" "sp3" }
>> 	{ "H3"  "H" "sp3" }
>> 	{ "H4"  "H" "sp3" }
>> 	{ "H5"  "H" "sp3" }
>> 	{ "HW"  "H" "sp3" }
>> 	{ "HC"  "H" "sp3" }
>> 	{ "HA"  "H" "sp3" }
>> 	{ "HP"  "H" "sp3" }
>> 	{ "HZ"  "H" "sp3" }
>> 	{ "OH"  "O" "sp3" }
>> 	{ "OS"  "O" "sp3" }
>> 	{ "O"   "O" "sp2" }
>> 	{ "O2"  "O" "sp2" }
>> 	{ "OP"  "O" "sp2" }
>> 	{ "OW"  "O" "sp3" }
>> 	{ "CT"  "C" "sp3" }
>> 	{ "CX"  "C" "sp3" }
>> 	{ "XC"  "C" "sp3" }
>> 	{ "C8"  "C" "sp3" }
>> 	{ "2C"  "C" "sp3" }
>> 	{ "3C"  "C" "sp3" }
>> 	{ "CH"  "C" "sp3" }
>> 	{ "CS"  "C" "sp2" }
>> 	{ "C"   "C" "sp2" }
>> 	{ "CO"   "C" "sp2" }
>> 	{ "C*"  "C" "sp2" }
>> 	{ "CA"  "C" "sp2" }
>> 	{ "CB"  "C" "sp2" }
>> 	{ "CC"  "C" "sp2" }
>> 	{ "CN"  "C" "sp2" }
>> 	{ "CM"  "C" "sp2" }
>> 	{ "CK"  "C" "sp2" }
>> 	{ "CQ"  "C" "sp2" }
>> 	{ "CD"  "C" "sp2" }
>> 	{ "C5"  "C" "sp2" }
>> 	{ "C4"  "C" "sp2" }
>> 	{ "CP"  "C" "sp2" }
>> 	{ "CI"  "C" "sp3" }
>> 	{ "CJ"  "C" "sp2" }
>> 	{ "CW"  "C" "sp2" }
>> 	{ "CV"  "C" "sp2" }
>> 	{ "CR"  "C" "sp2" }
>> 	{ "CA"  "C" "sp2" }
>> 	{ "CY"  "C" "sp2" }
>> 	{ "C0"  "Ca" "sp3" }
>> 	{ "MG"  "Mg" "sp3" }
>> 	{ "N"   "N" "sp2" }
>> 	{ "NA"  "N" "sp2" }
>> 	{ "N2"  "N" "sp2" }
>> 	{ "N*"  "N" "sp2" }
>> 	{ "NP"  "N" "sp2" }
>> 	{ "NQ"  "N" "sp2" }
>> 	{ "NB"  "N" "sp2" }
>> 	{ "NC"  "N" "sp2" }
>> 	{ "NT"  "N" "sp3" }
>> 	{ "NY"  "N" "sp2" }
>> 	{ "N3"  "N" "sp3" }
>> 	{ "S"   "S" "sp3" }
>> 	{ "SH"  "S" "sp3" }
>> 	{ "P"   "P" "sp3" }
>> 	{ "LP"  ""  "sp3" }
>> 	{ "EP"  ""  "sp3" }
>> 	{ "F"   "F" "sp3" }
>> 	{ "Cl"  "Cl" "sp3" }
>> 	{ "Br"  "Br" "sp3" }
>> 	{ "I"   "I"  "sp3" }
>> }
>> #
>> #	Load the main parameter set.
>> #
>> set default cmap on
>> parm19 = loadamberparams parm19.dat
Loading parameters: /home/johann/miniconda3/dat/leap/parm/parm19.dat
Reading title:
PARM99 + frcmod.ff99SB + frcmod.parmbsc0 + OL3 for RNA + ff19SB
(UNKNOWN ATOM TYPE: Zn)
(UNKNOWN ATOM TYPE: EP)
>> frcmod19SB = loadamberparams frcmod.ff19SB
Loading parameters: /home/johann/miniconda3/dat/leap/parm/frcmod.ff19SB
Reading force field modification type file (frcmod)
Reading title:
ff19SB AA-specific backbone CMAPs for protein 07/25/2019
>> #
>> #	Load main chain and terminating amino acid libraries
>> #
>> loadOff amino19.lib
Loading library: /home/johann/miniconda3/dat/leap/lib/amino19.lib
Loading: ALA
Loading: ARG
Loading: ASH
Loading: ASN
Loading: ASP
Loading: CYM
Loading: CYS
Loading: CYX
Loading: GLH
Loading: GLN
Loading: GLU
Loading: GLY
Loading: HID
Loading: HIE
Loading: HIP
Loading: HYP
Loading: ILE
Loading: LEU
Loading: LYN
Loading: LYS
Loading: MET
Loading: PHE
Loading: PRO
Loading: SER
Loading: THR
Loading: TRP
Loading: TYR
Loading: VAL
>> loadOff aminoct12.lib
Loading library: /home/johann/miniconda3/dat/leap/lib/aminoct12.lib
Loading: CALA
Loading: CARG
Loading: CASN
Loading: CASP
Loading: CCYS
Loading: CCYX
Loading: CGLN
Loading: CGLU
Loading: CGLY
Loading: CHID
Loading: CHIE
Loading: CHIP
Loading: CHYP
Loading: CILE
Loading: CLEU
Loading: CLYS
Loading: CMET
Loading: CPHE
Loading: CPRO
Loading: CSER
Loading: CTHR
Loading: CTRP
Loading: CTYR
Loading: CVAL
Loading: NHE
Loading: NME
>> loadOff aminont12.lib
Loading library: /home/johann/miniconda3/dat/leap/lib/aminont12.lib
Loading: ACE
Loading: NALA
Loading: NARG
Loading: NASN
Loading: NASP
Loading: NCYS
Loading: NCYX
Loading: NGLN
Loading: NGLU
Loading: NGLY
Loading: NHID
Loading: NHIE
Loading: NHIP
Loading: NILE
Loading: NLEU
Loading: NLYS
Loading: NMET
Loading: NPHE
Loading: NPRO
Loading: NSER
Loading: NTHR
Loading: NTRP
Loading: NTYR
Loading: NVAL
>> 
>> #
>> #	Define the PDB name map for the amino acids
>> #
>> addPdbResMap {
>>   { 0 "HYP" "NHYP" } { 1 "HYP" "CHYP" }
>>   { 0 "ALA" "NALA" } { 1 "ALA" "CALA" }
>>   { 0 "ARG" "NARG" } { 1 "ARG" "CARG" }
>>   { 0 "ASN" "NASN" } { 1 "ASN" "CASN" }
>>   { 0 "ASP" "NASP" } { 1 "ASP" "CASP" }
>>   { 0 "CYS" "NCYS" } { 1 "CYS" "CCYS" }
>>   { 0 "CYX" "NCYX" } { 1 "CYX" "CCYX" }
>>   { 0 "GLN" "NGLN" } { 1 "GLN" "CGLN" }
>>   { 0 "GLU" "NGLU" } { 1 "GLU" "CGLU" }
>>   { 0 "GLY" "NGLY" } { 1 "GLY" "CGLY" }
>>   { 0 "HID" "NHID" } { 1 "HID" "CHID" }
>>   { 0 "HIE" "NHIE" } { 1 "HIE" "CHIE" }
>>   { 0 "HIP" "NHIP" } { 1 "HIP" "CHIP" }
>>   { 0 "ILE" "NILE" } { 1 "ILE" "CILE" }
>>   { 0 "LEU" "NLEU" } { 1 "LEU" "CLEU" }
>>   { 0 "LYS" "NLYS" } { 1 "LYS" "CLYS" }
>>   { 0 "MET" "NMET" } { 1 "MET" "CMET" }
>>   { 0 "PHE" "NPHE" } { 1 "PHE" "CPHE" }
>>   { 0 "PRO" "NPRO" } { 1 "PRO" "CPRO" }
>>   { 0 "SER" "NSER" } { 1 "SER" "CSER" }
>>   { 0 "THR" "NTHR" } { 1 "THR" "CTHR" }
>>   { 0 "TRP" "NTRP" } { 1 "TRP" "CTRP" }
>>   { 0 "TYR" "NTYR" } { 1 "TYR" "CTYR" }
>>   { 0 "VAL" "NVAL" } { 1 "VAL" "CVAL" }
>>   { 0 "HIS" "NHIS" } { 1 "HIS" "CHIS" }
>> }
>> 
>> #
>> # assume that most often proteins use HIE
>> #
>> NHIS = NHIE
>> HIS = HIE
>> CHIS = CHIE
> 
> source leaprc.gaff
----- Source: /home/johann/miniconda3/dat/leap/cmd/leaprc.gaff
----- Source of /home/johann/miniconda3/dat/leap/cmd/leaprc.gaff done
>> logFile leap.log
log started: Mon May 19 15:00:24 2025

Log file: ./leap.log
>> #
>> # ----- leaprc for loading the general Amber Force field.
>> #       This file is mostly for use with Antechamber
>> #
>> #	load atom type hybridizations
>> #
>> addAtomTypes {
>> 	{ "h1"  "H" "sp3" }
>> 	{ "h2"  "H" "sp3" }
>> 	{ "h3"  "H" "sp3" }
>> 	{ "h4"  "H" "sp3" }
>> 	{ "h5"  "H" "sp3" }
>> 	{ "ha"  "H" "sp3" }
>> 	{ "hc"  "H" "sp3" }
>> 	{ "hn"  "H" "sp3" }
>> 	{ "ho"  "H" "sp3" }
>> 	{ "hp"  "H" "sp3" }
>> 	{ "hs"  "H" "sp3" }
>> 	{ "hw"  "H" "sp3" }
>> 	{ "hx"  "H" "sp3" }
>> 	{ "o"  "O" "sp2" }
>> 	{ "o2"  "O" "sp2" }
>> 	{ "oh"  "O" "sp3" }
>> 	{ "op"  "O" "sp3" }
>> 	{ "oq"  "O" "sp3" }
>> 	{ "os"  "O" "sp3" }
>> 	{ "ow"  "O" "sp3" }
>> 	{ "c"  "C" "sp2" }
>> 	{ "c1"  "C" "sp2" }
>> 	{ "c2"  "C" "sp2" }
>> 	{ "c3"  "C" "sp3" }
>> 	{ "ca"  "C" "sp2" }
>> 	{ "cc"  "C" "sp2" }
>> 	{ "cd"  "C" "sp2" }
>> 	{ "ce"  "C" "sp2" }
>> 	{ "cf"  "C" "sp2" }
>> 	{ "cg"  "C" "sp2" }
>> 	{ "ch"  "C" "sp2" }
>> 	{ "cp"  "C" "sp2" }
>> 	{ "cq"  "C" "sp2" }
>> 	{ "cu"  "C" "sp2" }
>> 	{ "cv"  "C" "sp2" }
>> 	{ "cx"  "C" "sp2" }
>> 	{ "cy"  "C" "sp2" }
>> 	{ "cz"  "C" "sp2" }
>> 	{ "n"   "N" "sp2" }
>> 	{ "n1"  "N" "sp2" }
>> 	{ "n2"  "N" "sp2" }
>> 	{ "n3"  "N" "sp3" }
>> 	{ "n4"  "N" "sp3" }
>> 	{ "na"  "N" "sp2" }
>> 	{ "nb"  "N" "sp2" }
>> 	{ "nc"  "N" "sp2" }
>> 	{ "nd"  "N" "sp2" }
>> 	{ "ne"  "N" "sp2" }
>> 	{ "nf"  "N" "sp2" }
>> 	{ "nh"  "N" "sp2" }
>> 	{ "ni"  "N" "sp2" }
>> 	{ "nj"  "N" "sp2" }
>> 	{ "nk"  "N" "sp3" }
>> 	{ "nl"  "N" "sp3" }
>> 	{ "nm"  "N" "sp2" }
>> 	{ "nn"  "N" "sp2" }
>> 	{ "no"  "N" "sp2" }
>> 	{ "np"  "N" "sp3" }
>> 	{ "nq"  "N" "sp3" }
>> 	{ "s"   "S" "sp2" }
>> 	{ "s2"   "S" "sp2" }
>> 	{ "s3"   "S" "sp3" }
>> 	{ "s4"   "S" "sp3" }
>> 	{ "s6"   "S" "sp3" }
>> 	{ "sh"   "S" "sp3" }
>> 	{ "sp"   "S" "sp3" }
>> 	{ "sq"   "S" "sp3" }
>> 	{ "ss"   "S" "sp3" }
>> 	{ "sx"   "S" "sp3" }
>> 	{ "sy"   "S" "sp3" }
>> 	{ "p2"   "P" "sp2" }
>> 	{ "p3"   "P" "sp3" }
>> 	{ "p4"   "P" "sp3" }
>> 	{ "p5"   "P" "sp3" }
>> 	{ "pb"   "P" "sp3" }
>> 	{ "pc"   "P" "sp3" }
>> 	{ "pd"   "P" "sp3" }
>> 	{ "pe"   "P" "sp3" }
>> 	{ "pf"   "P" "sp3" }
>> 	{ "px"   "P" "sp3" }
>> 	{ "py"   "P" "sp3" }
>> 	{ "f"   "F" "sp3" }
>> 	{ "cl"  "Cl" "sp3" }
>> 	{ "br"  "Br" "sp3" }
>> 	{ "i"   "I"  "sp3" }
>> }
>> #
>> #	Load the general force field parameter set.
>> #
>> gaff = loadamberparams gaff.dat
Loading parameters: /home/johann/miniconda3/dat/leap/parm/gaff.dat
Reading title:
AMBER General Force Field for organic molecules (Version 1.81, May 2017)
> 
> loadamberparams ./2oxd/LIGAND.frcmod
Loading parameters: ./2oxd/LIGAND.frcmod
Reading force field modification type file (frcmod)
Reading title:
Remark line goes here
> LIG = loadmol2 ./2oxd/LIGAND.mol2
Loading Mol2 file: ./2oxd/LIGAND.mol2
Reading MOLECULE named K32
> PROT = loadpdb ./2oxd/PROTEIN.pdb
Loading PDB file: ./2oxd/PROTEIN.pdb
Matching PDB residue names to LEaP variables.
  Added missing heavy atom: .R<ACE 38>.A<CH3 2>
  Added missing heavy atom: .R<NME 43>.A<C 3>
  Added missing heavy atom: .R<ACE 44>.A<CH3 2>
  Added missing heavy atom: .R<NME 50>.A<C 3>
  Added missing heavy atom: .R<ACE 51>.A<CH3 2>
  Added missing heavy atom: .R<NME 56>.A<C 3>
  Added missing heavy atom: .R<ACE 57>.A<CH3 2>
  Added missing heavy atom: .R<NME 59>.A<C 3>
  Added missing heavy atom: .R<ACE 60>.A<CH3 2>
  Added missing heavy atom: .R<NME 63>.A<C 3>
  Added missing heavy atom: .R<ACE 64>.A<CH3 2>
  Added missing heavy atom: .R<NME 75>.A<C 3>
  Added missing heavy atom: .R<ACE 76>.A<CH3 2>
  Added missing heavy atom: .R<NME 82>.A<C 3>
  Added missing heavy atom: .R<ACE 83>.A<CH3 2>
  Added missing heavy atom: .R<NME 91>.A<C 3>
  total atoms in file: 677
  Leap added 64 missing atoms according to residue templates:
       16 Heavy
       48 H / lone pairs
> COMPLEX = combine {PROT LIG}
  Sequence: default_name
  Sequence: K32
> saveamberparm COMPLEX ./2oxd/2oxd.top ./2oxd/2oxd.crd
Checking Unit.
Building topology.
Building atom parameters.
Building bond parameters.
Building angle parameters.
Building proper torsion parameters.
Building improper torsion parameters.
 total 151 improper torsions applied
Building H-Bond parameters.
Incorporating Non-Bonded adjustments.
Not Marking per-residue atom chain types.
Marking per-residue atom chain types.
  (Residues lacking connect0/connect1 - 
   these don't have chain types marked:

	res	total affected

	K32	1
  )
 (no restraints)
> savepdb COMPLEX ./2oxd/2oxd.pdb
Writing pdb file: ./2oxd/2oxd.pdb
 quit
	Quit

Exiting LEaP: Errors = 0; Warnings = 0; Notes = 0.
log started: Mon May 19 15:05:12 2025

Log file: ./leap.log
>> #
>> # ----- leaprc for loading the ff19SB force field
>> # ----- NOTE: this is designed for PDB format 3!
>> #
>> #	load atom type hybridizations
>> #
>> addAtomTypes {
>> 	{ "H"   "H" "sp3" }
>> 	{ "HO"  "H" "sp3" }
>> 	{ "HS"  "H" "sp3" }
>> 	{ "H1"  "H" "sp3" }
>> 	{ "H2"  "H" "sp3" }
>> 	{ "H3"  "H" "sp3" }
>> 	{ "H4"  "H" "sp3" }
>> 	{ "H5"  "H" "sp3" }
>> 	{ "HW"  "H" "sp3" }
>> 	{ "HC"  "H" "sp3" }
>> 	{ "HA"  "H" "sp3" }
>> 	{ "HP"  "H" "sp3" }
>> 	{ "HZ"  "H" "sp3" }
>> 	{ "OH"  "O" "sp3" }
>> 	{ "OS"  "O" "sp3" }
>> 	{ "O"   "O" "sp2" }
>> 	{ "O2"  "O" "sp2" }
>> 	{ "OP"  "O" "sp2" }
>> 	{ "OW"  "O" "sp3" }
>> 	{ "CT"  "C" "sp3" }
>> 	{ "CX"  "C" "sp3" }
>> 	{ "XC"  "C" "sp3" }
>> 	{ "C8"  "C" "sp3" }
>> 	{ "2C"  "C" "sp3" }
>> 	{ "3C"  "C" "sp3" }
>> 	{ "CH"  "C" "sp3" }
>> 	{ "CS"  "C" "sp2" }
>> 	{ "C"   "C" "sp2" }
>> 	{ "CO"   "C" "sp2" }
>> 	{ "C*"  "C" "sp2" }
>> 	{ "CA"  "C" "sp2" }
>> 	{ "CB"  "C" "sp2" }
>> 	{ "CC"  "C" "sp2" }
>> 	{ "CN"  "C" "sp2" }
>> 	{ "CM"  "C" "sp2" }
>> 	{ "CK"  "C" "sp2" }
>> 	{ "CQ"  "C" "sp2" }
>> 	{ "CD"  "C" "sp2" }
>> 	{ "C5"  "C" "sp2" }
>> 	{ "C4"  "C" "sp2" }
>> 	{ "CP"  "C" "sp2" }
>> 	{ "CI"  "C" "sp3" }
>> 	{ "CJ"  "C" "sp2" }
>> 	{ "CW"  "C" "sp2" }
>> 	{ "CV"  "C" "sp2" }
>> 	{ "CR"  "C" "sp2" }
>> 	{ "CA"  "C" "sp2" }
>> 	{ "CY"  "C" "sp2" }
>> 	{ "C0"  "Ca" "sp3" }
>> 	{ "MG"  "Mg" "sp3" }
>> 	{ "N"   "N" "sp2" }
>> 	{ "NA"  "N" "sp2" }
>> 	{ "N2"  "N" "sp2" }
>> 	{ "N*"  "N" "sp2" }
>> 	{ "NP"  "N" "sp2" }
>> 	{ "NQ"  "N" "sp2" }
>> 	{ "NB"  "N" "sp2" }
>> 	{ "NC"  "N" "sp2" }
>> 	{ "NT"  "N" "sp3" }
>> 	{ "NY"  "N" "sp2" }
>> 	{ "N3"  "N" "sp3" }
>> 	{ "S"   "S" "sp3" }
>> 	{ "SH"  "S" "sp3" }
>> 	{ "P"   "P" "sp3" }
>> 	{ "LP"  ""  "sp3" }
>> 	{ "EP"  ""  "sp3" }
>> 	{ "F"   "F" "sp3" }
>> 	{ "Cl"  "Cl" "sp3" }
>> 	{ "Br"  "Br" "sp3" }
>> 	{ "I"   "I"  "sp3" }
>> }
>> #
>> #	Load the main parameter set.
>> #
>> set default cmap on
>> parm19 = loadamberparams parm19.dat
Loading parameters: /home/johann/miniconda3/dat/leap/parm/parm19.dat
Reading title:
PARM99 + frcmod.ff99SB + frcmod.parmbsc0 + OL3 for RNA + ff19SB
(UNKNOWN ATOM TYPE: Zn)
(UNKNOWN ATOM TYPE: EP)
>> frcmod19SB = loadamberparams frcmod.ff19SB
Loading parameters: /home/johann/miniconda3/dat/leap/parm/frcmod.ff19SB
Reading force field modification type file (frcmod)
Reading title:
ff19SB AA-specific backbone CMAPs for protein 07/25/2019
>> #
>> #	Load main chain and terminating amino acid libraries
>> #
>> loadOff amino19.lib
Loading library: /home/johann/miniconda3/dat/leap/lib/amino19.lib
Loading: ALA
Loading: ARG
Loading: ASH
Loading: ASN
Loading: ASP
Loading: CYM
Loading: CYS
Loading: CYX
Loading: GLH
Loading: GLN
Loading: GLU
Loading: GLY
Loading: HID
Loading: HIE
Loading: HIP
Loading: HYP
Loading: ILE
Loading: LEU
Loading: LYN
Loading: LYS
Loading: MET
Loading: PHE
Loading: PRO
Loading: SER
Loading: THR
Loading: TRP
Loading: TYR
Loading: VAL
>> loadOff aminoct12.lib
Loading library: /home/johann/miniconda3/dat/leap/lib/aminoct12.lib
Loading: CALA
Loading: CARG
Loading: CASN
Loading: CASP
Loading: CCYS
Loading: CCYX
Loading: CGLN
Loading: CGLU
Loading: CGLY
Loading: CHID
Loading: CHIE
Loading: CHIP
Loading: CHYP
Loading: CILE
Loading: CLEU
Loading: CLYS
Loading: CMET
Loading: CPHE
Loading: CPRO
Loading: CSER
Loading: CTHR
Loading: CTRP
Loading: CTYR
Loading: CVAL
Loading: NHE
Loading: NME
>> loadOff aminont12.lib
Loading library: /home/johann/miniconda3/dat/leap/lib/aminont12.lib
Loading: ACE
Loading: NALA
Loading: NARG
Loading: NASN
Loading: NASP
Loading: NCYS
Loading: NCYX
Loading: NGLN
Loading: NGLU
Loading: NGLY
Loading: NHID
Loading: NHIE
Loading: NHIP
Loading: NILE
Loading: NLEU
Loading: NLYS
Loading: NMET
Loading: NPHE
Loading: NPRO
Loading: NSER
Loading: NTHR
Loading: NTRP
Loading: NTYR
Loading: NVAL
>> 
>> #
>> #	Define the PDB name map for the amino acids
>> #
>> addPdbResMap {
>>   { 0 "HYP" "NHYP" } { 1 "HYP" "CHYP" }
>>   { 0 "ALA" "NALA" } { 1 "ALA" "CALA" }
>>   { 0 "ARG" "NARG" } { 1 "ARG" "CARG" }
>>   { 0 "ASN" "NASN" } { 1 "ASN" "CASN" }
>>   { 0 "ASP" "NASP" } { 1 "ASP" "CASP" }
>>   { 0 "CYS" "NCYS" } { 1 "CYS" "CCYS" }
>>   { 0 "CYX" "NCYX" } { 1 "CYX" "CCYX" }
>>   { 0 "GLN" "NGLN" } { 1 "GLN" "CGLN" }
>>   { 0 "GLU" "NGLU" } { 1 "GLU" "CGLU" }
>>   { 0 "GLY" "NGLY" } { 1 "GLY" "CGLY" }
>>   { 0 "HID" "NHID" } { 1 "HID" "CHID" }
>>   { 0 "HIE" "NHIE" } { 1 "HIE" "CHIE" }
>>   { 0 "HIP" "NHIP" } { 1 "HIP" "CHIP" }
>>   { 0 "ILE" "NILE" } { 1 "ILE" "CILE" }
>>   { 0 "LEU" "NLEU" } { 1 "LEU" "CLEU" }
>>   { 0 "LYS" "NLYS" } { 1 "LYS" "CLYS" }
>>   { 0 "MET" "NMET" } { 1 "MET" "CMET" }
>>   { 0 "PHE" "NPHE" } { 1 "PHE" "CPHE" }
>>   { 0 "PRO" "NPRO" } { 1 "PRO" "CPRO" }
>>   { 0 "SER" "NSER" } { 1 "SER" "CSER" }
>>   { 0 "THR" "NTHR" } { 1 "THR" "CTHR" }
>>   { 0 "TRP" "NTRP" } { 1 "TRP" "CTRP" }
>>   { 0 "TYR" "NTYR" } { 1 "TYR" "CTYR" }
>>   { 0 "VAL" "NVAL" } { 1 "VAL" "CVAL" }
>>   { 0 "HIS" "NHIS" } { 1 "HIS" "CHIS" }
>> }
>> 
>> #
>> # assume that most often proteins use HIE
>> #
>> NHIS = NHIE
>> HIS = HIE
>> CHIS = CHIE
> 
> source leaprc.gaff
----- Source: /home/johann/miniconda3/dat/leap/cmd/leaprc.gaff
----- Source of /home/johann/miniconda3/dat/leap/cmd/leaprc.gaff done
>> logFile leap.log
log started: Mon May 19 15:05:12 2025

Log file: ./leap.log
>> #
>> # ----- leaprc for loading the general Amber Force field.
>> #       This file is mostly for use with Antechamber
>> #
>> #	load atom type hybridizations
>> #
>> addAtomTypes {
>> 	{ "h1"  "H" "sp3" }
>> 	{ "h2"  "H" "sp3" }
>> 	{ "h3"  "H" "sp3" }
>> 	{ "h4"  "H" "sp3" }
>> 	{ "h5"  "H" "sp3" }
>> 	{ "ha"  "H" "sp3" }
>> 	{ "hc"  "H" "sp3" }
>> 	{ "hn"  "H" "sp3" }
>> 	{ "ho"  "H" "sp3" }
>> 	{ "hp"  "H" "sp3" }
>> 	{ "hs"  "H" "sp3" }
>> 	{ "hw"  "H" "sp3" }
>> 	{ "hx"  "H" "sp3" }
>> 	{ "o"  "O" "sp2" }
>> 	{ "o2"  "O" "sp2" }
>> 	{ "oh"  "O" "sp3" }
>> 	{ "op"  "O" "sp3" }
>> 	{ "oq"  "O" "sp3" }
>> 	{ "os"  "O" "sp3" }
>> 	{ "ow"  "O" "sp3" }
>> 	{ "c"  "C" "sp2" }
>> 	{ "c1"  "C" "sp2" }
>> 	{ "c2"  "C" "sp2" }
>> 	{ "c3"  "C" "sp3" }
>> 	{ "ca"  "C" "sp2" }
>> 	{ "cc"  "C" "sp2" }
>> 	{ "cd"  "C" "sp2" }
>> 	{ "ce"  "C" "sp2" }
>> 	{ "cf"  "C" "sp2" }
>> 	{ "cg"  "C" "sp2" }
>> 	{ "ch"  "C" "sp2" }
>> 	{ "cp"  "C" "sp2" }
>> 	{ "cq"  "C" "sp2" }
>> 	{ "cu"  "C" "sp2" }
>> 	{ "cv"  "C" "sp2" }
>> 	{ "cx"  "C" "sp2" }
>> 	{ "cy"  "C" "sp2" }
>> 	{ "cz"  "C" "sp2" }
>> 	{ "n"   "N" "sp2" }
>> 	{ "n1"  "N" "sp2" }
>> 	{ "n2"  "N" "sp2" }
>> 	{ "n3"  "N" "sp3" }
>> 	{ "n4"  "N" "sp3" }
>> 	{ "na"  "N" "sp2" }
>> 	{ "nb"  "N" "sp2" }
>> 	{ "nc"  "N" "sp2" }
>> 	{ "nd"  "N" "sp2" }
>> 	{ "ne"  "N" "sp2" }
>> 	{ "nf"  "N" "sp2" }
>> 	{ "nh"  "N" "sp2" }
>> 	{ "ni"  "N" "sp2" }
>> 	{ "nj"  "N" "sp2" }
>> 	{ "nk"  "N" "sp3" }
>> 	{ "nl"  "N" "sp3" }
>> 	{ "nm"  "N" "sp2" }
>> 	{ "nn"  "N" "sp2" }
>> 	{ "no"  "N" "sp2" }
>> 	{ "np"  "N" "sp3" }
>> 	{ "nq"  "N" "sp3" }
>> 	{ "s"   "S" "sp2" }
>> 	{ "s2"   "S" "sp2" }
>> 	{ "s3"   "S" "sp3" }
>> 	{ "s4"   "S" "sp3" }
>> 	{ "s6"   "S" "sp3" }
>> 	{ "sh"   "S" "sp3" }
>> 	{ "sp"   "S" "sp3" }
>> 	{ "sq"   "S" "sp3" }
>> 	{ "ss"   "S" "sp3" }
>> 	{ "sx"   "S" "sp3" }
>> 	{ "sy"   "S" "sp3" }
>> 	{ "p2"   "P" "sp2" }
>> 	{ "p3"   "P" "sp3" }
>> 	{ "p4"   "P" "sp3" }
>> 	{ "p5"   "P" "sp3" }
>> 	{ "pb"   "P" "sp3" }
>> 	{ "pc"   "P" "sp3" }
>> 	{ "pd"   "P" "sp3" }
>> 	{ "pe"   "P" "sp3" }
>> 	{ "pf"   "P" "sp3" }
>> 	{ "px"   "P" "sp3" }
>> 	{ "py"   "P" "sp3" }
>> 	{ "f"   "F" "sp3" }
>> 	{ "cl"  "Cl" "sp3" }
>> 	{ "br"  "Br" "sp3" }
>> 	{ "i"   "I"  "sp3" }
>> }
>> #
>> #	Load the general force field parameter set.
>> #
>> gaff = loadamberparams gaff.dat
Loading parameters: /home/johann/miniconda3/dat/leap/parm/gaff.dat
Reading title:
AMBER General Force Field for organic molecules (Version 1.81, May 2017)
> 
> loadamberparams ./2r9w/LIGAND.frcmod
Loading parameters: ./2r9w/LIGAND.frcmod
Reading force field modification type file (frcmod)
Reading title:
Remark line goes here
> LIG = loadmol2 ./2r9w/LIGAND.mol2
Loading Mol2 file: ./2r9w/LIGAND.mol2
Reading MOLECULE named 23C
> PROT = loadpdb ./2r9w/PROTEIN.pdb
Loading PDB file: ./2r9w/PROTEIN.pdb
Matching PDB residue names to LEaP variables.
  Added missing heavy atom: .R<ACE 57>.A<CH3 2>
  Added missing heavy atom: .R<NME 65>.A<C 3>
  Added missing heavy atom: .R<ACE 66>.A<CH3 2>
  Added missing heavy atom: .R<NME 70>.A<C 3>
  Added missing heavy atom: .R<ACE 71>.A<CH3 2>
  Added missing heavy atom: .R<NME 75>.A<C 3>
  Added missing heavy atom: .R<ACE 76>.A<CH3 2>
  Added missing heavy atom: .R<NME 78>.A<C 3>
  Added missing heavy atom: .R<ACE 79>.A<CH3 2>
  Added missing heavy atom: .R<NME 86>.A<C 3>
  Added missing heavy atom: .R<ACE 87>.A<CH3 2>
  Added missing heavy atom: .R<NME 89>.A<C 3>
  Added missing heavy atom: .R<ACE 90>.A<CH3 2>
  Added missing heavy atom: .R<NME 94>.A<C 3>
  Added missing heavy atom: .R<ACE 95>.A<CH3 2>
  Added missing heavy atom: .R<NME 97>.A<C 3>
  Added missing heavy atom: .R<ACE 98>.A<CH3 2>
  Added missing heavy atom: .R<NME 101>.A<C 3>
  Added missing heavy atom: .R<ACE 102>.A<CH3 2>
  Added missing heavy atom: .R<NME 113>.A<C 3>
  Added missing heavy atom: .R<ACE 114>.A<CH3 2>
  Added missing heavy atom: .R<NME 116>.A<C 3>
  Added missing heavy atom: .R<ACE 117>.A<CH3 2>
  Added missing heavy atom: .R<NME 119>.A<C 3>
  Added missing heavy atom: .R<ACE 120>.A<CH3 2>
  Added missing heavy atom: .R<NME 122>.A<C 3>
  total atoms in file: 618
  Leap added 106 missing atoms according to residue templates:
       26 Heavy
       80 H / lone pairs
> COMPLEX = combine {PROT LIG}
  Sequence: default_name
  Sequence: 23C
> saveamberparm COMPLEX ./2r9w/2r9w.top ./2r9w/2r9w.crd
Checking Unit.

/home/johann/miniconda3/bin/teLeap: Warning!
The unperturbed charge of the unit (1.000000) is not zero.

/home/johann/miniconda3/bin/teLeap: Note.
Ignoring the warning from Unit Checking.

Building topology.
Building atom parameters.
Building bond parameters.
Building angle parameters.
Building proper torsion parameters.
Building improper torsion parameters.
 total 170 improper torsions applied
Building H-Bond parameters.
Incorporating Non-Bonded adjustments.
Not Marking per-residue atom chain types.
Marking per-residue atom chain types.
  (Residues lacking connect0/connect1 - 
   these don't have chain types marked:

	res	total affected

	23C	1
  )
 (no restraints)
> savepdb COMPLEX ./2r9w/2r9w.pdb
Writing pdb file: ./2r9w/2r9w.pdb
 quit
	Quit

Exiting LEaP: Errors = 0; Warnings = 1; Notes = 1.
log started: Mon May 19 15:10:06 2025

Log file: ./leap.log
>> #
>> # ----- leaprc for loading the ff19SB force field
>> # ----- NOTE: this is designed for PDB format 3!
>> #
>> #	load atom type hybridizations
>> #
>> addAtomTypes {
>> 	{ "H"   "H" "sp3" }
>> 	{ "HO"  "H" "sp3" }
>> 	{ "HS"  "H" "sp3" }
>> 	{ "H1"  "H" "sp3" }
>> 	{ "H2"  "H" "sp3" }
>> 	{ "H3"  "H" "sp3" }
>> 	{ "H4"  "H" "sp3" }
>> 	{ "H5"  "H" "sp3" }
>> 	{ "HW"  "H" "sp3" }
>> 	{ "HC"  "H" "sp3" }
>> 	{ "HA"  "H" "sp3" }
>> 	{ "HP"  "H" "sp3" }
>> 	{ "HZ"  "H" "sp3" }
>> 	{ "OH"  "O" "sp3" }
>> 	{ "OS"  "O" "sp3" }
>> 	{ "O"   "O" "sp2" }
>> 	{ "O2"  "O" "sp2" }
>> 	{ "OP"  "O" "sp2" }
>> 	{ "OW"  "O" "sp3" }
>> 	{ "CT"  "C" "sp3" }
>> 	{ "CX"  "C" "sp3" }
>> 	{ "XC"  "C" "sp3" }
>> 	{ "C8"  "C" "sp3" }
>> 	{ "2C"  "C" "sp3" }
>> 	{ "3C"  "C" "sp3" }
>> 	{ "CH"  "C" "sp3" }
>> 	{ "CS"  "C" "sp2" }
>> 	{ "C"   "C" "sp2" }
>> 	{ "CO"   "C" "sp2" }
>> 	{ "C*"  "C" "sp2" }
>> 	{ "CA"  "C" "sp2" }
>> 	{ "CB"  "C" "sp2" }
>> 	{ "CC"  "C" "sp2" }
>> 	{ "CN"  "C" "sp2" }
>> 	{ "CM"  "C" "sp2" }
>> 	{ "CK"  "C" "sp2" }
>> 	{ "CQ"  "C" "sp2" }
>> 	{ "CD"  "C" "sp2" }
>> 	{ "C5"  "C" "sp2" }
>> 	{ "C4"  "C" "sp2" }
>> 	{ "CP"  "C" "sp2" }
>> 	{ "CI"  "C" "sp3" }
>> 	{ "CJ"  "C" "sp2" }
>> 	{ "CW"  "C" "sp2" }
>> 	{ "CV"  "C" "sp2" }
>> 	{ "CR"  "C" "sp2" }
>> 	{ "CA"  "C" "sp2" }
>> 	{ "CY"  "C" "sp2" }
>> 	{ "C0"  "Ca" "sp3" }
>> 	{ "MG"  "Mg" "sp3" }
>> 	{ "N"   "N" "sp2" }
>> 	{ "NA"  "N" "sp2" }
>> 	{ "N2"  "N" "sp2" }
>> 	{ "N*"  "N" "sp2" }
>> 	{ "NP"  "N" "sp2" }
>> 	{ "NQ"  "N" "sp2" }
>> 	{ "NB"  "N" "sp2" }
>> 	{ "NC"  "N" "sp2" }
>> 	{ "NT"  "N" "sp3" }
>> 	{ "NY"  "N" "sp2" }
>> 	{ "N3"  "N" "sp3" }
>> 	{ "S"   "S" "sp3" }
>> 	{ "SH"  "S" "sp3" }
>> 	{ "P"   "P" "sp3" }
>> 	{ "LP"  ""  "sp3" }
>> 	{ "EP"  ""  "sp3" }
>> 	{ "F"   "F" "sp3" }
>> 	{ "Cl"  "Cl" "sp3" }
>> 	{ "Br"  "Br" "sp3" }
>> 	{ "I"   "I"  "sp3" }
>> }
>> #
>> #	Load the main parameter set.
>> #
>> set default cmap on
>> parm19 = loadamberparams parm19.dat
Loading parameters: /home/johann/miniconda3/dat/leap/parm/parm19.dat
Reading title:
PARM99 + frcmod.ff99SB + frcmod.parmbsc0 + OL3 for RNA + ff19SB
(UNKNOWN ATOM TYPE: Zn)
(UNKNOWN ATOM TYPE: EP)
>> frcmod19SB = loadamberparams frcmod.ff19SB
Loading parameters: /home/johann/miniconda3/dat/leap/parm/frcmod.ff19SB
Reading force field modification type file (frcmod)
Reading title:
ff19SB AA-specific backbone CMAPs for protein 07/25/2019
>> #
>> #	Load main chain and terminating amino acid libraries
>> #
>> loadOff amino19.lib
Loading library: /home/johann/miniconda3/dat/leap/lib/amino19.lib
Loading: ALA
Loading: ARG
Loading: ASH
Loading: ASN
Loading: ASP
Loading: CYM
Loading: CYS
Loading: CYX
Loading: GLH
Loading: GLN
Loading: GLU
Loading: GLY
Loading: HID
Loading: HIE
Loading: HIP
Loading: HYP
Loading: ILE
Loading: LEU
Loading: LYN
Loading: LYS
Loading: MET
Loading: PHE
Loading: PRO
Loading: SER
Loading: THR
Loading: TRP
Loading: TYR
Loading: VAL
>> loadOff aminoct12.lib
Loading library: /home/johann/miniconda3/dat/leap/lib/aminoct12.lib
Loading: CALA
Loading: CARG
Loading: CASN
Loading: CASP
Loading: CCYS
Loading: CCYX
Loading: CGLN
Loading: CGLU
Loading: CGLY
Loading: CHID
Loading: CHIE
Loading: CHIP
Loading: CHYP
Loading: CILE
Loading: CLEU
Loading: CLYS
Loading: CMET
Loading: CPHE
Loading: CPRO
Loading: CSER
Loading: CTHR
Loading: CTRP
Loading: CTYR
Loading: CVAL
Loading: NHE
Loading: NME
>> loadOff aminont12.lib
Loading library: /home/johann/miniconda3/dat/leap/lib/aminont12.lib
Loading: ACE
Loading: NALA
Loading: NARG
Loading: NASN
Loading: NASP
Loading: NCYS
Loading: NCYX
Loading: NGLN
Loading: NGLU
Loading: NGLY
Loading: NHID
Loading: NHIE
Loading: NHIP
Loading: NILE
Loading: NLEU
Loading: NLYS
Loading: NMET
Loading: NPHE
Loading: NPRO
Loading: NSER
Loading: NTHR
Loading: NTRP
Loading: NTYR
Loading: NVAL
>> 
>> #
>> #	Define the PDB name map for the amino acids
>> #
>> addPdbResMap {
>>   { 0 "HYP" "NHYP" } { 1 "HYP" "CHYP" }
>>   { 0 "ALA" "NALA" } { 1 "ALA" "CALA" }
>>   { 0 "ARG" "NARG" } { 1 "ARG" "CARG" }
>>   { 0 "ASN" "NASN" } { 1 "ASN" "CASN" }
>>   { 0 "ASP" "NASP" } { 1 "ASP" "CASP" }
>>   { 0 "CYS" "NCYS" } { 1 "CYS" "CCYS" }
>>   { 0 "CYX" "NCYX" } { 1 "CYX" "CCYX" }
>>   { 0 "GLN" "NGLN" } { 1 "GLN" "CGLN" }
>>   { 0 "GLU" "NGLU" } { 1 "GLU" "CGLU" }
>>   { 0 "GLY" "NGLY" } { 1 "GLY" "CGLY" }
>>   { 0 "HID" "NHID" } { 1 "HID" "CHID" }
>>   { 0 "HIE" "NHIE" } { 1 "HIE" "CHIE" }
>>   { 0 "HIP" "NHIP" } { 1 "HIP" "CHIP" }
>>   { 0 "ILE" "NILE" } { 1 "ILE" "CILE" }
>>   { 0 "LEU" "NLEU" } { 1 "LEU" "CLEU" }
>>   { 0 "LYS" "NLYS" } { 1 "LYS" "CLYS" }
>>   { 0 "MET" "NMET" } { 1 "MET" "CMET" }
>>   { 0 "PHE" "NPHE" } { 1 "PHE" "CPHE" }
>>   { 0 "PRO" "NPRO" } { 1 "PRO" "CPRO" }
>>   { 0 "SER" "NSER" } { 1 "SER" "CSER" }
>>   { 0 "THR" "NTHR" } { 1 "THR" "CTHR" }
>>   { 0 "TRP" "NTRP" } { 1 "TRP" "CTRP" }
>>   { 0 "TYR" "NTYR" } { 1 "TYR" "CTYR" }
>>   { 0 "VAL" "NVAL" } { 1 "VAL" "CVAL" }
>>   { 0 "HIS" "NHIS" } { 1 "HIS" "CHIS" }
>> }
>> 
>> #
>> # assume that most often proteins use HIE
>> #
>> NHIS = NHIE
>> HIS = HIE
>> CHIS = CHIE
> 
> source leaprc.gaff
----- Source: /home/johann/miniconda3/dat/leap/cmd/leaprc.gaff
----- Source of /home/johann/miniconda3/dat/leap/cmd/leaprc.gaff done
>> logFile leap.log
log started: Mon May 19 15:10:06 2025

Log file: ./leap.log
>> #
>> # ----- leaprc for loading the general Amber Force field.
>> #       This file is mostly for use with Antechamber
>> #
>> #	load atom type hybridizations
>> #
>> addAtomTypes {
>> 	{ "h1"  "H" "sp3" }
>> 	{ "h2"  "H" "sp3" }
>> 	{ "h3"  "H" "sp3" }
>> 	{ "h4"  "H" "sp3" }
>> 	{ "h5"  "H" "sp3" }
>> 	{ "ha"  "H" "sp3" }
>> 	{ "hc"  "H" "sp3" }
>> 	{ "hn"  "H" "sp3" }
>> 	{ "ho"  "H" "sp3" }
>> 	{ "hp"  "H" "sp3" }
>> 	{ "hs"  "H" "sp3" }
>> 	{ "hw"  "H" "sp3" }
>> 	{ "hx"  "H" "sp3" }
>> 	{ "o"  "O" "sp2" }
>> 	{ "o2"  "O" "sp2" }
>> 	{ "oh"  "O" "sp3" }
>> 	{ "op"  "O" "sp3" }
>> 	{ "oq"  "O" "sp3" }
>> 	{ "os"  "O" "sp3" }
>> 	{ "ow"  "O" "sp3" }
>> 	{ "c"  "C" "sp2" }
>> 	{ "c1"  "C" "sp2" }
>> 	{ "c2"  "C" "sp2" }
>> 	{ "c3"  "C" "sp3" }
>> 	{ "ca"  "C" "sp2" }
>> 	{ "cc"  "C" "sp2" }
>> 	{ "cd"  "C" "sp2" }
>> 	{ "ce"  "C" "sp2" }
>> 	{ "cf"  "C" "sp2" }
>> 	{ "cg"  "C" "sp2" }
>> 	{ "ch"  "C" "sp2" }
>> 	{ "cp"  "C" "sp2" }
>> 	{ "cq"  "C" "sp2" }
>> 	{ "cu"  "C" "sp2" }
>> 	{ "cv"  "C" "sp2" }
>> 	{ "cx"  "C" "sp2" }
>> 	{ "cy"  "C" "sp2" }
>> 	{ "cz"  "C" "sp2" }
>> 	{ "n"   "N" "sp2" }
>> 	{ "n1"  "N" "sp2" }
>> 	{ "n2"  "N" "sp2" }
>> 	{ "n3"  "N" "sp3" }
>> 	{ "n4"  "N" "sp3" }
>> 	{ "na"  "N" "sp2" }
>> 	{ "nb"  "N" "sp2" }
>> 	{ "nc"  "N" "sp2" }
>> 	{ "nd"  "N" "sp2" }
>> 	{ "ne"  "N" "sp2" }
>> 	{ "nf"  "N" "sp2" }
>> 	{ "nh"  "N" "sp2" }
>> 	{ "ni"  "N" "sp2" }
>> 	{ "nj"  "N" "sp2" }
>> 	{ "nk"  "N" "sp3" }
>> 	{ "nl"  "N" "sp3" }
>> 	{ "nm"  "N" "sp2" }
>> 	{ "nn"  "N" "sp2" }
>> 	{ "no"  "N" "sp2" }
>> 	{ "np"  "N" "sp3" }
>> 	{ "nq"  "N" "sp3" }
>> 	{ "s"   "S" "sp2" }
>> 	{ "s2"   "S" "sp2" }
>> 	{ "s3"   "S" "sp3" }
>> 	{ "s4"   "S" "sp3" }
>> 	{ "s6"   "S" "sp3" }
>> 	{ "sh"   "S" "sp3" }
>> 	{ "sp"   "S" "sp3" }
>> 	{ "sq"   "S" "sp3" }
>> 	{ "ss"   "S" "sp3" }
>> 	{ "sx"   "S" "sp3" }
>> 	{ "sy"   "S" "sp3" }
>> 	{ "p2"   "P" "sp2" }
>> 	{ "p3"   "P" "sp3" }
>> 	{ "p4"   "P" "sp3" }
>> 	{ "p5"   "P" "sp3" }
>> 	{ "pb"   "P" "sp3" }
>> 	{ "pc"   "P" "sp3" }
>> 	{ "pd"   "P" "sp3" }
>> 	{ "pe"   "P" "sp3" }
>> 	{ "pf"   "P" "sp3" }
>> 	{ "px"   "P" "sp3" }
>> 	{ "py"   "P" "sp3" }
>> 	{ "f"   "F" "sp3" }
>> 	{ "cl"  "Cl" "sp3" }
>> 	{ "br"  "Br" "sp3" }
>> 	{ "i"   "I"  "sp3" }
>> }
>> #
>> #	Load the general force field parameter set.
>> #
>> gaff = loadamberparams gaff.dat
Loading parameters: /home/johann/miniconda3/dat/leap/parm/gaff.dat
Reading title:
AMBER General Force Field for organic molecules (Version 1.81, May 2017)
> 
> loadamberparams ./3b5r/LIGAND.frcmod
Loading parameters: ./3b5r/LIGAND.frcmod
Reading force field modification type file (frcmod)
Reading title:
Remark line goes here
> LIG = loadmol2 ./3b5r/LIGAND.mol2
Loading Mol2 file: ./3b5r/LIGAND.mol2
Reading MOLECULE named B5R
> PROT = loadpdb ./3b5r/PROTEIN.pdb
Loading PDB file: ./3b5r/PROTEIN.pdb
Matching PDB residue names to LEaP variables.
  Added missing heavy atom: .R<ACE 14>.A<CH3 2>
  Added missing heavy atom: .R<NME 18>.A<C 3>
  Added missing heavy atom: .R<ACE 19>.A<CH3 2>
  Added missing heavy atom: .R<NME 33>.A<C 3>
  Added missing heavy atom: .R<ACE 34>.A<CH3 2>
  Added missing heavy atom: .R<NME 52>.A<C 3>
  Added missing heavy atom: .R<ACE 53>.A<CH3 2>
  Added missing heavy atom: .R<NME 58>.A<C 3>
  Added missing heavy atom: .R<ACE 59>.A<CH3 2>
  Added missing heavy atom: .R<NME 61>.A<C 3>
  Added missing heavy atom: .R<ACE 62>.A<CH3 2>
  Added missing heavy atom: .R<NME 66>.A<C 3>
  Added missing heavy atom: .R<ACE 67>.A<CH3 2>
  Added missing heavy atom: .R<NME 70>.A<C 3>
  Added missing heavy atom: .R<ACE 71>.A<CH3 2>
  Added missing heavy atom: .R<NME 73>.A<C 3>
  Added missing heavy atom: .R<ACE 74>.A<CH3 2>
  Added missing heavy atom: .R<NME 77>.A<C 3>
  Added missing heavy atom: .R<ACE 78>.A<CH3 2>
  Added missing heavy atom: .R<NME 88>.A<C 3>
  Added missing heavy atom: .R<ACE 89>.A<CH3 2>
  Added missing heavy atom: .R<NME 94>.A<C 3>
  Added missing heavy atom: .R<ACE 95>.A<CH3 2>
  Added missing heavy atom: .R<NME 97>.A<C 3>
  Added missing heavy atom: .R<ACE 98>.A<CH3 2>
  Added missing heavy atom: .R<NME 101>.A<C 3>
  Added missing heavy atom: .R<ACE 102>.A<CH3 2>
  Added missing heavy atom: .R<NME 109>.A<C 3>
  total atoms in file: 1178
  Leap added 113 missing atoms according to residue templates:
       28 Heavy
       85 H / lone pairs
> COMPLEX = combine {PROT LIG}
  Sequence: default_name
  Sequence: B5R
> saveamberparm COMPLEX ./3b5r/3b5r.top ./3b5r/3b5r.crd
Checking Unit.
Building topology.
Building atom parameters.
Building bond parameters.
Building angle parameters.
Building proper torsion parameters.
Building improper torsion parameters.
 total 270 improper torsions applied
Building H-Bond parameters.
Incorporating Non-Bonded adjustments.
Not Marking per-residue atom chain types.
Marking per-residue atom chain types.
  (Residues lacking connect0/connect1 - 
   these don't have chain types marked:

	res	total affected

	B5R	1
  )
 (no restraints)
> savepdb COMPLEX ./3b5r/3b5r.pdb
Writing pdb file: ./3b5r/3b5r.pdb
 quit
	Quit

Exiting LEaP: Errors = 0; Warnings = 0; Notes = 0.
log started: Mon May 19 15:13:31 2025

Log file: ./leap.log
>> #
>> # ----- leaprc for loading the ff19SB force field
>> # ----- NOTE: this is designed for PDB format 3!
>> #
>> #	load atom type hybridizations
>> #
>> addAtomTypes {
>> 	{ "H"   "H" "sp3" }
>> 	{ "HO"  "H" "sp3" }
>> 	{ "HS"  "H" "sp3" }
>> 	{ "H1"  "H" "sp3" }
>> 	{ "H2"  "H" "sp3" }
>> 	{ "H3"  "H" "sp3" }
>> 	{ "H4"  "H" "sp3" }
>> 	{ "H5"  "H" "sp3" }
>> 	{ "HW"  "H" "sp3" }
>> 	{ "HC"  "H" "sp3" }
>> 	{ "HA"  "H" "sp3" }
>> 	{ "HP"  "H" "sp3" }
>> 	{ "HZ"  "H" "sp3" }
>> 	{ "OH"  "O" "sp3" }
>> 	{ "OS"  "O" "sp3" }
>> 	{ "O"   "O" "sp2" }
>> 	{ "O2"  "O" "sp2" }
>> 	{ "OP"  "O" "sp2" }
>> 	{ "OW"  "O" "sp3" }
>> 	{ "CT"  "C" "sp3" }
>> 	{ "CX"  "C" "sp3" }
>> 	{ "XC"  "C" "sp3" }
>> 	{ "C8"  "C" "sp3" }
>> 	{ "2C"  "C" "sp3" }
>> 	{ "3C"  "C" "sp3" }
>> 	{ "CH"  "C" "sp3" }
>> 	{ "CS"  "C" "sp2" }
>> 	{ "C"   "C" "sp2" }
>> 	{ "CO"   "C" "sp2" }
>> 	{ "C*"  "C" "sp2" }
>> 	{ "CA"  "C" "sp2" }
>> 	{ "CB"  "C" "sp2" }
>> 	{ "CC"  "C" "sp2" }
>> 	{ "CN"  "C" "sp2" }
>> 	{ "CM"  "C" "sp2" }
>> 	{ "CK"  "C" "sp2" }
>> 	{ "CQ"  "C" "sp2" }
>> 	{ "CD"  "C" "sp2" }
>> 	{ "C5"  "C" "sp2" }
>> 	{ "C4"  "C" "sp2" }
>> 	{ "CP"  "C" "sp2" }
>> 	{ "CI"  "C" "sp3" }
>> 	{ "CJ"  "C" "sp2" }
>> 	{ "CW"  "C" "sp2" }
>> 	{ "CV"  "C" "sp2" }
>> 	{ "CR"  "C" "sp2" }
>> 	{ "CA"  "C" "sp2" }
>> 	{ "CY"  "C" "sp2" }
>> 	{ "C0"  "Ca" "sp3" }
>> 	{ "MG"  "Mg" "sp3" }
>> 	{ "N"   "N" "sp2" }
>> 	{ "NA"  "N" "sp2" }
>> 	{ "N2"  "N" "sp2" }
>> 	{ "N*"  "N" "sp2" }
>> 	{ "NP"  "N" "sp2" }
>> 	{ "NQ"  "N" "sp2" }
>> 	{ "NB"  "N" "sp2" }
>> 	{ "NC"  "N" "sp2" }
>> 	{ "NT"  "N" "sp3" }
>> 	{ "NY"  "N" "sp2" }
>> 	{ "N3"  "N" "sp3" }
>> 	{ "S"   "S" "sp3" }
>> 	{ "SH"  "S" "sp3" }
>> 	{ "P"   "P" "sp3" }
>> 	{ "LP"  ""  "sp3" }
>> 	{ "EP"  ""  "sp3" }
>> 	{ "F"   "F" "sp3" }
>> 	{ "Cl"  "Cl" "sp3" }
>> 	{ "Br"  "Br" "sp3" }
>> 	{ "I"   "I"  "sp3" }
>> }
>> #
>> #	Load the main parameter set.
>> #
>> set default cmap on
>> parm19 = loadamberparams parm19.dat
Loading parameters: /home/johann/miniconda3/dat/leap/parm/parm19.dat
Reading title:
PARM99 + frcmod.ff99SB + frcmod.parmbsc0 + OL3 for RNA + ff19SB
(UNKNOWN ATOM TYPE: Zn)
(UNKNOWN ATOM TYPE: EP)
>> frcmod19SB = loadamberparams frcmod.ff19SB
Loading parameters: /home/johann/miniconda3/dat/leap/parm/frcmod.ff19SB
Reading force field modification type file (frcmod)
Reading title:
ff19SB AA-specific backbone CMAPs for protein 07/25/2019
>> #
>> #	Load main chain and terminating amino acid libraries
>> #
>> loadOff amino19.lib
Loading library: /home/johann/miniconda3/dat/leap/lib/amino19.lib
Loading: ALA
Loading: ARG
Loading: ASH
Loading: ASN
Loading: ASP
Loading: CYM
Loading: CYS
Loading: CYX
Loading: GLH
Loading: GLN
Loading: GLU
Loading: GLY
Loading: HID
Loading: HIE
Loading: HIP
Loading: HYP
Loading: ILE
Loading: LEU
Loading: LYN
Loading: LYS
Loading: MET
Loading: PHE
Loading: PRO
Loading: SER
Loading: THR
Loading: TRP
Loading: TYR
Loading: VAL
>> loadOff aminoct12.lib
Loading library: /home/johann/miniconda3/dat/leap/lib/aminoct12.lib
Loading: CALA
Loading: CARG
Loading: CASN
Loading: CASP
Loading: CCYS
Loading: CCYX
Loading: CGLN
Loading: CGLU
Loading: CGLY
Loading: CHID
Loading: CHIE
Loading: CHIP
Loading: CHYP
Loading: CILE
Loading: CLEU
Loading: CLYS
Loading: CMET
Loading: CPHE
Loading: CPRO
Loading: CSER
Loading: CTHR
Loading: CTRP
Loading: CTYR
Loading: CVAL
Loading: NHE
Loading: NME
>> loadOff aminont12.lib
Loading library: /home/johann/miniconda3/dat/leap/lib/aminont12.lib
Loading: ACE
Loading: NALA
Loading: NARG
Loading: NASN
Loading: NASP
Loading: NCYS
Loading: NCYX
Loading: NGLN
Loading: NGLU
Loading: NGLY
Loading: NHID
Loading: NHIE
Loading: NHIP
Loading: NILE
Loading: NLEU
Loading: NLYS
Loading: NMET
Loading: NPHE
Loading: NPRO
Loading: NSER
Loading: NTHR
Loading: NTRP
Loading: NTYR
Loading: NVAL
>> 
>> #
>> #	Define the PDB name map for the amino acids
>> #
>> addPdbResMap {
>>   { 0 "HYP" "NHYP" } { 1 "HYP" "CHYP" }
>>   { 0 "ALA" "NALA" } { 1 "ALA" "CALA" }
>>   { 0 "ARG" "NARG" } { 1 "ARG" "CARG" }
>>   { 0 "ASN" "NASN" } { 1 "ASN" "CASN" }
>>   { 0 "ASP" "NASP" } { 1 "ASP" "CASP" }
>>   { 0 "CYS" "NCYS" } { 1 "CYS" "CCYS" }
>>   { 0 "CYX" "NCYX" } { 1 "CYX" "CCYX" }
>>   { 0 "GLN" "NGLN" } { 1 "GLN" "CGLN" }
>>   { 0 "GLU" "NGLU" } { 1 "GLU" "CGLU" }
>>   { 0 "GLY" "NGLY" } { 1 "GLY" "CGLY" }
>>   { 0 "HID" "NHID" } { 1 "HID" "CHID" }
>>   { 0 "HIE" "NHIE" } { 1 "HIE" "CHIE" }
>>   { 0 "HIP" "NHIP" } { 1 "HIP" "CHIP" }
>>   { 0 "ILE" "NILE" } { 1 "ILE" "CILE" }
>>   { 0 "LEU" "NLEU" } { 1 "LEU" "CLEU" }
>>   { 0 "LYS" "NLYS" } { 1 "LYS" "CLYS" }
>>   { 0 "MET" "NMET" } { 1 "MET" "CMET" }
>>   { 0 "PHE" "NPHE" } { 1 "PHE" "CPHE" }
>>   { 0 "PRO" "NPRO" } { 1 "PRO" "CPRO" }
>>   { 0 "SER" "NSER" } { 1 "SER" "CSER" }
>>   { 0 "THR" "NTHR" } { 1 "THR" "CTHR" }
>>   { 0 "TRP" "NTRP" } { 1 "TRP" "CTRP" }
>>   { 0 "TYR" "NTYR" } { 1 "TYR" "CTYR" }
>>   { 0 "VAL" "NVAL" } { 1 "VAL" "CVAL" }
>>   { 0 "HIS" "NHIS" } { 1 "HIS" "CHIS" }
>> }
>> 
>> #
>> # assume that most often proteins use HIE
>> #
>> NHIS = NHIE
>> HIS = HIE
>> CHIS = CHIE
> 
> source leaprc.gaff
----- Source: /home/johann/miniconda3/dat/leap/cmd/leaprc.gaff
----- Source of /home/johann/miniconda3/dat/leap/cmd/leaprc.gaff done
>> logFile leap.log
log started: Mon May 19 15:13:31 2025

Log file: ./leap.log
>> #
>> # ----- leaprc for loading the general Amber Force field.
>> #       This file is mostly for use with Antechamber
>> #
>> #	load atom type hybridizations
>> #
>> addAtomTypes {
>> 	{ "h1"  "H" "sp3" }
>> 	{ "h2"  "H" "sp3" }
>> 	{ "h3"  "H" "sp3" }
>> 	{ "h4"  "H" "sp3" }
>> 	{ "h5"  "H" "sp3" }
>> 	{ "ha"  "H" "sp3" }
>> 	{ "hc"  "H" "sp3" }
>> 	{ "hn"  "H" "sp3" }
>> 	{ "ho"  "H" "sp3" }
>> 	{ "hp"  "H" "sp3" }
>> 	{ "hs"  "H" "sp3" }
>> 	{ "hw"  "H" "sp3" }
>> 	{ "hx"  "H" "sp3" }
>> 	{ "o"  "O" "sp2" }
>> 	{ "o2"  "O" "sp2" }
>> 	{ "oh"  "O" "sp3" }
>> 	{ "op"  "O" "sp3" }
>> 	{ "oq"  "O" "sp3" }
>> 	{ "os"  "O" "sp3" }
>> 	{ "ow"  "O" "sp3" }
>> 	{ "c"  "C" "sp2" }
>> 	{ "c1"  "C" "sp2" }
>> 	{ "c2"  "C" "sp2" }
>> 	{ "c3"  "C" "sp3" }
>> 	{ "ca"  "C" "sp2" }
>> 	{ "cc"  "C" "sp2" }
>> 	{ "cd"  "C" "sp2" }
>> 	{ "ce"  "C" "sp2" }
>> 	{ "cf"  "C" "sp2" }
>> 	{ "cg"  "C" "sp2" }
>> 	{ "ch"  "C" "sp2" }
>> 	{ "cp"  "C" "sp2" }
>> 	{ "cq"  "C" "sp2" }
>> 	{ "cu"  "C" "sp2" }
>> 	{ "cv"  "C" "sp2" }
>> 	{ "cx"  "C" "sp2" }
>> 	{ "cy"  "C" "sp2" }
>> 	{ "cz"  "C" "sp2" }
>> 	{ "n"   "N" "sp2" }
>> 	{ "n1"  "N" "sp2" }
>> 	{ "n2"  "N" "sp2" }
>> 	{ "n3"  "N" "sp3" }
>> 	{ "n4"  "N" "sp3" }
>> 	{ "na"  "N" "sp2" }
>> 	{ "nb"  "N" "sp2" }
>> 	{ "nc"  "N" "sp2" }
>> 	{ "nd"  "N" "sp2" }
>> 	{ "ne"  "N" "sp2" }
>> 	{ "nf"  "N" "sp2" }
>> 	{ "nh"  "N" "sp2" }
>> 	{ "ni"  "N" "sp2" }
>> 	{ "nj"  "N" "sp2" }
>> 	{ "nk"  "N" "sp3" }
>> 	{ "nl"  "N" "sp3" }
>> 	{ "nm"  "N" "sp2" }
>> 	{ "nn"  "N" "sp2" }
>> 	{ "no"  "N" "sp2" }
>> 	{ "np"  "N" "sp3" }
>> 	{ "nq"  "N" "sp3" }
>> 	{ "s"   "S" "sp2" }
>> 	{ "s2"   "S" "sp2" }
>> 	{ "s3"   "S" "sp3" }
>> 	{ "s4"   "S" "sp3" }
>> 	{ "s6"   "S" "sp3" }
>> 	{ "sh"   "S" "sp3" }
>> 	{ "sp"   "S" "sp3" }
>> 	{ "sq"   "S" "sp3" }
>> 	{ "ss"   "S" "sp3" }
>> 	{ "sx"   "S" "sp3" }
>> 	{ "sy"   "S" "sp3" }
>> 	{ "p2"   "P" "sp2" }
>> 	{ "p3"   "P" "sp3" }
>> 	{ "p4"   "P" "sp3" }
>> 	{ "p5"   "P" "sp3" }
>> 	{ "pb"   "P" "sp3" }
>> 	{ "pc"   "P" "sp3" }
>> 	{ "pd"   "P" "sp3" }
>> 	{ "pe"   "P" "sp3" }
>> 	{ "pf"   "P" "sp3" }
>> 	{ "px"   "P" "sp3" }
>> 	{ "py"   "P" "sp3" }
>> 	{ "f"   "F" "sp3" }
>> 	{ "cl"  "Cl" "sp3" }
>> 	{ "br"  "Br" "sp3" }
>> 	{ "i"   "I"  "sp3" }
>> }
>> #
>> #	Load the general force field parameter set.
>> #
>> gaff = loadamberparams gaff.dat
Loading parameters: /home/johann/miniconda3/dat/leap/parm/gaff.dat
Reading title:
AMBER General Force Field for organic molecules (Version 1.81, May 2017)
> 
> loadamberparams ./3gr2/LIGAND.frcmod
Loading parameters: ./3gr2/LIGAND.frcmod
Reading force field modification type file (frcmod)
Reading title:
Remark line goes here
> LIG = loadmol2 ./3gr2/LIGAND.mol2
Loading Mol2 file: ./3gr2/LIGAND.mol2
Reading MOLECULE named GF4
> PROT = loadpdb ./3gr2/PROTEIN.pdb
Loading PDB file: ./3gr2/PROTEIN.pdb
Matching PDB residue names to LEaP variables.

/home/johann/miniconda3/bin/teLeap: Warning!
Unknown residue: TYN   number: 17   type: Nonterminal
  Added missing heavy atom: .R<ACE 57>.A<CH3 2>
  Added missing heavy atom: .R<NME 62>.A<C 3>
  Added missing heavy atom: .R<ACE 63>.A<CH3 2>
  Added missing heavy atom: .R<NME 65>.A<C 3>
  Added missing heavy atom: .R<ACE 66>.A<CH3 2>
  Added missing heavy atom: .R<NME 72>.A<C 3>
  Added missing heavy atom: .R<ACE 73>.A<CH3 2>
Creating new UNIT for residue: TYN sequence: 74

/home/johann/miniconda3/bin/teLeap: Warning!
One sided connection. Residue () missing connect0 atom.
Created a new atom named: N within residue: .R<TYN 74>
Created a new atom named: H within residue: .R<TYN 74>
Created a new atom named: CA within residue: .R<TYN 74>
Created a new atom named: HA within residue: .R<TYN 74>
Created a new atom named: CB within residue: .R<TYN 74>
Created a new atom named: HB2 within residue: .R<TYN 74>
Created a new atom named: HB3 within residue: .R<TYN 74>
Created a new atom named: CG within residue: .R<TYN 74>
Created a new atom named: CD1 within residue: .R<TYN 74>
Created a new atom named: HD1 within residue: .R<TYN 74>
Created a new atom named: CE1 within residue: .R<TYN 74>
Created a new atom named: HE1 within residue: .R<TYN 74>
Created a new atom named: CZ within residue: .R<TYN 74>
Created a new atom named: OH within residue: .R<TYN 74>
Created a new atom named: HH within residue: .R<TYN 74>
Created a new atom named: CE2 within residue: .R<TYN 74>
Created a new atom named: HE2 within residue: .R<TYN 74>
Created a new atom named: CD2 within residue: .R<TYN 74>
Created a new atom named: HD2 within residue: .R<TYN 74>
Created a new atom named: C within residue: .R<TYN 74>
Created a new atom named: O within residue: .R<TYN 74>

/home/johann/miniconda3/bin/teLeap: Warning!
One sided connection. Residue (default_name) missing connect1 atom.
  Added missing heavy atom: .R<NME 77>.A<C 3>
  Added missing heavy atom: .R<ACE 78>.A<CH3 2>
  Added missing heavy atom: .R<NME 80>.A<C 3>
  Added missing heavy atom: .R<ACE 81>.A<CH3 2>
  Added missing heavy atom: .R<NME 88>.A<C 3>
  Added missing heavy atom: .R<ACE 89>.A<CH3 2>
  Added missing heavy atom: .R<NME 91>.A<C 3>
  Added missing heavy atom: .R<ACE 92>.A<CH3 2>
  Added missing heavy atom: .R<NME 96>.A<C 3>
  Added missing heavy atom: .R<ACE 97>.A<CH3 2>
  Added missing heavy atom: .R<NME 104>.A<C 3>
  Added missing heavy atom: .R<ACE 105>.A<CH3 2>
  Added missing heavy atom: .R<NME 107>.A<C 3>
  Added missing heavy atom: .R<ACE 108>.A<CH3 2>
  Added missing heavy atom: .R<NME 110>.A<C 3>
  total atoms in file: 500
  Leap added 88 missing atoms according to residue templates:
       22 Heavy
       66 H / lone pairs
  The file contained 21 atoms not in residue templates
> COMPLEX = combine {PROT LIG}
  Sequence: default_name
  Sequence: GF4
> saveamberparm COMPLEX ./3gr2/3gr2.top ./3gr2/3gr2.crd
Checking Unit.
FATAL:  Atom .R<TYN 74>.A<O 21> does not have a type.
FATAL:  Atom .R<TYN 74>.A<C 20> does not have a type.
FATAL:  Atom .R<TYN 74>.A<HD2 19> does not have a type.
FATAL:  Atom .R<TYN 74>.A<CD2 18> does not have a type.
FATAL:  Atom .R<TYN 74>.A<HE2 17> does not have a type.
FATAL:  Atom .R<TYN 74>.A<CE2 16> does not have a type.
FATAL:  Atom .R<TYN 74>.A<HH 15> does not have a type.
FATAL:  Atom .R<TYN 74>.A<OH 14> does not have a type.
FATAL:  Atom .R<TYN 74>.A<CZ 13> does not have a type.
FATAL:  Atom .R<TYN 74>.A<HE1 12> does not have a type.
FATAL:  Atom .R<TYN 74>.A<CE1 11> does not have a type.
FATAL:  Atom .R<TYN 74>.A<HD1 10> does not have a type.
FATAL:  Atom .R<TYN 74>.A<CD1 9> does not have a type.
FATAL:  Atom .R<TYN 74>.A<CG 8> does not have a type.
FATAL:  Atom .R<TYN 74>.A<HB3 7> does not have a type.
FATAL:  Atom .R<TYN 74>.A<HB2 6> does not have a type.
FATAL:  Atom .R<TYN 74>.A<CB 5> does not have a type.
FATAL:  Atom .R<TYN 74>.A<HA 4> does not have a type.
FATAL:  Atom .R<TYN 74>.A<CA 3> does not have a type.
FATAL:  Atom .R<TYN 74>.A<H 2> does not have a type.
FATAL:  Atom .R<TYN 74>.A<N 1> does not have a type.

/home/johann/miniconda3/bin/teLeap: Fatal Error!
Failed to generate parameters

Exiting LEaP: Errors = 1; Warnings = 3; Notes = 0.
log started: Mon May 19 15:29:41 2025

Log file: ./leap.log
>> #
>> # ----- leaprc for loading the ff19SB force field
>> # ----- NOTE: this is designed for PDB format 3!
>> #
>> #	load atom type hybridizations
>> #
>> addAtomTypes {
>> 	{ "H"   "H" "sp3" }
>> 	{ "HO"  "H" "sp3" }
>> 	{ "HS"  "H" "sp3" }
>> 	{ "H1"  "H" "sp3" }
>> 	{ "H2"  "H" "sp3" }
>> 	{ "H3"  "H" "sp3" }
>> 	{ "H4"  "H" "sp3" }
>> 	{ "H5"  "H" "sp3" }
>> 	{ "HW"  "H" "sp3" }
>> 	{ "HC"  "H" "sp3" }
>> 	{ "HA"  "H" "sp3" }
>> 	{ "HP"  "H" "sp3" }
>> 	{ "HZ"  "H" "sp3" }
>> 	{ "OH"  "O" "sp3" }
>> 	{ "OS"  "O" "sp3" }
>> 	{ "O"   "O" "sp2" }
>> 	{ "O2"  "O" "sp2" }
>> 	{ "OP"  "O" "sp2" }
>> 	{ "OW"  "O" "sp3" }
>> 	{ "CT"  "C" "sp3" }
>> 	{ "CX"  "C" "sp3" }
>> 	{ "XC"  "C" "sp3" }
>> 	{ "C8"  "C" "sp3" }
>> 	{ "2C"  "C" "sp3" }
>> 	{ "3C"  "C" "sp3" }
>> 	{ "CH"  "C" "sp3" }
>> 	{ "CS"  "C" "sp2" }
>> 	{ "C"   "C" "sp2" }
>> 	{ "CO"   "C" "sp2" }
>> 	{ "C*"  "C" "sp2" }
>> 	{ "CA"  "C" "sp2" }
>> 	{ "CB"  "C" "sp2" }
>> 	{ "CC"  "C" "sp2" }
>> 	{ "CN"  "C" "sp2" }
>> 	{ "CM"  "C" "sp2" }
>> 	{ "CK"  "C" "sp2" }
>> 	{ "CQ"  "C" "sp2" }
>> 	{ "CD"  "C" "sp2" }
>> 	{ "C5"  "C" "sp2" }
>> 	{ "C4"  "C" "sp2" }
>> 	{ "CP"  "C" "sp2" }
>> 	{ "CI"  "C" "sp3" }
>> 	{ "CJ"  "C" "sp2" }
>> 	{ "CW"  "C" "sp2" }
>> 	{ "CV"  "C" "sp2" }
>> 	{ "CR"  "C" "sp2" }
>> 	{ "CA"  "C" "sp2" }
>> 	{ "CY"  "C" "sp2" }
>> 	{ "C0"  "Ca" "sp3" }
>> 	{ "MG"  "Mg" "sp3" }
>> 	{ "N"   "N" "sp2" }
>> 	{ "NA"  "N" "sp2" }
>> 	{ "N2"  "N" "sp2" }
>> 	{ "N*"  "N" "sp2" }
>> 	{ "NP"  "N" "sp2" }
>> 	{ "NQ"  "N" "sp2" }
>> 	{ "NB"  "N" "sp2" }
>> 	{ "NC"  "N" "sp2" }
>> 	{ "NT"  "N" "sp3" }
>> 	{ "NY"  "N" "sp2" }
>> 	{ "N3"  "N" "sp3" }
>> 	{ "S"   "S" "sp3" }
>> 	{ "SH"  "S" "sp3" }
>> 	{ "P"   "P" "sp3" }
>> 	{ "LP"  ""  "sp3" }
>> 	{ "EP"  ""  "sp3" }
>> 	{ "F"   "F" "sp3" }
>> 	{ "Cl"  "Cl" "sp3" }
>> 	{ "Br"  "Br" "sp3" }
>> 	{ "I"   "I"  "sp3" }
>> }
>> #
>> #	Load the main parameter set.
>> #
>> set default cmap on
>> parm19 = loadamberparams parm19.dat
Loading parameters: /home/johann/miniconda3/dat/leap/parm/parm19.dat
Reading title:
PARM99 + frcmod.ff99SB + frcmod.parmbsc0 + OL3 for RNA + ff19SB
(UNKNOWN ATOM TYPE: Zn)
(UNKNOWN ATOM TYPE: EP)
>> frcmod19SB = loadamberparams frcmod.ff19SB
Loading parameters: /home/johann/miniconda3/dat/leap/parm/frcmod.ff19SB
Reading force field modification type file (frcmod)
Reading title:
ff19SB AA-specific backbone CMAPs for protein 07/25/2019
>> #
>> #	Load main chain and terminating amino acid libraries
>> #
>> loadOff amino19.lib
Loading library: /home/johann/miniconda3/dat/leap/lib/amino19.lib
Loading: ALA
Loading: ARG
Loading: ASH
Loading: ASN
Loading: ASP
Loading: CYM
Loading: CYS
Loading: CYX
Loading: GLH
Loading: GLN
Loading: GLU
Loading: GLY
Loading: HID
Loading: HIE
Loading: HIP
Loading: HYP
Loading: ILE
Loading: LEU
Loading: LYN
Loading: LYS
Loading: MET
Loading: PHE
Loading: PRO
Loading: SER
Loading: THR
Loading: TRP
Loading: TYR
Loading: VAL
>> loadOff aminoct12.lib
Loading library: /home/johann/miniconda3/dat/leap/lib/aminoct12.lib
Loading: CALA
Loading: CARG
Loading: CASN
Loading: CASP
Loading: CCYS
Loading: CCYX
Loading: CGLN
Loading: CGLU
Loading: CGLY
Loading: CHID
Loading: CHIE
Loading: CHIP
Loading: CHYP
Loading: CILE
Loading: CLEU
Loading: CLYS
Loading: CMET
Loading: CPHE
Loading: CPRO
Loading: CSER
Loading: CTHR
Loading: CTRP
Loading: CTYR
Loading: CVAL
Loading: NHE
Loading: NME
>> loadOff aminont12.lib
Loading library: /home/johann/miniconda3/dat/leap/lib/aminont12.lib
Loading: ACE
Loading: NALA
Loading: NARG
Loading: NASN
Loading: NASP
Loading: NCYS
Loading: NCYX
Loading: NGLN
Loading: NGLU
Loading: NGLY
Loading: NHID
Loading: NHIE
Loading: NHIP
Loading: NILE
Loading: NLEU
Loading: NLYS
Loading: NMET
Loading: NPHE
Loading: NPRO
Loading: NSER
Loading: NTHR
Loading: NTRP
Loading: NTYR
Loading: NVAL
>> 
>> #
>> #	Define the PDB name map for the amino acids
>> #
>> addPdbResMap {
>>   { 0 "HYP" "NHYP" } { 1 "HYP" "CHYP" }
>>   { 0 "ALA" "NALA" } { 1 "ALA" "CALA" }
>>   { 0 "ARG" "NARG" } { 1 "ARG" "CARG" }
>>   { 0 "ASN" "NASN" } { 1 "ASN" "CASN" }
>>   { 0 "ASP" "NASP" } { 1 "ASP" "CASP" }
>>   { 0 "CYS" "NCYS" } { 1 "CYS" "CCYS" }
>>   { 0 "CYX" "NCYX" } { 1 "CYX" "CCYX" }
>>   { 0 "GLN" "NGLN" } { 1 "GLN" "CGLN" }
>>   { 0 "GLU" "NGLU" } { 1 "GLU" "CGLU" }
>>   { 0 "GLY" "NGLY" } { 1 "GLY" "CGLY" }
>>   { 0 "HID" "NHID" } { 1 "HID" "CHID" }
>>   { 0 "HIE" "NHIE" } { 1 "HIE" "CHIE" }
>>   { 0 "HIP" "NHIP" } { 1 "HIP" "CHIP" }
>>   { 0 "ILE" "NILE" } { 1 "ILE" "CILE" }
>>   { 0 "LEU" "NLEU" } { 1 "LEU" "CLEU" }
>>   { 0 "LYS" "NLYS" } { 1 "LYS" "CLYS" }
>>   { 0 "MET" "NMET" } { 1 "MET" "CMET" }
>>   { 0 "PHE" "NPHE" } { 1 "PHE" "CPHE" }
>>   { 0 "PRO" "NPRO" } { 1 "PRO" "CPRO" }
>>   { 0 "SER" "NSER" } { 1 "SER" "CSER" }
>>   { 0 "THR" "NTHR" } { 1 "THR" "CTHR" }
>>   { 0 "TRP" "NTRP" } { 1 "TRP" "CTRP" }
>>   { 0 "TYR" "NTYR" } { 1 "TYR" "CTYR" }
>>   { 0 "VAL" "NVAL" } { 1 "VAL" "CVAL" }
>>   { 0 "HIS" "NHIS" } { 1 "HIS" "CHIS" }
>> }
>> 
>> #
>> # assume that most often proteins use HIE
>> #
>> NHIS = NHIE
>> HIS = HIE
>> CHIS = CHIE
> 
> source leaprc.gaff
----- Source: /home/johann/miniconda3/dat/leap/cmd/leaprc.gaff
----- Source of /home/johann/miniconda3/dat/leap/cmd/leaprc.gaff done
>> logFile leap.log
log started: Mon May 19 15:29:41 2025

Log file: ./leap.log
>> #
>> # ----- leaprc for loading the general Amber Force field.
>> #       This file is mostly for use with Antechamber
>> #
>> #	load atom type hybridizations
>> #
>> addAtomTypes {
>> 	{ "h1"  "H" "sp3" }
>> 	{ "h2"  "H" "sp3" }
>> 	{ "h3"  "H" "sp3" }
>> 	{ "h4"  "H" "sp3" }
>> 	{ "h5"  "H" "sp3" }
>> 	{ "ha"  "H" "sp3" }
>> 	{ "hc"  "H" "sp3" }
>> 	{ "hn"  "H" "sp3" }
>> 	{ "ho"  "H" "sp3" }
>> 	{ "hp"  "H" "sp3" }
>> 	{ "hs"  "H" "sp3" }
>> 	{ "hw"  "H" "sp3" }
>> 	{ "hx"  "H" "sp3" }
>> 	{ "o"  "O" "sp2" }
>> 	{ "o2"  "O" "sp2" }
>> 	{ "oh"  "O" "sp3" }
>> 	{ "op"  "O" "sp3" }
>> 	{ "oq"  "O" "sp3" }
>> 	{ "os"  "O" "sp3" }
>> 	{ "ow"  "O" "sp3" }
>> 	{ "c"  "C" "sp2" }
>> 	{ "c1"  "C" "sp2" }
>> 	{ "c2"  "C" "sp2" }
>> 	{ "c3"  "C" "sp3" }
>> 	{ "ca"  "C" "sp2" }
>> 	{ "cc"  "C" "sp2" }
>> 	{ "cd"  "C" "sp2" }
>> 	{ "ce"  "C" "sp2" }
>> 	{ "cf"  "C" "sp2" }
>> 	{ "cg"  "C" "sp2" }
>> 	{ "ch"  "C" "sp2" }
>> 	{ "cp"  "C" "sp2" }
>> 	{ "cq"  "C" "sp2" }
>> 	{ "cu"  "C" "sp2" }
>> 	{ "cv"  "C" "sp2" }
>> 	{ "cx"  "C" "sp2" }
>> 	{ "cy"  "C" "sp2" }
>> 	{ "cz"  "C" "sp2" }
>> 	{ "n"   "N" "sp2" }
>> 	{ "n1"  "N" "sp2" }
>> 	{ "n2"  "N" "sp2" }
>> 	{ "n3"  "N" "sp3" }
>> 	{ "n4"  "N" "sp3" }
>> 	{ "na"  "N" "sp2" }
>> 	{ "nb"  "N" "sp2" }
>> 	{ "nc"  "N" "sp2" }
>> 	{ "nd"  "N" "sp2" }
>> 	{ "ne"  "N" "sp2" }
>> 	{ "nf"  "N" "sp2" }
>> 	{ "nh"  "N" "sp2" }
>> 	{ "ni"  "N" "sp2" }
>> 	{ "nj"  "N" "sp2" }
>> 	{ "nk"  "N" "sp3" }
>> 	{ "nl"  "N" "sp3" }
>> 	{ "nm"  "N" "sp2" }
>> 	{ "nn"  "N" "sp2" }
>> 	{ "no"  "N" "sp2" }
>> 	{ "np"  "N" "sp3" }
>> 	{ "nq"  "N" "sp3" }
>> 	{ "s"   "S" "sp2" }
>> 	{ "s2"   "S" "sp2" }
>> 	{ "s3"   "S" "sp3" }
>> 	{ "s4"   "S" "sp3" }
>> 	{ "s6"   "S" "sp3" }
>> 	{ "sh"   "S" "sp3" }
>> 	{ "sp"   "S" "sp3" }
>> 	{ "sq"   "S" "sp3" }
>> 	{ "ss"   "S" "sp3" }
>> 	{ "sx"   "S" "sp3" }
>> 	{ "sy"   "S" "sp3" }
>> 	{ "p2"   "P" "sp2" }
>> 	{ "p3"   "P" "sp3" }
>> 	{ "p4"   "P" "sp3" }
>> 	{ "p5"   "P" "sp3" }
>> 	{ "pb"   "P" "sp3" }
>> 	{ "pc"   "P" "sp3" }
>> 	{ "pd"   "P" "sp3" }
>> 	{ "pe"   "P" "sp3" }
>> 	{ "pf"   "P" "sp3" }
>> 	{ "px"   "P" "sp3" }
>> 	{ "py"   "P" "sp3" }
>> 	{ "f"   "F" "sp3" }
>> 	{ "cl"  "Cl" "sp3" }
>> 	{ "br"  "Br" "sp3" }
>> 	{ "i"   "I"  "sp3" }
>> }
>> #
>> #	Load the general force field parameter set.
>> #
>> gaff = loadamberparams gaff.dat
Loading parameters: /home/johann/miniconda3/dat/leap/parm/gaff.dat
Reading title:
AMBER General Force Field for organic molecules (Version 1.81, May 2017)
> 
> set default PBradii mbondi3
Using ArgH and AspGluO modified Bondi2 radii
> loadamberparams ./1bzc/LIGAND.frcmod
Loading parameters: ./1bzc/LIGAND.frcmod
Reading force field modification type file (frcmod)
Reading title:
Remark line goes here
> LIG = loadmol2 ./1bzc/LIGAND.mol2
Loading Mol2 file: ./1bzc/LIGAND.mol2
Reading MOLECULE named TPI
> PROT = loadpdb ./1bzc/PROTEIN.pdb
Loading PDB file: ./1bzc/PROTEIN.pdb
Matching PDB residue names to LEaP variables.
  Added missing heavy atom: .R<ACE 34>.A<CH3 2>
  Added missing heavy atom: .R<NME 36>.A<C 3>
  Added missing heavy atom: .R<ACE 37>.A<CH3 2>
  Added missing heavy atom: .R<NME 43>.A<C 3>
  Added missing heavy atom: .R<ACE 44>.A<CH3 2>
  Added missing heavy atom: .R<NME 49>.A<C 3>
  Added missing heavy atom: .R<ACE 50>.A<CH3 2>
  Added missing heavy atom: .R<NME 53>.A<C 3>
  Added missing heavy atom: .R<ACE 54>.A<CH3 2>
  Added missing heavy atom: .R<NME 57>.A<C 3>
  Added missing heavy atom: .R<ACE 58>.A<CH3 2>
  Added missing heavy atom: .R<NME 61>.A<C 3>
  Added missing heavy atom: .R<ACE 62>.A<CH3 2>
  Added missing heavy atom: .R<NME 68>.A<C 3>
  Added missing heavy atom: .R<ACE 69>.A<CH3 2>
  Added missing heavy atom: .R<NME 81>.A<C 3>
  Added missing heavy atom: .R<ACE 82>.A<CH3 2>
  Added missing heavy atom: .R<NME 90>.A<C 3>
  Added missing heavy atom: .R<ACE 91>.A<CH3 2>
  Added missing heavy atom: .R<NME 93>.A<C 3>
  total atoms in file: 667
  Leap added 81 missing atoms according to residue templates:
       20 Heavy
       61 H / lone pairs
> COMPLEX = combine {PROT LIG}
  Sequence: default_name
  Sequence: TPI
> saveamberparm COMPLEX ./1bzc/1bzc.top ./1bzc/1bzc.crd
Checking Unit.

/home/johann/miniconda3/bin/teLeap: Warning!
The unperturbed charge of the unit (2.997000) is not zero.

/home/johann/miniconda3/bin/teLeap: Note.
Ignoring the warning from Unit Checking.

Building topology.
Building atom parameters.
Building bond parameters.
Building angle parameters.
Building proper torsion parameters.
Building improper torsion parameters.
 total 167 improper torsions applied
Building H-Bond parameters.
Incorporating Non-Bonded adjustments.
Not Marking per-residue atom chain types.
Marking per-residue atom chain types.
  (Residues lacking connect0/connect1 - 
   these don't have chain types marked:

	res	total affected

	TPI	1
  )
 (no restraints)
> savepdb COMPLEX ./1bzc/1bzc.pdb
Writing pdb file: ./1bzc/1bzc.pdb
 quit
	Quit

Exiting LEaP: Errors = 0; Warnings = 1; Notes = 1.
log started: Mon May 19 15:36:49 2025

Log file: ./leap.log
>> #
>> # ----- leaprc for loading the ff19SB force field
>> # ----- NOTE: this is designed for PDB format 3!
>> #
>> #	load atom type hybridizations
>> #
>> addAtomTypes {
>> 	{ "H"   "H" "sp3" }
>> 	{ "HO"  "H" "sp3" }
>> 	{ "HS"  "H" "sp3" }
>> 	{ "H1"  "H" "sp3" }
>> 	{ "H2"  "H" "sp3" }
>> 	{ "H3"  "H" "sp3" }
>> 	{ "H4"  "H" "sp3" }
>> 	{ "H5"  "H" "sp3" }
>> 	{ "HW"  "H" "sp3" }
>> 	{ "HC"  "H" "sp3" }
>> 	{ "HA"  "H" "sp3" }
>> 	{ "HP"  "H" "sp3" }
>> 	{ "HZ"  "H" "sp3" }
>> 	{ "OH"  "O" "sp3" }
>> 	{ "OS"  "O" "sp3" }
>> 	{ "O"   "O" "sp2" }
>> 	{ "O2"  "O" "sp2" }
>> 	{ "OP"  "O" "sp2" }
>> 	{ "OW"  "O" "sp3" }
>> 	{ "CT"  "C" "sp3" }
>> 	{ "CX"  "C" "sp3" }
>> 	{ "XC"  "C" "sp3" }
>> 	{ "C8"  "C" "sp3" }
>> 	{ "2C"  "C" "sp3" }
>> 	{ "3C"  "C" "sp3" }
>> 	{ "CH"  "C" "sp3" }
>> 	{ "CS"  "C" "sp2" }
>> 	{ "C"   "C" "sp2" }
>> 	{ "CO"   "C" "sp2" }
>> 	{ "C*"  "C" "sp2" }
>> 	{ "CA"  "C" "sp2" }
>> 	{ "CB"  "C" "sp2" }
>> 	{ "CC"  "C" "sp2" }
>> 	{ "CN"  "C" "sp2" }
>> 	{ "CM"  "C" "sp2" }
>> 	{ "CK"  "C" "sp2" }
>> 	{ "CQ"  "C" "sp2" }
>> 	{ "CD"  "C" "sp2" }
>> 	{ "C5"  "C" "sp2" }
>> 	{ "C4"  "C" "sp2" }
>> 	{ "CP"  "C" "sp2" }
>> 	{ "CI"  "C" "sp3" }
>> 	{ "CJ"  "C" "sp2" }
>> 	{ "CW"  "C" "sp2" }
>> 	{ "CV"  "C" "sp2" }
>> 	{ "CR"  "C" "sp2" }
>> 	{ "CA"  "C" "sp2" }
>> 	{ "CY"  "C" "sp2" }
>> 	{ "C0"  "Ca" "sp3" }
>> 	{ "MG"  "Mg" "sp3" }
>> 	{ "N"   "N" "sp2" }
>> 	{ "NA"  "N" "sp2" }
>> 	{ "N2"  "N" "sp2" }
>> 	{ "N*"  "N" "sp2" }
>> 	{ "NP"  "N" "sp2" }
>> 	{ "NQ"  "N" "sp2" }
>> 	{ "NB"  "N" "sp2" }
>> 	{ "NC"  "N" "sp2" }
>> 	{ "NT"  "N" "sp3" }
>> 	{ "NY"  "N" "sp2" }
>> 	{ "N3"  "N" "sp3" }
>> 	{ "S"   "S" "sp3" }
>> 	{ "SH"  "S" "sp3" }
>> 	{ "P"   "P" "sp3" }
>> 	{ "LP"  ""  "sp3" }
>> 	{ "EP"  ""  "sp3" }
>> 	{ "F"   "F" "sp3" }
>> 	{ "Cl"  "Cl" "sp3" }
>> 	{ "Br"  "Br" "sp3" }
>> 	{ "I"   "I"  "sp3" }
>> }
>> #
>> #	Load the main parameter set.
>> #
>> set default cmap on
>> parm19 = loadamberparams parm19.dat
Loading parameters: /home/johann/miniconda3/dat/leap/parm/parm19.dat
Reading title:
PARM99 + frcmod.ff99SB + frcmod.parmbsc0 + OL3 for RNA + ff19SB
(UNKNOWN ATOM TYPE: Zn)
(UNKNOWN ATOM TYPE: EP)
>> frcmod19SB = loadamberparams frcmod.ff19SB
Loading parameters: /home/johann/miniconda3/dat/leap/parm/frcmod.ff19SB
Reading force field modification type file (frcmod)
Reading title:
ff19SB AA-specific backbone CMAPs for protein 07/25/2019
>> #
>> #	Load main chain and terminating amino acid libraries
>> #
>> loadOff amino19.lib
Loading library: /home/johann/miniconda3/dat/leap/lib/amino19.lib
Loading: ALA
Loading: ARG
Loading: ASH
Loading: ASN
Loading: ASP
Loading: CYM
Loading: CYS
Loading: CYX
Loading: GLH
Loading: GLN
Loading: GLU
Loading: GLY
Loading: HID
Loading: HIE
Loading: HIP
Loading: HYP
Loading: ILE
Loading: LEU
Loading: LYN
Loading: LYS
Loading: MET
Loading: PHE
Loading: PRO
Loading: SER
Loading: THR
Loading: TRP
Loading: TYR
Loading: VAL
>> loadOff aminoct12.lib
Loading library: /home/johann/miniconda3/dat/leap/lib/aminoct12.lib
Loading: CALA
Loading: CARG
Loading: CASN
Loading: CASP
Loading: CCYS
Loading: CCYX
Loading: CGLN
Loading: CGLU
Loading: CGLY
Loading: CHID
Loading: CHIE
Loading: CHIP
Loading: CHYP
Loading: CILE
Loading: CLEU
Loading: CLYS
Loading: CMET
Loading: CPHE
Loading: CPRO
Loading: CSER
Loading: CTHR
Loading: CTRP
Loading: CTYR
Loading: CVAL
Loading: NHE
Loading: NME
>> loadOff aminont12.lib
Loading library: /home/johann/miniconda3/dat/leap/lib/aminont12.lib
Loading: ACE
Loading: NALA
Loading: NARG
Loading: NASN
Loading: NASP
Loading: NCYS
Loading: NCYX
Loading: NGLN
Loading: NGLU
Loading: NGLY
Loading: NHID
Loading: NHIE
Loading: NHIP
Loading: NILE
Loading: NLEU
Loading: NLYS
Loading: NMET
Loading: NPHE
Loading: NPRO
Loading: NSER
Loading: NTHR
Loading: NTRP
Loading: NTYR
Loading: NVAL
>> 
>> #
>> #	Define the PDB name map for the amino acids
>> #
>> addPdbResMap {
>>   { 0 "HYP" "NHYP" } { 1 "HYP" "CHYP" }
>>   { 0 "ALA" "NALA" } { 1 "ALA" "CALA" }
>>   { 0 "ARG" "NARG" } { 1 "ARG" "CARG" }
>>   { 0 "ASN" "NASN" } { 1 "ASN" "CASN" }
>>   { 0 "ASP" "NASP" } { 1 "ASP" "CASP" }
>>   { 0 "CYS" "NCYS" } { 1 "CYS" "CCYS" }
>>   { 0 "CYX" "NCYX" } { 1 "CYX" "CCYX" }
>>   { 0 "GLN" "NGLN" } { 1 "GLN" "CGLN" }
>>   { 0 "GLU" "NGLU" } { 1 "GLU" "CGLU" }
>>   { 0 "GLY" "NGLY" } { 1 "GLY" "CGLY" }
>>   { 0 "HID" "NHID" } { 1 "HID" "CHID" }
>>   { 0 "HIE" "NHIE" } { 1 "HIE" "CHIE" }
>>   { 0 "HIP" "NHIP" } { 1 "HIP" "CHIP" }
>>   { 0 "ILE" "NILE" } { 1 "ILE" "CILE" }
>>   { 0 "LEU" "NLEU" } { 1 "LEU" "CLEU" }
>>   { 0 "LYS" "NLYS" } { 1 "LYS" "CLYS" }
>>   { 0 "MET" "NMET" } { 1 "MET" "CMET" }
>>   { 0 "PHE" "NPHE" } { 1 "PHE" "CPHE" }
>>   { 0 "PRO" "NPRO" } { 1 "PRO" "CPRO" }
>>   { 0 "SER" "NSER" } { 1 "SER" "CSER" }
>>   { 0 "THR" "NTHR" } { 1 "THR" "CTHR" }
>>   { 0 "TRP" "NTRP" } { 1 "TRP" "CTRP" }
>>   { 0 "TYR" "NTYR" } { 1 "TYR" "CTYR" }
>>   { 0 "VAL" "NVAL" } { 1 "VAL" "CVAL" }
>>   { 0 "HIS" "NHIS" } { 1 "HIS" "CHIS" }
>> }
>> 
>> #
>> # assume that most often proteins use HIE
>> #
>> NHIS = NHIE
>> HIS = HIE
>> CHIS = CHIE
> 
> source leaprc.gaff
----- Source: /home/johann/miniconda3/dat/leap/cmd/leaprc.gaff
----- Source of /home/johann/miniconda3/dat/leap/cmd/leaprc.gaff done
>> logFile leap.log
log started: Mon May 19 15:36:49 2025

Log file: ./leap.log
>> #
>> # ----- leaprc for loading the general Amber Force field.
>> #       This file is mostly for use with Antechamber
>> #
>> #	load atom type hybridizations
>> #
>> addAtomTypes {
>> 	{ "h1"  "H" "sp3" }
>> 	{ "h2"  "H" "sp3" }
>> 	{ "h3"  "H" "sp3" }
>> 	{ "h4"  "H" "sp3" }
>> 	{ "h5"  "H" "sp3" }
>> 	{ "ha"  "H" "sp3" }
>> 	{ "hc"  "H" "sp3" }
>> 	{ "hn"  "H" "sp3" }
>> 	{ "ho"  "H" "sp3" }
>> 	{ "hp"  "H" "sp3" }
>> 	{ "hs"  "H" "sp3" }
>> 	{ "hw"  "H" "sp3" }
>> 	{ "hx"  "H" "sp3" }
>> 	{ "o"  "O" "sp2" }
>> 	{ "o2"  "O" "sp2" }
>> 	{ "oh"  "O" "sp3" }
>> 	{ "op"  "O" "sp3" }
>> 	{ "oq"  "O" "sp3" }
>> 	{ "os"  "O" "sp3" }
>> 	{ "ow"  "O" "sp3" }
>> 	{ "c"  "C" "sp2" }
>> 	{ "c1"  "C" "sp2" }
>> 	{ "c2"  "C" "sp2" }
>> 	{ "c3"  "C" "sp3" }
>> 	{ "ca"  "C" "sp2" }
>> 	{ "cc"  "C" "sp2" }
>> 	{ "cd"  "C" "sp2" }
>> 	{ "ce"  "C" "sp2" }
>> 	{ "cf"  "C" "sp2" }
>> 	{ "cg"  "C" "sp2" }
>> 	{ "ch"  "C" "sp2" }
>> 	{ "cp"  "C" "sp2" }
>> 	{ "cq"  "C" "sp2" }
>> 	{ "cu"  "C" "sp2" }
>> 	{ "cv"  "C" "sp2" }
>> 	{ "cx"  "C" "sp2" }
>> 	{ "cy"  "C" "sp2" }
>> 	{ "cz"  "C" "sp2" }
>> 	{ "n"   "N" "sp2" }
>> 	{ "n1"  "N" "sp2" }
>> 	{ "n2"  "N" "sp2" }
>> 	{ "n3"  "N" "sp3" }
>> 	{ "n4"  "N" "sp3" }
>> 	{ "na"  "N" "sp2" }
>> 	{ "nb"  "N" "sp2" }
>> 	{ "nc"  "N" "sp2" }
>> 	{ "nd"  "N" "sp2" }
>> 	{ "ne"  "N" "sp2" }
>> 	{ "nf"  "N" "sp2" }
>> 	{ "nh"  "N" "sp2" }
>> 	{ "ni"  "N" "sp2" }
>> 	{ "nj"  "N" "sp2" }
>> 	{ "nk"  "N" "sp3" }
>> 	{ "nl"  "N" "sp3" }
>> 	{ "nm"  "N" "sp2" }
>> 	{ "nn"  "N" "sp2" }
>> 	{ "no"  "N" "sp2" }
>> 	{ "np"  "N" "sp3" }
>> 	{ "nq"  "N" "sp3" }
>> 	{ "s"   "S" "sp2" }
>> 	{ "s2"   "S" "sp2" }
>> 	{ "s3"   "S" "sp3" }
>> 	{ "s4"   "S" "sp3" }
>> 	{ "s6"   "S" "sp3" }
>> 	{ "sh"   "S" "sp3" }
>> 	{ "sp"   "S" "sp3" }
>> 	{ "sq"   "S" "sp3" }
>> 	{ "ss"   "S" "sp3" }
>> 	{ "sx"   "S" "sp3" }
>> 	{ "sy"   "S" "sp3" }
>> 	{ "p2"   "P" "sp2" }
>> 	{ "p3"   "P" "sp3" }
>> 	{ "p4"   "P" "sp3" }
>> 	{ "p5"   "P" "sp3" }
>> 	{ "pb"   "P" "sp3" }
>> 	{ "pc"   "P" "sp3" }
>> 	{ "pd"   "P" "sp3" }
>> 	{ "pe"   "P" "sp3" }
>> 	{ "pf"   "P" "sp3" }
>> 	{ "px"   "P" "sp3" }
>> 	{ "py"   "P" "sp3" }
>> 	{ "f"   "F" "sp3" }
>> 	{ "cl"  "Cl" "sp3" }
>> 	{ "br"  "Br" "sp3" }
>> 	{ "i"   "I"  "sp3" }
>> }
>> #
>> #	Load the general force field parameter set.
>> #
>> gaff = loadamberparams gaff.dat
Loading parameters: /home/johann/miniconda3/dat/leap/parm/gaff.dat
Reading title:
AMBER General Force Field for organic molecules (Version 1.81, May 2017)
> 
> set default PBradii mbondi3
Using ArgH and AspGluO modified Bondi2 radii
> loadamberparams ./2f1g/LIGAND.frcmod
Loading parameters: ./2f1g/LIGAND.frcmod
Reading force field modification type file (frcmod)
Reading title:
Remark line goes here
> LIG = loadmol2 ./2f1g/LIGAND.mol2
Loading Mol2 file: ./2f1g/LIGAND.mol2
Reading MOLECULE named GNF
> PROT = loadpdb ./2f1g/PROTEIN.pdb
Loading PDB file: ./2f1g/PROTEIN.pdb
Matching PDB residue names to LEaP variables.
  Added missing heavy atom: .R<ACE 21>.A<CH3 2>
  Added missing heavy atom: .R<NME 33>.A<C 3>
  Added missing heavy atom: .R<ACE 34>.A<CH3 2>
  Added missing heavy atom: .R<NME 48>.A<C 3>
  Added missing heavy atom: .R<ACE 49>.A<CH3 2>
  Added missing heavy atom: .R<NME 57>.A<C 3>
  Added missing heavy atom: .R<ACE 58>.A<CH3 2>
  Added missing heavy atom: .R<NME 61>.A<C 3>
  Added missing heavy atom: .R<ACE 62>.A<CH3 2>
  Added missing heavy atom: .R<NME 69>.A<C 3>
  Added missing heavy atom: .R<ACE 70>.A<CH3 2>
  Added missing heavy atom: .R<NME 74>.A<C 3>
  Added missing heavy atom: .R<ACE 75>.A<CH3 2>
  Added missing heavy atom: .R<NME 77>.A<C 3>
  Added missing heavy atom: .R<ACE 78>.A<CH3 2>
  Added missing heavy atom: .R<NME 82>.A<C 3>
  total atoms in file: 665
  Leap added 64 missing atoms according to residue templates:
       16 Heavy
       48 H / lone pairs
> COMPLEX = combine {PROT LIG}
  Sequence: default_name
  Sequence: GNF
> saveamberparm COMPLEX ./2f1g/2f1g.top ./2f1g/2f1g.crd
Checking Unit.

/home/johann/miniconda3/bin/teLeap: Warning!
The unperturbed charge of the unit (0.999999) is not zero.

/home/johann/miniconda3/bin/teLeap: Note.
Ignoring the warning from Unit Checking.

Building topology.
Building atom parameters.
Building bond parameters.
Building angle parameters.
Building proper torsion parameters.
Building improper torsion parameters.
 total 200 improper torsions applied
Building H-Bond parameters.
Incorporating Non-Bonded adjustments.
Not Marking per-residue atom chain types.
Marking per-residue atom chain types.
  (Residues lacking connect0/connect1 - 
   these don't have chain types marked:

	res	total affected

	GNF	1
  )
 (no restraints)
> savepdb COMPLEX ./2f1g/2f1g.pdb
Writing pdb file: ./2f1g/2f1g.pdb
 quit
	Quit

Exiting LEaP: Errors = 0; Warnings = 1; Notes = 1.
log started: Mon May 19 15:40:20 2025

Log file: ./leap.log
>> #
>> # ----- leaprc for loading the ff19SB force field
>> # ----- NOTE: this is designed for PDB format 3!
>> #
>> #	load atom type hybridizations
>> #
>> addAtomTypes {
>> 	{ "H"   "H" "sp3" }
>> 	{ "HO"  "H" "sp3" }
>> 	{ "HS"  "H" "sp3" }
>> 	{ "H1"  "H" "sp3" }
>> 	{ "H2"  "H" "sp3" }
>> 	{ "H3"  "H" "sp3" }
>> 	{ "H4"  "H" "sp3" }
>> 	{ "H5"  "H" "sp3" }
>> 	{ "HW"  "H" "sp3" }
>> 	{ "HC"  "H" "sp3" }
>> 	{ "HA"  "H" "sp3" }
>> 	{ "HP"  "H" "sp3" }
>> 	{ "HZ"  "H" "sp3" }
>> 	{ "OH"  "O" "sp3" }
>> 	{ "OS"  "O" "sp3" }
>> 	{ "O"   "O" "sp2" }
>> 	{ "O2"  "O" "sp2" }
>> 	{ "OP"  "O" "sp2" }
>> 	{ "OW"  "O" "sp3" }
>> 	{ "CT"  "C" "sp3" }
>> 	{ "CX"  "C" "sp3" }
>> 	{ "XC"  "C" "sp3" }
>> 	{ "C8"  "C" "sp3" }
>> 	{ "2C"  "C" "sp3" }
>> 	{ "3C"  "C" "sp3" }
>> 	{ "CH"  "C" "sp3" }
>> 	{ "CS"  "C" "sp2" }
>> 	{ "C"   "C" "sp2" }
>> 	{ "CO"   "C" "sp2" }
>> 	{ "C*"  "C" "sp2" }
>> 	{ "CA"  "C" "sp2" }
>> 	{ "CB"  "C" "sp2" }
>> 	{ "CC"  "C" "sp2" }
>> 	{ "CN"  "C" "sp2" }
>> 	{ "CM"  "C" "sp2" }
>> 	{ "CK"  "C" "sp2" }
>> 	{ "CQ"  "C" "sp2" }
>> 	{ "CD"  "C" "sp2" }
>> 	{ "C5"  "C" "sp2" }
>> 	{ "C4"  "C" "sp2" }
>> 	{ "CP"  "C" "sp2" }
>> 	{ "CI"  "C" "sp3" }
>> 	{ "CJ"  "C" "sp2" }
>> 	{ "CW"  "C" "sp2" }
>> 	{ "CV"  "C" "sp2" }
>> 	{ "CR"  "C" "sp2" }
>> 	{ "CA"  "C" "sp2" }
>> 	{ "CY"  "C" "sp2" }
>> 	{ "C0"  "Ca" "sp3" }
>> 	{ "MG"  "Mg" "sp3" }
>> 	{ "N"   "N" "sp2" }
>> 	{ "NA"  "N" "sp2" }
>> 	{ "N2"  "N" "sp2" }
>> 	{ "N*"  "N" "sp2" }
>> 	{ "NP"  "N" "sp2" }
>> 	{ "NQ"  "N" "sp2" }
>> 	{ "NB"  "N" "sp2" }
>> 	{ "NC"  "N" "sp2" }
>> 	{ "NT"  "N" "sp3" }
>> 	{ "NY"  "N" "sp2" }
>> 	{ "N3"  "N" "sp3" }
>> 	{ "S"   "S" "sp3" }
>> 	{ "SH"  "S" "sp3" }
>> 	{ "P"   "P" "sp3" }
>> 	{ "LP"  ""  "sp3" }
>> 	{ "EP"  ""  "sp3" }
>> 	{ "F"   "F" "sp3" }
>> 	{ "Cl"  "Cl" "sp3" }
>> 	{ "Br"  "Br" "sp3" }
>> 	{ "I"   "I"  "sp3" }
>> }
>> #
>> #	Load the main parameter set.
>> #
>> set default cmap on
>> parm19 = loadamberparams parm19.dat
Loading parameters: /home/johann/miniconda3/dat/leap/parm/parm19.dat
Reading title:
PARM99 + frcmod.ff99SB + frcmod.parmbsc0 + OL3 for RNA + ff19SB
(UNKNOWN ATOM TYPE: Zn)
(UNKNOWN ATOM TYPE: EP)
>> frcmod19SB = loadamberparams frcmod.ff19SB
Loading parameters: /home/johann/miniconda3/dat/leap/parm/frcmod.ff19SB
Reading force field modification type file (frcmod)
Reading title:
ff19SB AA-specific backbone CMAPs for protein 07/25/2019
>> #
>> #	Load main chain and terminating amino acid libraries
>> #
>> loadOff amino19.lib
Loading library: /home/johann/miniconda3/dat/leap/lib/amino19.lib
Loading: ALA
Loading: ARG
Loading: ASH
Loading: ASN
Loading: ASP
Loading: CYM
Loading: CYS
Loading: CYX
Loading: GLH
Loading: GLN
Loading: GLU
Loading: GLY
Loading: HID
Loading: HIE
Loading: HIP
Loading: HYP
Loading: ILE
Loading: LEU
Loading: LYN
Loading: LYS
Loading: MET
Loading: PHE
Loading: PRO
Loading: SER
Loading: THR
Loading: TRP
Loading: TYR
Loading: VAL
>> loadOff aminoct12.lib
Loading library: /home/johann/miniconda3/dat/leap/lib/aminoct12.lib
Loading: CALA
Loading: CARG
Loading: CASN
Loading: CASP
Loading: CCYS
Loading: CCYX
Loading: CGLN
Loading: CGLU
Loading: CGLY
Loading: CHID
Loading: CHIE
Loading: CHIP
Loading: CHYP
Loading: CILE
Loading: CLEU
Loading: CLYS
Loading: CMET
Loading: CPHE
Loading: CPRO
Loading: CSER
Loading: CTHR
Loading: CTRP
Loading: CTYR
Loading: CVAL
Loading: NHE
Loading: NME
>> loadOff aminont12.lib
Loading library: /home/johann/miniconda3/dat/leap/lib/aminont12.lib
Loading: ACE
Loading: NALA
Loading: NARG
Loading: NASN
Loading: NASP
Loading: NCYS
Loading: NCYX
Loading: NGLN
Loading: NGLU
Loading: NGLY
Loading: NHID
Loading: NHIE
Loading: NHIP
Loading: NILE
Loading: NLEU
Loading: NLYS
Loading: NMET
Loading: NPHE
Loading: NPRO
Loading: NSER
Loading: NTHR
Loading: NTRP
Loading: NTYR
Loading: NVAL
>> 
>> #
>> #	Define the PDB name map for the amino acids
>> #
>> addPdbResMap {
>>   { 0 "HYP" "NHYP" } { 1 "HYP" "CHYP" }
>>   { 0 "ALA" "NALA" } { 1 "ALA" "CALA" }
>>   { 0 "ARG" "NARG" } { 1 "ARG" "CARG" }
>>   { 0 "ASN" "NASN" } { 1 "ASN" "CASN" }
>>   { 0 "ASP" "NASP" } { 1 "ASP" "CASP" }
>>   { 0 "CYS" "NCYS" } { 1 "CYS" "CCYS" }
>>   { 0 "CYX" "NCYX" } { 1 "CYX" "CCYX" }
>>   { 0 "GLN" "NGLN" } { 1 "GLN" "CGLN" }
>>   { 0 "GLU" "NGLU" } { 1 "GLU" "CGLU" }
>>   { 0 "GLY" "NGLY" } { 1 "GLY" "CGLY" }
>>   { 0 "HID" "NHID" } { 1 "HID" "CHID" }
>>   { 0 "HIE" "NHIE" } { 1 "HIE" "CHIE" }
>>   { 0 "HIP" "NHIP" } { 1 "HIP" "CHIP" }
>>   { 0 "ILE" "NILE" } { 1 "ILE" "CILE" }
>>   { 0 "LEU" "NLEU" } { 1 "LEU" "CLEU" }
>>   { 0 "LYS" "NLYS" } { 1 "LYS" "CLYS" }
>>   { 0 "MET" "NMET" } { 1 "MET" "CMET" }
>>   { 0 "PHE" "NPHE" } { 1 "PHE" "CPHE" }
>>   { 0 "PRO" "NPRO" } { 1 "PRO" "CPRO" }
>>   { 0 "SER" "NSER" } { 1 "SER" "CSER" }
>>   { 0 "THR" "NTHR" } { 1 "THR" "CTHR" }
>>   { 0 "TRP" "NTRP" } { 1 "TRP" "CTRP" }
>>   { 0 "TYR" "NTYR" } { 1 "TYR" "CTYR" }
>>   { 0 "VAL" "NVAL" } { 1 "VAL" "CVAL" }
>>   { 0 "HIS" "NHIS" } { 1 "HIS" "CHIS" }
>> }
>> 
>> #
>> # assume that most often proteins use HIE
>> #
>> NHIS = NHIE
>> HIS = HIE
>> CHIS = CHIE
> 
> source leaprc.gaff
----- Source: /home/johann/miniconda3/dat/leap/cmd/leaprc.gaff
----- Source of /home/johann/miniconda3/dat/leap/cmd/leaprc.gaff done
>> logFile leap.log
log started: Mon May 19 15:40:20 2025

Log file: ./leap.log
>> #
>> # ----- leaprc for loading the general Amber Force field.
>> #       This file is mostly for use with Antechamber
>> #
>> #	load atom type hybridizations
>> #
>> addAtomTypes {
>> 	{ "h1"  "H" "sp3" }
>> 	{ "h2"  "H" "sp3" }
>> 	{ "h3"  "H" "sp3" }
>> 	{ "h4"  "H" "sp3" }
>> 	{ "h5"  "H" "sp3" }
>> 	{ "ha"  "H" "sp3" }
>> 	{ "hc"  "H" "sp3" }
>> 	{ "hn"  "H" "sp3" }
>> 	{ "ho"  "H" "sp3" }
>> 	{ "hp"  "H" "sp3" }
>> 	{ "hs"  "H" "sp3" }
>> 	{ "hw"  "H" "sp3" }
>> 	{ "hx"  "H" "sp3" }
>> 	{ "o"  "O" "sp2" }
>> 	{ "o2"  "O" "sp2" }
>> 	{ "oh"  "O" "sp3" }
>> 	{ "op"  "O" "sp3" }
>> 	{ "oq"  "O" "sp3" }
>> 	{ "os"  "O" "sp3" }
>> 	{ "ow"  "O" "sp3" }
>> 	{ "c"  "C" "sp2" }
>> 	{ "c1"  "C" "sp2" }
>> 	{ "c2"  "C" "sp2" }
>> 	{ "c3"  "C" "sp3" }
>> 	{ "ca"  "C" "sp2" }
>> 	{ "cc"  "C" "sp2" }
>> 	{ "cd"  "C" "sp2" }
>> 	{ "ce"  "C" "sp2" }
>> 	{ "cf"  "C" "sp2" }
>> 	{ "cg"  "C" "sp2" }
>> 	{ "ch"  "C" "sp2" }
>> 	{ "cp"  "C" "sp2" }
>> 	{ "cq"  "C" "sp2" }
>> 	{ "cu"  "C" "sp2" }
>> 	{ "cv"  "C" "sp2" }
>> 	{ "cx"  "C" "sp2" }
>> 	{ "cy"  "C" "sp2" }
>> 	{ "cz"  "C" "sp2" }
>> 	{ "n"   "N" "sp2" }
>> 	{ "n1"  "N" "sp2" }
>> 	{ "n2"  "N" "sp2" }
>> 	{ "n3"  "N" "sp3" }
>> 	{ "n4"  "N" "sp3" }
>> 	{ "na"  "N" "sp2" }
>> 	{ "nb"  "N" "sp2" }
>> 	{ "nc"  "N" "sp2" }
>> 	{ "nd"  "N" "sp2" }
>> 	{ "ne"  "N" "sp2" }
>> 	{ "nf"  "N" "sp2" }
>> 	{ "nh"  "N" "sp2" }
>> 	{ "ni"  "N" "sp2" }
>> 	{ "nj"  "N" "sp2" }
>> 	{ "nk"  "N" "sp3" }
>> 	{ "nl"  "N" "sp3" }
>> 	{ "nm"  "N" "sp2" }
>> 	{ "nn"  "N" "sp2" }
>> 	{ "no"  "N" "sp2" }
>> 	{ "np"  "N" "sp3" }
>> 	{ "nq"  "N" "sp3" }
>> 	{ "s"   "S" "sp2" }
>> 	{ "s2"   "S" "sp2" }
>> 	{ "s3"   "S" "sp3" }
>> 	{ "s4"   "S" "sp3" }
>> 	{ "s6"   "S" "sp3" }
>> 	{ "sh"   "S" "sp3" }
>> 	{ "sp"   "S" "sp3" }
>> 	{ "sq"   "S" "sp3" }
>> 	{ "ss"   "S" "sp3" }
>> 	{ "sx"   "S" "sp3" }
>> 	{ "sy"   "S" "sp3" }
>> 	{ "p2"   "P" "sp2" }
>> 	{ "p3"   "P" "sp3" }
>> 	{ "p4"   "P" "sp3" }
>> 	{ "p5"   "P" "sp3" }
>> 	{ "pb"   "P" "sp3" }
>> 	{ "pc"   "P" "sp3" }
>> 	{ "pd"   "P" "sp3" }
>> 	{ "pe"   "P" "sp3" }
>> 	{ "pf"   "P" "sp3" }
>> 	{ "px"   "P" "sp3" }
>> 	{ "py"   "P" "sp3" }
>> 	{ "f"   "F" "sp3" }
>> 	{ "cl"  "Cl" "sp3" }
>> 	{ "br"  "Br" "sp3" }
>> 	{ "i"   "I"  "sp3" }
>> }
>> #
>> #	Load the general force field parameter set.
>> #
>> gaff = loadamberparams gaff.dat
Loading parameters: /home/johann/miniconda3/dat/leap/parm/gaff.dat
Reading title:
AMBER General Force Field for organic molecules (Version 1.81, May 2017)
> 
> set default PBradii mbondi3
Using ArgH and AspGluO modified Bondi2 radii
> loadamberparams ./2iwx/LIGAND.frcmod
Loading parameters: ./2iwx/LIGAND.frcmod
Reading force field modification type file (frcmod)
Reading title:
Remark line goes here
> LIG = loadmol2 ./2iwx/LIGAND.mol2
Loading Mol2 file: ./2iwx/LIGAND.mol2
Reading MOLECULE named M1S
> PROT = loadpdb ./2iwx/PROTEIN.pdb
Loading PDB file: ./2iwx/PROTEIN.pdb
Matching PDB residue names to LEaP variables.
  Added missing heavy atom: .R<ACE 32>.A<CH3 2>
  Added missing heavy atom: .R<NME 46>.A<C 3>
  Added missing heavy atom: .R<ACE 47>.A<CH3 2>
  Added missing heavy atom: .R<NME 49>.A<C 3>
  Added missing heavy atom: .R<ACE 50>.A<CH3 2>
  Added missing heavy atom: .R<NME 60>.A<C 3>
  Added missing heavy atom: .R<ACE 61>.A<CH3 2>
  Added missing heavy atom: .R<NME 64>.A<C 3>
  Added missing heavy atom: .R<ACE 65>.A<CH3 2>
  Added missing heavy atom: .R<NME 68>.A<C 3>
  Added missing heavy atom: .R<ACE 69>.A<CH3 2>
  Added missing heavy atom: .R<NME 71>.A<C 3>
  Added missing heavy atom: .R<ACE 72>.A<CH3 2>
  Added missing heavy atom: .R<NME 74>.A<C 3>
  Added missing heavy atom: .R<ACE 75>.A<CH3 2>
  Added missing heavy atom: .R<NME 83>.A<C 3>
  Added missing heavy atom: .R<ACE 84>.A<CH3 2>
  Added missing heavy atom: .R<NME 90>.A<C 3>
  Added missing heavy atom: .R<ACE 91>.A<CH3 2>
  Added missing heavy atom: .R<NME 98>.A<C 3>
  total atoms in file: 749
  Leap added 80 missing atoms according to residue templates:
       20 Heavy
       60 H / lone pairs
> COMPLEX = combine {PROT LIG}
  Sequence: default_name
  Sequence: M1S
> saveamberparm COMPLEX ./2iwx/2iwx.top ./2iwx/2iwx.crd
Checking Unit.

/home/johann/miniconda3/bin/teLeap: Warning!
The unperturbed charge of the unit (-1.000000) is not zero.

/home/johann/miniconda3/bin/teLeap: Note.
Ignoring the warning from Unit Checking.

Building topology.
Building atom parameters.
Building bond parameters.
Building angle parameters.
Building proper torsion parameters.
Building improper torsion parameters.
 total 153 improper torsions applied
Building H-Bond parameters.
Incorporating Non-Bonded adjustments.
Not Marking per-residue atom chain types.
Marking per-residue atom chain types.
  (Residues lacking connect0/connect1 - 
   these don't have chain types marked:

	res	total affected

	M1S	1
  )
 (no restraints)
> savepdb COMPLEX ./2iwx/2iwx.pdb
Writing pdb file: ./2iwx/2iwx.pdb
 quit
	Quit

Exiting LEaP: Errors = 0; Warnings = 1; Notes = 1.
log started: Mon May 19 15:42:28 2025

Log file: ./leap.log
>> #
>> # ----- leaprc for loading the ff19SB force field
>> # ----- NOTE: this is designed for PDB format 3!
>> #
>> #	load atom type hybridizations
>> #
>> addAtomTypes {
>> 	{ "H"   "H" "sp3" }
>> 	{ "HO"  "H" "sp3" }
>> 	{ "HS"  "H" "sp3" }
>> 	{ "H1"  "H" "sp3" }
>> 	{ "H2"  "H" "sp3" }
>> 	{ "H3"  "H" "sp3" }
>> 	{ "H4"  "H" "sp3" }
>> 	{ "H5"  "H" "sp3" }
>> 	{ "HW"  "H" "sp3" }
>> 	{ "HC"  "H" "sp3" }
>> 	{ "HA"  "H" "sp3" }
>> 	{ "HP"  "H" "sp3" }
>> 	{ "HZ"  "H" "sp3" }
>> 	{ "OH"  "O" "sp3" }
>> 	{ "OS"  "O" "sp3" }
>> 	{ "O"   "O" "sp2" }
>> 	{ "O2"  "O" "sp2" }
>> 	{ "OP"  "O" "sp2" }
>> 	{ "OW"  "O" "sp3" }
>> 	{ "CT"  "C" "sp3" }
>> 	{ "CX"  "C" "sp3" }
>> 	{ "XC"  "C" "sp3" }
>> 	{ "C8"  "C" "sp3" }
>> 	{ "2C"  "C" "sp3" }
>> 	{ "3C"  "C" "sp3" }
>> 	{ "CH"  "C" "sp3" }
>> 	{ "CS"  "C" "sp2" }
>> 	{ "C"   "C" "sp2" }
>> 	{ "CO"   "C" "sp2" }
>> 	{ "C*"  "C" "sp2" }
>> 	{ "CA"  "C" "sp2" }
>> 	{ "CB"  "C" "sp2" }
>> 	{ "CC"  "C" "sp2" }
>> 	{ "CN"  "C" "sp2" }
>> 	{ "CM"  "C" "sp2" }
>> 	{ "CK"  "C" "sp2" }
>> 	{ "CQ"  "C" "sp2" }
>> 	{ "CD"  "C" "sp2" }
>> 	{ "C5"  "C" "sp2" }
>> 	{ "C4"  "C" "sp2" }
>> 	{ "CP"  "C" "sp2" }
>> 	{ "CI"  "C" "sp3" }
>> 	{ "CJ"  "C" "sp2" }
>> 	{ "CW"  "C" "sp2" }
>> 	{ "CV"  "C" "sp2" }
>> 	{ "CR"  "C" "sp2" }
>> 	{ "CA"  "C" "sp2" }
>> 	{ "CY"  "C" "sp2" }
>> 	{ "C0"  "Ca" "sp3" }
>> 	{ "MG"  "Mg" "sp3" }
>> 	{ "N"   "N" "sp2" }
>> 	{ "NA"  "N" "sp2" }
>> 	{ "N2"  "N" "sp2" }
>> 	{ "N*"  "N" "sp2" }
>> 	{ "NP"  "N" "sp2" }
>> 	{ "NQ"  "N" "sp2" }
>> 	{ "NB"  "N" "sp2" }
>> 	{ "NC"  "N" "sp2" }
>> 	{ "NT"  "N" "sp3" }
>> 	{ "NY"  "N" "sp2" }
>> 	{ "N3"  "N" "sp3" }
>> 	{ "S"   "S" "sp3" }
>> 	{ "SH"  "S" "sp3" }
>> 	{ "P"   "P" "sp3" }
>> 	{ "LP"  ""  "sp3" }
>> 	{ "EP"  ""  "sp3" }
>> 	{ "F"   "F" "sp3" }
>> 	{ "Cl"  "Cl" "sp3" }
>> 	{ "Br"  "Br" "sp3" }
>> 	{ "I"   "I"  "sp3" }
>> }
>> #
>> #	Load the main parameter set.
>> #
>> set default cmap on
>> parm19 = loadamberparams parm19.dat
Loading parameters: /home/johann/miniconda3/dat/leap/parm/parm19.dat
Reading title:
PARM99 + frcmod.ff99SB + frcmod.parmbsc0 + OL3 for RNA + ff19SB
(UNKNOWN ATOM TYPE: Zn)
(UNKNOWN ATOM TYPE: EP)
>> frcmod19SB = loadamberparams frcmod.ff19SB
Loading parameters: /home/johann/miniconda3/dat/leap/parm/frcmod.ff19SB
Reading force field modification type file (frcmod)
Reading title:
ff19SB AA-specific backbone CMAPs for protein 07/25/2019
>> #
>> #	Load main chain and terminating amino acid libraries
>> #
>> loadOff amino19.lib
Loading library: /home/johann/miniconda3/dat/leap/lib/amino19.lib
Loading: ALA
Loading: ARG
Loading: ASH
Loading: ASN
Loading: ASP
Loading: CYM
Loading: CYS
Loading: CYX
Loading: GLH
Loading: GLN
Loading: GLU
Loading: GLY
Loading: HID
Loading: HIE
Loading: HIP
Loading: HYP
Loading: ILE
Loading: LEU
Loading: LYN
Loading: LYS
Loading: MET
Loading: PHE
Loading: PRO
Loading: SER
Loading: THR
Loading: TRP
Loading: TYR
Loading: VAL
>> loadOff aminoct12.lib
Loading library: /home/johann/miniconda3/dat/leap/lib/aminoct12.lib
Loading: CALA
Loading: CARG
Loading: CASN
Loading: CASP
Loading: CCYS
Loading: CCYX
Loading: CGLN
Loading: CGLU
Loading: CGLY
Loading: CHID
Loading: CHIE
Loading: CHIP
Loading: CHYP
Loading: CILE
Loading: CLEU
Loading: CLYS
Loading: CMET
Loading: CPHE
Loading: CPRO
Loading: CSER
Loading: CTHR
Loading: CTRP
Loading: CTYR
Loading: CVAL
Loading: NHE
Loading: NME
>> loadOff aminont12.lib
Loading library: /home/johann/miniconda3/dat/leap/lib/aminont12.lib
Loading: ACE
Loading: NALA
Loading: NARG
Loading: NASN
Loading: NASP
Loading: NCYS
Loading: NCYX
Loading: NGLN
Loading: NGLU
Loading: NGLY
Loading: NHID
Loading: NHIE
Loading: NHIP
Loading: NILE
Loading: NLEU
Loading: NLYS
Loading: NMET
Loading: NPHE
Loading: NPRO
Loading: NSER
Loading: NTHR
Loading: NTRP
Loading: NTYR
Loading: NVAL
>> 
>> #
>> #	Define the PDB name map for the amino acids
>> #
>> addPdbResMap {
>>   { 0 "HYP" "NHYP" } { 1 "HYP" "CHYP" }
>>   { 0 "ALA" "NALA" } { 1 "ALA" "CALA" }
>>   { 0 "ARG" "NARG" } { 1 "ARG" "CARG" }
>>   { 0 "ASN" "NASN" } { 1 "ASN" "CASN" }
>>   { 0 "ASP" "NASP" } { 1 "ASP" "CASP" }
>>   { 0 "CYS" "NCYS" } { 1 "CYS" "CCYS" }
>>   { 0 "CYX" "NCYX" } { 1 "CYX" "CCYX" }
>>   { 0 "GLN" "NGLN" } { 1 "GLN" "CGLN" }
>>   { 0 "GLU" "NGLU" } { 1 "GLU" "CGLU" }
>>   { 0 "GLY" "NGLY" } { 1 "GLY" "CGLY" }
>>   { 0 "HID" "NHID" } { 1 "HID" "CHID" }
>>   { 0 "HIE" "NHIE" } { 1 "HIE" "CHIE" }
>>   { 0 "HIP" "NHIP" } { 1 "HIP" "CHIP" }
>>   { 0 "ILE" "NILE" } { 1 "ILE" "CILE" }
>>   { 0 "LEU" "NLEU" } { 1 "LEU" "CLEU" }
>>   { 0 "LYS" "NLYS" } { 1 "LYS" "CLYS" }
>>   { 0 "MET" "NMET" } { 1 "MET" "CMET" }
>>   { 0 "PHE" "NPHE" } { 1 "PHE" "CPHE" }
>>   { 0 "PRO" "NPRO" } { 1 "PRO" "CPRO" }
>>   { 0 "SER" "NSER" } { 1 "SER" "CSER" }
>>   { 0 "THR" "NTHR" } { 1 "THR" "CTHR" }
>>   { 0 "TRP" "NTRP" } { 1 "TRP" "CTRP" }
>>   { 0 "TYR" "NTYR" } { 1 "TYR" "CTYR" }
>>   { 0 "VAL" "NVAL" } { 1 "VAL" "CVAL" }
>>   { 0 "HIS" "NHIS" } { 1 "HIS" "CHIS" }
>> }
>> 
>> #
>> # assume that most often proteins use HIE
>> #
>> NHIS = NHIE
>> HIS = HIE
>> CHIS = CHIE
> 
> source leaprc.gaff
----- Source: /home/johann/miniconda3/dat/leap/cmd/leaprc.gaff
----- Source of /home/johann/miniconda3/dat/leap/cmd/leaprc.gaff done
>> logFile leap.log
log started: Mon May 19 15:42:28 2025

Log file: ./leap.log
>> #
>> # ----- leaprc for loading the general Amber Force field.
>> #       This file is mostly for use with Antechamber
>> #
>> #	load atom type hybridizations
>> #
>> addAtomTypes {
>> 	{ "h1"  "H" "sp3" }
>> 	{ "h2"  "H" "sp3" }
>> 	{ "h3"  "H" "sp3" }
>> 	{ "h4"  "H" "sp3" }
>> 	{ "h5"  "H" "sp3" }
>> 	{ "ha"  "H" "sp3" }
>> 	{ "hc"  "H" "sp3" }
>> 	{ "hn"  "H" "sp3" }
>> 	{ "ho"  "H" "sp3" }
>> 	{ "hp"  "H" "sp3" }
>> 	{ "hs"  "H" "sp3" }
>> 	{ "hw"  "H" "sp3" }
>> 	{ "hx"  "H" "sp3" }
>> 	{ "o"  "O" "sp2" }
>> 	{ "o2"  "O" "sp2" }
>> 	{ "oh"  "O" "sp3" }
>> 	{ "op"  "O" "sp3" }
>> 	{ "oq"  "O" "sp3" }
>> 	{ "os"  "O" "sp3" }
>> 	{ "ow"  "O" "sp3" }
>> 	{ "c"  "C" "sp2" }
>> 	{ "c1"  "C" "sp2" }
>> 	{ "c2"  "C" "sp2" }
>> 	{ "c3"  "C" "sp3" }
>> 	{ "ca"  "C" "sp2" }
>> 	{ "cc"  "C" "sp2" }
>> 	{ "cd"  "C" "sp2" }
>> 	{ "ce"  "C" "sp2" }
>> 	{ "cf"  "C" "sp2" }
>> 	{ "cg"  "C" "sp2" }
>> 	{ "ch"  "C" "sp2" }
>> 	{ "cp"  "C" "sp2" }
>> 	{ "cq"  "C" "sp2" }
>> 	{ "cu"  "C" "sp2" }
>> 	{ "cv"  "C" "sp2" }
>> 	{ "cx"  "C" "sp2" }
>> 	{ "cy"  "C" "sp2" }
>> 	{ "cz"  "C" "sp2" }
>> 	{ "n"   "N" "sp2" }
>> 	{ "n1"  "N" "sp2" }
>> 	{ "n2"  "N" "sp2" }
>> 	{ "n3"  "N" "sp3" }
>> 	{ "n4"  "N" "sp3" }
>> 	{ "na"  "N" "sp2" }
>> 	{ "nb"  "N" "sp2" }
>> 	{ "nc"  "N" "sp2" }
>> 	{ "nd"  "N" "sp2" }
>> 	{ "ne"  "N" "sp2" }
>> 	{ "nf"  "N" "sp2" }
>> 	{ "nh"  "N" "sp2" }
>> 	{ "ni"  "N" "sp2" }
>> 	{ "nj"  "N" "sp2" }
>> 	{ "nk"  "N" "sp3" }
>> 	{ "nl"  "N" "sp3" }
>> 	{ "nm"  "N" "sp2" }
>> 	{ "nn"  "N" "sp2" }
>> 	{ "no"  "N" "sp2" }
>> 	{ "np"  "N" "sp3" }
>> 	{ "nq"  "N" "sp3" }
>> 	{ "s"   "S" "sp2" }
>> 	{ "s2"   "S" "sp2" }
>> 	{ "s3"   "S" "sp3" }
>> 	{ "s4"   "S" "sp3" }
>> 	{ "s6"   "S" "sp3" }
>> 	{ "sh"   "S" "sp3" }
>> 	{ "sp"   "S" "sp3" }
>> 	{ "sq"   "S" "sp3" }
>> 	{ "ss"   "S" "sp3" }
>> 	{ "sx"   "S" "sp3" }
>> 	{ "sy"   "S" "sp3" }
>> 	{ "p2"   "P" "sp2" }
>> 	{ "p3"   "P" "sp3" }
>> 	{ "p4"   "P" "sp3" }
>> 	{ "p5"   "P" "sp3" }
>> 	{ "pb"   "P" "sp3" }
>> 	{ "pc"   "P" "sp3" }
>> 	{ "pd"   "P" "sp3" }
>> 	{ "pe"   "P" "sp3" }
>> 	{ "pf"   "P" "sp3" }
>> 	{ "px"   "P" "sp3" }
>> 	{ "py"   "P" "sp3" }
>> 	{ "f"   "F" "sp3" }
>> 	{ "cl"  "Cl" "sp3" }
>> 	{ "br"  "Br" "sp3" }
>> 	{ "i"   "I"  "sp3" }
>> }
>> #
>> #	Load the general force field parameter set.
>> #
>> gaff = loadamberparams gaff.dat
Loading parameters: /home/johann/miniconda3/dat/leap/parm/gaff.dat
Reading title:
AMBER General Force Field for organic molecules (Version 1.81, May 2017)
> 
> set default PBradii mbondi3
Using ArgH and AspGluO modified Bondi2 radii
> loadamberparams ./2oxd/LIGAND.frcmod
Loading parameters: ./2oxd/LIGAND.frcmod
Reading force field modification type file (frcmod)
Reading title:
Remark line goes here
> LIG = loadmol2 ./2oxd/LIGAND.mol2
Loading Mol2 file: ./2oxd/LIGAND.mol2
Reading MOLECULE named K32
> PROT = loadpdb ./2oxd/PROTEIN.pdb
Loading PDB file: ./2oxd/PROTEIN.pdb
Matching PDB residue names to LEaP variables.
  Added missing heavy atom: .R<ACE 38>.A<CH3 2>
  Added missing heavy atom: .R<NME 43>.A<C 3>
  Added missing heavy atom: .R<ACE 44>.A<CH3 2>
  Added missing heavy atom: .R<NME 50>.A<C 3>
  Added missing heavy atom: .R<ACE 51>.A<CH3 2>
  Added missing heavy atom: .R<NME 56>.A<C 3>
  Added missing heavy atom: .R<ACE 57>.A<CH3 2>
  Added missing heavy atom: .R<NME 59>.A<C 3>
  Added missing heavy atom: .R<ACE 60>.A<CH3 2>
  Added missing heavy atom: .R<NME 63>.A<C 3>
  Added missing heavy atom: .R<ACE 64>.A<CH3 2>
  Added missing heavy atom: .R<NME 75>.A<C 3>
  Added missing heavy atom: .R<ACE 76>.A<CH3 2>
  Added missing heavy atom: .R<NME 82>.A<C 3>
  Added missing heavy atom: .R<ACE 83>.A<CH3 2>
  Added missing heavy atom: .R<NME 91>.A<C 3>
  total atoms in file: 677
  Leap added 64 missing atoms according to residue templates:
       16 Heavy
       48 H / lone pairs
> COMPLEX = combine {PROT LIG}
  Sequence: default_name
  Sequence: K32
> saveamberparm COMPLEX ./2oxd/2oxd.top ./2oxd/2oxd.crd
Checking Unit.
Building topology.
Building atom parameters.
Building bond parameters.
Building angle parameters.
Building proper torsion parameters.
Building improper torsion parameters.
 total 151 improper torsions applied
Building H-Bond parameters.
Incorporating Non-Bonded adjustments.
Not Marking per-residue atom chain types.
Marking per-residue atom chain types.
  (Residues lacking connect0/connect1 - 
   these don't have chain types marked:

	res	total affected

	K32	1
  )
 (no restraints)
> savepdb COMPLEX ./2oxd/2oxd.pdb
Writing pdb file: ./2oxd/2oxd.pdb
 quit
	Quit

Exiting LEaP: Errors = 0; Warnings = 0; Notes = 0.
log started: Mon May 19 15:45:59 2025

Log file: ./leap.log
>> #
>> # ----- leaprc for loading the ff19SB force field
>> # ----- NOTE: this is designed for PDB format 3!
>> #
>> #	load atom type hybridizations
>> #
>> addAtomTypes {
>> 	{ "H"   "H" "sp3" }
>> 	{ "HO"  "H" "sp3" }
>> 	{ "HS"  "H" "sp3" }
>> 	{ "H1"  "H" "sp3" }
>> 	{ "H2"  "H" "sp3" }
>> 	{ "H3"  "H" "sp3" }
>> 	{ "H4"  "H" "sp3" }
>> 	{ "H5"  "H" "sp3" }
>> 	{ "HW"  "H" "sp3" }
>> 	{ "HC"  "H" "sp3" }
>> 	{ "HA"  "H" "sp3" }
>> 	{ "HP"  "H" "sp3" }
>> 	{ "HZ"  "H" "sp3" }
>> 	{ "OH"  "O" "sp3" }
>> 	{ "OS"  "O" "sp3" }
>> 	{ "O"   "O" "sp2" }
>> 	{ "O2"  "O" "sp2" }
>> 	{ "OP"  "O" "sp2" }
>> 	{ "OW"  "O" "sp3" }
>> 	{ "CT"  "C" "sp3" }
>> 	{ "CX"  "C" "sp3" }
>> 	{ "XC"  "C" "sp3" }
>> 	{ "C8"  "C" "sp3" }
>> 	{ "2C"  "C" "sp3" }
>> 	{ "3C"  "C" "sp3" }
>> 	{ "CH"  "C" "sp3" }
>> 	{ "CS"  "C" "sp2" }
>> 	{ "C"   "C" "sp2" }
>> 	{ "CO"   "C" "sp2" }
>> 	{ "C*"  "C" "sp2" }
>> 	{ "CA"  "C" "sp2" }
>> 	{ "CB"  "C" "sp2" }
>> 	{ "CC"  "C" "sp2" }
>> 	{ "CN"  "C" "sp2" }
>> 	{ "CM"  "C" "sp2" }
>> 	{ "CK"  "C" "sp2" }
>> 	{ "CQ"  "C" "sp2" }
>> 	{ "CD"  "C" "sp2" }
>> 	{ "C5"  "C" "sp2" }
>> 	{ "C4"  "C" "sp2" }
>> 	{ "CP"  "C" "sp2" }
>> 	{ "CI"  "C" "sp3" }
>> 	{ "CJ"  "C" "sp2" }
>> 	{ "CW"  "C" "sp2" }
>> 	{ "CV"  "C" "sp2" }
>> 	{ "CR"  "C" "sp2" }
>> 	{ "CA"  "C" "sp2" }
>> 	{ "CY"  "C" "sp2" }
>> 	{ "C0"  "Ca" "sp3" }
>> 	{ "MG"  "Mg" "sp3" }
>> 	{ "N"   "N" "sp2" }
>> 	{ "NA"  "N" "sp2" }
>> 	{ "N2"  "N" "sp2" }
>> 	{ "N*"  "N" "sp2" }
>> 	{ "NP"  "N" "sp2" }
>> 	{ "NQ"  "N" "sp2" }
>> 	{ "NB"  "N" "sp2" }
>> 	{ "NC"  "N" "sp2" }
>> 	{ "NT"  "N" "sp3" }
>> 	{ "NY"  "N" "sp2" }
>> 	{ "N3"  "N" "sp3" }
>> 	{ "S"   "S" "sp3" }
>> 	{ "SH"  "S" "sp3" }
>> 	{ "P"   "P" "sp3" }
>> 	{ "LP"  ""  "sp3" }
>> 	{ "EP"  ""  "sp3" }
>> 	{ "F"   "F" "sp3" }
>> 	{ "Cl"  "Cl" "sp3" }
>> 	{ "Br"  "Br" "sp3" }
>> 	{ "I"   "I"  "sp3" }
>> }
>> #
>> #	Load the main parameter set.
>> #
>> set default cmap on
>> parm19 = loadamberparams parm19.dat
Loading parameters: /home/johann/miniconda3/dat/leap/parm/parm19.dat
Reading title:
PARM99 + frcmod.ff99SB + frcmod.parmbsc0 + OL3 for RNA + ff19SB
(UNKNOWN ATOM TYPE: Zn)
(UNKNOWN ATOM TYPE: EP)
>> frcmod19SB = loadamberparams frcmod.ff19SB
Loading parameters: /home/johann/miniconda3/dat/leap/parm/frcmod.ff19SB
Reading force field modification type file (frcmod)
Reading title:
ff19SB AA-specific backbone CMAPs for protein 07/25/2019
>> #
>> #	Load main chain and terminating amino acid libraries
>> #
>> loadOff amino19.lib
Loading library: /home/johann/miniconda3/dat/leap/lib/amino19.lib
Loading: ALA
Loading: ARG
Loading: ASH
Loading: ASN
Loading: ASP
Loading: CYM
Loading: CYS
Loading: CYX
Loading: GLH
Loading: GLN
Loading: GLU
Loading: GLY
Loading: HID
Loading: HIE
Loading: HIP
Loading: HYP
Loading: ILE
Loading: LEU
Loading: LYN
Loading: LYS
Loading: MET
Loading: PHE
Loading: PRO
Loading: SER
Loading: THR
Loading: TRP
Loading: TYR
Loading: VAL
>> loadOff aminoct12.lib
Loading library: /home/johann/miniconda3/dat/leap/lib/aminoct12.lib
Loading: CALA
Loading: CARG
Loading: CASN
Loading: CASP
Loading: CCYS
Loading: CCYX
Loading: CGLN
Loading: CGLU
Loading: CGLY
Loading: CHID
Loading: CHIE
Loading: CHIP
Loading: CHYP
Loading: CILE
Loading: CLEU
Loading: CLYS
Loading: CMET
Loading: CPHE
Loading: CPRO
Loading: CSER
Loading: CTHR
Loading: CTRP
Loading: CTYR
Loading: CVAL
Loading: NHE
Loading: NME
>> loadOff aminont12.lib
Loading library: /home/johann/miniconda3/dat/leap/lib/aminont12.lib
Loading: ACE
Loading: NALA
Loading: NARG
Loading: NASN
Loading: NASP
Loading: NCYS
Loading: NCYX
Loading: NGLN
Loading: NGLU
Loading: NGLY
Loading: NHID
Loading: NHIE
Loading: NHIP
Loading: NILE
Loading: NLEU
Loading: NLYS
Loading: NMET
Loading: NPHE
Loading: NPRO
Loading: NSER
Loading: NTHR
Loading: NTRP
Loading: NTYR
Loading: NVAL
>> 
>> #
>> #	Define the PDB name map for the amino acids
>> #
>> addPdbResMap {
>>   { 0 "HYP" "NHYP" } { 1 "HYP" "CHYP" }
>>   { 0 "ALA" "NALA" } { 1 "ALA" "CALA" }
>>   { 0 "ARG" "NARG" } { 1 "ARG" "CARG" }
>>   { 0 "ASN" "NASN" } { 1 "ASN" "CASN" }
>>   { 0 "ASP" "NASP" } { 1 "ASP" "CASP" }
>>   { 0 "CYS" "NCYS" } { 1 "CYS" "CCYS" }
>>   { 0 "CYX" "NCYX" } { 1 "CYX" "CCYX" }
>>   { 0 "GLN" "NGLN" } { 1 "GLN" "CGLN" }
>>   { 0 "GLU" "NGLU" } { 1 "GLU" "CGLU" }
>>   { 0 "GLY" "NGLY" } { 1 "GLY" "CGLY" }
>>   { 0 "HID" "NHID" } { 1 "HID" "CHID" }
>>   { 0 "HIE" "NHIE" } { 1 "HIE" "CHIE" }
>>   { 0 "HIP" "NHIP" } { 1 "HIP" "CHIP" }
>>   { 0 "ILE" "NILE" } { 1 "ILE" "CILE" }
>>   { 0 "LEU" "NLEU" } { 1 "LEU" "CLEU" }
>>   { 0 "LYS" "NLYS" } { 1 "LYS" "CLYS" }
>>   { 0 "MET" "NMET" } { 1 "MET" "CMET" }
>>   { 0 "PHE" "NPHE" } { 1 "PHE" "CPHE" }
>>   { 0 "PRO" "NPRO" } { 1 "PRO" "CPRO" }
>>   { 0 "SER" "NSER" } { 1 "SER" "CSER" }
>>   { 0 "THR" "NTHR" } { 1 "THR" "CTHR" }
>>   { 0 "TRP" "NTRP" } { 1 "TRP" "CTRP" }
>>   { 0 "TYR" "NTYR" } { 1 "TYR" "CTYR" }
>>   { 0 "VAL" "NVAL" } { 1 "VAL" "CVAL" }
>>   { 0 "HIS" "NHIS" } { 1 "HIS" "CHIS" }
>> }
>> 
>> #
>> # assume that most often proteins use HIE
>> #
>> NHIS = NHIE
>> HIS = HIE
>> CHIS = CHIE
> 
> source leaprc.gaff
----- Source: /home/johann/miniconda3/dat/leap/cmd/leaprc.gaff
----- Source of /home/johann/miniconda3/dat/leap/cmd/leaprc.gaff done
>> logFile leap.log
log started: Mon May 19 15:45:59 2025

Log file: ./leap.log
>> #
>> # ----- leaprc for loading the general Amber Force field.
>> #       This file is mostly for use with Antechamber
>> #
>> #	load atom type hybridizations
>> #
>> addAtomTypes {
>> 	{ "h1"  "H" "sp3" }
>> 	{ "h2"  "H" "sp3" }
>> 	{ "h3"  "H" "sp3" }
>> 	{ "h4"  "H" "sp3" }
>> 	{ "h5"  "H" "sp3" }
>> 	{ "ha"  "H" "sp3" }
>> 	{ "hc"  "H" "sp3" }
>> 	{ "hn"  "H" "sp3" }
>> 	{ "ho"  "H" "sp3" }
>> 	{ "hp"  "H" "sp3" }
>> 	{ "hs"  "H" "sp3" }
>> 	{ "hw"  "H" "sp3" }
>> 	{ "hx"  "H" "sp3" }
>> 	{ "o"  "O" "sp2" }
>> 	{ "o2"  "O" "sp2" }
>> 	{ "oh"  "O" "sp3" }
>> 	{ "op"  "O" "sp3" }
>> 	{ "oq"  "O" "sp3" }
>> 	{ "os"  "O" "sp3" }
>> 	{ "ow"  "O" "sp3" }
>> 	{ "c"  "C" "sp2" }
>> 	{ "c1"  "C" "sp2" }
>> 	{ "c2"  "C" "sp2" }
>> 	{ "c3"  "C" "sp3" }
>> 	{ "ca"  "C" "sp2" }
>> 	{ "cc"  "C" "sp2" }
>> 	{ "cd"  "C" "sp2" }
>> 	{ "ce"  "C" "sp2" }
>> 	{ "cf"  "C" "sp2" }
>> 	{ "cg"  "C" "sp2" }
>> 	{ "ch"  "C" "sp2" }
>> 	{ "cp"  "C" "sp2" }
>> 	{ "cq"  "C" "sp2" }
>> 	{ "cu"  "C" "sp2" }
>> 	{ "cv"  "C" "sp2" }
>> 	{ "cx"  "C" "sp2" }
>> 	{ "cy"  "C" "sp2" }
>> 	{ "cz"  "C" "sp2" }
>> 	{ "n"   "N" "sp2" }
>> 	{ "n1"  "N" "sp2" }
>> 	{ "n2"  "N" "sp2" }
>> 	{ "n3"  "N" "sp3" }
>> 	{ "n4"  "N" "sp3" }
>> 	{ "na"  "N" "sp2" }
>> 	{ "nb"  "N" "sp2" }
>> 	{ "nc"  "N" "sp2" }
>> 	{ "nd"  "N" "sp2" }
>> 	{ "ne"  "N" "sp2" }
>> 	{ "nf"  "N" "sp2" }
>> 	{ "nh"  "N" "sp2" }
>> 	{ "ni"  "N" "sp2" }
>> 	{ "nj"  "N" "sp2" }
>> 	{ "nk"  "N" "sp3" }
>> 	{ "nl"  "N" "sp3" }
>> 	{ "nm"  "N" "sp2" }
>> 	{ "nn"  "N" "sp2" }
>> 	{ "no"  "N" "sp2" }
>> 	{ "np"  "N" "sp3" }
>> 	{ "nq"  "N" "sp3" }
>> 	{ "s"   "S" "sp2" }
>> 	{ "s2"   "S" "sp2" }
>> 	{ "s3"   "S" "sp3" }
>> 	{ "s4"   "S" "sp3" }
>> 	{ "s6"   "S" "sp3" }
>> 	{ "sh"   "S" "sp3" }
>> 	{ "sp"   "S" "sp3" }
>> 	{ "sq"   "S" "sp3" }
>> 	{ "ss"   "S" "sp3" }
>> 	{ "sx"   "S" "sp3" }
>> 	{ "sy"   "S" "sp3" }
>> 	{ "p2"   "P" "sp2" }
>> 	{ "p3"   "P" "sp3" }
>> 	{ "p4"   "P" "sp3" }
>> 	{ "p5"   "P" "sp3" }
>> 	{ "pb"   "P" "sp3" }
>> 	{ "pc"   "P" "sp3" }
>> 	{ "pd"   "P" "sp3" }
>> 	{ "pe"   "P" "sp3" }
>> 	{ "pf"   "P" "sp3" }
>> 	{ "px"   "P" "sp3" }
>> 	{ "py"   "P" "sp3" }
>> 	{ "f"   "F" "sp3" }
>> 	{ "cl"  "Cl" "sp3" }
>> 	{ "br"  "Br" "sp3" }
>> 	{ "i"   "I"  "sp3" }
>> }
>> #
>> #	Load the general force field parameter set.
>> #
>> gaff = loadamberparams gaff.dat
Loading parameters: /home/johann/miniconda3/dat/leap/parm/gaff.dat
Reading title:
AMBER General Force Field for organic molecules (Version 1.81, May 2017)
> 
> set default PBradii mbondi3
Using ArgH and AspGluO modified Bondi2 radii
> loadamberparams ./2r9w/LIGAND.frcmod
Loading parameters: ./2r9w/LIGAND.frcmod
Reading force field modification type file (frcmod)
Reading title:
Remark line goes here
> LIG = loadmol2 ./2r9w/LIGAND.mol2
Loading Mol2 file: ./2r9w/LIGAND.mol2
Reading MOLECULE named 23C
> PROT = loadpdb ./2r9w/PROTEIN.pdb
Loading PDB file: ./2r9w/PROTEIN.pdb
Matching PDB residue names to LEaP variables.
  Added missing heavy atom: .R<ACE 57>.A<CH3 2>
  Added missing heavy atom: .R<NME 65>.A<C 3>
  Added missing heavy atom: .R<ACE 66>.A<CH3 2>
  Added missing heavy atom: .R<NME 70>.A<C 3>
  Added missing heavy atom: .R<ACE 71>.A<CH3 2>
  Added missing heavy atom: .R<NME 75>.A<C 3>
  Added missing heavy atom: .R<ACE 76>.A<CH3 2>
  Added missing heavy atom: .R<NME 78>.A<C 3>
  Added missing heavy atom: .R<ACE 79>.A<CH3 2>
  Added missing heavy atom: .R<NME 86>.A<C 3>
  Added missing heavy atom: .R<ACE 87>.A<CH3 2>
  Added missing heavy atom: .R<NME 89>.A<C 3>
  Added missing heavy atom: .R<ACE 90>.A<CH3 2>
  Added missing heavy atom: .R<NME 94>.A<C 3>
  Added missing heavy atom: .R<ACE 95>.A<CH3 2>
  Added missing heavy atom: .R<NME 97>.A<C 3>
  Added missing heavy atom: .R<ACE 98>.A<CH3 2>
  Added missing heavy atom: .R<NME 101>.A<C 3>
  Added missing heavy atom: .R<ACE 102>.A<CH3 2>
  Added missing heavy atom: .R<NME 113>.A<C 3>
  Added missing heavy atom: .R<ACE 114>.A<CH3 2>
  Added missing heavy atom: .R<NME 116>.A<C 3>
  Added missing heavy atom: .R<ACE 117>.A<CH3 2>
  Added missing heavy atom: .R<NME 119>.A<C 3>
  Added missing heavy atom: .R<ACE 120>.A<CH3 2>
  Added missing heavy atom: .R<NME 122>.A<C 3>
  total atoms in file: 618
  Leap added 106 missing atoms according to residue templates:
       26 Heavy
       80 H / lone pairs
> COMPLEX = combine {PROT LIG}
  Sequence: default_name
  Sequence: 23C
> saveamberparm COMPLEX ./2r9w/2r9w.top ./2r9w/2r9w.crd
Checking Unit.

/home/johann/miniconda3/bin/teLeap: Warning!
The unperturbed charge of the unit (1.000000) is not zero.

/home/johann/miniconda3/bin/teLeap: Note.
Ignoring the warning from Unit Checking.

Building topology.
Building atom parameters.
Building bond parameters.
Building angle parameters.
Building proper torsion parameters.
Building improper torsion parameters.
 total 170 improper torsions applied
Building H-Bond parameters.
Incorporating Non-Bonded adjustments.
Not Marking per-residue atom chain types.
Marking per-residue atom chain types.
  (Residues lacking connect0/connect1 - 
   these don't have chain types marked:

	res	total affected

	23C	1
  )
 (no restraints)
> savepdb COMPLEX ./2r9w/2r9w.pdb
Writing pdb file: ./2r9w/2r9w.pdb
 quit
	Quit

Exiting LEaP: Errors = 0; Warnings = 1; Notes = 1.
log started: Mon May 19 15:55:12 2025

Log file: ./leap.log
>> #
>> # ----- leaprc for loading the ff19SB force field
>> # ----- NOTE: this is designed for PDB format 3!
>> #
>> #	load atom type hybridizations
>> #
>> addAtomTypes {
>> 	{ "H"   "H" "sp3" }
>> 	{ "HO"  "H" "sp3" }
>> 	{ "HS"  "H" "sp3" }
>> 	{ "H1"  "H" "sp3" }
>> 	{ "H2"  "H" "sp3" }
>> 	{ "H3"  "H" "sp3" }
>> 	{ "H4"  "H" "sp3" }
>> 	{ "H5"  "H" "sp3" }
>> 	{ "HW"  "H" "sp3" }
>> 	{ "HC"  "H" "sp3" }
>> 	{ "HA"  "H" "sp3" }
>> 	{ "HP"  "H" "sp3" }
>> 	{ "HZ"  "H" "sp3" }
>> 	{ "OH"  "O" "sp3" }
>> 	{ "OS"  "O" "sp3" }
>> 	{ "O"   "O" "sp2" }
>> 	{ "O2"  "O" "sp2" }
>> 	{ "OP"  "O" "sp2" }
>> 	{ "OW"  "O" "sp3" }
>> 	{ "CT"  "C" "sp3" }
>> 	{ "CX"  "C" "sp3" }
>> 	{ "XC"  "C" "sp3" }
>> 	{ "C8"  "C" "sp3" }
>> 	{ "2C"  "C" "sp3" }
>> 	{ "3C"  "C" "sp3" }
>> 	{ "CH"  "C" "sp3" }
>> 	{ "CS"  "C" "sp2" }
>> 	{ "C"   "C" "sp2" }
>> 	{ "CO"   "C" "sp2" }
>> 	{ "C*"  "C" "sp2" }
>> 	{ "CA"  "C" "sp2" }
>> 	{ "CB"  "C" "sp2" }
>> 	{ "CC"  "C" "sp2" }
>> 	{ "CN"  "C" "sp2" }
>> 	{ "CM"  "C" "sp2" }
>> 	{ "CK"  "C" "sp2" }
>> 	{ "CQ"  "C" "sp2" }
>> 	{ "CD"  "C" "sp2" }
>> 	{ "C5"  "C" "sp2" }
>> 	{ "C4"  "C" "sp2" }
>> 	{ "CP"  "C" "sp2" }
>> 	{ "CI"  "C" "sp3" }
>> 	{ "CJ"  "C" "sp2" }
>> 	{ "CW"  "C" "sp2" }
>> 	{ "CV"  "C" "sp2" }
>> 	{ "CR"  "C" "sp2" }
>> 	{ "CA"  "C" "sp2" }
>> 	{ "CY"  "C" "sp2" }
>> 	{ "C0"  "Ca" "sp3" }
>> 	{ "MG"  "Mg" "sp3" }
>> 	{ "N"   "N" "sp2" }
>> 	{ "NA"  "N" "sp2" }
>> 	{ "N2"  "N" "sp2" }
>> 	{ "N*"  "N" "sp2" }
>> 	{ "NP"  "N" "sp2" }
>> 	{ "NQ"  "N" "sp2" }
>> 	{ "NB"  "N" "sp2" }
>> 	{ "NC"  "N" "sp2" }
>> 	{ "NT"  "N" "sp3" }
>> 	{ "NY"  "N" "sp2" }
>> 	{ "N3"  "N" "sp3" }
>> 	{ "S"   "S" "sp3" }
>> 	{ "SH"  "S" "sp3" }
>> 	{ "P"   "P" "sp3" }
>> 	{ "LP"  ""  "sp3" }
>> 	{ "EP"  ""  "sp3" }
>> 	{ "F"   "F" "sp3" }
>> 	{ "Cl"  "Cl" "sp3" }
>> 	{ "Br"  "Br" "sp3" }
>> 	{ "I"   "I"  "sp3" }
>> }
>> #
>> #	Load the main parameter set.
>> #
>> set default cmap on
>> parm19 = loadamberparams parm19.dat
Loading parameters: /home/johann/miniconda3/dat/leap/parm/parm19.dat
Reading title:
PARM99 + frcmod.ff99SB + frcmod.parmbsc0 + OL3 for RNA + ff19SB
(UNKNOWN ATOM TYPE: Zn)
(UNKNOWN ATOM TYPE: EP)
>> frcmod19SB = loadamberparams frcmod.ff19SB
Loading parameters: /home/johann/miniconda3/dat/leap/parm/frcmod.ff19SB
Reading force field modification type file (frcmod)
Reading title:
ff19SB AA-specific backbone CMAPs for protein 07/25/2019
>> #
>> #	Load main chain and terminating amino acid libraries
>> #
>> loadOff amino19.lib
Loading library: /home/johann/miniconda3/dat/leap/lib/amino19.lib
Loading: ALA
Loading: ARG
Loading: ASH
Loading: ASN
Loading: ASP
Loading: CYM
Loading: CYS
Loading: CYX
Loading: GLH
Loading: GLN
Loading: GLU
Loading: GLY
Loading: HID
Loading: HIE
Loading: HIP
Loading: HYP
Loading: ILE
Loading: LEU
Loading: LYN
Loading: LYS
Loading: MET
Loading: PHE
Loading: PRO
Loading: SER
Loading: THR
Loading: TRP
Loading: TYR
Loading: VAL
>> loadOff aminoct12.lib
Loading library: /home/johann/miniconda3/dat/leap/lib/aminoct12.lib
Loading: CALA
Loading: CARG
Loading: CASN
Loading: CASP
Loading: CCYS
Loading: CCYX
Loading: CGLN
Loading: CGLU
Loading: CGLY
Loading: CHID
Loading: CHIE
Loading: CHIP
Loading: CHYP
Loading: CILE
Loading: CLEU
Loading: CLYS
Loading: CMET
Loading: CPHE
Loading: CPRO
Loading: CSER
Loading: CTHR
Loading: CTRP
Loading: CTYR
Loading: CVAL
Loading: NHE
Loading: NME
>> loadOff aminont12.lib
Loading library: /home/johann/miniconda3/dat/leap/lib/aminont12.lib
Loading: ACE
Loading: NALA
Loading: NARG
Loading: NASN
Loading: NASP
Loading: NCYS
Loading: NCYX
Loading: NGLN
Loading: NGLU
Loading: NGLY
Loading: NHID
Loading: NHIE
Loading: NHIP
Loading: NILE
Loading: NLEU
Loading: NLYS
Loading: NMET
Loading: NPHE
Loading: NPRO
Loading: NSER
Loading: NTHR
Loading: NTRP
Loading: NTYR
Loading: NVAL
>> 
>> #
>> #	Define the PDB name map for the amino acids
>> #
>> addPdbResMap {
>>   { 0 "HYP" "NHYP" } { 1 "HYP" "CHYP" }
>>   { 0 "ALA" "NALA" } { 1 "ALA" "CALA" }
>>   { 0 "ARG" "NARG" } { 1 "ARG" "CARG" }
>>   { 0 "ASN" "NASN" } { 1 "ASN" "CASN" }
>>   { 0 "ASP" "NASP" } { 1 "ASP" "CASP" }
>>   { 0 "CYS" "NCYS" } { 1 "CYS" "CCYS" }
>>   { 0 "CYX" "NCYX" } { 1 "CYX" "CCYX" }
>>   { 0 "GLN" "NGLN" } { 1 "GLN" "CGLN" }
>>   { 0 "GLU" "NGLU" } { 1 "GLU" "CGLU" }
>>   { 0 "GLY" "NGLY" } { 1 "GLY" "CGLY" }
>>   { 0 "HID" "NHID" } { 1 "HID" "CHID" }
>>   { 0 "HIE" "NHIE" } { 1 "HIE" "CHIE" }
>>   { 0 "HIP" "NHIP" } { 1 "HIP" "CHIP" }
>>   { 0 "ILE" "NILE" } { 1 "ILE" "CILE" }
>>   { 0 "LEU" "NLEU" } { 1 "LEU" "CLEU" }
>>   { 0 "LYS" "NLYS" } { 1 "LYS" "CLYS" }
>>   { 0 "MET" "NMET" } { 1 "MET" "CMET" }
>>   { 0 "PHE" "NPHE" } { 1 "PHE" "CPHE" }
>>   { 0 "PRO" "NPRO" } { 1 "PRO" "CPRO" }
>>   { 0 "SER" "NSER" } { 1 "SER" "CSER" }
>>   { 0 "THR" "NTHR" } { 1 "THR" "CTHR" }
>>   { 0 "TRP" "NTRP" } { 1 "TRP" "CTRP" }
>>   { 0 "TYR" "NTYR" } { 1 "TYR" "CTYR" }
>>   { 0 "VAL" "NVAL" } { 1 "VAL" "CVAL" }
>>   { 0 "HIS" "NHIS" } { 1 "HIS" "CHIS" }
>> }
>> 
>> #
>> # assume that most often proteins use HIE
>> #
>> NHIS = NHIE
>> HIS = HIE
>> CHIS = CHIE
> 
> source leaprc.gaff
----- Source: /home/johann/miniconda3/dat/leap/cmd/leaprc.gaff
----- Source of /home/johann/miniconda3/dat/leap/cmd/leaprc.gaff done
>> logFile leap.log
log started: Mon May 19 15:55:12 2025

Log file: ./leap.log
>> #
>> # ----- leaprc for loading the general Amber Force field.
>> #       This file is mostly for use with Antechamber
>> #
>> #	load atom type hybridizations
>> #
>> addAtomTypes {
>> 	{ "h1"  "H" "sp3" }
>> 	{ "h2"  "H" "sp3" }
>> 	{ "h3"  "H" "sp3" }
>> 	{ "h4"  "H" "sp3" }
>> 	{ "h5"  "H" "sp3" }
>> 	{ "ha"  "H" "sp3" }
>> 	{ "hc"  "H" "sp3" }
>> 	{ "hn"  "H" "sp3" }
>> 	{ "ho"  "H" "sp3" }
>> 	{ "hp"  "H" "sp3" }
>> 	{ "hs"  "H" "sp3" }
>> 	{ "hw"  "H" "sp3" }
>> 	{ "hx"  "H" "sp3" }
>> 	{ "o"  "O" "sp2" }
>> 	{ "o2"  "O" "sp2" }
>> 	{ "oh"  "O" "sp3" }
>> 	{ "op"  "O" "sp3" }
>> 	{ "oq"  "O" "sp3" }
>> 	{ "os"  "O" "sp3" }
>> 	{ "ow"  "O" "sp3" }
>> 	{ "c"  "C" "sp2" }
>> 	{ "c1"  "C" "sp2" }
>> 	{ "c2"  "C" "sp2" }
>> 	{ "c3"  "C" "sp3" }
>> 	{ "ca"  "C" "sp2" }
>> 	{ "cc"  "C" "sp2" }
>> 	{ "cd"  "C" "sp2" }
>> 	{ "ce"  "C" "sp2" }
>> 	{ "cf"  "C" "sp2" }
>> 	{ "cg"  "C" "sp2" }
>> 	{ "ch"  "C" "sp2" }
>> 	{ "cp"  "C" "sp2" }
>> 	{ "cq"  "C" "sp2" }
>> 	{ "cu"  "C" "sp2" }
>> 	{ "cv"  "C" "sp2" }
>> 	{ "cx"  "C" "sp2" }
>> 	{ "cy"  "C" "sp2" }
>> 	{ "cz"  "C" "sp2" }
>> 	{ "n"   "N" "sp2" }
>> 	{ "n1"  "N" "sp2" }
>> 	{ "n2"  "N" "sp2" }
>> 	{ "n3"  "N" "sp3" }
>> 	{ "n4"  "N" "sp3" }
>> 	{ "na"  "N" "sp2" }
>> 	{ "nb"  "N" "sp2" }
>> 	{ "nc"  "N" "sp2" }
>> 	{ "nd"  "N" "sp2" }
>> 	{ "ne"  "N" "sp2" }
>> 	{ "nf"  "N" "sp2" }
>> 	{ "nh"  "N" "sp2" }
>> 	{ "ni"  "N" "sp2" }
>> 	{ "nj"  "N" "sp2" }
>> 	{ "nk"  "N" "sp3" }
>> 	{ "nl"  "N" "sp3" }
>> 	{ "nm"  "N" "sp2" }
>> 	{ "nn"  "N" "sp2" }
>> 	{ "no"  "N" "sp2" }
>> 	{ "np"  "N" "sp3" }
>> 	{ "nq"  "N" "sp3" }
>> 	{ "s"   "S" "sp2" }
>> 	{ "s2"   "S" "sp2" }
>> 	{ "s3"   "S" "sp3" }
>> 	{ "s4"   "S" "sp3" }
>> 	{ "s6"   "S" "sp3" }
>> 	{ "sh"   "S" "sp3" }
>> 	{ "sp"   "S" "sp3" }
>> 	{ "sq"   "S" "sp3" }
>> 	{ "ss"   "S" "sp3" }
>> 	{ "sx"   "S" "sp3" }
>> 	{ "sy"   "S" "sp3" }
>> 	{ "p2"   "P" "sp2" }
>> 	{ "p3"   "P" "sp3" }
>> 	{ "p4"   "P" "sp3" }
>> 	{ "p5"   "P" "sp3" }
>> 	{ "pb"   "P" "sp3" }
>> 	{ "pc"   "P" "sp3" }
>> 	{ "pd"   "P" "sp3" }
>> 	{ "pe"   "P" "sp3" }
>> 	{ "pf"   "P" "sp3" }
>> 	{ "px"   "P" "sp3" }
>> 	{ "py"   "P" "sp3" }
>> 	{ "f"   "F" "sp3" }
>> 	{ "cl"  "Cl" "sp3" }
>> 	{ "br"  "Br" "sp3" }
>> 	{ "i"   "I"  "sp3" }
>> }
>> #
>> #	Load the general force field parameter set.
>> #
>> gaff = loadamberparams gaff.dat
Loading parameters: /home/johann/miniconda3/dat/leap/parm/gaff.dat
Reading title:
AMBER General Force Field for organic molecules (Version 1.81, May 2017)
> 
> set default PBradii mbondi3
Using ArgH and AspGluO modified Bondi2 radii
> loadamberparams ./3b5r/LIGAND.frcmod
Loading parameters: ./3b5r/LIGAND.frcmod
Reading force field modification type file (frcmod)
Reading title:
Remark line goes here
> LIG = loadmol2 ./3b5r/LIGAND.mol2
Loading Mol2 file: ./3b5r/LIGAND.mol2
Reading MOLECULE named B5R
> PROT = loadpdb ./3b5r/PROTEIN.pdb
Loading PDB file: ./3b5r/PROTEIN.pdb
Matching PDB residue names to LEaP variables.
  Added missing heavy atom: .R<ACE 14>.A<CH3 2>
  Added missing heavy atom: .R<NME 18>.A<C 3>
  Added missing heavy atom: .R<ACE 19>.A<CH3 2>
  Added missing heavy atom: .R<NME 33>.A<C 3>
  Added missing heavy atom: .R<ACE 34>.A<CH3 2>
  Added missing heavy atom: .R<NME 52>.A<C 3>
  Added missing heavy atom: .R<ACE 53>.A<CH3 2>
  Added missing heavy atom: .R<NME 58>.A<C 3>
  Added missing heavy atom: .R<ACE 59>.A<CH3 2>
  Added missing heavy atom: .R<NME 61>.A<C 3>
  Added missing heavy atom: .R<ACE 62>.A<CH3 2>
  Added missing heavy atom: .R<NME 66>.A<C 3>
  Added missing heavy atom: .R<ACE 67>.A<CH3 2>
  Added missing heavy atom: .R<NME 70>.A<C 3>
  Added missing heavy atom: .R<ACE 71>.A<CH3 2>
  Added missing heavy atom: .R<NME 73>.A<C 3>
  Added missing heavy atom: .R<ACE 74>.A<CH3 2>
  Added missing heavy atom: .R<NME 77>.A<C 3>
  Added missing heavy atom: .R<ACE 78>.A<CH3 2>
  Added missing heavy atom: .R<NME 88>.A<C 3>
  Added missing heavy atom: .R<ACE 89>.A<CH3 2>
  Added missing heavy atom: .R<NME 94>.A<C 3>
  Added missing heavy atom: .R<ACE 95>.A<CH3 2>
  Added missing heavy atom: .R<NME 97>.A<C 3>
  Added missing heavy atom: .R<ACE 98>.A<CH3 2>
  Added missing heavy atom: .R<NME 101>.A<C 3>
  Added missing heavy atom: .R<ACE 102>.A<CH3 2>
  Added missing heavy atom: .R<NME 109>.A<C 3>
  total atoms in file: 1178
  Leap added 113 missing atoms according to residue templates:
       28 Heavy
       85 H / lone pairs
> COMPLEX = combine {PROT LIG}
  Sequence: default_name
  Sequence: B5R
> saveamberparm COMPLEX ./3b5r/3b5r.top ./3b5r/3b5r.crd
Checking Unit.
Building topology.
Building atom parameters.
Building bond parameters.
Building angle parameters.
Building proper torsion parameters.
Building improper torsion parameters.
 total 270 improper torsions applied
Building H-Bond parameters.
Incorporating Non-Bonded adjustments.
Not Marking per-residue atom chain types.
Marking per-residue atom chain types.
  (Residues lacking connect0/connect1 - 
   these don't have chain types marked:

	res	total affected

	B5R	1
  )
 (no restraints)
> savepdb COMPLEX ./3b5r/3b5r.pdb
Writing pdb file: ./3b5r/3b5r.pdb
 quit
	Quit

Exiting LEaP: Errors = 0; Warnings = 0; Notes = 0.
log started: Mon May 19 15:59:05 2025

Log file: ./leap.log
>> #
>> # ----- leaprc for loading the ff19SB force field
>> # ----- NOTE: this is designed for PDB format 3!
>> #
>> #	load atom type hybridizations
>> #
>> addAtomTypes {
>> 	{ "H"   "H" "sp3" }
>> 	{ "HO"  "H" "sp3" }
>> 	{ "HS"  "H" "sp3" }
>> 	{ "H1"  "H" "sp3" }
>> 	{ "H2"  "H" "sp3" }
>> 	{ "H3"  "H" "sp3" }
>> 	{ "H4"  "H" "sp3" }
>> 	{ "H5"  "H" "sp3" }
>> 	{ "HW"  "H" "sp3" }
>> 	{ "HC"  "H" "sp3" }
>> 	{ "HA"  "H" "sp3" }
>> 	{ "HP"  "H" "sp3" }
>> 	{ "HZ"  "H" "sp3" }
>> 	{ "OH"  "O" "sp3" }
>> 	{ "OS"  "O" "sp3" }
>> 	{ "O"   "O" "sp2" }
>> 	{ "O2"  "O" "sp2" }
>> 	{ "OP"  "O" "sp2" }
>> 	{ "OW"  "O" "sp3" }
>> 	{ "CT"  "C" "sp3" }
>> 	{ "CX"  "C" "sp3" }
>> 	{ "XC"  "C" "sp3" }
>> 	{ "C8"  "C" "sp3" }
>> 	{ "2C"  "C" "sp3" }
>> 	{ "3C"  "C" "sp3" }
>> 	{ "CH"  "C" "sp3" }
>> 	{ "CS"  "C" "sp2" }
>> 	{ "C"   "C" "sp2" }
>> 	{ "CO"   "C" "sp2" }
>> 	{ "C*"  "C" "sp2" }
>> 	{ "CA"  "C" "sp2" }
>> 	{ "CB"  "C" "sp2" }
>> 	{ "CC"  "C" "sp2" }
>> 	{ "CN"  "C" "sp2" }
>> 	{ "CM"  "C" "sp2" }
>> 	{ "CK"  "C" "sp2" }
>> 	{ "CQ"  "C" "sp2" }
>> 	{ "CD"  "C" "sp2" }
>> 	{ "C5"  "C" "sp2" }
>> 	{ "C4"  "C" "sp2" }
>> 	{ "CP"  "C" "sp2" }
>> 	{ "CI"  "C" "sp3" }
>> 	{ "CJ"  "C" "sp2" }
>> 	{ "CW"  "C" "sp2" }
>> 	{ "CV"  "C" "sp2" }
>> 	{ "CR"  "C" "sp2" }
>> 	{ "CA"  "C" "sp2" }
>> 	{ "CY"  "C" "sp2" }
>> 	{ "C0"  "Ca" "sp3" }
>> 	{ "MG"  "Mg" "sp3" }
>> 	{ "N"   "N" "sp2" }
>> 	{ "NA"  "N" "sp2" }
>> 	{ "N2"  "N" "sp2" }
>> 	{ "N*"  "N" "sp2" }
>> 	{ "NP"  "N" "sp2" }
>> 	{ "NQ"  "N" "sp2" }
>> 	{ "NB"  "N" "sp2" }
>> 	{ "NC"  "N" "sp2" }
>> 	{ "NT"  "N" "sp3" }
>> 	{ "NY"  "N" "sp2" }
>> 	{ "N3"  "N" "sp3" }
>> 	{ "S"   "S" "sp3" }
>> 	{ "SH"  "S" "sp3" }
>> 	{ "P"   "P" "sp3" }
>> 	{ "LP"  ""  "sp3" }
>> 	{ "EP"  ""  "sp3" }
>> 	{ "F"   "F" "sp3" }
>> 	{ "Cl"  "Cl" "sp3" }
>> 	{ "Br"  "Br" "sp3" }
>> 	{ "I"   "I"  "sp3" }
>> }
>> #
>> #	Load the main parameter set.
>> #
>> set default cmap on
>> parm19 = loadamberparams parm19.dat
Loading parameters: /home/johann/miniconda3/dat/leap/parm/parm19.dat
Reading title:
PARM99 + frcmod.ff99SB + frcmod.parmbsc0 + OL3 for RNA + ff19SB
(UNKNOWN ATOM TYPE: Zn)
(UNKNOWN ATOM TYPE: EP)
>> frcmod19SB = loadamberparams frcmod.ff19SB
Loading parameters: /home/johann/miniconda3/dat/leap/parm/frcmod.ff19SB
Reading force field modification type file (frcmod)
Reading title:
ff19SB AA-specific backbone CMAPs for protein 07/25/2019
>> #
>> #	Load main chain and terminating amino acid libraries
>> #
>> loadOff amino19.lib
Loading library: /home/johann/miniconda3/dat/leap/lib/amino19.lib
Loading: ALA
Loading: ARG
Loading: ASH
Loading: ASN
Loading: ASP
Loading: CYM
Loading: CYS
Loading: CYX
Loading: GLH
Loading: GLN
Loading: GLU
Loading: GLY
Loading: HID
Loading: HIE
Loading: HIP
Loading: HYP
Loading: ILE
Loading: LEU
Loading: LYN
Loading: LYS
Loading: MET
Loading: PHE
Loading: PRO
Loading: SER
Loading: THR
Loading: TRP
Loading: TYR
Loading: VAL
>> loadOff aminoct12.lib
Loading library: /home/johann/miniconda3/dat/leap/lib/aminoct12.lib
Loading: CALA
Loading: CARG
Loading: CASN
Loading: CASP
Loading: CCYS
Loading: CCYX
Loading: CGLN
Loading: CGLU
Loading: CGLY
Loading: CHID
Loading: CHIE
Loading: CHIP
Loading: CHYP
Loading: CILE
Loading: CLEU
Loading: CLYS
Loading: CMET
Loading: CPHE
Loading: CPRO
Loading: CSER
Loading: CTHR
Loading: CTRP
Loading: CTYR
Loading: CVAL
Loading: NHE
Loading: NME
>> loadOff aminont12.lib
Loading library: /home/johann/miniconda3/dat/leap/lib/aminont12.lib
Loading: ACE
Loading: NALA
Loading: NARG
Loading: NASN
Loading: NASP
Loading: NCYS
Loading: NCYX
Loading: NGLN
Loading: NGLU
Loading: NGLY
Loading: NHID
Loading: NHIE
Loading: NHIP
Loading: NILE
Loading: NLEU
Loading: NLYS
Loading: NMET
Loading: NPHE
Loading: NPRO
Loading: NSER
Loading: NTHR
Loading: NTRP
Loading: NTYR
Loading: NVAL
>> 
>> #
>> #	Define the PDB name map for the amino acids
>> #
>> addPdbResMap {
>>   { 0 "HYP" "NHYP" } { 1 "HYP" "CHYP" }
>>   { 0 "ALA" "NALA" } { 1 "ALA" "CALA" }
>>   { 0 "ARG" "NARG" } { 1 "ARG" "CARG" }
>>   { 0 "ASN" "NASN" } { 1 "ASN" "CASN" }
>>   { 0 "ASP" "NASP" } { 1 "ASP" "CASP" }
>>   { 0 "CYS" "NCYS" } { 1 "CYS" "CCYS" }
>>   { 0 "CYX" "NCYX" } { 1 "CYX" "CCYX" }
>>   { 0 "GLN" "NGLN" } { 1 "GLN" "CGLN" }
>>   { 0 "GLU" "NGLU" } { 1 "GLU" "CGLU" }
>>   { 0 "GLY" "NGLY" } { 1 "GLY" "CGLY" }
>>   { 0 "HID" "NHID" } { 1 "HID" "CHID" }
>>   { 0 "HIE" "NHIE" } { 1 "HIE" "CHIE" }
>>   { 0 "HIP" "NHIP" } { 1 "HIP" "CHIP" }
>>   { 0 "ILE" "NILE" } { 1 "ILE" "CILE" }
>>   { 0 "LEU" "NLEU" } { 1 "LEU" "CLEU" }
>>   { 0 "LYS" "NLYS" } { 1 "LYS" "CLYS" }
>>   { 0 "MET" "NMET" } { 1 "MET" "CMET" }
>>   { 0 "PHE" "NPHE" } { 1 "PHE" "CPHE" }
>>   { 0 "PRO" "NPRO" } { 1 "PRO" "CPRO" }
>>   { 0 "SER" "NSER" } { 1 "SER" "CSER" }
>>   { 0 "THR" "NTHR" } { 1 "THR" "CTHR" }
>>   { 0 "TRP" "NTRP" } { 1 "TRP" "CTRP" }
>>   { 0 "TYR" "NTYR" } { 1 "TYR" "CTYR" }
>>   { 0 "VAL" "NVAL" } { 1 "VAL" "CVAL" }
>>   { 0 "HIS" "NHIS" } { 1 "HIS" "CHIS" }
>> }
>> 
>> #
>> # assume that most often proteins use HIE
>> #
>> NHIS = NHIE
>> HIS = HIE
>> CHIS = CHIE
> 
> source leaprc.gaff
----- Source: /home/johann/miniconda3/dat/leap/cmd/leaprc.gaff
----- Source of /home/johann/miniconda3/dat/leap/cmd/leaprc.gaff done
>> logFile leap.log
log started: Mon May 19 15:59:05 2025

Log file: ./leap.log
>> #
>> # ----- leaprc for loading the general Amber Force field.
>> #       This file is mostly for use with Antechamber
>> #
>> #	load atom type hybridizations
>> #
>> addAtomTypes {
>> 	{ "h1"  "H" "sp3" }
>> 	{ "h2"  "H" "sp3" }
>> 	{ "h3"  "H" "sp3" }
>> 	{ "h4"  "H" "sp3" }
>> 	{ "h5"  "H" "sp3" }
>> 	{ "ha"  "H" "sp3" }
>> 	{ "hc"  "H" "sp3" }
>> 	{ "hn"  "H" "sp3" }
>> 	{ "ho"  "H" "sp3" }
>> 	{ "hp"  "H" "sp3" }
>> 	{ "hs"  "H" "sp3" }
>> 	{ "hw"  "H" "sp3" }
>> 	{ "hx"  "H" "sp3" }
>> 	{ "o"  "O" "sp2" }
>> 	{ "o2"  "O" "sp2" }
>> 	{ "oh"  "O" "sp3" }
>> 	{ "op"  "O" "sp3" }
>> 	{ "oq"  "O" "sp3" }
>> 	{ "os"  "O" "sp3" }
>> 	{ "ow"  "O" "sp3" }
>> 	{ "c"  "C" "sp2" }
>> 	{ "c1"  "C" "sp2" }
>> 	{ "c2"  "C" "sp2" }
>> 	{ "c3"  "C" "sp3" }
>> 	{ "ca"  "C" "sp2" }
>> 	{ "cc"  "C" "sp2" }
>> 	{ "cd"  "C" "sp2" }
>> 	{ "ce"  "C" "sp2" }
>> 	{ "cf"  "C" "sp2" }
>> 	{ "cg"  "C" "sp2" }
>> 	{ "ch"  "C" "sp2" }
>> 	{ "cp"  "C" "sp2" }
>> 	{ "cq"  "C" "sp2" }
>> 	{ "cu"  "C" "sp2" }
>> 	{ "cv"  "C" "sp2" }
>> 	{ "cx"  "C" "sp2" }
>> 	{ "cy"  "C" "sp2" }
>> 	{ "cz"  "C" "sp2" }
>> 	{ "n"   "N" "sp2" }
>> 	{ "n1"  "N" "sp2" }
>> 	{ "n2"  "N" "sp2" }
>> 	{ "n3"  "N" "sp3" }
>> 	{ "n4"  "N" "sp3" }
>> 	{ "na"  "N" "sp2" }
>> 	{ "nb"  "N" "sp2" }
>> 	{ "nc"  "N" "sp2" }
>> 	{ "nd"  "N" "sp2" }
>> 	{ "ne"  "N" "sp2" }
>> 	{ "nf"  "N" "sp2" }
>> 	{ "nh"  "N" "sp2" }
>> 	{ "ni"  "N" "sp2" }
>> 	{ "nj"  "N" "sp2" }
>> 	{ "nk"  "N" "sp3" }
>> 	{ "nl"  "N" "sp3" }
>> 	{ "nm"  "N" "sp2" }
>> 	{ "nn"  "N" "sp2" }
>> 	{ "no"  "N" "sp2" }
>> 	{ "np"  "N" "sp3" }
>> 	{ "nq"  "N" "sp3" }
>> 	{ "s"   "S" "sp2" }
>> 	{ "s2"   "S" "sp2" }
>> 	{ "s3"   "S" "sp3" }
>> 	{ "s4"   "S" "sp3" }
>> 	{ "s6"   "S" "sp3" }
>> 	{ "sh"   "S" "sp3" }
>> 	{ "sp"   "S" "sp3" }
>> 	{ "sq"   "S" "sp3" }
>> 	{ "ss"   "S" "sp3" }
>> 	{ "sx"   "S" "sp3" }
>> 	{ "sy"   "S" "sp3" }
>> 	{ "p2"   "P" "sp2" }
>> 	{ "p3"   "P" "sp3" }
>> 	{ "p4"   "P" "sp3" }
>> 	{ "p5"   "P" "sp3" }
>> 	{ "pb"   "P" "sp3" }
>> 	{ "pc"   "P" "sp3" }
>> 	{ "pd"   "P" "sp3" }
>> 	{ "pe"   "P" "sp3" }
>> 	{ "pf"   "P" "sp3" }
>> 	{ "px"   "P" "sp3" }
>> 	{ "py"   "P" "sp3" }
>> 	{ "f"   "F" "sp3" }
>> 	{ "cl"  "Cl" "sp3" }
>> 	{ "br"  "Br" "sp3" }
>> 	{ "i"   "I"  "sp3" }
>> }
>> #
>> #	Load the general force field parameter set.
>> #
>> gaff = loadamberparams gaff.dat
Loading parameters: /home/johann/miniconda3/dat/leap/parm/gaff.dat
Reading title:
AMBER General Force Field for organic molecules (Version 1.81, May 2017)
> 
> set default PBradii mbondi3
Using ArgH and AspGluO modified Bondi2 radii
> loadamberparams ./3gr2/LIGAND.frcmod
Loading parameters: ./3gr2/LIGAND.frcmod
Reading force field modification type file (frcmod)
Reading title:
Remark line goes here
> LIG = loadmol2 ./3gr2/LIGAND.mol2
Loading Mol2 file: ./3gr2/LIGAND.mol2
Reading MOLECULE named GF4
> PROT = loadpdb ./3gr2/PROTEIN.pdb
Loading PDB file: ./3gr2/PROTEIN.pdb
Matching PDB residue names to LEaP variables.

/home/johann/miniconda3/bin/teLeap: Warning!
Unknown residue: TYN   number: 17   type: Nonterminal
  Added missing heavy atom: .R<ACE 57>.A<CH3 2>
  Added missing heavy atom: .R<NME 62>.A<C 3>
  Added missing heavy atom: .R<ACE 63>.A<CH3 2>
  Added missing heavy atom: .R<NME 65>.A<C 3>
  Added missing heavy atom: .R<ACE 66>.A<CH3 2>
  Added missing heavy atom: .R<NME 72>.A<C 3>
  Added missing heavy atom: .R<ACE 73>.A<CH3 2>
Creating new UNIT for residue: TYN sequence: 74

/home/johann/miniconda3/bin/teLeap: Warning!
One sided connection. Residue () missing connect0 atom.
Created a new atom named: N within residue: .R<TYN 74>
Created a new atom named: H within residue: .R<TYN 74>
Created a new atom named: CA within residue: .R<TYN 74>
Created a new atom named: HA within residue: .R<TYN 74>
Created a new atom named: CB within residue: .R<TYN 74>
Created a new atom named: HB2 within residue: .R<TYN 74>
Created a new atom named: HB3 within residue: .R<TYN 74>
Created a new atom named: CG within residue: .R<TYN 74>
Created a new atom named: CD1 within residue: .R<TYN 74>
Created a new atom named: HD1 within residue: .R<TYN 74>
Created a new atom named: CE1 within residue: .R<TYN 74>
Created a new atom named: HE1 within residue: .R<TYN 74>
Created a new atom named: CZ within residue: .R<TYN 74>
Created a new atom named: OH within residue: .R<TYN 74>
Created a new atom named: HH within residue: .R<TYN 74>
Created a new atom named: CE2 within residue: .R<TYN 74>
Created a new atom named: HE2 within residue: .R<TYN 74>
Created a new atom named: CD2 within residue: .R<TYN 74>
Created a new atom named: HD2 within residue: .R<TYN 74>
Created a new atom named: C within residue: .R<TYN 74>
Created a new atom named: O within residue: .R<TYN 74>

/home/johann/miniconda3/bin/teLeap: Warning!
One sided connection. Residue (default_name) missing connect1 atom.
  Added missing heavy atom: .R<NME 77>.A<C 3>
  Added missing heavy atom: .R<ACE 78>.A<CH3 2>
  Added missing heavy atom: .R<NME 80>.A<C 3>
  Added missing heavy atom: .R<ACE 81>.A<CH3 2>
  Added missing heavy atom: .R<NME 88>.A<C 3>
  Added missing heavy atom: .R<ACE 89>.A<CH3 2>
  Added missing heavy atom: .R<NME 91>.A<C 3>
  Added missing heavy atom: .R<ACE 92>.A<CH3 2>
  Added missing heavy atom: .R<NME 96>.A<C 3>
  Added missing heavy atom: .R<ACE 97>.A<CH3 2>
  Added missing heavy atom: .R<NME 104>.A<C 3>
  Added missing heavy atom: .R<ACE 105>.A<CH3 2>
  Added missing heavy atom: .R<NME 107>.A<C 3>
  Added missing heavy atom: .R<ACE 108>.A<CH3 2>
  Added missing heavy atom: .R<NME 110>.A<C 3>
  total atoms in file: 500
  Leap added 88 missing atoms according to residue templates:
       22 Heavy
       66 H / lone pairs
  The file contained 21 atoms not in residue templates
> COMPLEX = combine {PROT LIG}
  Sequence: default_name
  Sequence: GF4
> saveamberparm COMPLEX ./3gr2/3gr2.top ./3gr2/3gr2.crd
Checking Unit.
FATAL:  Atom .R<TYN 74>.A<O 21> does not have a type.
FATAL:  Atom .R<TYN 74>.A<C 20> does not have a type.
FATAL:  Atom .R<TYN 74>.A<HD2 19> does not have a type.
FATAL:  Atom .R<TYN 74>.A<CD2 18> does not have a type.
FATAL:  Atom .R<TYN 74>.A<HE2 17> does not have a type.
FATAL:  Atom .R<TYN 74>.A<CE2 16> does not have a type.
FATAL:  Atom .R<TYN 74>.A<HH 15> does not have a type.
FATAL:  Atom .R<TYN 74>.A<OH 14> does not have a type.
FATAL:  Atom .R<TYN 74>.A<CZ 13> does not have a type.
FATAL:  Atom .R<TYN 74>.A<HE1 12> does not have a type.
FATAL:  Atom .R<TYN 74>.A<CE1 11> does not have a type.
FATAL:  Atom .R<TYN 74>.A<HD1 10> does not have a type.
FATAL:  Atom .R<TYN 74>.A<CD1 9> does not have a type.
FATAL:  Atom .R<TYN 74>.A<CG 8> does not have a type.
FATAL:  Atom .R<TYN 74>.A<HB3 7> does not have a type.
FATAL:  Atom .R<TYN 74>.A<HB2 6> does not have a type.
FATAL:  Atom .R<TYN 74>.A<CB 5> does not have a type.
FATAL:  Atom .R<TYN 74>.A<HA 4> does not have a type.
FATAL:  Atom .R<TYN 74>.A<CA 3> does not have a type.
FATAL:  Atom .R<TYN 74>.A<H 2> does not have a type.
FATAL:  Atom .R<TYN 74>.A<N 1> does not have a type.

/home/johann/miniconda3/bin/teLeap: Fatal Error!
Failed to generate parameters

Exiting LEaP: Errors = 1; Warnings = 3; Notes = 0.
log started: Mon May 19 16:00:13 2025

Log file: ./leap.log
>> #
>> # ----- leaprc for loading the ff19SB force field
>> # ----- NOTE: this is designed for PDB format 3!
>> #
>> #	load atom type hybridizations
>> #
>> addAtomTypes {
>> 	{ "H"   "H" "sp3" }
>> 	{ "HO"  "H" "sp3" }
>> 	{ "HS"  "H" "sp3" }
>> 	{ "H1"  "H" "sp3" }
>> 	{ "H2"  "H" "sp3" }
>> 	{ "H3"  "H" "sp3" }
>> 	{ "H4"  "H" "sp3" }
>> 	{ "H5"  "H" "sp3" }
>> 	{ "HW"  "H" "sp3" }
>> 	{ "HC"  "H" "sp3" }
>> 	{ "HA"  "H" "sp3" }
>> 	{ "HP"  "H" "sp3" }
>> 	{ "HZ"  "H" "sp3" }
>> 	{ "OH"  "O" "sp3" }
>> 	{ "OS"  "O" "sp3" }
>> 	{ "O"   "O" "sp2" }
>> 	{ "O2"  "O" "sp2" }
>> 	{ "OP"  "O" "sp2" }
>> 	{ "OW"  "O" "sp3" }
>> 	{ "CT"  "C" "sp3" }
>> 	{ "CX"  "C" "sp3" }
>> 	{ "XC"  "C" "sp3" }
>> 	{ "C8"  "C" "sp3" }
>> 	{ "2C"  "C" "sp3" }
>> 	{ "3C"  "C" "sp3" }
>> 	{ "CH"  "C" "sp3" }
>> 	{ "CS"  "C" "sp2" }
>> 	{ "C"   "C" "sp2" }
>> 	{ "CO"   "C" "sp2" }
>> 	{ "C*"  "C" "sp2" }
>> 	{ "CA"  "C" "sp2" }
>> 	{ "CB"  "C" "sp2" }
>> 	{ "CC"  "C" "sp2" }
>> 	{ "CN"  "C" "sp2" }
>> 	{ "CM"  "C" "sp2" }
>> 	{ "CK"  "C" "sp2" }
>> 	{ "CQ"  "C" "sp2" }
>> 	{ "CD"  "C" "sp2" }
>> 	{ "C5"  "C" "sp2" }
>> 	{ "C4"  "C" "sp2" }
>> 	{ "CP"  "C" "sp2" }
>> 	{ "CI"  "C" "sp3" }
>> 	{ "CJ"  "C" "sp2" }
>> 	{ "CW"  "C" "sp2" }
>> 	{ "CV"  "C" "sp2" }
>> 	{ "CR"  "C" "sp2" }
>> 	{ "CA"  "C" "sp2" }
>> 	{ "CY"  "C" "sp2" }
>> 	{ "C0"  "Ca" "sp3" }
>> 	{ "MG"  "Mg" "sp3" }
>> 	{ "N"   "N" "sp2" }
>> 	{ "NA"  "N" "sp2" }
>> 	{ "N2"  "N" "sp2" }
>> 	{ "N*"  "N" "sp2" }
>> 	{ "NP"  "N" "sp2" }
>> 	{ "NQ"  "N" "sp2" }
>> 	{ "NB"  "N" "sp2" }
>> 	{ "NC"  "N" "sp2" }
>> 	{ "NT"  "N" "sp3" }
>> 	{ "NY"  "N" "sp2" }
>> 	{ "N3"  "N" "sp3" }
>> 	{ "S"   "S" "sp3" }
>> 	{ "SH"  "S" "sp3" }
>> 	{ "P"   "P" "sp3" }
>> 	{ "LP"  ""  "sp3" }
>> 	{ "EP"  ""  "sp3" }
>> 	{ "F"   "F" "sp3" }
>> 	{ "Cl"  "Cl" "sp3" }
>> 	{ "Br"  "Br" "sp3" }
>> 	{ "I"   "I"  "sp3" }
>> }
>> #
>> #	Load the main parameter set.
>> #
>> set default cmap on
>> parm19 = loadamberparams parm19.dat
Loading parameters: /home/johann/miniconda3/dat/leap/parm/parm19.dat
Reading title:
PARM99 + frcmod.ff99SB + frcmod.parmbsc0 + OL3 for RNA + ff19SB
(UNKNOWN ATOM TYPE: Zn)
(UNKNOWN ATOM TYPE: EP)
>> frcmod19SB = loadamberparams frcmod.ff19SB
Loading parameters: /home/johann/miniconda3/dat/leap/parm/frcmod.ff19SB
Reading force field modification type file (frcmod)
Reading title:
ff19SB AA-specific backbone CMAPs for protein 07/25/2019
>> #
>> #	Load main chain and terminating amino acid libraries
>> #
>> loadOff amino19.lib
Loading library: /home/johann/miniconda3/dat/leap/lib/amino19.lib
Loading: ALA
Loading: ARG
Loading: ASH
Loading: ASN
Loading: ASP
Loading: CYM
Loading: CYS
Loading: CYX
Loading: GLH
Loading: GLN
Loading: GLU
Loading: GLY
Loading: HID
Loading: HIE
Loading: HIP
Loading: HYP
Loading: ILE
Loading: LEU
Loading: LYN
Loading: LYS
Loading: MET
Loading: PHE
Loading: PRO
Loading: SER
Loading: THR
Loading: TRP
Loading: TYR
Loading: VAL
>> loadOff aminoct12.lib
Loading library: /home/johann/miniconda3/dat/leap/lib/aminoct12.lib
Loading: CALA
Loading: CARG
Loading: CASN
Loading: CASP
Loading: CCYS
Loading: CCYX
Loading: CGLN
Loading: CGLU
Loading: CGLY
Loading: CHID
Loading: CHIE
Loading: CHIP
Loading: CHYP
Loading: CILE
Loading: CLEU
Loading: CLYS
Loading: CMET
Loading: CPHE
Loading: CPRO
Loading: CSER
Loading: CTHR
Loading: CTRP
Loading: CTYR
Loading: CVAL
Loading: NHE
Loading: NME
>> loadOff aminont12.lib
Loading library: /home/johann/miniconda3/dat/leap/lib/aminont12.lib
Loading: ACE
Loading: NALA
Loading: NARG
Loading: NASN
Loading: NASP
Loading: NCYS
Loading: NCYX
Loading: NGLN
Loading: NGLU
Loading: NGLY
Loading: NHID
Loading: NHIE
Loading: NHIP
Loading: NILE
Loading: NLEU
Loading: NLYS
Loading: NMET
Loading: NPHE
Loading: NPRO
Loading: NSER
Loading: NTHR
Loading: NTRP
Loading: NTYR
Loading: NVAL
>> 
>> #
>> #	Define the PDB name map for the amino acids
>> #
>> addPdbResMap {
>>   { 0 "HYP" "NHYP" } { 1 "HYP" "CHYP" }
>>   { 0 "ALA" "NALA" } { 1 "ALA" "CALA" }
>>   { 0 "ARG" "NARG" } { 1 "ARG" "CARG" }
>>   { 0 "ASN" "NASN" } { 1 "ASN" "CASN" }
>>   { 0 "ASP" "NASP" } { 1 "ASP" "CASP" }
>>   { 0 "CYS" "NCYS" } { 1 "CYS" "CCYS" }
>>   { 0 "CYX" "NCYX" } { 1 "CYX" "CCYX" }
>>   { 0 "GLN" "NGLN" } { 1 "GLN" "CGLN" }
>>   { 0 "GLU" "NGLU" } { 1 "GLU" "CGLU" }
>>   { 0 "GLY" "NGLY" } { 1 "GLY" "CGLY" }
>>   { 0 "HID" "NHID" } { 1 "HID" "CHID" }
>>   { 0 "HIE" "NHIE" } { 1 "HIE" "CHIE" }
>>   { 0 "HIP" "NHIP" } { 1 "HIP" "CHIP" }
>>   { 0 "ILE" "NILE" } { 1 "ILE" "CILE" }
>>   { 0 "LEU" "NLEU" } { 1 "LEU" "CLEU" }
>>   { 0 "LYS" "NLYS" } { 1 "LYS" "CLYS" }
>>   { 0 "MET" "NMET" } { 1 "MET" "CMET" }
>>   { 0 "PHE" "NPHE" } { 1 "PHE" "CPHE" }
>>   { 0 "PRO" "NPRO" } { 1 "PRO" "CPRO" }
>>   { 0 "SER" "NSER" } { 1 "SER" "CSER" }
>>   { 0 "THR" "NTHR" } { 1 "THR" "CTHR" }
>>   { 0 "TRP" "NTRP" } { 1 "TRP" "CTRP" }
>>   { 0 "TYR" "NTYR" } { 1 "TYR" "CTYR" }
>>   { 0 "VAL" "NVAL" } { 1 "VAL" "CVAL" }
>>   { 0 "HIS" "NHIS" } { 1 "HIS" "CHIS" }
>> }
>> 
>> #
>> # assume that most often proteins use HIE
>> #
>> NHIS = NHIE
>> HIS = HIE
>> CHIS = CHIE
> 
> source leaprc.gaff
----- Source: /home/johann/miniconda3/dat/leap/cmd/leaprc.gaff
----- Source of /home/johann/miniconda3/dat/leap/cmd/leaprc.gaff done
>> logFile leap.log
log started: Mon May 19 16:00:13 2025

Log file: ./leap.log
>> #
>> # ----- leaprc for loading the general Amber Force field.
>> #       This file is mostly for use with Antechamber
>> #
>> #	load atom type hybridizations
>> #
>> addAtomTypes {
>> 	{ "h1"  "H" "sp3" }
>> 	{ "h2"  "H" "sp3" }
>> 	{ "h3"  "H" "sp3" }
>> 	{ "h4"  "H" "sp3" }
>> 	{ "h5"  "H" "sp3" }
>> 	{ "ha"  "H" "sp3" }
>> 	{ "hc"  "H" "sp3" }
>> 	{ "hn"  "H" "sp3" }
>> 	{ "ho"  "H" "sp3" }
>> 	{ "hp"  "H" "sp3" }
>> 	{ "hs"  "H" "sp3" }
>> 	{ "hw"  "H" "sp3" }
>> 	{ "hx"  "H" "sp3" }
>> 	{ "o"  "O" "sp2" }
>> 	{ "o2"  "O" "sp2" }
>> 	{ "oh"  "O" "sp3" }
>> 	{ "op"  "O" "sp3" }
>> 	{ "oq"  "O" "sp3" }
>> 	{ "os"  "O" "sp3" }
>> 	{ "ow"  "O" "sp3" }
>> 	{ "c"  "C" "sp2" }
>> 	{ "c1"  "C" "sp2" }
>> 	{ "c2"  "C" "sp2" }
>> 	{ "c3"  "C" "sp3" }
>> 	{ "ca"  "C" "sp2" }
>> 	{ "cc"  "C" "sp2" }
>> 	{ "cd"  "C" "sp2" }
>> 	{ "ce"  "C" "sp2" }
>> 	{ "cf"  "C" "sp2" }
>> 	{ "cg"  "C" "sp2" }
>> 	{ "ch"  "C" "sp2" }
>> 	{ "cp"  "C" "sp2" }
>> 	{ "cq"  "C" "sp2" }
>> 	{ "cu"  "C" "sp2" }
>> 	{ "cv"  "C" "sp2" }
>> 	{ "cx"  "C" "sp2" }
>> 	{ "cy"  "C" "sp2" }
>> 	{ "cz"  "C" "sp2" }
>> 	{ "n"   "N" "sp2" }
>> 	{ "n1"  "N" "sp2" }
>> 	{ "n2"  "N" "sp2" }
>> 	{ "n3"  "N" "sp3" }
>> 	{ "n4"  "N" "sp3" }
>> 	{ "na"  "N" "sp2" }
>> 	{ "nb"  "N" "sp2" }
>> 	{ "nc"  "N" "sp2" }
>> 	{ "nd"  "N" "sp2" }
>> 	{ "ne"  "N" "sp2" }
>> 	{ "nf"  "N" "sp2" }
>> 	{ "nh"  "N" "sp2" }
>> 	{ "ni"  "N" "sp2" }
>> 	{ "nj"  "N" "sp2" }
>> 	{ "nk"  "N" "sp3" }
>> 	{ "nl"  "N" "sp3" }
>> 	{ "nm"  "N" "sp2" }
>> 	{ "nn"  "N" "sp2" }
>> 	{ "no"  "N" "sp2" }
>> 	{ "np"  "N" "sp3" }
>> 	{ "nq"  "N" "sp3" }
>> 	{ "s"   "S" "sp2" }
>> 	{ "s2"   "S" "sp2" }
>> 	{ "s3"   "S" "sp3" }
>> 	{ "s4"   "S" "sp3" }
>> 	{ "s6"   "S" "sp3" }
>> 	{ "sh"   "S" "sp3" }
>> 	{ "sp"   "S" "sp3" }
>> 	{ "sq"   "S" "sp3" }
>> 	{ "ss"   "S" "sp3" }
>> 	{ "sx"   "S" "sp3" }
>> 	{ "sy"   "S" "sp3" }
>> 	{ "p2"   "P" "sp2" }
>> 	{ "p3"   "P" "sp3" }
>> 	{ "p4"   "P" "sp3" }
>> 	{ "p5"   "P" "sp3" }
>> 	{ "pb"   "P" "sp3" }
>> 	{ "pc"   "P" "sp3" }
>> 	{ "pd"   "P" "sp3" }
>> 	{ "pe"   "P" "sp3" }
>> 	{ "pf"   "P" "sp3" }
>> 	{ "px"   "P" "sp3" }
>> 	{ "py"   "P" "sp3" }
>> 	{ "f"   "F" "sp3" }
>> 	{ "cl"  "Cl" "sp3" }
>> 	{ "br"  "Br" "sp3" }
>> 	{ "i"   "I"  "sp3" }
>> }
>> #
>> #	Load the general force field parameter set.
>> #
>> gaff = loadamberparams gaff.dat
Loading parameters: /home/johann/miniconda3/dat/leap/parm/gaff.dat
Reading title:
AMBER General Force Field for organic molecules (Version 1.81, May 2017)
> 
> set default PBradii mbondi3
Using ArgH and AspGluO modified Bondi2 radii
> loadamberparams ./3nq9/LIGAND.frcmod
Loading parameters: ./3nq9/LIGAND.frcmod
Reading force field modification type file (frcmod)
Reading title:
Remark line goes here
> LIG = loadmol2 ./3nq9/LIGAND.mol2
Loading Mol2 file: ./3nq9/LIGAND.mol2
Reading MOLECULE named OCA
> PROT = loadpdb ./3nq9/PROTEIN.pdb
Loading PDB file: ./3nq9/PROTEIN.pdb
Matching PDB residue names to LEaP variables.
  Added missing heavy atom: .R<ACE 36>.A<CH3 2>
  Added missing heavy atom: .R<NME 44>.A<C 3>
  Added missing heavy atom: .R<ACE 45>.A<CH3 2>
  Added missing heavy atom: .R<NME 47>.A<C 3>
  Added missing heavy atom: .R<ACE 48>.A<CH3 2>
  Added missing heavy atom: .R<NME 58>.A<C 3>
  Added missing heavy atom: .R<ACE 59>.A<CH3 2>
  Added missing heavy atom: .R<NME 65>.A<C 3>
  Added missing heavy atom: .R<ACE 66>.A<CH3 2>
  Added missing heavy atom: .R<NME 72>.A<C 3>
  Added missing heavy atom: .R<ACE 73>.A<CH3 2>
  Added missing heavy atom: .R<NME 78>.A<C 3>
  Added missing heavy atom: .R<ACE 79>.A<CH3 2>
  Added missing heavy atom: .R<NME 84>.A<C 3>
  Added missing heavy atom: .R<ACE 85>.A<CH3 2>
  Added missing heavy atom: .R<NME 91>.A<C 3>
  total atoms in file: 715
  Leap added 64 missing atoms according to residue templates:
       16 Heavy
       48 H / lone pairs
> COMPLEX = combine {PROT LIG}
  Sequence: default_name
  Sequence: OCA
> saveamberparm COMPLEX ./3nq9/3nq9.top ./3nq9/3nq9.crd
Checking Unit.

/home/johann/miniconda3/bin/teLeap: Warning!
The unperturbed charge of the unit (0.998000) is not zero.

/home/johann/miniconda3/bin/teLeap: Note.
Ignoring the warning from Unit Checking.

Building topology.
Building atom parameters.
Building bond parameters.
Building angle parameters.
Building proper torsion parameters.
Building improper torsion parameters.
 total 138 improper torsions applied
Building H-Bond parameters.
Incorporating Non-Bonded adjustments.
Not Marking per-residue atom chain types.
Marking per-residue atom chain types.
  (Residues lacking connect0/connect1 - 
   these don't have chain types marked:

	res	total affected

	OCA	1
  )
 (no restraints)
> savepdb COMPLEX ./3nq9/3nq9.pdb
Writing pdb file: ./3nq9/3nq9.pdb
 quit
	Quit

Exiting LEaP: Errors = 0; Warnings = 1; Notes = 1.
log started: Mon May 19 16:05:44 2025

Log file: ./leap.log
>> #
>> # ----- leaprc for loading the ff19SB force field
>> # ----- NOTE: this is designed for PDB format 3!
>> #
>> #	load atom type hybridizations
>> #
>> addAtomTypes {
>> 	{ "H"   "H" "sp3" }
>> 	{ "HO"  "H" "sp3" }
>> 	{ "HS"  "H" "sp3" }
>> 	{ "H1"  "H" "sp3" }
>> 	{ "H2"  "H" "sp3" }
>> 	{ "H3"  "H" "sp3" }
>> 	{ "H4"  "H" "sp3" }
>> 	{ "H5"  "H" "sp3" }
>> 	{ "HW"  "H" "sp3" }
>> 	{ "HC"  "H" "sp3" }
>> 	{ "HA"  "H" "sp3" }
>> 	{ "HP"  "H" "sp3" }
>> 	{ "HZ"  "H" "sp3" }
>> 	{ "OH"  "O" "sp3" }
>> 	{ "OS"  "O" "sp3" }
>> 	{ "O"   "O" "sp2" }
>> 	{ "O2"  "O" "sp2" }
>> 	{ "OP"  "O" "sp2" }
>> 	{ "OW"  "O" "sp3" }
>> 	{ "CT"  "C" "sp3" }
>> 	{ "CX"  "C" "sp3" }
>> 	{ "XC"  "C" "sp3" }
>> 	{ "C8"  "C" "sp3" }
>> 	{ "2C"  "C" "sp3" }
>> 	{ "3C"  "C" "sp3" }
>> 	{ "CH"  "C" "sp3" }
>> 	{ "CS"  "C" "sp2" }
>> 	{ "C"   "C" "sp2" }
>> 	{ "CO"   "C" "sp2" }
>> 	{ "C*"  "C" "sp2" }
>> 	{ "CA"  "C" "sp2" }
>> 	{ "CB"  "C" "sp2" }
>> 	{ "CC"  "C" "sp2" }
>> 	{ "CN"  "C" "sp2" }
>> 	{ "CM"  "C" "sp2" }
>> 	{ "CK"  "C" "sp2" }
>> 	{ "CQ"  "C" "sp2" }
>> 	{ "CD"  "C" "sp2" }
>> 	{ "C5"  "C" "sp2" }
>> 	{ "C4"  "C" "sp2" }
>> 	{ "CP"  "C" "sp2" }
>> 	{ "CI"  "C" "sp3" }
>> 	{ "CJ"  "C" "sp2" }
>> 	{ "CW"  "C" "sp2" }
>> 	{ "CV"  "C" "sp2" }
>> 	{ "CR"  "C" "sp2" }
>> 	{ "CA"  "C" "sp2" }
>> 	{ "CY"  "C" "sp2" }
>> 	{ "C0"  "Ca" "sp3" }
>> 	{ "MG"  "Mg" "sp3" }
>> 	{ "N"   "N" "sp2" }
>> 	{ "NA"  "N" "sp2" }
>> 	{ "N2"  "N" "sp2" }
>> 	{ "N*"  "N" "sp2" }
>> 	{ "NP"  "N" "sp2" }
>> 	{ "NQ"  "N" "sp2" }
>> 	{ "NB"  "N" "sp2" }
>> 	{ "NC"  "N" "sp2" }
>> 	{ "NT"  "N" "sp3" }
>> 	{ "NY"  "N" "sp2" }
>> 	{ "N3"  "N" "sp3" }
>> 	{ "S"   "S" "sp3" }
>> 	{ "SH"  "S" "sp3" }
>> 	{ "P"   "P" "sp3" }
>> 	{ "LP"  ""  "sp3" }
>> 	{ "EP"  ""  "sp3" }
>> 	{ "F"   "F" "sp3" }
>> 	{ "Cl"  "Cl" "sp3" }
>> 	{ "Br"  "Br" "sp3" }
>> 	{ "I"   "I"  "sp3" }
>> }
>> #
>> #	Load the main parameter set.
>> #
>> set default cmap on
>> parm19 = loadamberparams parm19.dat
Loading parameters: /home/johann/miniconda3/dat/leap/parm/parm19.dat
Reading title:
PARM99 + frcmod.ff99SB + frcmod.parmbsc0 + OL3 for RNA + ff19SB
(UNKNOWN ATOM TYPE: Zn)
(UNKNOWN ATOM TYPE: EP)
>> frcmod19SB = loadamberparams frcmod.ff19SB
Loading parameters: /home/johann/miniconda3/dat/leap/parm/frcmod.ff19SB
Reading force field modification type file (frcmod)
Reading title:
ff19SB AA-specific backbone CMAPs for protein 07/25/2019
>> #
>> #	Load main chain and terminating amino acid libraries
>> #
>> loadOff amino19.lib
Loading library: /home/johann/miniconda3/dat/leap/lib/amino19.lib
Loading: ALA
Loading: ARG
Loading: ASH
Loading: ASN
Loading: ASP
Loading: CYM
Loading: CYS
Loading: CYX
Loading: GLH
Loading: GLN
Loading: GLU
Loading: GLY
Loading: HID
Loading: HIE
Loading: HIP
Loading: HYP
Loading: ILE
Loading: LEU
Loading: LYN
Loading: LYS
Loading: MET
Loading: PHE
Loading: PRO
Loading: SER
Loading: THR
Loading: TRP
Loading: TYR
Loading: VAL
>> loadOff aminoct12.lib
Loading library: /home/johann/miniconda3/dat/leap/lib/aminoct12.lib
Loading: CALA
Loading: CARG
Loading: CASN
Loading: CASP
Loading: CCYS
Loading: CCYX
Loading: CGLN
Loading: CGLU
Loading: CGLY
Loading: CHID
Loading: CHIE
Loading: CHIP
Loading: CHYP
Loading: CILE
Loading: CLEU
Loading: CLYS
Loading: CMET
Loading: CPHE
Loading: CPRO
Loading: CSER
Loading: CTHR
Loading: CTRP
Loading: CTYR
Loading: CVAL
Loading: NHE
Loading: NME
>> loadOff aminont12.lib
Loading library: /home/johann/miniconda3/dat/leap/lib/aminont12.lib
Loading: ACE
Loading: NALA
Loading: NARG
Loading: NASN
Loading: NASP
Loading: NCYS
Loading: NCYX
Loading: NGLN
Loading: NGLU
Loading: NGLY
Loading: NHID
Loading: NHIE
Loading: NHIP
Loading: NILE
Loading: NLEU
Loading: NLYS
Loading: NMET
Loading: NPHE
Loading: NPRO
Loading: NSER
Loading: NTHR
Loading: NTRP
Loading: NTYR
Loading: NVAL
>> 
>> #
>> #	Define the PDB name map for the amino acids
>> #
>> addPdbResMap {
>>   { 0 "HYP" "NHYP" } { 1 "HYP" "CHYP" }
>>   { 0 "ALA" "NALA" } { 1 "ALA" "CALA" }
>>   { 0 "ARG" "NARG" } { 1 "ARG" "CARG" }
>>   { 0 "ASN" "NASN" } { 1 "ASN" "CASN" }
>>   { 0 "ASP" "NASP" } { 1 "ASP" "CASP" }
>>   { 0 "CYS" "NCYS" } { 1 "CYS" "CCYS" }
>>   { 0 "CYX" "NCYX" } { 1 "CYX" "CCYX" }
>>   { 0 "GLN" "NGLN" } { 1 "GLN" "CGLN" }
>>   { 0 "GLU" "NGLU" } { 1 "GLU" "CGLU" }
>>   { 0 "GLY" "NGLY" } { 1 "GLY" "CGLY" }
>>   { 0 "HID" "NHID" } { 1 "HID" "CHID" }
>>   { 0 "HIE" "NHIE" } { 1 "HIE" "CHIE" }
>>   { 0 "HIP" "NHIP" } { 1 "HIP" "CHIP" }
>>   { 0 "ILE" "NILE" } { 1 "ILE" "CILE" }
>>   { 0 "LEU" "NLEU" } { 1 "LEU" "CLEU" }
>>   { 0 "LYS" "NLYS" } { 1 "LYS" "CLYS" }
>>   { 0 "MET" "NMET" } { 1 "MET" "CMET" }
>>   { 0 "PHE" "NPHE" } { 1 "PHE" "CPHE" }
>>   { 0 "PRO" "NPRO" } { 1 "PRO" "CPRO" }
>>   { 0 "SER" "NSER" } { 1 "SER" "CSER" }
>>   { 0 "THR" "NTHR" } { 1 "THR" "CTHR" }
>>   { 0 "TRP" "NTRP" } { 1 "TRP" "CTRP" }
>>   { 0 "TYR" "NTYR" } { 1 "TYR" "CTYR" }
>>   { 0 "VAL" "NVAL" } { 1 "VAL" "CVAL" }
>>   { 0 "HIS" "NHIS" } { 1 "HIS" "CHIS" }
>> }
>> 
>> #
>> # assume that most often proteins use HIE
>> #
>> NHIS = NHIE
>> HIS = HIE
>> CHIS = CHIE
> 
> source leaprc.gaff
----- Source: /home/johann/miniconda3/dat/leap/cmd/leaprc.gaff
----- Source of /home/johann/miniconda3/dat/leap/cmd/leaprc.gaff done
>> logFile leap.log
log started: Mon May 19 16:05:44 2025

Log file: ./leap.log
>> #
>> # ----- leaprc for loading the general Amber Force field.
>> #       This file is mostly for use with Antechamber
>> #
>> #	load atom type hybridizations
>> #
>> addAtomTypes {
>> 	{ "h1"  "H" "sp3" }
>> 	{ "h2"  "H" "sp3" }
>> 	{ "h3"  "H" "sp3" }
>> 	{ "h4"  "H" "sp3" }
>> 	{ "h5"  "H" "sp3" }
>> 	{ "ha"  "H" "sp3" }
>> 	{ "hc"  "H" "sp3" }
>> 	{ "hn"  "H" "sp3" }
>> 	{ "ho"  "H" "sp3" }
>> 	{ "hp"  "H" "sp3" }
>> 	{ "hs"  "H" "sp3" }
>> 	{ "hw"  "H" "sp3" }
>> 	{ "hx"  "H" "sp3" }
>> 	{ "o"  "O" "sp2" }
>> 	{ "o2"  "O" "sp2" }
>> 	{ "oh"  "O" "sp3" }
>> 	{ "op"  "O" "sp3" }
>> 	{ "oq"  "O" "sp3" }
>> 	{ "os"  "O" "sp3" }
>> 	{ "ow"  "O" "sp3" }
>> 	{ "c"  "C" "sp2" }
>> 	{ "c1"  "C" "sp2" }
>> 	{ "c2"  "C" "sp2" }
>> 	{ "c3"  "C" "sp3" }
>> 	{ "ca"  "C" "sp2" }
>> 	{ "cc"  "C" "sp2" }
>> 	{ "cd"  "C" "sp2" }
>> 	{ "ce"  "C" "sp2" }
>> 	{ "cf"  "C" "sp2" }
>> 	{ "cg"  "C" "sp2" }
>> 	{ "ch"  "C" "sp2" }
>> 	{ "cp"  "C" "sp2" }
>> 	{ "cq"  "C" "sp2" }
>> 	{ "cu"  "C" "sp2" }
>> 	{ "cv"  "C" "sp2" }
>> 	{ "cx"  "C" "sp2" }
>> 	{ "cy"  "C" "sp2" }
>> 	{ "cz"  "C" "sp2" }
>> 	{ "n"   "N" "sp2" }
>> 	{ "n1"  "N" "sp2" }
>> 	{ "n2"  "N" "sp2" }
>> 	{ "n3"  "N" "sp3" }
>> 	{ "n4"  "N" "sp3" }
>> 	{ "na"  "N" "sp2" }
>> 	{ "nb"  "N" "sp2" }
>> 	{ "nc"  "N" "sp2" }
>> 	{ "nd"  "N" "sp2" }
>> 	{ "ne"  "N" "sp2" }
>> 	{ "nf"  "N" "sp2" }
>> 	{ "nh"  "N" "sp2" }
>> 	{ "ni"  "N" "sp2" }
>> 	{ "nj"  "N" "sp2" }
>> 	{ "nk"  "N" "sp3" }
>> 	{ "nl"  "N" "sp3" }
>> 	{ "nm"  "N" "sp2" }
>> 	{ "nn"  "N" "sp2" }
>> 	{ "no"  "N" "sp2" }
>> 	{ "np"  "N" "sp3" }
>> 	{ "nq"  "N" "sp3" }
>> 	{ "s"   "S" "sp2" }
>> 	{ "s2"   "S" "sp2" }
>> 	{ "s3"   "S" "sp3" }
>> 	{ "s4"   "S" "sp3" }
>> 	{ "s6"   "S" "sp3" }
>> 	{ "sh"   "S" "sp3" }
>> 	{ "sp"   "S" "sp3" }
>> 	{ "sq"   "S" "sp3" }
>> 	{ "ss"   "S" "sp3" }
>> 	{ "sx"   "S" "sp3" }
>> 	{ "sy"   "S" "sp3" }
>> 	{ "p2"   "P" "sp2" }
>> 	{ "p3"   "P" "sp3" }
>> 	{ "p4"   "P" "sp3" }
>> 	{ "p5"   "P" "sp3" }
>> 	{ "pb"   "P" "sp3" }
>> 	{ "pc"   "P" "sp3" }
>> 	{ "pd"   "P" "sp3" }
>> 	{ "pe"   "P" "sp3" }
>> 	{ "pf"   "P" "sp3" }
>> 	{ "px"   "P" "sp3" }
>> 	{ "py"   "P" "sp3" }
>> 	{ "f"   "F" "sp3" }
>> 	{ "cl"  "Cl" "sp3" }
>> 	{ "br"  "Br" "sp3" }
>> 	{ "i"   "I"  "sp3" }
>> }
>> #
>> #	Load the general force field parameter set.
>> #
>> gaff = loadamberparams gaff.dat
Loading parameters: /home/johann/miniconda3/dat/leap/parm/gaff.dat
Reading title:
AMBER General Force Field for organic molecules (Version 1.81, May 2017)
> 
> set default PBradii mbondi3
Using ArgH and AspGluO modified Bondi2 radii
> loadamberparams ./3p5o/LIGAND.frcmod
Loading parameters: ./3p5o/LIGAND.frcmod
Reading force field modification type file (frcmod)
Reading title:
Remark line goes here
> LIG = loadmol2 ./3p5o/LIGAND.mol2
Loading Mol2 file: ./3p5o/LIGAND.mol2
Reading MOLECULE named EAM
> PROT = loadpdb ./3p5o/PROTEIN.pdb
Loading PDB file: ./3p5o/PROTEIN.pdb
Matching PDB residue names to LEaP variables.
  Added missing heavy atom: .R<ACE 37>.A<CH3 2>
  Added missing heavy atom: .R<NME 58>.A<C 3>
  Added missing heavy atom: .R<ACE 59>.A<CH3 2>
  Added missing heavy atom: .R<NME 61>.A<C 3>
  Added missing heavy atom: .R<ACE 62>.A<CH3 2>
  Added missing heavy atom: .R<NME 65>.A<C 3>
  Added missing heavy atom: .R<ACE 66>.A<CH3 2>
  Added missing heavy atom: .R<NME 77>.A<C 3>
  Added missing heavy atom: .R<ACE 78>.A<CH3 2>
  Added missing heavy atom: .R<NME 86>.A<C 3>
  Added missing heavy atom: .R<ACE 87>.A<CH3 2>
  Added missing heavy atom: .R<NME 89>.A<C 3>
  total atoms in file: 700
  Leap added 49 missing atoms according to residue templates:
       12 Heavy
       37 H / lone pairs
> COMPLEX = combine {PROT LIG}
  Sequence: default_name
  Sequence: EAM
> saveamberparm COMPLEX ./3p5o/3p5o.top ./3p5o/3p5o.crd
Checking Unit.

/home/johann/miniconda3/bin/teLeap: Warning!
The unperturbed charge of the unit (-3.002002) is not zero.

/home/johann/miniconda3/bin/teLeap: Note.
Ignoring the warning from Unit Checking.

Building topology.
Building atom parameters.
Building bond parameters.
Building angle parameters.
Building proper torsion parameters.
Building improper torsion parameters.
 total 178 improper torsions applied
Building H-Bond parameters.
Incorporating Non-Bonded adjustments.
Not Marking per-residue atom chain types.
Marking per-residue atom chain types.
  (Residues lacking connect0/connect1 - 
   these don't have chain types marked:

	res	total affected

	EAM	1
  )
 (no restraints)
> savepdb COMPLEX ./3p5o/3p5o.pdb
Writing pdb file: ./3p5o/3p5o.pdb
 quit
	Quit

Exiting LEaP: Errors = 0; Warnings = 1; Notes = 1.
log started: Mon May 19 16:11:12 2025

Log file: ./leap.log
>> #
>> # ----- leaprc for loading the ff19SB force field
>> # ----- NOTE: this is designed for PDB format 3!
>> #
>> #	load atom type hybridizations
>> #
>> addAtomTypes {
>> 	{ "H"   "H" "sp3" }
>> 	{ "HO"  "H" "sp3" }
>> 	{ "HS"  "H" "sp3" }
>> 	{ "H1"  "H" "sp3" }
>> 	{ "H2"  "H" "sp3" }
>> 	{ "H3"  "H" "sp3" }
>> 	{ "H4"  "H" "sp3" }
>> 	{ "H5"  "H" "sp3" }
>> 	{ "HW"  "H" "sp3" }
>> 	{ "HC"  "H" "sp3" }
>> 	{ "HA"  "H" "sp3" }
>> 	{ "HP"  "H" "sp3" }
>> 	{ "HZ"  "H" "sp3" }
>> 	{ "OH"  "O" "sp3" }
>> 	{ "OS"  "O" "sp3" }
>> 	{ "O"   "O" "sp2" }
>> 	{ "O2"  "O" "sp2" }
>> 	{ "OP"  "O" "sp2" }
>> 	{ "OW"  "O" "sp3" }
>> 	{ "CT"  "C" "sp3" }
>> 	{ "CX"  "C" "sp3" }
>> 	{ "XC"  "C" "sp3" }
>> 	{ "C8"  "C" "sp3" }
>> 	{ "2C"  "C" "sp3" }
>> 	{ "3C"  "C" "sp3" }
>> 	{ "CH"  "C" "sp3" }
>> 	{ "CS"  "C" "sp2" }
>> 	{ "C"   "C" "sp2" }
>> 	{ "CO"   "C" "sp2" }
>> 	{ "C*"  "C" "sp2" }
>> 	{ "CA"  "C" "sp2" }
>> 	{ "CB"  "C" "sp2" }
>> 	{ "CC"  "C" "sp2" }
>> 	{ "CN"  "C" "sp2" }
>> 	{ "CM"  "C" "sp2" }
>> 	{ "CK"  "C" "sp2" }
>> 	{ "CQ"  "C" "sp2" }
>> 	{ "CD"  "C" "sp2" }
>> 	{ "C5"  "C" "sp2" }
>> 	{ "C4"  "C" "sp2" }
>> 	{ "CP"  "C" "sp2" }
>> 	{ "CI"  "C" "sp3" }
>> 	{ "CJ"  "C" "sp2" }
>> 	{ "CW"  "C" "sp2" }
>> 	{ "CV"  "C" "sp2" }
>> 	{ "CR"  "C" "sp2" }
>> 	{ "CA"  "C" "sp2" }
>> 	{ "CY"  "C" "sp2" }
>> 	{ "C0"  "Ca" "sp3" }
>> 	{ "MG"  "Mg" "sp3" }
>> 	{ "N"   "N" "sp2" }
>> 	{ "NA"  "N" "sp2" }
>> 	{ "N2"  "N" "sp2" }
>> 	{ "N*"  "N" "sp2" }
>> 	{ "NP"  "N" "sp2" }
>> 	{ "NQ"  "N" "sp2" }
>> 	{ "NB"  "N" "sp2" }
>> 	{ "NC"  "N" "sp2" }
>> 	{ "NT"  "N" "sp3" }
>> 	{ "NY"  "N" "sp2" }
>> 	{ "N3"  "N" "sp3" }
>> 	{ "S"   "S" "sp3" }
>> 	{ "SH"  "S" "sp3" }
>> 	{ "P"   "P" "sp3" }
>> 	{ "LP"  ""  "sp3" }
>> 	{ "EP"  ""  "sp3" }
>> 	{ "F"   "F" "sp3" }
>> 	{ "Cl"  "Cl" "sp3" }
>> 	{ "Br"  "Br" "sp3" }
>> 	{ "I"   "I"  "sp3" }
>> }
>> #
>> #	Load the main parameter set.
>> #
>> set default cmap on
>> parm19 = loadamberparams parm19.dat
Loading parameters: /home/johann/miniconda3/dat/leap/parm/parm19.dat
Reading title:
PARM99 + frcmod.ff99SB + frcmod.parmbsc0 + OL3 for RNA + ff19SB
(UNKNOWN ATOM TYPE: Zn)
(UNKNOWN ATOM TYPE: EP)
>> frcmod19SB = loadamberparams frcmod.ff19SB
Loading parameters: /home/johann/miniconda3/dat/leap/parm/frcmod.ff19SB
Reading force field modification type file (frcmod)
Reading title:
ff19SB AA-specific backbone CMAPs for protein 07/25/2019
>> #
>> #	Load main chain and terminating amino acid libraries
>> #
>> loadOff amino19.lib
Loading library: /home/johann/miniconda3/dat/leap/lib/amino19.lib
Loading: ALA
Loading: ARG
Loading: ASH
Loading: ASN
Loading: ASP
Loading: CYM
Loading: CYS
Loading: CYX
Loading: GLH
Loading: GLN
Loading: GLU
Loading: GLY
Loading: HID
Loading: HIE
Loading: HIP
Loading: HYP
Loading: ILE
Loading: LEU
Loading: LYN
Loading: LYS
Loading: MET
Loading: PHE
Loading: PRO
Loading: SER
Loading: THR
Loading: TRP
Loading: TYR
Loading: VAL
>> loadOff aminoct12.lib
Loading library: /home/johann/miniconda3/dat/leap/lib/aminoct12.lib
Loading: CALA
Loading: CARG
Loading: CASN
Loading: CASP
Loading: CCYS
Loading: CCYX
Loading: CGLN
Loading: CGLU
Loading: CGLY
Loading: CHID
Loading: CHIE
Loading: CHIP
Loading: CHYP
Loading: CILE
Loading: CLEU
Loading: CLYS
Loading: CMET
Loading: CPHE
Loading: CPRO
Loading: CSER
Loading: CTHR
Loading: CTRP
Loading: CTYR
Loading: CVAL
Loading: NHE
Loading: NME
>> loadOff aminont12.lib
Loading library: /home/johann/miniconda3/dat/leap/lib/aminont12.lib
Loading: ACE
Loading: NALA
Loading: NARG
Loading: NASN
Loading: NASP
Loading: NCYS
Loading: NCYX
Loading: NGLN
Loading: NGLU
Loading: NGLY
Loading: NHID
Loading: NHIE
Loading: NHIP
Loading: NILE
Loading: NLEU
Loading: NLYS
Loading: NMET
Loading: NPHE
Loading: NPRO
Loading: NSER
Loading: NTHR
Loading: NTRP
Loading: NTYR
Loading: NVAL
>> 
>> #
>> #	Define the PDB name map for the amino acids
>> #
>> addPdbResMap {
>>   { 0 "HYP" "NHYP" } { 1 "HYP" "CHYP" }
>>   { 0 "ALA" "NALA" } { 1 "ALA" "CALA" }
>>   { 0 "ARG" "NARG" } { 1 "ARG" "CARG" }
>>   { 0 "ASN" "NASN" } { 1 "ASN" "CASN" }
>>   { 0 "ASP" "NASP" } { 1 "ASP" "CASP" }
>>   { 0 "CYS" "NCYS" } { 1 "CYS" "CCYS" }
>>   { 0 "CYX" "NCYX" } { 1 "CYX" "CCYX" }
>>   { 0 "GLN" "NGLN" } { 1 "GLN" "CGLN" }
>>   { 0 "GLU" "NGLU" } { 1 "GLU" "CGLU" }
>>   { 0 "GLY" "NGLY" } { 1 "GLY" "CGLY" }
>>   { 0 "HID" "NHID" } { 1 "HID" "CHID" }
>>   { 0 "HIE" "NHIE" } { 1 "HIE" "CHIE" }
>>   { 0 "HIP" "NHIP" } { 1 "HIP" "CHIP" }
>>   { 0 "ILE" "NILE" } { 1 "ILE" "CILE" }
>>   { 0 "LEU" "NLEU" } { 1 "LEU" "CLEU" }
>>   { 0 "LYS" "NLYS" } { 1 "LYS" "CLYS" }
>>   { 0 "MET" "NMET" } { 1 "MET" "CMET" }
>>   { 0 "PHE" "NPHE" } { 1 "PHE" "CPHE" }
>>   { 0 "PRO" "NPRO" } { 1 "PRO" "CPRO" }
>>   { 0 "SER" "NSER" } { 1 "SER" "CSER" }
>>   { 0 "THR" "NTHR" } { 1 "THR" "CTHR" }
>>   { 0 "TRP" "NTRP" } { 1 "TRP" "CTRP" }
>>   { 0 "TYR" "NTYR" } { 1 "TYR" "CTYR" }
>>   { 0 "VAL" "NVAL" } { 1 "VAL" "CVAL" }
>>   { 0 "HIS" "NHIS" } { 1 "HIS" "CHIS" }
>> }
>> 
>> #
>> # assume that most often proteins use HIE
>> #
>> NHIS = NHIE
>> HIS = HIE
>> CHIS = CHIE
> 
> source leaprc.gaff
----- Source: /home/johann/miniconda3/dat/leap/cmd/leaprc.gaff
----- Source of /home/johann/miniconda3/dat/leap/cmd/leaprc.gaff done
>> logFile leap.log
log started: Mon May 19 16:11:12 2025

Log file: ./leap.log
>> #
>> # ----- leaprc for loading the general Amber Force field.
>> #       This file is mostly for use with Antechamber
>> #
>> #	load atom type hybridizations
>> #
>> addAtomTypes {
>> 	{ "h1"  "H" "sp3" }
>> 	{ "h2"  "H" "sp3" }
>> 	{ "h3"  "H" "sp3" }
>> 	{ "h4"  "H" "sp3" }
>> 	{ "h5"  "H" "sp3" }
>> 	{ "ha"  "H" "sp3" }
>> 	{ "hc"  "H" "sp3" }
>> 	{ "hn"  "H" "sp3" }
>> 	{ "ho"  "H" "sp3" }
>> 	{ "hp"  "H" "sp3" }
>> 	{ "hs"  "H" "sp3" }
>> 	{ "hw"  "H" "sp3" }
>> 	{ "hx"  "H" "sp3" }
>> 	{ "o"  "O" "sp2" }
>> 	{ "o2"  "O" "sp2" }
>> 	{ "oh"  "O" "sp3" }
>> 	{ "op"  "O" "sp3" }
>> 	{ "oq"  "O" "sp3" }
>> 	{ "os"  "O" "sp3" }
>> 	{ "ow"  "O" "sp3" }
>> 	{ "c"  "C" "sp2" }
>> 	{ "c1"  "C" "sp2" }
>> 	{ "c2"  "C" "sp2" }
>> 	{ "c3"  "C" "sp3" }
>> 	{ "ca"  "C" "sp2" }
>> 	{ "cc"  "C" "sp2" }
>> 	{ "cd"  "C" "sp2" }
>> 	{ "ce"  "C" "sp2" }
>> 	{ "cf"  "C" "sp2" }
>> 	{ "cg"  "C" "sp2" }
>> 	{ "ch"  "C" "sp2" }
>> 	{ "cp"  "C" "sp2" }
>> 	{ "cq"  "C" "sp2" }
>> 	{ "cu"  "C" "sp2" }
>> 	{ "cv"  "C" "sp2" }
>> 	{ "cx"  "C" "sp2" }
>> 	{ "cy"  "C" "sp2" }
>> 	{ "cz"  "C" "sp2" }
>> 	{ "n"   "N" "sp2" }
>> 	{ "n1"  "N" "sp2" }
>> 	{ "n2"  "N" "sp2" }
>> 	{ "n3"  "N" "sp3" }
>> 	{ "n4"  "N" "sp3" }
>> 	{ "na"  "N" "sp2" }
>> 	{ "nb"  "N" "sp2" }
>> 	{ "nc"  "N" "sp2" }
>> 	{ "nd"  "N" "sp2" }
>> 	{ "ne"  "N" "sp2" }
>> 	{ "nf"  "N" "sp2" }
>> 	{ "nh"  "N" "sp2" }
>> 	{ "ni"  "N" "sp2" }
>> 	{ "nj"  "N" "sp2" }
>> 	{ "nk"  "N" "sp3" }
>> 	{ "nl"  "N" "sp3" }
>> 	{ "nm"  "N" "sp2" }
>> 	{ "nn"  "N" "sp2" }
>> 	{ "no"  "N" "sp2" }
>> 	{ "np"  "N" "sp3" }
>> 	{ "nq"  "N" "sp3" }
>> 	{ "s"   "S" "sp2" }
>> 	{ "s2"   "S" "sp2" }
>> 	{ "s3"   "S" "sp3" }
>> 	{ "s4"   "S" "sp3" }
>> 	{ "s6"   "S" "sp3" }
>> 	{ "sh"   "S" "sp3" }
>> 	{ "sp"   "S" "sp3" }
>> 	{ "sq"   "S" "sp3" }
>> 	{ "ss"   "S" "sp3" }
>> 	{ "sx"   "S" "sp3" }
>> 	{ "sy"   "S" "sp3" }
>> 	{ "p2"   "P" "sp2" }
>> 	{ "p3"   "P" "sp3" }
>> 	{ "p4"   "P" "sp3" }
>> 	{ "p5"   "P" "sp3" }
>> 	{ "pb"   "P" "sp3" }
>> 	{ "pc"   "P" "sp3" }
>> 	{ "pd"   "P" "sp3" }
>> 	{ "pe"   "P" "sp3" }
>> 	{ "pf"   "P" "sp3" }
>> 	{ "px"   "P" "sp3" }
>> 	{ "py"   "P" "sp3" }
>> 	{ "f"   "F" "sp3" }
>> 	{ "cl"  "Cl" "sp3" }
>> 	{ "br"  "Br" "sp3" }
>> 	{ "i"   "I"  "sp3" }
>> }
>> #
>> #	Load the general force field parameter set.
>> #
>> gaff = loadamberparams gaff.dat
Loading parameters: /home/johann/miniconda3/dat/leap/parm/gaff.dat
Reading title:
AMBER General Force Field for organic molecules (Version 1.81, May 2017)
> 
> set default PBradii mbondi3
Using ArgH and AspGluO modified Bondi2 radii
> loadamberparams ./3rlb/LIGAND.frcmod
Loading parameters: ./3rlb/LIGAND.frcmod
Reading force field modification type file (frcmod)
Reading title:
Remark line goes here
> LIG = loadmol2 ./3rlb/LIGAND.mol2
Loading Mol2 file: ./3rlb/LIGAND.mol2
Reading MOLECULE named VIB
> PROT = loadpdb ./3rlb/PROTEIN.pdb
Loading PDB file: ./3rlb/PROTEIN.pdb
Matching PDB residue names to LEaP variables.
  Added missing heavy atom: .R<ACE 18>.A<CH3 2>
  Added missing heavy atom: .R<NME 20>.A<C 3>
  Added missing heavy atom: .R<ACE 21>.A<CH3 2>
  Added missing heavy atom: .R<NME 23>.A<C 3>
  Added missing heavy atom: .R<ACE 24>.A<CH3 2>
  Added missing heavy atom: .R<NME 34>.A<C 3>
  Added missing heavy atom: .R<ACE 35>.A<CH3 2>
  Added missing heavy atom: .R<NME 37>.A<C 3>
  Added missing heavy atom: .R<ACE 38>.A<CH3 2>
  Added missing heavy atom: .R<NME 40>.A<C 3>
  Added missing heavy atom: .R<ACE 41>.A<CH3 2>
  Added missing heavy atom: .R<NME 47>.A<C 3>
  Added missing heavy atom: .R<ACE 48>.A<CH3 2>
  Added missing heavy atom: .R<NME 55>.A<C 3>
  Added missing heavy atom: .R<ACE 56>.A<CH3 2>
  Added missing heavy atom: .R<NME 59>.A<C 3>
  Added missing heavy atom: .R<ACE 60>.A<CH3 2>
  Added missing heavy atom: .R<NME 79>.A<C 3>
  Added missing heavy atom: .R<ACE 80>.A<CH3 2>
  Added missing heavy atom: .R<NME 82>.A<C 3>
  Added missing heavy atom: .R<ACE 83>.A<CH3 2>
  Added missing heavy atom: .R<NME 93>.A<C 3>
  total atoms in file: 916
  Leap added 88 missing atoms according to residue templates:
       22 Heavy
       66 H / lone pairs
> COMPLEX = combine {PROT LIG}
  Sequence: default_name
  Sequence: VIB
> saveamberparm COMPLEX ./3rlb/3rlb.top ./3rlb/3rlb.crd
Checking Unit.
Building topology.
Building atom parameters.
Building bond parameters.
Building angle parameters.
Building proper torsion parameters.
Building improper torsion parameters.
 total 253 improper torsions applied
Building H-Bond parameters.
Incorporating Non-Bonded adjustments.
Not Marking per-residue atom chain types.
Marking per-residue atom chain types.
  (Residues lacking connect0/connect1 - 
   these don't have chain types marked:

	res	total affected

	VIB	1
  )
 (no restraints)
> savepdb COMPLEX ./3rlb/3rlb.pdb
Writing pdb file: ./3rlb/3rlb.pdb
 quit
	Quit

Exiting LEaP: Errors = 0; Warnings = 0; Notes = 0.
log started: Mon May 19 16:13:55 2025

Log file: ./leap.log
>> #
>> # ----- leaprc for loading the ff19SB force field
>> # ----- NOTE: this is designed for PDB format 3!
>> #
>> #	load atom type hybridizations
>> #
>> addAtomTypes {
>> 	{ "H"   "H" "sp3" }
>> 	{ "HO"  "H" "sp3" }
>> 	{ "HS"  "H" "sp3" }
>> 	{ "H1"  "H" "sp3" }
>> 	{ "H2"  "H" "sp3" }
>> 	{ "H3"  "H" "sp3" }
>> 	{ "H4"  "H" "sp3" }
>> 	{ "H5"  "H" "sp3" }
>> 	{ "HW"  "H" "sp3" }
>> 	{ "HC"  "H" "sp3" }
>> 	{ "HA"  "H" "sp3" }
>> 	{ "HP"  "H" "sp3" }
>> 	{ "HZ"  "H" "sp3" }
>> 	{ "OH"  "O" "sp3" }
>> 	{ "OS"  "O" "sp3" }
>> 	{ "O"   "O" "sp2" }
>> 	{ "O2"  "O" "sp2" }
>> 	{ "OP"  "O" "sp2" }
>> 	{ "OW"  "O" "sp3" }
>> 	{ "CT"  "C" "sp3" }
>> 	{ "CX"  "C" "sp3" }
>> 	{ "XC"  "C" "sp3" }
>> 	{ "C8"  "C" "sp3" }
>> 	{ "2C"  "C" "sp3" }
>> 	{ "3C"  "C" "sp3" }
>> 	{ "CH"  "C" "sp3" }
>> 	{ "CS"  "C" "sp2" }
>> 	{ "C"   "C" "sp2" }
>> 	{ "CO"   "C" "sp2" }
>> 	{ "C*"  "C" "sp2" }
>> 	{ "CA"  "C" "sp2" }
>> 	{ "CB"  "C" "sp2" }
>> 	{ "CC"  "C" "sp2" }
>> 	{ "CN"  "C" "sp2" }
>> 	{ "CM"  "C" "sp2" }
>> 	{ "CK"  "C" "sp2" }
>> 	{ "CQ"  "C" "sp2" }
>> 	{ "CD"  "C" "sp2" }
>> 	{ "C5"  "C" "sp2" }
>> 	{ "C4"  "C" "sp2" }
>> 	{ "CP"  "C" "sp2" }
>> 	{ "CI"  "C" "sp3" }
>> 	{ "CJ"  "C" "sp2" }
>> 	{ "CW"  "C" "sp2" }
>> 	{ "CV"  "C" "sp2" }
>> 	{ "CR"  "C" "sp2" }
>> 	{ "CA"  "C" "sp2" }
>> 	{ "CY"  "C" "sp2" }
>> 	{ "C0"  "Ca" "sp3" }
>> 	{ "MG"  "Mg" "sp3" }
>> 	{ "N"   "N" "sp2" }
>> 	{ "NA"  "N" "sp2" }
>> 	{ "N2"  "N" "sp2" }
>> 	{ "N*"  "N" "sp2" }
>> 	{ "NP"  "N" "sp2" }
>> 	{ "NQ"  "N" "sp2" }
>> 	{ "NB"  "N" "sp2" }
>> 	{ "NC"  "N" "sp2" }
>> 	{ "NT"  "N" "sp3" }
>> 	{ "NY"  "N" "sp2" }
>> 	{ "N3"  "N" "sp3" }
>> 	{ "S"   "S" "sp3" }
>> 	{ "SH"  "S" "sp3" }
>> 	{ "P"   "P" "sp3" }
>> 	{ "LP"  ""  "sp3" }
>> 	{ "EP"  ""  "sp3" }
>> 	{ "F"   "F" "sp3" }
>> 	{ "Cl"  "Cl" "sp3" }
>> 	{ "Br"  "Br" "sp3" }
>> 	{ "I"   "I"  "sp3" }
>> }
>> #
>> #	Load the main parameter set.
>> #
>> set default cmap on
>> parm19 = loadamberparams parm19.dat
Loading parameters: /home/johann/miniconda3/dat/leap/parm/parm19.dat
Reading title:
PARM99 + frcmod.ff99SB + frcmod.parmbsc0 + OL3 for RNA + ff19SB
(UNKNOWN ATOM TYPE: Zn)
(UNKNOWN ATOM TYPE: EP)
>> frcmod19SB = loadamberparams frcmod.ff19SB
Loading parameters: /home/johann/miniconda3/dat/leap/parm/frcmod.ff19SB
Reading force field modification type file (frcmod)
Reading title:
ff19SB AA-specific backbone CMAPs for protein 07/25/2019
>> #
>> #	Load main chain and terminating amino acid libraries
>> #
>> loadOff amino19.lib
Loading library: /home/johann/miniconda3/dat/leap/lib/amino19.lib
Loading: ALA
Loading: ARG
Loading: ASH
Loading: ASN
Loading: ASP
Loading: CYM
Loading: CYS
Loading: CYX
Loading: GLH
Loading: GLN
Loading: GLU
Loading: GLY
Loading: HID
Loading: HIE
Loading: HIP
Loading: HYP
Loading: ILE
Loading: LEU
Loading: LYN
Loading: LYS
Loading: MET
Loading: PHE
Loading: PRO
Loading: SER
Loading: THR
Loading: TRP
Loading: TYR
Loading: VAL
>> loadOff aminoct12.lib
Loading library: /home/johann/miniconda3/dat/leap/lib/aminoct12.lib
Loading: CALA
Loading: CARG
Loading: CASN
Loading: CASP
Loading: CCYS
Loading: CCYX
Loading: CGLN
Loading: CGLU
Loading: CGLY
Loading: CHID
Loading: CHIE
Loading: CHIP
Loading: CHYP
Loading: CILE
Loading: CLEU
Loading: CLYS
Loading: CMET
Loading: CPHE
Loading: CPRO
Loading: CSER
Loading: CTHR
Loading: CTRP
Loading: CTYR
Loading: CVAL
Loading: NHE
Loading: NME
>> loadOff aminont12.lib
Loading library: /home/johann/miniconda3/dat/leap/lib/aminont12.lib
Loading: ACE
Loading: NALA
Loading: NARG
Loading: NASN
Loading: NASP
Loading: NCYS
Loading: NCYX
Loading: NGLN
Loading: NGLU
Loading: NGLY
Loading: NHID
Loading: NHIE
Loading: NHIP
Loading: NILE
Loading: NLEU
Loading: NLYS
Loading: NMET
Loading: NPHE
Loading: NPRO
Loading: NSER
Loading: NTHR
Loading: NTRP
Loading: NTYR
Loading: NVAL
>> 
>> #
>> #	Define the PDB name map for the amino acids
>> #
>> addPdbResMap {
>>   { 0 "HYP" "NHYP" } { 1 "HYP" "CHYP" }
>>   { 0 "ALA" "NALA" } { 1 "ALA" "CALA" }
>>   { 0 "ARG" "NARG" } { 1 "ARG" "CARG" }
>>   { 0 "ASN" "NASN" } { 1 "ASN" "CASN" }
>>   { 0 "ASP" "NASP" } { 1 "ASP" "CASP" }
>>   { 0 "CYS" "NCYS" } { 1 "CYS" "CCYS" }
>>   { 0 "CYX" "NCYX" } { 1 "CYX" "CCYX" }
>>   { 0 "GLN" "NGLN" } { 1 "GLN" "CGLN" }
>>   { 0 "GLU" "NGLU" } { 1 "GLU" "CGLU" }
>>   { 0 "GLY" "NGLY" } { 1 "GLY" "CGLY" }
>>   { 0 "HID" "NHID" } { 1 "HID" "CHID" }
>>   { 0 "HIE" "NHIE" } { 1 "HIE" "CHIE" }
>>   { 0 "HIP" "NHIP" } { 1 "HIP" "CHIP" }
>>   { 0 "ILE" "NILE" } { 1 "ILE" "CILE" }
>>   { 0 "LEU" "NLEU" } { 1 "LEU" "CLEU" }
>>   { 0 "LYS" "NLYS" } { 1 "LYS" "CLYS" }
>>   { 0 "MET" "NMET" } { 1 "MET" "CMET" }
>>   { 0 "PHE" "NPHE" } { 1 "PHE" "CPHE" }
>>   { 0 "PRO" "NPRO" } { 1 "PRO" "CPRO" }
>>   { 0 "SER" "NSER" } { 1 "SER" "CSER" }
>>   { 0 "THR" "NTHR" } { 1 "THR" "CTHR" }
>>   { 0 "TRP" "NTRP" } { 1 "TRP" "CTRP" }
>>   { 0 "TYR" "NTYR" } { 1 "TYR" "CTYR" }
>>   { 0 "VAL" "NVAL" } { 1 "VAL" "CVAL" }
>>   { 0 "HIS" "NHIS" } { 1 "HIS" "CHIS" }
>> }
>> 
>> #
>> # assume that most often proteins use HIE
>> #
>> NHIS = NHIE
>> HIS = HIE
>> CHIS = CHIE
> 
> source leaprc.gaff
----- Source: /home/johann/miniconda3/dat/leap/cmd/leaprc.gaff
----- Source of /home/johann/miniconda3/dat/leap/cmd/leaprc.gaff done
>> logFile leap.log
log started: Mon May 19 16:13:55 2025

Log file: ./leap.log
>> #
>> # ----- leaprc for loading the general Amber Force field.
>> #       This file is mostly for use with Antechamber
>> #
>> #	load atom type hybridizations
>> #
>> addAtomTypes {
>> 	{ "h1"  "H" "sp3" }
>> 	{ "h2"  "H" "sp3" }
>> 	{ "h3"  "H" "sp3" }
>> 	{ "h4"  "H" "sp3" }
>> 	{ "h5"  "H" "sp3" }
>> 	{ "ha"  "H" "sp3" }
>> 	{ "hc"  "H" "sp3" }
>> 	{ "hn"  "H" "sp3" }
>> 	{ "ho"  "H" "sp3" }
>> 	{ "hp"  "H" "sp3" }
>> 	{ "hs"  "H" "sp3" }
>> 	{ "hw"  "H" "sp3" }
>> 	{ "hx"  "H" "sp3" }
>> 	{ "o"  "O" "sp2" }
>> 	{ "o2"  "O" "sp2" }
>> 	{ "oh"  "O" "sp3" }
>> 	{ "op"  "O" "sp3" }
>> 	{ "oq"  "O" "sp3" }
>> 	{ "os"  "O" "sp3" }
>> 	{ "ow"  "O" "sp3" }
>> 	{ "c"  "C" "sp2" }
>> 	{ "c1"  "C" "sp2" }
>> 	{ "c2"  "C" "sp2" }
>> 	{ "c3"  "C" "sp3" }
>> 	{ "ca"  "C" "sp2" }
>> 	{ "cc"  "C" "sp2" }
>> 	{ "cd"  "C" "sp2" }
>> 	{ "ce"  "C" "sp2" }
>> 	{ "cf"  "C" "sp2" }
>> 	{ "cg"  "C" "sp2" }
>> 	{ "ch"  "C" "sp2" }
>> 	{ "cp"  "C" "sp2" }
>> 	{ "cq"  "C" "sp2" }
>> 	{ "cu"  "C" "sp2" }
>> 	{ "cv"  "C" "sp2" }
>> 	{ "cx"  "C" "sp2" }
>> 	{ "cy"  "C" "sp2" }
>> 	{ "cz"  "C" "sp2" }
>> 	{ "n"   "N" "sp2" }
>> 	{ "n1"  "N" "sp2" }
>> 	{ "n2"  "N" "sp2" }
>> 	{ "n3"  "N" "sp3" }
>> 	{ "n4"  "N" "sp3" }
>> 	{ "na"  "N" "sp2" }
>> 	{ "nb"  "N" "sp2" }
>> 	{ "nc"  "N" "sp2" }
>> 	{ "nd"  "N" "sp2" }
>> 	{ "ne"  "N" "sp2" }
>> 	{ "nf"  "N" "sp2" }
>> 	{ "nh"  "N" "sp2" }
>> 	{ "ni"  "N" "sp2" }
>> 	{ "nj"  "N" "sp2" }
>> 	{ "nk"  "N" "sp3" }
>> 	{ "nl"  "N" "sp3" }
>> 	{ "nm"  "N" "sp2" }
>> 	{ "nn"  "N" "sp2" }
>> 	{ "no"  "N" "sp2" }
>> 	{ "np"  "N" "sp3" }
>> 	{ "nq"  "N" "sp3" }
>> 	{ "s"   "S" "sp2" }
>> 	{ "s2"   "S" "sp2" }
>> 	{ "s3"   "S" "sp3" }
>> 	{ "s4"   "S" "sp3" }
>> 	{ "s6"   "S" "sp3" }
>> 	{ "sh"   "S" "sp3" }
>> 	{ "sp"   "S" "sp3" }
>> 	{ "sq"   "S" "sp3" }
>> 	{ "ss"   "S" "sp3" }
>> 	{ "sx"   "S" "sp3" }
>> 	{ "sy"   "S" "sp3" }
>> 	{ "p2"   "P" "sp2" }
>> 	{ "p3"   "P" "sp3" }
>> 	{ "p4"   "P" "sp3" }
>> 	{ "p5"   "P" "sp3" }
>> 	{ "pb"   "P" "sp3" }
>> 	{ "pc"   "P" "sp3" }
>> 	{ "pd"   "P" "sp3" }
>> 	{ "pe"   "P" "sp3" }
>> 	{ "pf"   "P" "sp3" }
>> 	{ "px"   "P" "sp3" }
>> 	{ "py"   "P" "sp3" }
>> 	{ "f"   "F" "sp3" }
>> 	{ "cl"  "Cl" "sp3" }
>> 	{ "br"  "Br" "sp3" }
>> 	{ "i"   "I"  "sp3" }
>> }
>> #
>> #	Load the general force field parameter set.
>> #
>> gaff = loadamberparams gaff.dat
Loading parameters: /home/johann/miniconda3/dat/leap/parm/gaff.dat
Reading title:
AMBER General Force Field for organic molecules (Version 1.81, May 2017)
> 
> set default PBradii mbondi3
Using ArgH and AspGluO modified Bondi2 radii
> loadamberparams ./3uo4/LIGAND.frcmod
Loading parameters: ./3uo4/LIGAND.frcmod
Reading force field modification type file (frcmod)
Reading title:
Remark line goes here
> LIG = loadmol2 ./3uo4/LIGAND.mol2
Loading Mol2 file: ./3uo4/LIGAND.mol2
Reading MOLECULE named 0C0
> PROT = loadpdb ./3uo4/PROTEIN.pdb
Loading PDB file: ./3uo4/PROTEIN.pdb
Matching PDB residue names to LEaP variables.
  Added missing heavy atom: .R<ACE 13>.A<CH3 2>
  Added missing heavy atom: .R<NME 27>.A<C 3>
  Added missing heavy atom: .R<ACE 28>.A<CH3 2>
  Added missing heavy atom: .R<NME 33>.A<C 3>
  Added missing heavy atom: .R<ACE 34>.A<CH3 2>
  Added missing heavy atom: .R<NME 36>.A<C 3>
  Added missing heavy atom: .R<ACE 37>.A<CH3 2>
  Added missing heavy atom: .R<NME 39>.A<C 3>
  Added missing heavy atom: .R<ACE 40>.A<CH3 2>
  Added missing heavy atom: .R<NME 43>.A<C 3>
  Added missing heavy atom: .R<ACE 44>.A<CH3 2>
  Added missing heavy atom: .R<NME 58>.A<C 3>
  Added missing heavy atom: .R<ACE 59>.A<CH3 2>
  Added missing heavy atom: .R<NME 61>.A<C 3>
  Added missing heavy atom: .R<ACE 62>.A<CH3 2>
  Added missing heavy atom: .R<NME 71>.A<C 3>
  Added missing heavy atom: .R<ACE 72>.A<CH3 2>
  Added missing heavy atom: .R<NME 79>.A<C 3>
  total atoms in file: 847
  Leap added 72 missing atoms according to residue templates:
       18 Heavy
       54 H / lone pairs
> COMPLEX = combine {PROT LIG}
  Sequence: default_name
  Sequence: 0C0
> saveamberparm COMPLEX ./3uo4/3uo4.top ./3uo4/3uo4.crd
Checking Unit.

/home/johann/miniconda3/bin/teLeap: Warning!
The unperturbed charge of the unit (2.999000) is not zero.

/home/johann/miniconda3/bin/teLeap: Note.
Ignoring the warning from Unit Checking.

Building topology.
Building atom parameters.
Building bond parameters.
Building angle parameters.
Building proper torsion parameters.
Building improper torsion parameters.
 total 197 improper torsions applied
Building H-Bond parameters.
Incorporating Non-Bonded adjustments.
Not Marking per-residue atom chain types.
Marking per-residue atom chain types.
  (Residues lacking connect0/connect1 - 
   these don't have chain types marked:

	res	total affected

	0C0	1
  )
 (no restraints)
> savepdb COMPLEX ./3uo4/3uo4.pdb
Writing pdb file: ./3uo4/3uo4.pdb
 quit
	Quit

Exiting LEaP: Errors = 0; Warnings = 1; Notes = 1.
log started: Mon May 19 16:19:39 2025

Log file: ./leap.log
>> #
>> # ----- leaprc for loading the ff19SB force field
>> # ----- NOTE: this is designed for PDB format 3!
>> #
>> #	load atom type hybridizations
>> #
>> addAtomTypes {
>> 	{ "H"   "H" "sp3" }
>> 	{ "HO"  "H" "sp3" }
>> 	{ "HS"  "H" "sp3" }
>> 	{ "H1"  "H" "sp3" }
>> 	{ "H2"  "H" "sp3" }
>> 	{ "H3"  "H" "sp3" }
>> 	{ "H4"  "H" "sp3" }
>> 	{ "H5"  "H" "sp3" }
>> 	{ "HW"  "H" "sp3" }
>> 	{ "HC"  "H" "sp3" }
>> 	{ "HA"  "H" "sp3" }
>> 	{ "HP"  "H" "sp3" }
>> 	{ "HZ"  "H" "sp3" }
>> 	{ "OH"  "O" "sp3" }
>> 	{ "OS"  "O" "sp3" }
>> 	{ "O"   "O" "sp2" }
>> 	{ "O2"  "O" "sp2" }
>> 	{ "OP"  "O" "sp2" }
>> 	{ "OW"  "O" "sp3" }
>> 	{ "CT"  "C" "sp3" }
>> 	{ "CX"  "C" "sp3" }
>> 	{ "XC"  "C" "sp3" }
>> 	{ "C8"  "C" "sp3" }
>> 	{ "2C"  "C" "sp3" }
>> 	{ "3C"  "C" "sp3" }
>> 	{ "CH"  "C" "sp3" }
>> 	{ "CS"  "C" "sp2" }
>> 	{ "C"   "C" "sp2" }
>> 	{ "CO"   "C" "sp2" }
>> 	{ "C*"  "C" "sp2" }
>> 	{ "CA"  "C" "sp2" }
>> 	{ "CB"  "C" "sp2" }
>> 	{ "CC"  "C" "sp2" }
>> 	{ "CN"  "C" "sp2" }
>> 	{ "CM"  "C" "sp2" }
>> 	{ "CK"  "C" "sp2" }
>> 	{ "CQ"  "C" "sp2" }
>> 	{ "CD"  "C" "sp2" }
>> 	{ "C5"  "C" "sp2" }
>> 	{ "C4"  "C" "sp2" }
>> 	{ "CP"  "C" "sp2" }
>> 	{ "CI"  "C" "sp3" }
>> 	{ "CJ"  "C" "sp2" }
>> 	{ "CW"  "C" "sp2" }
>> 	{ "CV"  "C" "sp2" }
>> 	{ "CR"  "C" "sp2" }
>> 	{ "CA"  "C" "sp2" }
>> 	{ "CY"  "C" "sp2" }
>> 	{ "C0"  "Ca" "sp3" }
>> 	{ "MG"  "Mg" "sp3" }
>> 	{ "N"   "N" "sp2" }
>> 	{ "NA"  "N" "sp2" }
>> 	{ "N2"  "N" "sp2" }
>> 	{ "N*"  "N" "sp2" }
>> 	{ "NP"  "N" "sp2" }
>> 	{ "NQ"  "N" "sp2" }
>> 	{ "NB"  "N" "sp2" }
>> 	{ "NC"  "N" "sp2" }
>> 	{ "NT"  "N" "sp3" }
>> 	{ "NY"  "N" "sp2" }
>> 	{ "N3"  "N" "sp3" }
>> 	{ "S"   "S" "sp3" }
>> 	{ "SH"  "S" "sp3" }
>> 	{ "P"   "P" "sp3" }
>> 	{ "LP"  ""  "sp3" }
>> 	{ "EP"  ""  "sp3" }
>> 	{ "F"   "F" "sp3" }
>> 	{ "Cl"  "Cl" "sp3" }
>> 	{ "Br"  "Br" "sp3" }
>> 	{ "I"   "I"  "sp3" }
>> }
>> #
>> #	Load the main parameter set.
>> #
>> set default cmap on
>> parm19 = loadamberparams parm19.dat
Loading parameters: /home/johann/miniconda3/dat/leap/parm/parm19.dat
Reading title:
PARM99 + frcmod.ff99SB + frcmod.parmbsc0 + OL3 for RNA + ff19SB
(UNKNOWN ATOM TYPE: Zn)
(UNKNOWN ATOM TYPE: EP)
>> frcmod19SB = loadamberparams frcmod.ff19SB
Loading parameters: /home/johann/miniconda3/dat/leap/parm/frcmod.ff19SB
Reading force field modification type file (frcmod)
Reading title:
ff19SB AA-specific backbone CMAPs for protein 07/25/2019
>> #
>> #	Load main chain and terminating amino acid libraries
>> #
>> loadOff amino19.lib
Loading library: /home/johann/miniconda3/dat/leap/lib/amino19.lib
Loading: ALA
Loading: ARG
Loading: ASH
Loading: ASN
Loading: ASP
Loading: CYM
Loading: CYS
Loading: CYX
Loading: GLH
Loading: GLN
Loading: GLU
Loading: GLY
Loading: HID
Loading: HIE
Loading: HIP
Loading: HYP
Loading: ILE
Loading: LEU
Loading: LYN
Loading: LYS
Loading: MET
Loading: PHE
Loading: PRO
Loading: SER
Loading: THR
Loading: TRP
Loading: TYR
Loading: VAL
>> loadOff aminoct12.lib
Loading library: /home/johann/miniconda3/dat/leap/lib/aminoct12.lib
Loading: CALA
Loading: CARG
Loading: CASN
Loading: CASP
Loading: CCYS
Loading: CCYX
Loading: CGLN
Loading: CGLU
Loading: CGLY
Loading: CHID
Loading: CHIE
Loading: CHIP
Loading: CHYP
Loading: CILE
Loading: CLEU
Loading: CLYS
Loading: CMET
Loading: CPHE
Loading: CPRO
Loading: CSER
Loading: CTHR
Loading: CTRP
Loading: CTYR
Loading: CVAL
Loading: NHE
Loading: NME
>> loadOff aminont12.lib
Loading library: /home/johann/miniconda3/dat/leap/lib/aminont12.lib
Loading: ACE
Loading: NALA
Loading: NARG
Loading: NASN
Loading: NASP
Loading: NCYS
Loading: NCYX
Loading: NGLN
Loading: NGLU
Loading: NGLY
Loading: NHID
Loading: NHIE
Loading: NHIP
Loading: NILE
Loading: NLEU
Loading: NLYS
Loading: NMET
Loading: NPHE
Loading: NPRO
Loading: NSER
Loading: NTHR
Loading: NTRP
Loading: NTYR
Loading: NVAL
>> 
>> #
>> #	Define the PDB name map for the amino acids
>> #
>> addPdbResMap {
>>   { 0 "HYP" "NHYP" } { 1 "HYP" "CHYP" }
>>   { 0 "ALA" "NALA" } { 1 "ALA" "CALA" }
>>   { 0 "ARG" "NARG" } { 1 "ARG" "CARG" }
>>   { 0 "ASN" "NASN" } { 1 "ASN" "CASN" }
>>   { 0 "ASP" "NASP" } { 1 "ASP" "CASP" }
>>   { 0 "CYS" "NCYS" } { 1 "CYS" "CCYS" }
>>   { 0 "CYX" "NCYX" } { 1 "CYX" "CCYX" }
>>   { 0 "GLN" "NGLN" } { 1 "GLN" "CGLN" }
>>   { 0 "GLU" "NGLU" } { 1 "GLU" "CGLU" }
>>   { 0 "GLY" "NGLY" } { 1 "GLY" "CGLY" }
>>   { 0 "HID" "NHID" } { 1 "HID" "CHID" }
>>   { 0 "HIE" "NHIE" } { 1 "HIE" "CHIE" }
>>   { 0 "HIP" "NHIP" } { 1 "HIP" "CHIP" }
>>   { 0 "ILE" "NILE" } { 1 "ILE" "CILE" }
>>   { 0 "LEU" "NLEU" } { 1 "LEU" "CLEU" }
>>   { 0 "LYS" "NLYS" } { 1 "LYS" "CLYS" }
>>   { 0 "MET" "NMET" } { 1 "MET" "CMET" }
>>   { 0 "PHE" "NPHE" } { 1 "PHE" "CPHE" }
>>   { 0 "PRO" "NPRO" } { 1 "PRO" "CPRO" }
>>   { 0 "SER" "NSER" } { 1 "SER" "CSER" }
>>   { 0 "THR" "NTHR" } { 1 "THR" "CTHR" }
>>   { 0 "TRP" "NTRP" } { 1 "TRP" "CTRP" }
>>   { 0 "TYR" "NTYR" } { 1 "TYR" "CTYR" }
>>   { 0 "VAL" "NVAL" } { 1 "VAL" "CVAL" }
>>   { 0 "HIS" "NHIS" } { 1 "HIS" "CHIS" }
>> }
>> 
>> #
>> # assume that most often proteins use HIE
>> #
>> NHIS = NHIE
>> HIS = HIE
>> CHIS = CHIE
> 
> source leaprc.gaff
----- Source: /home/johann/miniconda3/dat/leap/cmd/leaprc.gaff
----- Source of /home/johann/miniconda3/dat/leap/cmd/leaprc.gaff done
>> logFile leap.log
log started: Mon May 19 16:19:39 2025

Log file: ./leap.log
>> #
>> # ----- leaprc for loading the general Amber Force field.
>> #       This file is mostly for use with Antechamber
>> #
>> #	load atom type hybridizations
>> #
>> addAtomTypes {
>> 	{ "h1"  "H" "sp3" }
>> 	{ "h2"  "H" "sp3" }
>> 	{ "h3"  "H" "sp3" }
>> 	{ "h4"  "H" "sp3" }
>> 	{ "h5"  "H" "sp3" }
>> 	{ "ha"  "H" "sp3" }
>> 	{ "hc"  "H" "sp3" }
>> 	{ "hn"  "H" "sp3" }
>> 	{ "ho"  "H" "sp3" }
>> 	{ "hp"  "H" "sp3" }
>> 	{ "hs"  "H" "sp3" }
>> 	{ "hw"  "H" "sp3" }
>> 	{ "hx"  "H" "sp3" }
>> 	{ "o"  "O" "sp2" }
>> 	{ "o2"  "O" "sp2" }
>> 	{ "oh"  "O" "sp3" }
>> 	{ "op"  "O" "sp3" }
>> 	{ "oq"  "O" "sp3" }
>> 	{ "os"  "O" "sp3" }
>> 	{ "ow"  "O" "sp3" }
>> 	{ "c"  "C" "sp2" }
>> 	{ "c1"  "C" "sp2" }
>> 	{ "c2"  "C" "sp2" }
>> 	{ "c3"  "C" "sp3" }
>> 	{ "ca"  "C" "sp2" }
>> 	{ "cc"  "C" "sp2" }
>> 	{ "cd"  "C" "sp2" }
>> 	{ "ce"  "C" "sp2" }
>> 	{ "cf"  "C" "sp2" }
>> 	{ "cg"  "C" "sp2" }
>> 	{ "ch"  "C" "sp2" }
>> 	{ "cp"  "C" "sp2" }
>> 	{ "cq"  "C" "sp2" }
>> 	{ "cu"  "C" "sp2" }
>> 	{ "cv"  "C" "sp2" }
>> 	{ "cx"  "C" "sp2" }
>> 	{ "cy"  "C" "sp2" }
>> 	{ "cz"  "C" "sp2" }
>> 	{ "n"   "N" "sp2" }
>> 	{ "n1"  "N" "sp2" }
>> 	{ "n2"  "N" "sp2" }
>> 	{ "n3"  "N" "sp3" }
>> 	{ "n4"  "N" "sp3" }
>> 	{ "na"  "N" "sp2" }
>> 	{ "nb"  "N" "sp2" }
>> 	{ "nc"  "N" "sp2" }
>> 	{ "nd"  "N" "sp2" }
>> 	{ "ne"  "N" "sp2" }
>> 	{ "nf"  "N" "sp2" }
>> 	{ "nh"  "N" "sp2" }
>> 	{ "ni"  "N" "sp2" }
>> 	{ "nj"  "N" "sp2" }
>> 	{ "nk"  "N" "sp3" }
>> 	{ "nl"  "N" "sp3" }
>> 	{ "nm"  "N" "sp2" }
>> 	{ "nn"  "N" "sp2" }
>> 	{ "no"  "N" "sp2" }
>> 	{ "np"  "N" "sp3" }
>> 	{ "nq"  "N" "sp3" }
>> 	{ "s"   "S" "sp2" }
>> 	{ "s2"   "S" "sp2" }
>> 	{ "s3"   "S" "sp3" }
>> 	{ "s4"   "S" "sp3" }
>> 	{ "s6"   "S" "sp3" }
>> 	{ "sh"   "S" "sp3" }
>> 	{ "sp"   "S" "sp3" }
>> 	{ "sq"   "S" "sp3" }
>> 	{ "ss"   "S" "sp3" }
>> 	{ "sx"   "S" "sp3" }
>> 	{ "sy"   "S" "sp3" }
>> 	{ "p2"   "P" "sp2" }
>> 	{ "p3"   "P" "sp3" }
>> 	{ "p4"   "P" "sp3" }
>> 	{ "p5"   "P" "sp3" }
>> 	{ "pb"   "P" "sp3" }
>> 	{ "pc"   "P" "sp3" }
>> 	{ "pd"   "P" "sp3" }
>> 	{ "pe"   "P" "sp3" }
>> 	{ "pf"   "P" "sp3" }
>> 	{ "px"   "P" "sp3" }
>> 	{ "py"   "P" "sp3" }
>> 	{ "f"   "F" "sp3" }
>> 	{ "cl"  "Cl" "sp3" }
>> 	{ "br"  "Br" "sp3" }
>> 	{ "i"   "I"  "sp3" }
>> }
>> #
>> #	Load the general force field parameter set.
>> #
>> gaff = loadamberparams gaff.dat
Loading parameters: /home/johann/miniconda3/dat/leap/parm/gaff.dat
Reading title:
AMBER General Force Field for organic molecules (Version 1.81, May 2017)
> 
> set default PBradii mbondi3
Using ArgH and AspGluO modified Bondi2 radii
> loadamberparams ./3wz8/LIGAND.frcmod
Loading parameters: ./3wz8/LIGAND.frcmod
Reading force field modification type file (frcmod)
Reading title:
Remark line goes here
> LIG = loadmol2 ./3wz8/LIGAND.mol2
Loading Mol2 file: ./3wz8/LIGAND.mol2
Reading MOLECULE named IXV
> PROT = loadpdb ./3wz8/PROTEIN.pdb
Loading PDB file: ./3wz8/PROTEIN.pdb
Matching PDB residue names to LEaP variables.
  Added missing heavy atom: .R<ACE 9>.A<CH3 2>
  Added missing heavy atom: .R<NME 19>.A<C 3>
  Added missing heavy atom: .R<ACE 20>.A<CH3 2>
  Added missing heavy atom: .R<NME 27>.A<C 3>
  Added missing heavy atom: .R<ACE 28>.A<CH3 2>
  Added missing heavy atom: .R<NME 30>.A<C 3>
  Added missing heavy atom: .R<ACE 31>.A<CH3 2>
  Added missing heavy atom: .R<NME 40>.A<C 3>
  Added missing heavy atom: .R<ACE 41>.A<CH3 2>
  Added missing heavy atom: .R<NME 55>.A<C 3>
  Added missing heavy atom: .R<ACE 56>.A<CH3 2>
  Added missing heavy atom: .R<NME 58>.A<C 3>
  Added missing heavy atom: .R<ACE 59>.A<CH3 2>
  Added missing heavy atom: .R<NME 70>.A<C 3>
  Added missing heavy atom: .R<ACE 71>.A<CH3 2>
  Added missing heavy atom: .R<NME 73>.A<C 3>
  Added missing heavy atom: .R<ACE 74>.A<CH3 2>
  Added missing heavy atom: .R<NME 86>.A<C 3>
  total atoms in file: 884
  Leap added 72 missing atoms according to residue templates:
       18 Heavy
       54 H / lone pairs
> COMPLEX = combine {PROT LIG}
  Sequence: default_name
  Sequence: IXV
> saveamberparm COMPLEX ./3wz8/3wz8.top ./3wz8/3wz8.crd
Checking Unit.

/home/johann/miniconda3/bin/teLeap: Warning!
The unperturbed charge of the unit (-6.997000) is not zero.

/home/johann/miniconda3/bin/teLeap: Note.
Ignoring the warning from Unit Checking.

Building topology.
Building atom parameters.
Building bond parameters.
Building angle parameters.
Building proper torsion parameters.
Building improper torsion parameters.
 total 235 improper torsions applied
Building H-Bond parameters.
Incorporating Non-Bonded adjustments.
Not Marking per-residue atom chain types.
Marking per-residue atom chain types.
  (Residues lacking connect0/connect1 - 
   these don't have chain types marked:

	res	total affected

	IXV	1
  )
 (no restraints)
> savepdb COMPLEX ./3wz8/3wz8.pdb
Writing pdb file: ./3wz8/3wz8.pdb
 quit
	Quit

Exiting LEaP: Errors = 0; Warnings = 1; Notes = 1.
log started: Tue May 20 01:19:52 2025

Log file: ./leap.log
>> #
>> # ----- leaprc for loading the ff19SB force field
>> # ----- NOTE: this is designed for PDB format 3!
>> #
>> #	load atom type hybridizations
>> #
>> addAtomTypes {
>> 	{ "H"   "H" "sp3" }
>> 	{ "HO"  "H" "sp3" }
>> 	{ "HS"  "H" "sp3" }
>> 	{ "H1"  "H" "sp3" }
>> 	{ "H2"  "H" "sp3" }
>> 	{ "H3"  "H" "sp3" }
>> 	{ "H4"  "H" "sp3" }
>> 	{ "H5"  "H" "sp3" }
>> 	{ "HW"  "H" "sp3" }
>> 	{ "HC"  "H" "sp3" }
>> 	{ "HA"  "H" "sp3" }
>> 	{ "HP"  "H" "sp3" }
>> 	{ "HZ"  "H" "sp3" }
>> 	{ "OH"  "O" "sp3" }
>> 	{ "OS"  "O" "sp3" }
>> 	{ "O"   "O" "sp2" }
>> 	{ "O2"  "O" "sp2" }
>> 	{ "OP"  "O" "sp2" }
>> 	{ "OW"  "O" "sp3" }
>> 	{ "CT"  "C" "sp3" }
>> 	{ "CX"  "C" "sp3" }
>> 	{ "XC"  "C" "sp3" }
>> 	{ "C8"  "C" "sp3" }
>> 	{ "2C"  "C" "sp3" }
>> 	{ "3C"  "C" "sp3" }
>> 	{ "CH"  "C" "sp3" }
>> 	{ "CS"  "C" "sp2" }
>> 	{ "C"   "C" "sp2" }
>> 	{ "CO"   "C" "sp2" }
>> 	{ "C*"  "C" "sp2" }
>> 	{ "CA"  "C" "sp2" }
>> 	{ "CB"  "C" "sp2" }
>> 	{ "CC"  "C" "sp2" }
>> 	{ "CN"  "C" "sp2" }
>> 	{ "CM"  "C" "sp2" }
>> 	{ "CK"  "C" "sp2" }
>> 	{ "CQ"  "C" "sp2" }
>> 	{ "CD"  "C" "sp2" }
>> 	{ "C5"  "C" "sp2" }
>> 	{ "C4"  "C" "sp2" }
>> 	{ "CP"  "C" "sp2" }
>> 	{ "CI"  "C" "sp3" }
>> 	{ "CJ"  "C" "sp2" }
>> 	{ "CW"  "C" "sp2" }
>> 	{ "CV"  "C" "sp2" }
>> 	{ "CR"  "C" "sp2" }
>> 	{ "CA"  "C" "sp2" }
>> 	{ "CY"  "C" "sp2" }
>> 	{ "C0"  "Ca" "sp3" }
>> 	{ "MG"  "Mg" "sp3" }
>> 	{ "N"   "N" "sp2" }
>> 	{ "NA"  "N" "sp2" }
>> 	{ "N2"  "N" "sp2" }
>> 	{ "N*"  "N" "sp2" }
>> 	{ "NP"  "N" "sp2" }
>> 	{ "NQ"  "N" "sp2" }
>> 	{ "NB"  "N" "sp2" }
>> 	{ "NC"  "N" "sp2" }
>> 	{ "NT"  "N" "sp3" }
>> 	{ "NY"  "N" "sp2" }
>> 	{ "N3"  "N" "sp3" }
>> 	{ "S"   "S" "sp3" }
>> 	{ "SH"  "S" "sp3" }
>> 	{ "P"   "P" "sp3" }
>> 	{ "LP"  ""  "sp3" }
>> 	{ "EP"  ""  "sp3" }
>> 	{ "F"   "F" "sp3" }
>> 	{ "Cl"  "Cl" "sp3" }
>> 	{ "Br"  "Br" "sp3" }
>> 	{ "I"   "I"  "sp3" }
>> }
>> #
>> #	Load the main parameter set.
>> #
>> set default cmap on
>> parm19 = loadamberparams parm19.dat
Loading parameters: /home/johann/miniconda3/dat/leap/parm/parm19.dat
Reading title:
PARM99 + frcmod.ff99SB + frcmod.parmbsc0 + OL3 for RNA + ff19SB
(UNKNOWN ATOM TYPE: Zn)
(UNKNOWN ATOM TYPE: EP)
>> frcmod19SB = loadamberparams frcmod.ff19SB
Loading parameters: /home/johann/miniconda3/dat/leap/parm/frcmod.ff19SB
Reading force field modification type file (frcmod)
Reading title:
ff19SB AA-specific backbone CMAPs for protein 07/25/2019
>> #
>> #	Load main chain and terminating amino acid libraries
>> #
>> loadOff amino19.lib
Loading library: /home/johann/miniconda3/dat/leap/lib/amino19.lib
Loading: ALA
Loading: ARG
Loading: ASH
Loading: ASN
Loading: ASP
Loading: CYM
Loading: CYS
Loading: CYX
Loading: GLH
Loading: GLN
Loading: GLU
Loading: GLY
Loading: HID
Loading: HIE
Loading: HIP
Loading: HYP
Loading: ILE
Loading: LEU
Loading: LYN
Loading: LYS
Loading: MET
Loading: PHE
Loading: PRO
Loading: SER
Loading: THR
Loading: TRP
Loading: TYR
Loading: VAL
>> loadOff aminoct12.lib
Loading library: /home/johann/miniconda3/dat/leap/lib/aminoct12.lib
Loading: CALA
Loading: CARG
Loading: CASN
Loading: CASP
Loading: CCYS
Loading: CCYX
Loading: CGLN
Loading: CGLU
Loading: CGLY
Loading: CHID
Loading: CHIE
Loading: CHIP
Loading: CHYP
Loading: CILE
Loading: CLEU
Loading: CLYS
Loading: CMET
Loading: CPHE
Loading: CPRO
Loading: CSER
Loading: CTHR
Loading: CTRP
Loading: CTYR
Loading: CVAL
Loading: NHE
Loading: NME
>> loadOff aminont12.lib
Loading library: /home/johann/miniconda3/dat/leap/lib/aminont12.lib
Loading: ACE
Loading: NALA
Loading: NARG
Loading: NASN
Loading: NASP
Loading: NCYS
Loading: NCYX
Loading: NGLN
Loading: NGLU
Loading: NGLY
Loading: NHID
Loading: NHIE
Loading: NHIP
Loading: NILE
Loading: NLEU
Loading: NLYS
Loading: NMET
Loading: NPHE
Loading: NPRO
Loading: NSER
Loading: NTHR
Loading: NTRP
Loading: NTYR
Loading: NVAL
>> 
>> #
>> #	Define the PDB name map for the amino acids
>> #
>> addPdbResMap {
>>   { 0 "HYP" "NHYP" } { 1 "HYP" "CHYP" }
>>   { 0 "ALA" "NALA" } { 1 "ALA" "CALA" }
>>   { 0 "ARG" "NARG" } { 1 "ARG" "CARG" }
>>   { 0 "ASN" "NASN" } { 1 "ASN" "CASN" }
>>   { 0 "ASP" "NASP" } { 1 "ASP" "CASP" }
>>   { 0 "CYS" "NCYS" } { 1 "CYS" "CCYS" }
>>   { 0 "CYX" "NCYX" } { 1 "CYX" "CCYX" }
>>   { 0 "GLN" "NGLN" } { 1 "GLN" "CGLN" }
>>   { 0 "GLU" "NGLU" } { 1 "GLU" "CGLU" }
>>   { 0 "GLY" "NGLY" } { 1 "GLY" "CGLY" }
>>   { 0 "HID" "NHID" } { 1 "HID" "CHID" }
>>   { 0 "HIE" "NHIE" } { 1 "HIE" "CHIE" }
>>   { 0 "HIP" "NHIP" } { 1 "HIP" "CHIP" }
>>   { 0 "ILE" "NILE" } { 1 "ILE" "CILE" }
>>   { 0 "LEU" "NLEU" } { 1 "LEU" "CLEU" }
>>   { 0 "LYS" "NLYS" } { 1 "LYS" "CLYS" }
>>   { 0 "MET" "NMET" } { 1 "MET" "CMET" }
>>   { 0 "PHE" "NPHE" } { 1 "PHE" "CPHE" }
>>   { 0 "PRO" "NPRO" } { 1 "PRO" "CPRO" }
>>   { 0 "SER" "NSER" } { 1 "SER" "CSER" }
>>   { 0 "THR" "NTHR" } { 1 "THR" "CTHR" }
>>   { 0 "TRP" "NTRP" } { 1 "TRP" "CTRP" }
>>   { 0 "TYR" "NTYR" } { 1 "TYR" "CTYR" }
>>   { 0 "VAL" "NVAL" } { 1 "VAL" "CVAL" }
>>   { 0 "HIS" "NHIS" } { 1 "HIS" "CHIS" }
>> }
>> 
>> #
>> # assume that most often proteins use HIE
>> #
>> NHIS = NHIE
>> HIS = HIE
>> CHIS = CHIE
> 
> source leaprc.gaff
----- Source: /home/johann/miniconda3/dat/leap/cmd/leaprc.gaff
----- Source of /home/johann/miniconda3/dat/leap/cmd/leaprc.gaff done
>> logFile leap.log
log started: Tue May 20 01:19:53 2025

Log file: ./leap.log
>> #
>> # ----- leaprc for loading the general Amber Force field.
>> #       This file is mostly for use with Antechamber
>> #
>> #	load atom type hybridizations
>> #
>> addAtomTypes {
>> 	{ "h1"  "H" "sp3" }
>> 	{ "h2"  "H" "sp3" }
>> 	{ "h3"  "H" "sp3" }
>> 	{ "h4"  "H" "sp3" }
>> 	{ "h5"  "H" "sp3" }
>> 	{ "ha"  "H" "sp3" }
>> 	{ "hc"  "H" "sp3" }
>> 	{ "hn"  "H" "sp3" }
>> 	{ "ho"  "H" "sp3" }
>> 	{ "hp"  "H" "sp3" }
>> 	{ "hs"  "H" "sp3" }
>> 	{ "hw"  "H" "sp3" }
>> 	{ "hx"  "H" "sp3" }
>> 	{ "o"  "O" "sp2" }
>> 	{ "o2"  "O" "sp2" }
>> 	{ "oh"  "O" "sp3" }
>> 	{ "op"  "O" "sp3" }
>> 	{ "oq"  "O" "sp3" }
>> 	{ "os"  "O" "sp3" }
>> 	{ "ow"  "O" "sp3" }
>> 	{ "c"  "C" "sp2" }
>> 	{ "c1"  "C" "sp2" }
>> 	{ "c2"  "C" "sp2" }
>> 	{ "c3"  "C" "sp3" }
>> 	{ "ca"  "C" "sp2" }
>> 	{ "cc"  "C" "sp2" }
>> 	{ "cd"  "C" "sp2" }
>> 	{ "ce"  "C" "sp2" }
>> 	{ "cf"  "C" "sp2" }
>> 	{ "cg"  "C" "sp2" }
>> 	{ "ch"  "C" "sp2" }
>> 	{ "cp"  "C" "sp2" }
>> 	{ "cq"  "C" "sp2" }
>> 	{ "cu"  "C" "sp2" }
>> 	{ "cv"  "C" "sp2" }
>> 	{ "cx"  "C" "sp2" }
>> 	{ "cy"  "C" "sp2" }
>> 	{ "cz"  "C" "sp2" }
>> 	{ "n"   "N" "sp2" }
>> 	{ "n1"  "N" "sp2" }
>> 	{ "n2"  "N" "sp2" }
>> 	{ "n3"  "N" "sp3" }
>> 	{ "n4"  "N" "sp3" }
>> 	{ "na"  "N" "sp2" }
>> 	{ "nb"  "N" "sp2" }
>> 	{ "nc"  "N" "sp2" }
>> 	{ "nd"  "N" "sp2" }
>> 	{ "ne"  "N" "sp2" }
>> 	{ "nf"  "N" "sp2" }
>> 	{ "nh"  "N" "sp2" }
>> 	{ "ni"  "N" "sp2" }
>> 	{ "nj"  "N" "sp2" }
>> 	{ "nk"  "N" "sp3" }
>> 	{ "nl"  "N" "sp3" }
>> 	{ "nm"  "N" "sp2" }
>> 	{ "nn"  "N" "sp2" }
>> 	{ "no"  "N" "sp2" }
>> 	{ "np"  "N" "sp3" }
>> 	{ "nq"  "N" "sp3" }
>> 	{ "s"   "S" "sp2" }
>> 	{ "s2"   "S" "sp2" }
>> 	{ "s3"   "S" "sp3" }
>> 	{ "s4"   "S" "sp3" }
>> 	{ "s6"   "S" "sp3" }
>> 	{ "sh"   "S" "sp3" }
>> 	{ "sp"   "S" "sp3" }
>> 	{ "sq"   "S" "sp3" }
>> 	{ "ss"   "S" "sp3" }
>> 	{ "sx"   "S" "sp3" }
>> 	{ "sy"   "S" "sp3" }
>> 	{ "p2"   "P" "sp2" }
>> 	{ "p3"   "P" "sp3" }
>> 	{ "p4"   "P" "sp3" }
>> 	{ "p5"   "P" "sp3" }
>> 	{ "pb"   "P" "sp3" }
>> 	{ "pc"   "P" "sp3" }
>> 	{ "pd"   "P" "sp3" }
>> 	{ "pe"   "P" "sp3" }
>> 	{ "pf"   "P" "sp3" }
>> 	{ "px"   "P" "sp3" }
>> 	{ "py"   "P" "sp3" }
>> 	{ "f"   "F" "sp3" }
>> 	{ "cl"  "Cl" "sp3" }
>> 	{ "br"  "Br" "sp3" }
>> 	{ "i"   "I"  "sp3" }
>> }
>> #
>> #	Load the general force field parameter set.
>> #
>> gaff = loadamberparams gaff.dat
Loading parameters: /home/johann/miniconda3/dat/leap/parm/gaff.dat
Reading title:
AMBER General Force Field for organic molecules (Version 1.81, May 2017)
> 
> set default PBradii mbondi3
Using ArgH and AspGluO modified Bondi2 radii
> loadamberparams ./4gid/LIGAND.frcmod
Loading parameters: ./4gid/LIGAND.frcmod
Reading force field modification type file (frcmod)
Reading title:
Remark line goes here
> LIG = loadmol2 ./4gid/LIGAND.mol2
Loading Mol2 file: ./4gid/LIGAND.mol2
Reading MOLECULE named 0GH
> PROT = loadpdb ./4gid/PROTEIN.pdb
Loading PDB file: ./4gid/PROTEIN.pdb
Matching PDB residue names to LEaP variables.
  Added missing heavy atom: .R<ACE 10>.A<CH3 2>
  Added missing heavy atom: .R<NME 18>.A<C 3>
  Added missing heavy atom: .R<ACE 19>.A<CH3 2>
  Added missing heavy atom: .R<NME 28>.A<C 3>
  Added missing heavy atom: .R<ACE 29>.A<CH3 2>
  Added missing heavy atom: .R<NME 39>.A<C 3>
  Added missing heavy atom: .R<ACE 40>.A<CH3 2>
  Added missing heavy atom: .R<NME 46>.A<C 3>
  Added missing heavy atom: .R<ACE 47>.A<CH3 2>
  Added missing heavy atom: .R<NME 59>.A<C 3>
  Added missing heavy atom: .R<ACE 60>.A<CH3 2>
  Added missing heavy atom: .R<NME 64>.A<C 3>
  Added missing heavy atom: .R<ACE 65>.A<CH3 2>
  Added missing heavy atom: .R<NME 67>.A<C 3>
  Added missing heavy atom: .R<ACE 68>.A<CH3 2>
  Added missing heavy atom: .R<NME 71>.A<C 3>
  Added missing heavy atom: .R<ACE 72>.A<CH3 2>
  Added missing heavy atom: .R<NME 85>.A<C 3>
  Added missing heavy atom: .R<ACE 86>.A<CH3 2>
  Added missing heavy atom: .R<NME 88>.A<C 3>
  Added missing heavy atom: .R<ACE 89>.A<CH3 2>
  Added missing heavy atom: .R<NME 91>.A<C 3>
  Added missing heavy atom: .R<ACE 92>.A<CH3 2>
  Added missing heavy atom: .R<NME 112>.A<C 3>
  total atoms in file: 1275
  Leap added 98 missing atoms according to residue templates:
       24 Heavy
       74 H / lone pairs
> COMPLEX = combine {PROT LIG}
  Sequence: default_name
  Sequence: 0GH
> saveamberparm COMPLEX ./4gid/4gid.top ./4gid/4gid.crd
Checking Unit.

/home/johann/miniconda3/bin/teLeap: Warning!
The unperturbed charge of the unit (4.001994) is not zero.

/home/johann/miniconda3/bin/teLeap: Note.
Ignoring the warning from Unit Checking.

Building topology.
Building atom parameters.
Building bond parameters.
Building angle parameters.
Building proper torsion parameters.
Building improper torsion parameters.
 total 317 improper torsions applied
Building H-Bond parameters.
Incorporating Non-Bonded adjustments.
Not Marking per-residue atom chain types.
Marking per-residue atom chain types.
  (Residues lacking connect0/connect1 - 
   these don't have chain types marked:

	res	total affected

	0GH	1
  )
 (no restraints)
> savepdb COMPLEX ./4gid/4gid.pdb
Writing pdb file: ./4gid/4gid.pdb
 quit
	Quit

Exiting LEaP: Errors = 0; Warnings = 1; Notes = 1.
log started: Tue May 20 01:23:40 2025

Log file: ./leap.log
>> #
>> # ----- leaprc for loading the ff19SB force field
>> # ----- NOTE: this is designed for PDB format 3!
>> #
>> #	load atom type hybridizations
>> #
>> addAtomTypes {
>> 	{ "H"   "H" "sp3" }
>> 	{ "HO"  "H" "sp3" }
>> 	{ "HS"  "H" "sp3" }
>> 	{ "H1"  "H" "sp3" }
>> 	{ "H2"  "H" "sp3" }
>> 	{ "H3"  "H" "sp3" }
>> 	{ "H4"  "H" "sp3" }
>> 	{ "H5"  "H" "sp3" }
>> 	{ "HW"  "H" "sp3" }
>> 	{ "HC"  "H" "sp3" }
>> 	{ "HA"  "H" "sp3" }
>> 	{ "HP"  "H" "sp3" }
>> 	{ "HZ"  "H" "sp3" }
>> 	{ "OH"  "O" "sp3" }
>> 	{ "OS"  "O" "sp3" }
>> 	{ "O"   "O" "sp2" }
>> 	{ "O2"  "O" "sp2" }
>> 	{ "OP"  "O" "sp2" }
>> 	{ "OW"  "O" "sp3" }
>> 	{ "CT"  "C" "sp3" }
>> 	{ "CX"  "C" "sp3" }
>> 	{ "XC"  "C" "sp3" }
>> 	{ "C8"  "C" "sp3" }
>> 	{ "2C"  "C" "sp3" }
>> 	{ "3C"  "C" "sp3" }
>> 	{ "CH"  "C" "sp3" }
>> 	{ "CS"  "C" "sp2" }
>> 	{ "C"   "C" "sp2" }
>> 	{ "CO"   "C" "sp2" }
>> 	{ "C*"  "C" "sp2" }
>> 	{ "CA"  "C" "sp2" }
>> 	{ "CB"  "C" "sp2" }
>> 	{ "CC"  "C" "sp2" }
>> 	{ "CN"  "C" "sp2" }
>> 	{ "CM"  "C" "sp2" }
>> 	{ "CK"  "C" "sp2" }
>> 	{ "CQ"  "C" "sp2" }
>> 	{ "CD"  "C" "sp2" }
>> 	{ "C5"  "C" "sp2" }
>> 	{ "C4"  "C" "sp2" }
>> 	{ "CP"  "C" "sp2" }
>> 	{ "CI"  "C" "sp3" }
>> 	{ "CJ"  "C" "sp2" }
>> 	{ "CW"  "C" "sp2" }
>> 	{ "CV"  "C" "sp2" }
>> 	{ "CR"  "C" "sp2" }
>> 	{ "CA"  "C" "sp2" }
>> 	{ "CY"  "C" "sp2" }
>> 	{ "C0"  "Ca" "sp3" }
>> 	{ "MG"  "Mg" "sp3" }
>> 	{ "N"   "N" "sp2" }
>> 	{ "NA"  "N" "sp2" }
>> 	{ "N2"  "N" "sp2" }
>> 	{ "N*"  "N" "sp2" }
>> 	{ "NP"  "N" "sp2" }
>> 	{ "NQ"  "N" "sp2" }
>> 	{ "NB"  "N" "sp2" }
>> 	{ "NC"  "N" "sp2" }
>> 	{ "NT"  "N" "sp3" }
>> 	{ "NY"  "N" "sp2" }
>> 	{ "N3"  "N" "sp3" }
>> 	{ "S"   "S" "sp3" }
>> 	{ "SH"  "S" "sp3" }
>> 	{ "P"   "P" "sp3" }
>> 	{ "LP"  ""  "sp3" }
>> 	{ "EP"  ""  "sp3" }
>> 	{ "F"   "F" "sp3" }
>> 	{ "Cl"  "Cl" "sp3" }
>> 	{ "Br"  "Br" "sp3" }
>> 	{ "I"   "I"  "sp3" }
>> }
>> #
>> #	Load the main parameter set.
>> #
>> set default cmap on
>> parm19 = loadamberparams parm19.dat
Loading parameters: /home/johann/miniconda3/dat/leap/parm/parm19.dat
Reading title:
PARM99 + frcmod.ff99SB + frcmod.parmbsc0 + OL3 for RNA + ff19SB
(UNKNOWN ATOM TYPE: Zn)
(UNKNOWN ATOM TYPE: EP)
>> frcmod19SB = loadamberparams frcmod.ff19SB
Loading parameters: /home/johann/miniconda3/dat/leap/parm/frcmod.ff19SB
Reading force field modification type file (frcmod)
Reading title:
ff19SB AA-specific backbone CMAPs for protein 07/25/2019
>> #
>> #	Load main chain and terminating amino acid libraries
>> #
>> loadOff amino19.lib
Loading library: /home/johann/miniconda3/dat/leap/lib/amino19.lib
Loading: ALA
Loading: ARG
Loading: ASH
Loading: ASN
Loading: ASP
Loading: CYM
Loading: CYS
Loading: CYX
Loading: GLH
Loading: GLN
Loading: GLU
Loading: GLY
Loading: HID
Loading: HIE
Loading: HIP
Loading: HYP
Loading: ILE
Loading: LEU
Loading: LYN
Loading: LYS
Loading: MET
Loading: PHE
Loading: PRO
Loading: SER
Loading: THR
Loading: TRP
Loading: TYR
Loading: VAL
>> loadOff aminoct12.lib
Loading library: /home/johann/miniconda3/dat/leap/lib/aminoct12.lib
Loading: CALA
Loading: CARG
Loading: CASN
Loading: CASP
Loading: CCYS
Loading: CCYX
Loading: CGLN
Loading: CGLU
Loading: CGLY
Loading: CHID
Loading: CHIE
Loading: CHIP
Loading: CHYP
Loading: CILE
Loading: CLEU
Loading: CLYS
Loading: CMET
Loading: CPHE
Loading: CPRO
Loading: CSER
Loading: CTHR
Loading: CTRP
Loading: CTYR
Loading: CVAL
Loading: NHE
Loading: NME
>> loadOff aminont12.lib
Loading library: /home/johann/miniconda3/dat/leap/lib/aminont12.lib
Loading: ACE
Loading: NALA
Loading: NARG
Loading: NASN
Loading: NASP
Loading: NCYS
Loading: NCYX
Loading: NGLN
Loading: NGLU
Loading: NGLY
Loading: NHID
Loading: NHIE
Loading: NHIP
Loading: NILE
Loading: NLEU
Loading: NLYS
Loading: NMET
Loading: NPHE
Loading: NPRO
Loading: NSER
Loading: NTHR
Loading: NTRP
Loading: NTYR
Loading: NVAL
>> 
>> #
>> #	Define the PDB name map for the amino acids
>> #
>> addPdbResMap {
>>   { 0 "HYP" "NHYP" } { 1 "HYP" "CHYP" }
>>   { 0 "ALA" "NALA" } { 1 "ALA" "CALA" }
>>   { 0 "ARG" "NARG" } { 1 "ARG" "CARG" }
>>   { 0 "ASN" "NASN" } { 1 "ASN" "CASN" }
>>   { 0 "ASP" "NASP" } { 1 "ASP" "CASP" }
>>   { 0 "CYS" "NCYS" } { 1 "CYS" "CCYS" }
>>   { 0 "CYX" "NCYX" } { 1 "CYX" "CCYX" }
>>   { 0 "GLN" "NGLN" } { 1 "GLN" "CGLN" }
>>   { 0 "GLU" "NGLU" } { 1 "GLU" "CGLU" }
>>   { 0 "GLY" "NGLY" } { 1 "GLY" "CGLY" }
>>   { 0 "HID" "NHID" } { 1 "HID" "CHID" }
>>   { 0 "HIE" "NHIE" } { 1 "HIE" "CHIE" }
>>   { 0 "HIP" "NHIP" } { 1 "HIP" "CHIP" }
>>   { 0 "ILE" "NILE" } { 1 "ILE" "CILE" }
>>   { 0 "LEU" "NLEU" } { 1 "LEU" "CLEU" }
>>   { 0 "LYS" "NLYS" } { 1 "LYS" "CLYS" }
>>   { 0 "MET" "NMET" } { 1 "MET" "CMET" }
>>   { 0 "PHE" "NPHE" } { 1 "PHE" "CPHE" }
>>   { 0 "PRO" "NPRO" } { 1 "PRO" "CPRO" }
>>   { 0 "SER" "NSER" } { 1 "SER" "CSER" }
>>   { 0 "THR" "NTHR" } { 1 "THR" "CTHR" }
>>   { 0 "TRP" "NTRP" } { 1 "TRP" "CTRP" }
>>   { 0 "TYR" "NTYR" } { 1 "TYR" "CTYR" }
>>   { 0 "VAL" "NVAL" } { 1 "VAL" "CVAL" }
>>   { 0 "HIS" "NHIS" } { 1 "HIS" "CHIS" }
>> }
>> 
>> #
>> # assume that most often proteins use HIE
>> #
>> NHIS = NHIE
>> HIS = HIE
>> CHIS = CHIE
> 
> source leaprc.gaff
----- Source: /home/johann/miniconda3/dat/leap/cmd/leaprc.gaff
----- Source of /home/johann/miniconda3/dat/leap/cmd/leaprc.gaff done
>> logFile leap.log
log started: Tue May 20 01:23:40 2025

Log file: ./leap.log
>> #
>> # ----- leaprc for loading the general Amber Force field.
>> #       This file is mostly for use with Antechamber
>> #
>> #	load atom type hybridizations
>> #
>> addAtomTypes {
>> 	{ "h1"  "H" "sp3" }
>> 	{ "h2"  "H" "sp3" }
>> 	{ "h3"  "H" "sp3" }
>> 	{ "h4"  "H" "sp3" }
>> 	{ "h5"  "H" "sp3" }
>> 	{ "ha"  "H" "sp3" }
>> 	{ "hc"  "H" "sp3" }
>> 	{ "hn"  "H" "sp3" }
>> 	{ "ho"  "H" "sp3" }
>> 	{ "hp"  "H" "sp3" }
>> 	{ "hs"  "H" "sp3" }
>> 	{ "hw"  "H" "sp3" }
>> 	{ "hx"  "H" "sp3" }
>> 	{ "o"  "O" "sp2" }
>> 	{ "o2"  "O" "sp2" }
>> 	{ "oh"  "O" "sp3" }
>> 	{ "op"  "O" "sp3" }
>> 	{ "oq"  "O" "sp3" }
>> 	{ "os"  "O" "sp3" }
>> 	{ "ow"  "O" "sp3" }
>> 	{ "c"  "C" "sp2" }
>> 	{ "c1"  "C" "sp2" }
>> 	{ "c2"  "C" "sp2" }
>> 	{ "c3"  "C" "sp3" }
>> 	{ "ca"  "C" "sp2" }
>> 	{ "cc"  "C" "sp2" }
>> 	{ "cd"  "C" "sp2" }
>> 	{ "ce"  "C" "sp2" }
>> 	{ "cf"  "C" "sp2" }
>> 	{ "cg"  "C" "sp2" }
>> 	{ "ch"  "C" "sp2" }
>> 	{ "cp"  "C" "sp2" }
>> 	{ "cq"  "C" "sp2" }
>> 	{ "cu"  "C" "sp2" }
>> 	{ "cv"  "C" "sp2" }
>> 	{ "cx"  "C" "sp2" }
>> 	{ "cy"  "C" "sp2" }
>> 	{ "cz"  "C" "sp2" }
>> 	{ "n"   "N" "sp2" }
>> 	{ "n1"  "N" "sp2" }
>> 	{ "n2"  "N" "sp2" }
>> 	{ "n3"  "N" "sp3" }
>> 	{ "n4"  "N" "sp3" }
>> 	{ "na"  "N" "sp2" }
>> 	{ "nb"  "N" "sp2" }
>> 	{ "nc"  "N" "sp2" }
>> 	{ "nd"  "N" "sp2" }
>> 	{ "ne"  "N" "sp2" }
>> 	{ "nf"  "N" "sp2" }
>> 	{ "nh"  "N" "sp2" }
>> 	{ "ni"  "N" "sp2" }
>> 	{ "nj"  "N" "sp2" }
>> 	{ "nk"  "N" "sp3" }
>> 	{ "nl"  "N" "sp3" }
>> 	{ "nm"  "N" "sp2" }
>> 	{ "nn"  "N" "sp2" }
>> 	{ "no"  "N" "sp2" }
>> 	{ "np"  "N" "sp3" }
>> 	{ "nq"  "N" "sp3" }
>> 	{ "s"   "S" "sp2" }
>> 	{ "s2"   "S" "sp2" }
>> 	{ "s3"   "S" "sp3" }
>> 	{ "s4"   "S" "sp3" }
>> 	{ "s6"   "S" "sp3" }
>> 	{ "sh"   "S" "sp3" }
>> 	{ "sp"   "S" "sp3" }
>> 	{ "sq"   "S" "sp3" }
>> 	{ "ss"   "S" "sp3" }
>> 	{ "sx"   "S" "sp3" }
>> 	{ "sy"   "S" "sp3" }
>> 	{ "p2"   "P" "sp2" }
>> 	{ "p3"   "P" "sp3" }
>> 	{ "p4"   "P" "sp3" }
>> 	{ "p5"   "P" "sp3" }
>> 	{ "pb"   "P" "sp3" }
>> 	{ "pc"   "P" "sp3" }
>> 	{ "pd"   "P" "sp3" }
>> 	{ "pe"   "P" "sp3" }
>> 	{ "pf"   "P" "sp3" }
>> 	{ "px"   "P" "sp3" }
>> 	{ "py"   "P" "sp3" }
>> 	{ "f"   "F" "sp3" }
>> 	{ "cl"  "Cl" "sp3" }
>> 	{ "br"  "Br" "sp3" }
>> 	{ "i"   "I"  "sp3" }
>> }
>> #
>> #	Load the general force field parameter set.
>> #
>> gaff = loadamberparams gaff.dat
Loading parameters: /home/johann/miniconda3/dat/leap/parm/gaff.dat
Reading title:
AMBER General Force Field for organic molecules (Version 1.81, May 2017)
> 
> set default PBradii mbondi3
Using ArgH and AspGluO modified Bondi2 radii
> loadamberparams ./4mre/LIGAND.frcmod
Loading parameters: ./4mre/LIGAND.frcmod
Reading force field modification type file (frcmod)
Reading title:
Remark line goes here
> LIG = loadmol2 ./4mre/LIGAND.mol2
Loading Mol2 file: ./4mre/LIGAND.mol2
Reading MOLECULE named 2C9
> PROT = loadpdb ./4mre/PROTEIN.pdb
Loading PDB file: ./4mre/PROTEIN.pdb
Matching PDB residue names to LEaP variables.
  Added missing heavy atom: .R<ACE 3>.A<CH3 2>
  Added missing heavy atom: .R<NME 10>.A<C 3>
  Added missing heavy atom: .R<ACE 11>.A<CH3 2>
  Added missing heavy atom: .R<NME 16>.A<C 3>
  Added missing heavy atom: .R<ACE 17>.A<CH3 2>
  Added missing heavy atom: .R<NME 20>.A<C 3>
  Added missing heavy atom: .R<ACE 21>.A<CH3 2>
  Added missing heavy atom: .R<NME 27>.A<C 3>
  Added missing heavy atom: .R<ACE 28>.A<CH3 2>
  Added missing heavy atom: .R<NME 30>.A<C 3>
  Added missing heavy atom: .R<ACE 31>.A<CH3 2>
  Added missing heavy atom: .R<NME 40>.A<C 3>
  total atoms in file: 434
  Leap added 48 missing atoms according to residue templates:
       12 Heavy
       36 H / lone pairs
> COMPLEX = combine {PROT LIG}
  Sequence: default_name
  Sequence: 2C9
> saveamberparm COMPLEX ./4mre/4mre.top ./4mre/4mre.crd
Checking Unit.
Building topology.
Building atom parameters.
Building bond parameters.
Building angle parameters.
Building proper torsion parameters.
Building improper torsion parameters.
 total 114 improper torsions applied
Building H-Bond parameters.
Incorporating Non-Bonded adjustments.
Not Marking per-residue atom chain types.
Marking per-residue atom chain types.
  (Residues lacking connect0/connect1 - 
   these don't have chain types marked:

	res	total affected

	2C9	1
  )
 (no restraints)
> savepdb COMPLEX ./4mre/4mre.pdb
Writing pdb file: ./4mre/4mre.pdb
 quit
	Quit

Exiting LEaP: Errors = 0; Warnings = 0; Notes = 0.
log started: Tue May 20 01:47:36 2025

Log file: ./leap.log
>> #
>> # ----- leaprc for loading the ff19SB force field
>> # ----- NOTE: this is designed for PDB format 3!
>> #
>> #	load atom type hybridizations
>> #
>> addAtomTypes {
>> 	{ "H"   "H" "sp3" }
>> 	{ "HO"  "H" "sp3" }
>> 	{ "HS"  "H" "sp3" }
>> 	{ "H1"  "H" "sp3" }
>> 	{ "H2"  "H" "sp3" }
>> 	{ "H3"  "H" "sp3" }
>> 	{ "H4"  "H" "sp3" }
>> 	{ "H5"  "H" "sp3" }
>> 	{ "HW"  "H" "sp3" }
>> 	{ "HC"  "H" "sp3" }
>> 	{ "HA"  "H" "sp3" }
>> 	{ "HP"  "H" "sp3" }
>> 	{ "HZ"  "H" "sp3" }
>> 	{ "OH"  "O" "sp3" }
>> 	{ "OS"  "O" "sp3" }
>> 	{ "O"   "O" "sp2" }
>> 	{ "O2"  "O" "sp2" }
>> 	{ "OP"  "O" "sp2" }
>> 	{ "OW"  "O" "sp3" }
>> 	{ "CT"  "C" "sp3" }
>> 	{ "CX"  "C" "sp3" }
>> 	{ "XC"  "C" "sp3" }
>> 	{ "C8"  "C" "sp3" }
>> 	{ "2C"  "C" "sp3" }
>> 	{ "3C"  "C" "sp3" }
>> 	{ "CH"  "C" "sp3" }
>> 	{ "CS"  "C" "sp2" }
>> 	{ "C"   "C" "sp2" }
>> 	{ "CO"   "C" "sp2" }
>> 	{ "C*"  "C" "sp2" }
>> 	{ "CA"  "C" "sp2" }
>> 	{ "CB"  "C" "sp2" }
>> 	{ "CC"  "C" "sp2" }
>> 	{ "CN"  "C" "sp2" }
>> 	{ "CM"  "C" "sp2" }
>> 	{ "CK"  "C" "sp2" }
>> 	{ "CQ"  "C" "sp2" }
>> 	{ "CD"  "C" "sp2" }
>> 	{ "C5"  "C" "sp2" }
>> 	{ "C4"  "C" "sp2" }
>> 	{ "CP"  "C" "sp2" }
>> 	{ "CI"  "C" "sp3" }
>> 	{ "CJ"  "C" "sp2" }
>> 	{ "CW"  "C" "sp2" }
>> 	{ "CV"  "C" "sp2" }
>> 	{ "CR"  "C" "sp2" }
>> 	{ "CA"  "C" "sp2" }
>> 	{ "CY"  "C" "sp2" }
>> 	{ "C0"  "Ca" "sp3" }
>> 	{ "MG"  "Mg" "sp3" }
>> 	{ "N"   "N" "sp2" }
>> 	{ "NA"  "N" "sp2" }
>> 	{ "N2"  "N" "sp2" }
>> 	{ "N*"  "N" "sp2" }
>> 	{ "NP"  "N" "sp2" }
>> 	{ "NQ"  "N" "sp2" }
>> 	{ "NB"  "N" "sp2" }
>> 	{ "NC"  "N" "sp2" }
>> 	{ "NT"  "N" "sp3" }
>> 	{ "NY"  "N" "sp2" }
>> 	{ "N3"  "N" "sp3" }
>> 	{ "S"   "S" "sp3" }
>> 	{ "SH"  "S" "sp3" }
>> 	{ "P"   "P" "sp3" }
>> 	{ "LP"  ""  "sp3" }
>> 	{ "EP"  ""  "sp3" }
>> 	{ "F"   "F" "sp3" }
>> 	{ "Cl"  "Cl" "sp3" }
>> 	{ "Br"  "Br" "sp3" }
>> 	{ "I"   "I"  "sp3" }
>> }
>> #
>> #	Load the main parameter set.
>> #
>> set default cmap on
>> parm19 = loadamberparams parm19.dat
Loading parameters: /home/johann/miniconda3/dat/leap/parm/parm19.dat
Reading title:
PARM99 + frcmod.ff99SB + frcmod.parmbsc0 + OL3 for RNA + ff19SB
(UNKNOWN ATOM TYPE: Zn)
(UNKNOWN ATOM TYPE: EP)
>> frcmod19SB = loadamberparams frcmod.ff19SB
Loading parameters: /home/johann/miniconda3/dat/leap/parm/frcmod.ff19SB
Reading force field modification type file (frcmod)
Reading title:
ff19SB AA-specific backbone CMAPs for protein 07/25/2019
>> #
>> #	Load main chain and terminating amino acid libraries
>> #
>> loadOff amino19.lib
Loading library: /home/johann/miniconda3/dat/leap/lib/amino19.lib
Loading: ALA
Loading: ARG
Loading: ASH
Loading: ASN
Loading: ASP
Loading: CYM
Loading: CYS
Loading: CYX
Loading: GLH
Loading: GLN
Loading: GLU
Loading: GLY
Loading: HID
Loading: HIE
Loading: HIP
Loading: HYP
Loading: ILE
Loading: LEU
Loading: LYN
Loading: LYS
Loading: MET
Loading: PHE
Loading: PRO
Loading: SER
Loading: THR
Loading: TRP
Loading: TYR
Loading: VAL
>> loadOff aminoct12.lib
Loading library: /home/johann/miniconda3/dat/leap/lib/aminoct12.lib
Loading: CALA
Loading: CARG
Loading: CASN
Loading: CASP
Loading: CCYS
Loading: CCYX
Loading: CGLN
Loading: CGLU
Loading: CGLY
Loading: CHID
Loading: CHIE
Loading: CHIP
Loading: CHYP
Loading: CILE
Loading: CLEU
Loading: CLYS
Loading: CMET
Loading: CPHE
Loading: CPRO
Loading: CSER
Loading: CTHR
Loading: CTRP
Loading: CTYR
Loading: CVAL
Loading: NHE
Loading: NME
>> loadOff aminont12.lib
Loading library: /home/johann/miniconda3/dat/leap/lib/aminont12.lib
Loading: ACE
Loading: NALA
Loading: NARG
Loading: NASN
Loading: NASP
Loading: NCYS
Loading: NCYX
Loading: NGLN
Loading: NGLU
Loading: NGLY
Loading: NHID
Loading: NHIE
Loading: NHIP
Loading: NILE
Loading: NLEU
Loading: NLYS
Loading: NMET
Loading: NPHE
Loading: NPRO
Loading: NSER
Loading: NTHR
Loading: NTRP
Loading: NTYR
Loading: NVAL
>> 
>> #
>> #	Define the PDB name map for the amino acids
>> #
>> addPdbResMap {
>>   { 0 "HYP" "NHYP" } { 1 "HYP" "CHYP" }
>>   { 0 "ALA" "NALA" } { 1 "ALA" "CALA" }
>>   { 0 "ARG" "NARG" } { 1 "ARG" "CARG" }
>>   { 0 "ASN" "NASN" } { 1 "ASN" "CASN" }
>>   { 0 "ASP" "NASP" } { 1 "ASP" "CASP" }
>>   { 0 "CYS" "NCYS" } { 1 "CYS" "CCYS" }
>>   { 0 "CYX" "NCYX" } { 1 "CYX" "CCYX" }
>>   { 0 "GLN" "NGLN" } { 1 "GLN" "CGLN" }
>>   { 0 "GLU" "NGLU" } { 1 "GLU" "CGLU" }
>>   { 0 "GLY" "NGLY" } { 1 "GLY" "CGLY" }
>>   { 0 "HID" "NHID" } { 1 "HID" "CHID" }
>>   { 0 "HIE" "NHIE" } { 1 "HIE" "CHIE" }
>>   { 0 "HIP" "NHIP" } { 1 "HIP" "CHIP" }
>>   { 0 "ILE" "NILE" } { 1 "ILE" "CILE" }
>>   { 0 "LEU" "NLEU" } { 1 "LEU" "CLEU" }
>>   { 0 "LYS" "NLYS" } { 1 "LYS" "CLYS" }
>>   { 0 "MET" "NMET" } { 1 "MET" "CMET" }
>>   { 0 "PHE" "NPHE" } { 1 "PHE" "CPHE" }
>>   { 0 "PRO" "NPRO" } { 1 "PRO" "CPRO" }
>>   { 0 "SER" "NSER" } { 1 "SER" "CSER" }
>>   { 0 "THR" "NTHR" } { 1 "THR" "CTHR" }
>>   { 0 "TRP" "NTRP" } { 1 "TRP" "CTRP" }
>>   { 0 "TYR" "NTYR" } { 1 "TYR" "CTYR" }
>>   { 0 "VAL" "NVAL" } { 1 "VAL" "CVAL" }
>>   { 0 "HIS" "NHIS" } { 1 "HIS" "CHIS" }
>> }
>> 
>> #
>> # assume that most often proteins use HIE
>> #
>> NHIS = NHIE
>> HIS = HIE
>> CHIS = CHIE
> 
> source leaprc.gaff
----- Source: /home/johann/miniconda3/dat/leap/cmd/leaprc.gaff
----- Source of /home/johann/miniconda3/dat/leap/cmd/leaprc.gaff done
>> logFile leap.log
log started: Tue May 20 01:47:36 2025

Log file: ./leap.log
>> #
>> # ----- leaprc for loading the general Amber Force field.
>> #       This file is mostly for use with Antechamber
>> #
>> #	load atom type hybridizations
>> #
>> addAtomTypes {
>> 	{ "h1"  "H" "sp3" }
>> 	{ "h2"  "H" "sp3" }
>> 	{ "h3"  "H" "sp3" }
>> 	{ "h4"  "H" "sp3" }
>> 	{ "h5"  "H" "sp3" }
>> 	{ "ha"  "H" "sp3" }
>> 	{ "hc"  "H" "sp3" }
>> 	{ "hn"  "H" "sp3" }
>> 	{ "ho"  "H" "sp3" }
>> 	{ "hp"  "H" "sp3" }
>> 	{ "hs"  "H" "sp3" }
>> 	{ "hw"  "H" "sp3" }
>> 	{ "hx"  "H" "sp3" }
>> 	{ "o"  "O" "sp2" }
>> 	{ "o2"  "O" "sp2" }
>> 	{ "oh"  "O" "sp3" }
>> 	{ "op"  "O" "sp3" }
>> 	{ "oq"  "O" "sp3" }
>> 	{ "os"  "O" "sp3" }
>> 	{ "ow"  "O" "sp3" }
>> 	{ "c"  "C" "sp2" }
>> 	{ "c1"  "C" "sp2" }
>> 	{ "c2"  "C" "sp2" }
>> 	{ "c3"  "C" "sp3" }
>> 	{ "ca"  "C" "sp2" }
>> 	{ "cc"  "C" "sp2" }
>> 	{ "cd"  "C" "sp2" }
>> 	{ "ce"  "C" "sp2" }
>> 	{ "cf"  "C" "sp2" }
>> 	{ "cg"  "C" "sp2" }
>> 	{ "ch"  "C" "sp2" }
>> 	{ "cp"  "C" "sp2" }
>> 	{ "cq"  "C" "sp2" }
>> 	{ "cu"  "C" "sp2" }
>> 	{ "cv"  "C" "sp2" }
>> 	{ "cx"  "C" "sp2" }
>> 	{ "cy"  "C" "sp2" }
>> 	{ "cz"  "C" "sp2" }
>> 	{ "n"   "N" "sp2" }
>> 	{ "n1"  "N" "sp2" }
>> 	{ "n2"  "N" "sp2" }
>> 	{ "n3"  "N" "sp3" }
>> 	{ "n4"  "N" "sp3" }
>> 	{ "na"  "N" "sp2" }
>> 	{ "nb"  "N" "sp2" }
>> 	{ "nc"  "N" "sp2" }
>> 	{ "nd"  "N" "sp2" }
>> 	{ "ne"  "N" "sp2" }
>> 	{ "nf"  "N" "sp2" }
>> 	{ "nh"  "N" "sp2" }
>> 	{ "ni"  "N" "sp2" }
>> 	{ "nj"  "N" "sp2" }
>> 	{ "nk"  "N" "sp3" }
>> 	{ "nl"  "N" "sp3" }
>> 	{ "nm"  "N" "sp2" }
>> 	{ "nn"  "N" "sp2" }
>> 	{ "no"  "N" "sp2" }
>> 	{ "np"  "N" "sp3" }
>> 	{ "nq"  "N" "sp3" }
>> 	{ "s"   "S" "sp2" }
>> 	{ "s2"   "S" "sp2" }
>> 	{ "s3"   "S" "sp3" }
>> 	{ "s4"   "S" "sp3" }
>> 	{ "s6"   "S" "sp3" }
>> 	{ "sh"   "S" "sp3" }
>> 	{ "sp"   "S" "sp3" }
>> 	{ "sq"   "S" "sp3" }
>> 	{ "ss"   "S" "sp3" }
>> 	{ "sx"   "S" "sp3" }
>> 	{ "sy"   "S" "sp3" }
>> 	{ "p2"   "P" "sp2" }
>> 	{ "p3"   "P" "sp3" }
>> 	{ "p4"   "P" "sp3" }
>> 	{ "p5"   "P" "sp3" }
>> 	{ "pb"   "P" "sp3" }
>> 	{ "pc"   "P" "sp3" }
>> 	{ "pd"   "P" "sp3" }
>> 	{ "pe"   "P" "sp3" }
>> 	{ "pf"   "P" "sp3" }
>> 	{ "px"   "P" "sp3" }
>> 	{ "py"   "P" "sp3" }
>> 	{ "f"   "F" "sp3" }
>> 	{ "cl"  "Cl" "sp3" }
>> 	{ "br"  "Br" "sp3" }
>> 	{ "i"   "I"  "sp3" }
>> }
>> #
>> #	Load the general force field parameter set.
>> #
>> gaff = loadamberparams gaff.dat
Loading parameters: /home/johann/miniconda3/dat/leap/parm/gaff.dat
Reading title:
AMBER General Force Field for organic molecules (Version 1.81, May 2017)
> 
> set default PBradii mbondi3
Using ArgH and AspGluO modified Bondi2 radii
> loadamberparams ./5dit/LIGAND.frcmod
Loading parameters: ./5dit/LIGAND.frcmod
Reading force field modification type file (frcmod)
Reading title:
Remark line goes here
> LIG = loadmol2 ./5dit/LIGAND.mol2
Loading Mol2 file: ./5dit/LIGAND.mol2
Reading MOLECULE named 5B8
> PROT = loadpdb ./5dit/PROTEIN.pdb
Loading PDB file: ./5dit/PROTEIN.pdb
Matching PDB residue names to LEaP variables.
  Added missing heavy atom: .R<ACE 39>.A<CH3 2>
  Added missing heavy atom: .R<NME 51>.A<C 3>
  Added missing heavy atom: .R<ACE 52>.A<CH3 2>
  Added missing heavy atom: .R<NME 59>.A<C 3>
  Added missing heavy atom: .R<ACE 60>.A<CH3 2>
  Added missing heavy atom: .R<NME 62>.A<C 3>
  Added missing heavy atom: .R<ACE 63>.A<CH3 2>
  Added missing heavy atom: .R<NME 68>.A<C 3>
  Added missing heavy atom: .R<ACE 69>.A<CH3 2>
  Added missing heavy atom: .R<NME 79>.A<C 3>
  Added missing heavy atom: .R<ACE 80>.A<CH3 2>
  Added missing heavy atom: .R<NME 82>.A<C 3>
  Added missing heavy atom: .R<ACE 83>.A<CH3 2>
  Added missing heavy atom: .R<NME 85>.A<C 3>
  Added missing heavy atom: .R<ACE 86>.A<CH3 2>
  Added missing heavy atom: .R<NME 97>.A<C 3>
  Added missing heavy atom: .R<ACE 98>.A<CH3 2>
  Added missing heavy atom: .R<NME 102>.A<C 3>
  Added missing heavy atom: .R<ACE 103>.A<CH3 2>
  Added missing heavy atom: .R<NME 111>.A<C 3>
  total atoms in file: 906
  Leap added 80 missing atoms according to residue templates:
       20 Heavy
       60 H / lone pairs
> COMPLEX = combine {PROT LIG}
  Sequence: default_name
  Sequence: 5B8
> saveamberparm COMPLEX ./5dit/5dit.top ./5dit/5dit.crd
Checking Unit.

/home/johann/miniconda3/bin/teLeap: Warning!
The unperturbed charge of the unit (5.999999) is not zero.

/home/johann/miniconda3/bin/teLeap: Note.
Ignoring the warning from Unit Checking.

Building topology.
Building atom parameters.
Building bond parameters.
Building angle parameters.
Building proper torsion parameters.
Building improper torsion parameters.
 total 218 improper torsions applied
Building H-Bond parameters.
Incorporating Non-Bonded adjustments.
Not Marking per-residue atom chain types.
Marking per-residue atom chain types.
  (Residues lacking connect0/connect1 - 
   these don't have chain types marked:

	res	total affected

	5B8	1
  )
 (no restraints)
> savepdb COMPLEX ./5dit/5dit.pdb
Writing pdb file: ./5dit/5dit.pdb
 quit
	Quit

Exiting LEaP: Errors = 0; Warnings = 1; Notes = 1.
log started: Tue May 20 01:52:48 2025

Log file: ./leap.log
>> #
>> # ----- leaprc for loading the ff19SB force field
>> # ----- NOTE: this is designed for PDB format 3!
>> #
>> #	load atom type hybridizations
>> #
>> addAtomTypes {
>> 	{ "H"   "H" "sp3" }
>> 	{ "HO"  "H" "sp3" }
>> 	{ "HS"  "H" "sp3" }
>> 	{ "H1"  "H" "sp3" }
>> 	{ "H2"  "H" "sp3" }
>> 	{ "H3"  "H" "sp3" }
>> 	{ "H4"  "H" "sp3" }
>> 	{ "H5"  "H" "sp3" }
>> 	{ "HW"  "H" "sp3" }
>> 	{ "HC"  "H" "sp3" }
>> 	{ "HA"  "H" "sp3" }
>> 	{ "HP"  "H" "sp3" }
>> 	{ "HZ"  "H" "sp3" }
>> 	{ "OH"  "O" "sp3" }
>> 	{ "OS"  "O" "sp3" }
>> 	{ "O"   "O" "sp2" }
>> 	{ "O2"  "O" "sp2" }
>> 	{ "OP"  "O" "sp2" }
>> 	{ "OW"  "O" "sp3" }
>> 	{ "CT"  "C" "sp3" }
>> 	{ "CX"  "C" "sp3" }
>> 	{ "XC"  "C" "sp3" }
>> 	{ "C8"  "C" "sp3" }
>> 	{ "2C"  "C" "sp3" }
>> 	{ "3C"  "C" "sp3" }
>> 	{ "CH"  "C" "sp3" }
>> 	{ "CS"  "C" "sp2" }
>> 	{ "C"   "C" "sp2" }
>> 	{ "CO"   "C" "sp2" }
>> 	{ "C*"  "C" "sp2" }
>> 	{ "CA"  "C" "sp2" }
>> 	{ "CB"  "C" "sp2" }
>> 	{ "CC"  "C" "sp2" }
>> 	{ "CN"  "C" "sp2" }
>> 	{ "CM"  "C" "sp2" }
>> 	{ "CK"  "C" "sp2" }
>> 	{ "CQ"  "C" "sp2" }
>> 	{ "CD"  "C" "sp2" }
>> 	{ "C5"  "C" "sp2" }
>> 	{ "C4"  "C" "sp2" }
>> 	{ "CP"  "C" "sp2" }
>> 	{ "CI"  "C" "sp3" }
>> 	{ "CJ"  "C" "sp2" }
>> 	{ "CW"  "C" "sp2" }
>> 	{ "CV"  "C" "sp2" }
>> 	{ "CR"  "C" "sp2" }
>> 	{ "CA"  "C" "sp2" }
>> 	{ "CY"  "C" "sp2" }
>> 	{ "C0"  "Ca" "sp3" }
>> 	{ "MG"  "Mg" "sp3" }
>> 	{ "N"   "N" "sp2" }
>> 	{ "NA"  "N" "sp2" }
>> 	{ "N2"  "N" "sp2" }
>> 	{ "N*"  "N" "sp2" }
>> 	{ "NP"  "N" "sp2" }
>> 	{ "NQ"  "N" "sp2" }
>> 	{ "NB"  "N" "sp2" }
>> 	{ "NC"  "N" "sp2" }
>> 	{ "NT"  "N" "sp3" }
>> 	{ "NY"  "N" "sp2" }
>> 	{ "N3"  "N" "sp3" }
>> 	{ "S"   "S" "sp3" }
>> 	{ "SH"  "S" "sp3" }
>> 	{ "P"   "P" "sp3" }
>> 	{ "LP"  ""  "sp3" }
>> 	{ "EP"  ""  "sp3" }
>> 	{ "F"   "F" "sp3" }
>> 	{ "Cl"  "Cl" "sp3" }
>> 	{ "Br"  "Br" "sp3" }
>> 	{ "I"   "I"  "sp3" }
>> }
>> #
>> #	Load the main parameter set.
>> #
>> set default cmap on
>> parm19 = loadamberparams parm19.dat
Loading parameters: /home/johann/miniconda3/dat/leap/parm/parm19.dat
Reading title:
PARM99 + frcmod.ff99SB + frcmod.parmbsc0 + OL3 for RNA + ff19SB
(UNKNOWN ATOM TYPE: Zn)
(UNKNOWN ATOM TYPE: EP)
>> frcmod19SB = loadamberparams frcmod.ff19SB
Loading parameters: /home/johann/miniconda3/dat/leap/parm/frcmod.ff19SB
Reading force field modification type file (frcmod)
Reading title:
ff19SB AA-specific backbone CMAPs for protein 07/25/2019
>> #
>> #	Load main chain and terminating amino acid libraries
>> #
>> loadOff amino19.lib
Loading library: /home/johann/miniconda3/dat/leap/lib/amino19.lib
Loading: ALA
Loading: ARG
Loading: ASH
Loading: ASN
Loading: ASP
Loading: CYM
Loading: CYS
Loading: CYX
Loading: GLH
Loading: GLN
Loading: GLU
Loading: GLY
Loading: HID
Loading: HIE
Loading: HIP
Loading: HYP
Loading: ILE
Loading: LEU
Loading: LYN
Loading: LYS
Loading: MET
Loading: PHE
Loading: PRO
Loading: SER
Loading: THR
Loading: TRP
Loading: TYR
Loading: VAL
>> loadOff aminoct12.lib
Loading library: /home/johann/miniconda3/dat/leap/lib/aminoct12.lib
Loading: CALA
Loading: CARG
Loading: CASN
Loading: CASP
Loading: CCYS
Loading: CCYX
Loading: CGLN
Loading: CGLU
Loading: CGLY
Loading: CHID
Loading: CHIE
Loading: CHIP
Loading: CHYP
Loading: CILE
Loading: CLEU
Loading: CLYS
Loading: CMET
Loading: CPHE
Loading: CPRO
Loading: CSER
Loading: CTHR
Loading: CTRP
Loading: CTYR
Loading: CVAL
Loading: NHE
Loading: NME
>> loadOff aminont12.lib
Loading library: /home/johann/miniconda3/dat/leap/lib/aminont12.lib
Loading: ACE
Loading: NALA
Loading: NARG
Loading: NASN
Loading: NASP
Loading: NCYS
Loading: NCYX
Loading: NGLN
Loading: NGLU
Loading: NGLY
Loading: NHID
Loading: NHIE
Loading: NHIP
Loading: NILE
Loading: NLEU
Loading: NLYS
Loading: NMET
Loading: NPHE
Loading: NPRO
Loading: NSER
Loading: NTHR
Loading: NTRP
Loading: NTYR
Loading: NVAL
>> 
>> #
>> #	Define the PDB name map for the amino acids
>> #
>> addPdbResMap {
>>   { 0 "HYP" "NHYP" } { 1 "HYP" "CHYP" }
>>   { 0 "ALA" "NALA" } { 1 "ALA" "CALA" }
>>   { 0 "ARG" "NARG" } { 1 "ARG" "CARG" }
>>   { 0 "ASN" "NASN" } { 1 "ASN" "CASN" }
>>   { 0 "ASP" "NASP" } { 1 "ASP" "CASP" }
>>   { 0 "CYS" "NCYS" } { 1 "CYS" "CCYS" }
>>   { 0 "CYX" "NCYX" } { 1 "CYX" "CCYX" }
>>   { 0 "GLN" "NGLN" } { 1 "GLN" "CGLN" }
>>   { 0 "GLU" "NGLU" } { 1 "GLU" "CGLU" }
>>   { 0 "GLY" "NGLY" } { 1 "GLY" "CGLY" }
>>   { 0 "HID" "NHID" } { 1 "HID" "CHID" }
>>   { 0 "HIE" "NHIE" } { 1 "HIE" "CHIE" }
>>   { 0 "HIP" "NHIP" } { 1 "HIP" "CHIP" }
>>   { 0 "ILE" "NILE" } { 1 "ILE" "CILE" }
>>   { 0 "LEU" "NLEU" } { 1 "LEU" "CLEU" }
>>   { 0 "LYS" "NLYS" } { 1 "LYS" "CLYS" }
>>   { 0 "MET" "NMET" } { 1 "MET" "CMET" }
>>   { 0 "PHE" "NPHE" } { 1 "PHE" "CPHE" }
>>   { 0 "PRO" "NPRO" } { 1 "PRO" "CPRO" }
>>   { 0 "SER" "NSER" } { 1 "SER" "CSER" }
>>   { 0 "THR" "NTHR" } { 1 "THR" "CTHR" }
>>   { 0 "TRP" "NTRP" } { 1 "TRP" "CTRP" }
>>   { 0 "TYR" "NTYR" } { 1 "TYR" "CTYR" }
>>   { 0 "VAL" "NVAL" } { 1 "VAL" "CVAL" }
>>   { 0 "HIS" "NHIS" } { 1 "HIS" "CHIS" }
>> }
>> 
>> #
>> # assume that most often proteins use HIE
>> #
>> NHIS = NHIE
>> HIS = HIE
>> CHIS = CHIE
> 
> source leaprc.gaff
----- Source: /home/johann/miniconda3/dat/leap/cmd/leaprc.gaff
----- Source of /home/johann/miniconda3/dat/leap/cmd/leaprc.gaff done
>> logFile leap.log
log started: Tue May 20 01:52:48 2025

Log file: ./leap.log
>> #
>> # ----- leaprc for loading the general Amber Force field.
>> #       This file is mostly for use with Antechamber
>> #
>> #	load atom type hybridizations
>> #
>> addAtomTypes {
>> 	{ "h1"  "H" "sp3" }
>> 	{ "h2"  "H" "sp3" }
>> 	{ "h3"  "H" "sp3" }
>> 	{ "h4"  "H" "sp3" }
>> 	{ "h5"  "H" "sp3" }
>> 	{ "ha"  "H" "sp3" }
>> 	{ "hc"  "H" "sp3" }
>> 	{ "hn"  "H" "sp3" }
>> 	{ "ho"  "H" "sp3" }
>> 	{ "hp"  "H" "sp3" }
>> 	{ "hs"  "H" "sp3" }
>> 	{ "hw"  "H" "sp3" }
>> 	{ "hx"  "H" "sp3" }
>> 	{ "o"  "O" "sp2" }
>> 	{ "o2"  "O" "sp2" }
>> 	{ "oh"  "O" "sp3" }
>> 	{ "op"  "O" "sp3" }
>> 	{ "oq"  "O" "sp3" }
>> 	{ "os"  "O" "sp3" }
>> 	{ "ow"  "O" "sp3" }
>> 	{ "c"  "C" "sp2" }
>> 	{ "c1"  "C" "sp2" }
>> 	{ "c2"  "C" "sp2" }
>> 	{ "c3"  "C" "sp3" }
>> 	{ "ca"  "C" "sp2" }
>> 	{ "cc"  "C" "sp2" }
>> 	{ "cd"  "C" "sp2" }
>> 	{ "ce"  "C" "sp2" }
>> 	{ "cf"  "C" "sp2" }
>> 	{ "cg"  "C" "sp2" }
>> 	{ "ch"  "C" "sp2" }
>> 	{ "cp"  "C" "sp2" }
>> 	{ "cq"  "C" "sp2" }
>> 	{ "cu"  "C" "sp2" }
>> 	{ "cv"  "C" "sp2" }
>> 	{ "cx"  "C" "sp2" }
>> 	{ "cy"  "C" "sp2" }
>> 	{ "cz"  "C" "sp2" }
>> 	{ "n"   "N" "sp2" }
>> 	{ "n1"  "N" "sp2" }
>> 	{ "n2"  "N" "sp2" }
>> 	{ "n3"  "N" "sp3" }
>> 	{ "n4"  "N" "sp3" }
>> 	{ "na"  "N" "sp2" }
>> 	{ "nb"  "N" "sp2" }
>> 	{ "nc"  "N" "sp2" }
>> 	{ "nd"  "N" "sp2" }
>> 	{ "ne"  "N" "sp2" }
>> 	{ "nf"  "N" "sp2" }
>> 	{ "nh"  "N" "sp2" }
>> 	{ "ni"  "N" "sp2" }
>> 	{ "nj"  "N" "sp2" }
>> 	{ "nk"  "N" "sp3" }
>> 	{ "nl"  "N" "sp3" }
>> 	{ "nm"  "N" "sp2" }
>> 	{ "nn"  "N" "sp2" }
>> 	{ "no"  "N" "sp2" }
>> 	{ "np"  "N" "sp3" }
>> 	{ "nq"  "N" "sp3" }
>> 	{ "s"   "S" "sp2" }
>> 	{ "s2"   "S" "sp2" }
>> 	{ "s3"   "S" "sp3" }
>> 	{ "s4"   "S" "sp3" }
>> 	{ "s6"   "S" "sp3" }
>> 	{ "sh"   "S" "sp3" }
>> 	{ "sp"   "S" "sp3" }
>> 	{ "sq"   "S" "sp3" }
>> 	{ "ss"   "S" "sp3" }
>> 	{ "sx"   "S" "sp3" }
>> 	{ "sy"   "S" "sp3" }
>> 	{ "p2"   "P" "sp2" }
>> 	{ "p3"   "P" "sp3" }
>> 	{ "p4"   "P" "sp3" }
>> 	{ "p5"   "P" "sp3" }
>> 	{ "pb"   "P" "sp3" }
>> 	{ "pc"   "P" "sp3" }
>> 	{ "pd"   "P" "sp3" }
>> 	{ "pe"   "P" "sp3" }
>> 	{ "pf"   "P" "sp3" }
>> 	{ "px"   "P" "sp3" }
>> 	{ "py"   "P" "sp3" }
>> 	{ "f"   "F" "sp3" }
>> 	{ "cl"  "Cl" "sp3" }
>> 	{ "br"  "Br" "sp3" }
>> 	{ "i"   "I"  "sp3" }
>> }
>> #
>> #	Load the general force field parameter set.
>> #
>> gaff = loadamberparams gaff.dat
Loading parameters: /home/johann/miniconda3/dat/leap/parm/gaff.dat
Reading title:
AMBER General Force Field for organic molecules (Version 1.81, May 2017)
> 
> set default PBradii mbondi3
Using ArgH and AspGluO modified Bondi2 radii
> loadamberparams ./5fnr/LIGAND.frcmod
Loading parameters: ./5fnr/LIGAND.frcmod
Reading force field modification type file (frcmod)
Reading title:
Remark line goes here
> LIG = loadmol2 ./5fnr/LIGAND.mol2
Loading Mol2 file: ./5fnr/LIGAND.mol2
Reading MOLECULE named XMS
> PROT = loadpdb ./5fnr/PROTEIN.pdb
Loading PDB file: ./5fnr/PROTEIN.pdb
Matching PDB residue names to LEaP variables.
  Added missing heavy atom: .R<ACE 9>.A<CH3 2>
  Added missing heavy atom: .R<NME 11>.A<C 3>
  Added missing heavy atom: .R<ACE 12>.A<CH3 2>
  Added missing heavy atom: .R<NME 16>.A<C 3>
  Added missing heavy atom: .R<ACE 17>.A<CH3 2>
  Added missing heavy atom: .R<NME 19>.A<C 3>
  Added missing heavy atom: .R<ACE 20>.A<CH3 2>
  Added missing heavy atom: .R<NME 24>.A<C 3>
  Added missing heavy atom: .R<ACE 25>.A<CH3 2>
  Added missing heavy atom: .R<NME 27>.A<C 3>
  Added missing heavy atom: .R<ACE 28>.A<CH3 2>
  Added missing heavy atom: .R<NME 32>.A<C 3>
  Added missing heavy atom: .R<ACE 33>.A<CH3 2>
  Added missing heavy atom: .R<NME 42>.A<C 3>
  Added missing heavy atom: .R<ACE 43>.A<CH3 2>
  Added missing heavy atom: .R<NME 48>.A<C 3>
  Added missing heavy atom: .R<ACE 49>.A<CH3 2>
  Added missing heavy atom: .R<NME 57>.A<C 3>
  Added missing heavy atom: .R<ACE 58>.A<CH3 2>
  Added missing heavy atom: .R<NME 63>.A<C 3>
  Added missing heavy atom: .R<ACE 64>.A<CH3 2>
  Added missing heavy atom: .R<NME 68>.A<C 3>
  Added missing heavy atom: .R<ACE 69>.A<CH3 2>
  Added missing heavy atom: .R<NME 71>.A<C 3>
  Added missing heavy atom: .R<ACE 72>.A<CH3 2>
  Added missing heavy atom: .R<NME 76>.A<C 3>
  total atoms in file: 660
  Leap added 104 missing atoms according to residue templates:
       26 Heavy
       78 H / lone pairs
> COMPLEX = combine {PROT LIG}
  Sequence: default_name
  Sequence: XMS
> saveamberparm COMPLEX ./5fnr/5fnr.top ./5fnr/5fnr.crd
Checking Unit.

/home/johann/miniconda3/bin/teLeap: Warning!
The unperturbed charge of the unit (-0.999001) is not zero.

/home/johann/miniconda3/bin/teLeap: Note.
Ignoring the warning from Unit Checking.

Building topology.
Building atom parameters.
Building bond parameters.
Building angle parameters.
Building proper torsion parameters.
Building improper torsion parameters.
 total 188 improper torsions applied
Building H-Bond parameters.
Incorporating Non-Bonded adjustments.
Not Marking per-residue atom chain types.
Marking per-residue atom chain types.
  (Residues lacking connect0/connect1 - 
   these don't have chain types marked:

	res	total affected

	XMS	1
  )
 (no restraints)
> savepdb COMPLEX ./5fnr/5fnr.pdb
Writing pdb file: ./5fnr/5fnr.pdb
 quit
	Quit

Exiting LEaP: Errors = 0; Warnings = 1; Notes = 1.
log started: Tue May 20 01:58:32 2025

Log file: ./leap.log
>> #
>> # ----- leaprc for loading the ff19SB force field
>> # ----- NOTE: this is designed for PDB format 3!
>> #
>> #	load atom type hybridizations
>> #
>> addAtomTypes {
>> 	{ "H"   "H" "sp3" }
>> 	{ "HO"  "H" "sp3" }
>> 	{ "HS"  "H" "sp3" }
>> 	{ "H1"  "H" "sp3" }
>> 	{ "H2"  "H" "sp3" }
>> 	{ "H3"  "H" "sp3" }
>> 	{ "H4"  "H" "sp3" }
>> 	{ "H5"  "H" "sp3" }
>> 	{ "HW"  "H" "sp3" }
>> 	{ "HC"  "H" "sp3" }
>> 	{ "HA"  "H" "sp3" }
>> 	{ "HP"  "H" "sp3" }
>> 	{ "HZ"  "H" "sp3" }
>> 	{ "OH"  "O" "sp3" }
>> 	{ "OS"  "O" "sp3" }
>> 	{ "O"   "O" "sp2" }
>> 	{ "O2"  "O" "sp2" }
>> 	{ "OP"  "O" "sp2" }
>> 	{ "OW"  "O" "sp3" }
>> 	{ "CT"  "C" "sp3" }
>> 	{ "CX"  "C" "sp3" }
>> 	{ "XC"  "C" "sp3" }
>> 	{ "C8"  "C" "sp3" }
>> 	{ "2C"  "C" "sp3" }
>> 	{ "3C"  "C" "sp3" }
>> 	{ "CH"  "C" "sp3" }
>> 	{ "CS"  "C" "sp2" }
>> 	{ "C"   "C" "sp2" }
>> 	{ "CO"   "C" "sp2" }
>> 	{ "C*"  "C" "sp2" }
>> 	{ "CA"  "C" "sp2" }
>> 	{ "CB"  "C" "sp2" }
>> 	{ "CC"  "C" "sp2" }
>> 	{ "CN"  "C" "sp2" }
>> 	{ "CM"  "C" "sp2" }
>> 	{ "CK"  "C" "sp2" }
>> 	{ "CQ"  "C" "sp2" }
>> 	{ "CD"  "C" "sp2" }
>> 	{ "C5"  "C" "sp2" }
>> 	{ "C4"  "C" "sp2" }
>> 	{ "CP"  "C" "sp2" }
>> 	{ "CI"  "C" "sp3" }
>> 	{ "CJ"  "C" "sp2" }
>> 	{ "CW"  "C" "sp2" }
>> 	{ "CV"  "C" "sp2" }
>> 	{ "CR"  "C" "sp2" }
>> 	{ "CA"  "C" "sp2" }
>> 	{ "CY"  "C" "sp2" }
>> 	{ "C0"  "Ca" "sp3" }
>> 	{ "MG"  "Mg" "sp3" }
>> 	{ "N"   "N" "sp2" }
>> 	{ "NA"  "N" "sp2" }
>> 	{ "N2"  "N" "sp2" }
>> 	{ "N*"  "N" "sp2" }
>> 	{ "NP"  "N" "sp2" }
>> 	{ "NQ"  "N" "sp2" }
>> 	{ "NB"  "N" "sp2" }
>> 	{ "NC"  "N" "sp2" }
>> 	{ "NT"  "N" "sp3" }
>> 	{ "NY"  "N" "sp2" }
>> 	{ "N3"  "N" "sp3" }
>> 	{ "S"   "S" "sp3" }
>> 	{ "SH"  "S" "sp3" }
>> 	{ "P"   "P" "sp3" }
>> 	{ "LP"  ""  "sp3" }
>> 	{ "EP"  ""  "sp3" }
>> 	{ "F"   "F" "sp3" }
>> 	{ "Cl"  "Cl" "sp3" }
>> 	{ "Br"  "Br" "sp3" }
>> 	{ "I"   "I"  "sp3" }
>> }
>> #
>> #	Load the main parameter set.
>> #
>> set default cmap on
>> parm19 = loadamberparams parm19.dat
Loading parameters: /home/johann/miniconda3/dat/leap/parm/parm19.dat
Reading title:
PARM99 + frcmod.ff99SB + frcmod.parmbsc0 + OL3 for RNA + ff19SB
(UNKNOWN ATOM TYPE: Zn)
(UNKNOWN ATOM TYPE: EP)
>> frcmod19SB = loadamberparams frcmod.ff19SB
Loading parameters: /home/johann/miniconda3/dat/leap/parm/frcmod.ff19SB
Reading force field modification type file (frcmod)
Reading title:
ff19SB AA-specific backbone CMAPs for protein 07/25/2019
>> #
>> #	Load main chain and terminating amino acid libraries
>> #
>> loadOff amino19.lib
Loading library: /home/johann/miniconda3/dat/leap/lib/amino19.lib
Loading: ALA
Loading: ARG
Loading: ASH
Loading: ASN
Loading: ASP
Loading: CYM
Loading: CYS
Loading: CYX
Loading: GLH
Loading: GLN
Loading: GLU
Loading: GLY
Loading: HID
Loading: HIE
Loading: HIP
Loading: HYP
Loading: ILE
Loading: LEU
Loading: LYN
Loading: LYS
Loading: MET
Loading: PHE
Loading: PRO
Loading: SER
Loading: THR
Loading: TRP
Loading: TYR
Loading: VAL
>> loadOff aminoct12.lib
Loading library: /home/johann/miniconda3/dat/leap/lib/aminoct12.lib
Loading: CALA
Loading: CARG
Loading: CASN
Loading: CASP
Loading: CCYS
Loading: CCYX
Loading: CGLN
Loading: CGLU
Loading: CGLY
Loading: CHID
Loading: CHIE
Loading: CHIP
Loading: CHYP
Loading: CILE
Loading: CLEU
Loading: CLYS
Loading: CMET
Loading: CPHE
Loading: CPRO
Loading: CSER
Loading: CTHR
Loading: CTRP
Loading: CTYR
Loading: CVAL
Loading: NHE
Loading: NME
>> loadOff aminont12.lib
Loading library: /home/johann/miniconda3/dat/leap/lib/aminont12.lib
Loading: ACE
Loading: NALA
Loading: NARG
Loading: NASN
Loading: NASP
Loading: NCYS
Loading: NCYX
Loading: NGLN
Loading: NGLU
Loading: NGLY
Loading: NHID
Loading: NHIE
Loading: NHIP
Loading: NILE
Loading: NLEU
Loading: NLYS
Loading: NMET
Loading: NPHE
Loading: NPRO
Loading: NSER
Loading: NTHR
Loading: NTRP
Loading: NTYR
Loading: NVAL
>> 
>> #
>> #	Define the PDB name map for the amino acids
>> #
>> addPdbResMap {
>>   { 0 "HYP" "NHYP" } { 1 "HYP" "CHYP" }
>>   { 0 "ALA" "NALA" } { 1 "ALA" "CALA" }
>>   { 0 "ARG" "NARG" } { 1 "ARG" "CARG" }
>>   { 0 "ASN" "NASN" } { 1 "ASN" "CASN" }
>>   { 0 "ASP" "NASP" } { 1 "ASP" "CASP" }
>>   { 0 "CYS" "NCYS" } { 1 "CYS" "CCYS" }
>>   { 0 "CYX" "NCYX" } { 1 "CYX" "CCYX" }
>>   { 0 "GLN" "NGLN" } { 1 "GLN" "CGLN" }
>>   { 0 "GLU" "NGLU" } { 1 "GLU" "CGLU" }
>>   { 0 "GLY" "NGLY" } { 1 "GLY" "CGLY" }
>>   { 0 "HID" "NHID" } { 1 "HID" "CHID" }
>>   { 0 "HIE" "NHIE" } { 1 "HIE" "CHIE" }
>>   { 0 "HIP" "NHIP" } { 1 "HIP" "CHIP" }
>>   { 0 "ILE" "NILE" } { 1 "ILE" "CILE" }
>>   { 0 "LEU" "NLEU" } { 1 "LEU" "CLEU" }
>>   { 0 "LYS" "NLYS" } { 1 "LYS" "CLYS" }
>>   { 0 "MET" "NMET" } { 1 "MET" "CMET" }
>>   { 0 "PHE" "NPHE" } { 1 "PHE" "CPHE" }
>>   { 0 "PRO" "NPRO" } { 1 "PRO" "CPRO" }
>>   { 0 "SER" "NSER" } { 1 "SER" "CSER" }
>>   { 0 "THR" "NTHR" } { 1 "THR" "CTHR" }
>>   { 0 "TRP" "NTRP" } { 1 "TRP" "CTRP" }
>>   { 0 "TYR" "NTYR" } { 1 "TYR" "CTYR" }
>>   { 0 "VAL" "NVAL" } { 1 "VAL" "CVAL" }
>>   { 0 "HIS" "NHIS" } { 1 "HIS" "CHIS" }
>> }
>> 
>> #
>> # assume that most often proteins use HIE
>> #
>> NHIS = NHIE
>> HIS = HIE
>> CHIS = CHIE
> 
> source leaprc.gaff
----- Source: /home/johann/miniconda3/dat/leap/cmd/leaprc.gaff
----- Source of /home/johann/miniconda3/dat/leap/cmd/leaprc.gaff done
>> logFile leap.log
log started: Tue May 20 01:58:32 2025

Log file: ./leap.log
>> #
>> # ----- leaprc for loading the general Amber Force field.
>> #       This file is mostly for use with Antechamber
>> #
>> #	load atom type hybridizations
>> #
>> addAtomTypes {
>> 	{ "h1"  "H" "sp3" }
>> 	{ "h2"  "H" "sp3" }
>> 	{ "h3"  "H" "sp3" }
>> 	{ "h4"  "H" "sp3" }
>> 	{ "h5"  "H" "sp3" }
>> 	{ "ha"  "H" "sp3" }
>> 	{ "hc"  "H" "sp3" }
>> 	{ "hn"  "H" "sp3" }
>> 	{ "ho"  "H" "sp3" }
>> 	{ "hp"  "H" "sp3" }
>> 	{ "hs"  "H" "sp3" }
>> 	{ "hw"  "H" "sp3" }
>> 	{ "hx"  "H" "sp3" }
>> 	{ "o"  "O" "sp2" }
>> 	{ "o2"  "O" "sp2" }
>> 	{ "oh"  "O" "sp3" }
>> 	{ "op"  "O" "sp3" }
>> 	{ "oq"  "O" "sp3" }
>> 	{ "os"  "O" "sp3" }
>> 	{ "ow"  "O" "sp3" }
>> 	{ "c"  "C" "sp2" }
>> 	{ "c1"  "C" "sp2" }
>> 	{ "c2"  "C" "sp2" }
>> 	{ "c3"  "C" "sp3" }
>> 	{ "ca"  "C" "sp2" }
>> 	{ "cc"  "C" "sp2" }
>> 	{ "cd"  "C" "sp2" }
>> 	{ "ce"  "C" "sp2" }
>> 	{ "cf"  "C" "sp2" }
>> 	{ "cg"  "C" "sp2" }
>> 	{ "ch"  "C" "sp2" }
>> 	{ "cp"  "C" "sp2" }
>> 	{ "cq"  "C" "sp2" }
>> 	{ "cu"  "C" "sp2" }
>> 	{ "cv"  "C" "sp2" }
>> 	{ "cx"  "C" "sp2" }
>> 	{ "cy"  "C" "sp2" }
>> 	{ "cz"  "C" "sp2" }
>> 	{ "n"   "N" "sp2" }
>> 	{ "n1"  "N" "sp2" }
>> 	{ "n2"  "N" "sp2" }
>> 	{ "n3"  "N" "sp3" }
>> 	{ "n4"  "N" "sp3" }
>> 	{ "na"  "N" "sp2" }
>> 	{ "nb"  "N" "sp2" }
>> 	{ "nc"  "N" "sp2" }
>> 	{ "nd"  "N" "sp2" }
>> 	{ "ne"  "N" "sp2" }
>> 	{ "nf"  "N" "sp2" }
>> 	{ "nh"  "N" "sp2" }
>> 	{ "ni"  "N" "sp2" }
>> 	{ "nj"  "N" "sp2" }
>> 	{ "nk"  "N" "sp3" }
>> 	{ "nl"  "N" "sp3" }
>> 	{ "nm"  "N" "sp2" }
>> 	{ "nn"  "N" "sp2" }
>> 	{ "no"  "N" "sp2" }
>> 	{ "np"  "N" "sp3" }
>> 	{ "nq"  "N" "sp3" }
>> 	{ "s"   "S" "sp2" }
>> 	{ "s2"   "S" "sp2" }
>> 	{ "s3"   "S" "sp3" }
>> 	{ "s4"   "S" "sp3" }
>> 	{ "s6"   "S" "sp3" }
>> 	{ "sh"   "S" "sp3" }
>> 	{ "sp"   "S" "sp3" }
>> 	{ "sq"   "S" "sp3" }
>> 	{ "ss"   "S" "sp3" }
>> 	{ "sx"   "S" "sp3" }
>> 	{ "sy"   "S" "sp3" }
>> 	{ "p2"   "P" "sp2" }
>> 	{ "p3"   "P" "sp3" }
>> 	{ "p4"   "P" "sp3" }
>> 	{ "p5"   "P" "sp3" }
>> 	{ "pb"   "P" "sp3" }
>> 	{ "pc"   "P" "sp3" }
>> 	{ "pd"   "P" "sp3" }
>> 	{ "pe"   "P" "sp3" }
>> 	{ "pf"   "P" "sp3" }
>> 	{ "px"   "P" "sp3" }
>> 	{ "py"   "P" "sp3" }
>> 	{ "f"   "F" "sp3" }
>> 	{ "cl"  "Cl" "sp3" }
>> 	{ "br"  "Br" "sp3" }
>> 	{ "i"   "I"  "sp3" }
>> }
>> #
>> #	Load the general force field parameter set.
>> #
>> gaff = loadamberparams gaff.dat
Loading parameters: /home/johann/miniconda3/dat/leap/parm/gaff.dat
Reading title:
AMBER General Force Field for organic molecules (Version 1.81, May 2017)
> 
> set default PBradii mbondi3
Using ArgH and AspGluO modified Bondi2 radii
> loadamberparams ./5lz4/LIGAND.frcmod
Loading parameters: ./5lz4/LIGAND.frcmod
Reading force field modification type file (frcmod)
Reading title:
Remark line goes here
> LIG = loadmol2 ./5lz4/LIGAND.mol2
Loading Mol2 file: ./5lz4/LIGAND.mol2
Reading MOLECULE named 7BW
> PROT = loadpdb ./5lz4/PROTEIN.pdb
Loading PDB file: ./5lz4/PROTEIN.pdb
Matching PDB residue names to LEaP variables.
  Added missing heavy atom: .R<ACE 42>.A<CH3 2>
  Added missing heavy atom: .R<NME 45>.A<C 3>
  Added missing heavy atom: .R<ACE 46>.A<CH3 2>
  Added missing heavy atom: .R<NME 48>.A<C 3>
  Added missing heavy atom: .R<ACE 49>.A<CH3 2>
  Added missing heavy atom: .R<NME 52>.A<C 3>
  Added missing heavy atom: .R<ACE 53>.A<CH3 2>
  Added missing heavy atom: .R<NME 60>.A<C 3>
  Added missing heavy atom: .R<ACE 61>.A<CH3 2>
  Added missing heavy atom: .R<NME 64>.A<C 3>
  Added missing heavy atom: .R<ACE 65>.A<CH3 2>
  Added missing heavy atom: .R<NME 69>.A<C 3>
  Added missing heavy atom: .R<ACE 70>.A<CH3 2>
  Added missing heavy atom: .R<NME 72>.A<C 3>
  Added missing heavy atom: .R<ACE 73>.A<CH3 2>
  Added missing heavy atom: .R<NME 75>.A<C 3>
  Added missing heavy atom: .R<ACE 76>.A<CH3 2>
  Added missing heavy atom: .R<NME 78>.A<C 3>
  Added missing heavy atom: .R<ACE 79>.A<CH3 2>
  Added missing heavy atom: .R<NME 86>.A<C 3>
  Added missing heavy atom: .R<ACE 87>.A<CH3 2>
  Added missing heavy atom: .R<NME 94>.A<C 3>
  Added missing heavy atom: .R<ACE 95>.A<CH3 2>
  Added missing heavy atom: .R<NME 99>.A<C 3>
  Added missing heavy atom: .R<ACE 100>.A<CH3 2>
  Added missing heavy atom: .R<NME 111>.A<C 3>
  Added missing heavy atom: .R<ACE 112>.A<CH3 2>
  Added missing heavy atom: .R<NME 114>.A<C 3>
  total atoms in file: 775
  Leap added 114 missing atoms according to residue templates:
       28 Heavy
       86 H / lone pairs
> COMPLEX = combine {PROT LIG}
  Sequence: default_name
  Sequence: 7BW
> saveamberparm COMPLEX ./5lz4/5lz4.top ./5lz4/5lz4.crd
Checking Unit.

/home/johann/miniconda3/bin/teLeap: Warning!
The unperturbed charge of the unit (1.001000) is not zero.

/home/johann/miniconda3/bin/teLeap: Note.
Ignoring the warning from Unit Checking.

Building topology.
Building atom parameters.
Building bond parameters.
Building angle parameters.
Building proper torsion parameters.
Building improper torsion parameters.
 total 233 improper torsions applied
Building H-Bond parameters.
Incorporating Non-Bonded adjustments.
Not Marking per-residue atom chain types.
Marking per-residue atom chain types.
  (Residues lacking connect0/connect1 - 
   these don't have chain types marked:

	res	total affected

	7BW	1
  )
 (no restraints)
> savepdb COMPLEX ./5lz4/5lz4.pdb
Writing pdb file: ./5lz4/5lz4.pdb
 quit
	Quit

Exiting LEaP: Errors = 0; Warnings = 1; Notes = 1.
log started: Tue May 20 02:00:35 2025

Log file: ./leap.log
>> #
>> # ----- leaprc for loading the ff19SB force field
>> # ----- NOTE: this is designed for PDB format 3!
>> #
>> #	load atom type hybridizations
>> #
>> addAtomTypes {
>> 	{ "H"   "H" "sp3" }
>> 	{ "HO"  "H" "sp3" }
>> 	{ "HS"  "H" "sp3" }
>> 	{ "H1"  "H" "sp3" }
>> 	{ "H2"  "H" "sp3" }
>> 	{ "H3"  "H" "sp3" }
>> 	{ "H4"  "H" "sp3" }
>> 	{ "H5"  "H" "sp3" }
>> 	{ "HW"  "H" "sp3" }
>> 	{ "HC"  "H" "sp3" }
>> 	{ "HA"  "H" "sp3" }
>> 	{ "HP"  "H" "sp3" }
>> 	{ "HZ"  "H" "sp3" }
>> 	{ "OH"  "O" "sp3" }
>> 	{ "OS"  "O" "sp3" }
>> 	{ "O"   "O" "sp2" }
>> 	{ "O2"  "O" "sp2" }
>> 	{ "OP"  "O" "sp2" }
>> 	{ "OW"  "O" "sp3" }
>> 	{ "CT"  "C" "sp3" }
>> 	{ "CX"  "C" "sp3" }
>> 	{ "XC"  "C" "sp3" }
>> 	{ "C8"  "C" "sp3" }
>> 	{ "2C"  "C" "sp3" }
>> 	{ "3C"  "C" "sp3" }
>> 	{ "CH"  "C" "sp3" }
>> 	{ "CS"  "C" "sp2" }
>> 	{ "C"   "C" "sp2" }
>> 	{ "CO"   "C" "sp2" }
>> 	{ "C*"  "C" "sp2" }
>> 	{ "CA"  "C" "sp2" }
>> 	{ "CB"  "C" "sp2" }
>> 	{ "CC"  "C" "sp2" }
>> 	{ "CN"  "C" "sp2" }
>> 	{ "CM"  "C" "sp2" }
>> 	{ "CK"  "C" "sp2" }
>> 	{ "CQ"  "C" "sp2" }
>> 	{ "CD"  "C" "sp2" }
>> 	{ "C5"  "C" "sp2" }
>> 	{ "C4"  "C" "sp2" }
>> 	{ "CP"  "C" "sp2" }
>> 	{ "CI"  "C" "sp3" }
>> 	{ "CJ"  "C" "sp2" }
>> 	{ "CW"  "C" "sp2" }
>> 	{ "CV"  "C" "sp2" }
>> 	{ "CR"  "C" "sp2" }
>> 	{ "CA"  "C" "sp2" }
>> 	{ "CY"  "C" "sp2" }
>> 	{ "C0"  "Ca" "sp3" }
>> 	{ "MG"  "Mg" "sp3" }
>> 	{ "N"   "N" "sp2" }
>> 	{ "NA"  "N" "sp2" }
>> 	{ "N2"  "N" "sp2" }
>> 	{ "N*"  "N" "sp2" }
>> 	{ "NP"  "N" "sp2" }
>> 	{ "NQ"  "N" "sp2" }
>> 	{ "NB"  "N" "sp2" }
>> 	{ "NC"  "N" "sp2" }
>> 	{ "NT"  "N" "sp3" }
>> 	{ "NY"  "N" "sp2" }
>> 	{ "N3"  "N" "sp3" }
>> 	{ "S"   "S" "sp3" }
>> 	{ "SH"  "S" "sp3" }
>> 	{ "P"   "P" "sp3" }
>> 	{ "LP"  ""  "sp3" }
>> 	{ "EP"  ""  "sp3" }
>> 	{ "F"   "F" "sp3" }
>> 	{ "Cl"  "Cl" "sp3" }
>> 	{ "Br"  "Br" "sp3" }
>> 	{ "I"   "I"  "sp3" }
>> }
>> #
>> #	Load the main parameter set.
>> #
>> set default cmap on
>> parm19 = loadamberparams parm19.dat
Loading parameters: /home/johann/miniconda3/dat/leap/parm/parm19.dat
Reading title:
PARM99 + frcmod.ff99SB + frcmod.parmbsc0 + OL3 for RNA + ff19SB
(UNKNOWN ATOM TYPE: Zn)
(UNKNOWN ATOM TYPE: EP)
>> frcmod19SB = loadamberparams frcmod.ff19SB
Loading parameters: /home/johann/miniconda3/dat/leap/parm/frcmod.ff19SB
Reading force field modification type file (frcmod)
Reading title:
ff19SB AA-specific backbone CMAPs for protein 07/25/2019
>> #
>> #	Load main chain and terminating amino acid libraries
>> #
>> loadOff amino19.lib
Loading library: /home/johann/miniconda3/dat/leap/lib/amino19.lib
Loading: ALA
Loading: ARG
Loading: ASH
Loading: ASN
Loading: ASP
Loading: CYM
Loading: CYS
Loading: CYX
Loading: GLH
Loading: GLN
Loading: GLU
Loading: GLY
Loading: HID
Loading: HIE
Loading: HIP
Loading: HYP
Loading: ILE
Loading: LEU
Loading: LYN
Loading: LYS
Loading: MET
Loading: PHE
Loading: PRO
Loading: SER
Loading: THR
Loading: TRP
Loading: TYR
Loading: VAL
>> loadOff aminoct12.lib
Loading library: /home/johann/miniconda3/dat/leap/lib/aminoct12.lib
Loading: CALA
Loading: CARG
Loading: CASN
Loading: CASP
Loading: CCYS
Loading: CCYX
Loading: CGLN
Loading: CGLU
Loading: CGLY
Loading: CHID
Loading: CHIE
Loading: CHIP
Loading: CHYP
Loading: CILE
Loading: CLEU
Loading: CLYS
Loading: CMET
Loading: CPHE
Loading: CPRO
Loading: CSER
Loading: CTHR
Loading: CTRP
Loading: CTYR
Loading: CVAL
Loading: NHE
Loading: NME
>> loadOff aminont12.lib
Loading library: /home/johann/miniconda3/dat/leap/lib/aminont12.lib
Loading: ACE
Loading: NALA
Loading: NARG
Loading: NASN
Loading: NASP
Loading: NCYS
Loading: NCYX
Loading: NGLN
Loading: NGLU
Loading: NGLY
Loading: NHID
Loading: NHIE
Loading: NHIP
Loading: NILE
Loading: NLEU
Loading: NLYS
Loading: NMET
Loading: NPHE
Loading: NPRO
Loading: NSER
Loading: NTHR
Loading: NTRP
Loading: NTYR
Loading: NVAL
>> 
>> #
>> #	Define the PDB name map for the amino acids
>> #
>> addPdbResMap {
>>   { 0 "HYP" "NHYP" } { 1 "HYP" "CHYP" }
>>   { 0 "ALA" "NALA" } { 1 "ALA" "CALA" }
>>   { 0 "ARG" "NARG" } { 1 "ARG" "CARG" }
>>   { 0 "ASN" "NASN" } { 1 "ASN" "CASN" }
>>   { 0 "ASP" "NASP" } { 1 "ASP" "CASP" }
>>   { 0 "CYS" "NCYS" } { 1 "CYS" "CCYS" }
>>   { 0 "CYX" "NCYX" } { 1 "CYX" "CCYX" }
>>   { 0 "GLN" "NGLN" } { 1 "GLN" "CGLN" }
>>   { 0 "GLU" "NGLU" } { 1 "GLU" "CGLU" }
>>   { 0 "GLY" "NGLY" } { 1 "GLY" "CGLY" }
>>   { 0 "HID" "NHID" } { 1 "HID" "CHID" }
>>   { 0 "HIE" "NHIE" } { 1 "HIE" "CHIE" }
>>   { 0 "HIP" "NHIP" } { 1 "HIP" "CHIP" }
>>   { 0 "ILE" "NILE" } { 1 "ILE" "CILE" }
>>   { 0 "LEU" "NLEU" } { 1 "LEU" "CLEU" }
>>   { 0 "LYS" "NLYS" } { 1 "LYS" "CLYS" }
>>   { 0 "MET" "NMET" } { 1 "MET" "CMET" }
>>   { 0 "PHE" "NPHE" } { 1 "PHE" "CPHE" }
>>   { 0 "PRO" "NPRO" } { 1 "PRO" "CPRO" }
>>   { 0 "SER" "NSER" } { 1 "SER" "CSER" }
>>   { 0 "THR" "NTHR" } { 1 "THR" "CTHR" }
>>   { 0 "TRP" "NTRP" } { 1 "TRP" "CTRP" }
>>   { 0 "TYR" "NTYR" } { 1 "TYR" "CTYR" }
>>   { 0 "VAL" "NVAL" } { 1 "VAL" "CVAL" }
>>   { 0 "HIS" "NHIS" } { 1 "HIS" "CHIS" }
>> }
>> 
>> #
>> # assume that most often proteins use HIE
>> #
>> NHIS = NHIE
>> HIS = HIE
>> CHIS = CHIE
> 
> source leaprc.gaff
----- Source: /home/johann/miniconda3/dat/leap/cmd/leaprc.gaff
----- Source of /home/johann/miniconda3/dat/leap/cmd/leaprc.gaff done
>> logFile leap.log
log started: Tue May 20 02:00:35 2025

Log file: ./leap.log
>> #
>> # ----- leaprc for loading the general Amber Force field.
>> #       This file is mostly for use with Antechamber
>> #
>> #	load atom type hybridizations
>> #
>> addAtomTypes {
>> 	{ "h1"  "H" "sp3" }
>> 	{ "h2"  "H" "sp3" }
>> 	{ "h3"  "H" "sp3" }
>> 	{ "h4"  "H" "sp3" }
>> 	{ "h5"  "H" "sp3" }
>> 	{ "ha"  "H" "sp3" }
>> 	{ "hc"  "H" "sp3" }
>> 	{ "hn"  "H" "sp3" }
>> 	{ "ho"  "H" "sp3" }
>> 	{ "hp"  "H" "sp3" }
>> 	{ "hs"  "H" "sp3" }
>> 	{ "hw"  "H" "sp3" }
>> 	{ "hx"  "H" "sp3" }
>> 	{ "o"  "O" "sp2" }
>> 	{ "o2"  "O" "sp2" }
>> 	{ "oh"  "O" "sp3" }
>> 	{ "op"  "O" "sp3" }
>> 	{ "oq"  "O" "sp3" }
>> 	{ "os"  "O" "sp3" }
>> 	{ "ow"  "O" "sp3" }
>> 	{ "c"  "C" "sp2" }
>> 	{ "c1"  "C" "sp2" }
>> 	{ "c2"  "C" "sp2" }
>> 	{ "c3"  "C" "sp3" }
>> 	{ "ca"  "C" "sp2" }
>> 	{ "cc"  "C" "sp2" }
>> 	{ "cd"  "C" "sp2" }
>> 	{ "ce"  "C" "sp2" }
>> 	{ "cf"  "C" "sp2" }
>> 	{ "cg"  "C" "sp2" }
>> 	{ "ch"  "C" "sp2" }
>> 	{ "cp"  "C" "sp2" }
>> 	{ "cq"  "C" "sp2" }
>> 	{ "cu"  "C" "sp2" }
>> 	{ "cv"  "C" "sp2" }
>> 	{ "cx"  "C" "sp2" }
>> 	{ "cy"  "C" "sp2" }
>> 	{ "cz"  "C" "sp2" }
>> 	{ "n"   "N" "sp2" }
>> 	{ "n1"  "N" "sp2" }
>> 	{ "n2"  "N" "sp2" }
>> 	{ "n3"  "N" "sp3" }
>> 	{ "n4"  "N" "sp3" }
>> 	{ "na"  "N" "sp2" }
>> 	{ "nb"  "N" "sp2" }
>> 	{ "nc"  "N" "sp2" }
>> 	{ "nd"  "N" "sp2" }
>> 	{ "ne"  "N" "sp2" }
>> 	{ "nf"  "N" "sp2" }
>> 	{ "nh"  "N" "sp2" }
>> 	{ "ni"  "N" "sp2" }
>> 	{ "nj"  "N" "sp2" }
>> 	{ "nk"  "N" "sp3" }
>> 	{ "nl"  "N" "sp3" }
>> 	{ "nm"  "N" "sp2" }
>> 	{ "nn"  "N" "sp2" }
>> 	{ "no"  "N" "sp2" }
>> 	{ "np"  "N" "sp3" }
>> 	{ "nq"  "N" "sp3" }
>> 	{ "s"   "S" "sp2" }
>> 	{ "s2"   "S" "sp2" }
>> 	{ "s3"   "S" "sp3" }
>> 	{ "s4"   "S" "sp3" }
>> 	{ "s6"   "S" "sp3" }
>> 	{ "sh"   "S" "sp3" }
>> 	{ "sp"   "S" "sp3" }
>> 	{ "sq"   "S" "sp3" }
>> 	{ "ss"   "S" "sp3" }
>> 	{ "sx"   "S" "sp3" }
>> 	{ "sy"   "S" "sp3" }
>> 	{ "p2"   "P" "sp2" }
>> 	{ "p3"   "P" "sp3" }
>> 	{ "p4"   "P" "sp3" }
>> 	{ "p5"   "P" "sp3" }
>> 	{ "pb"   "P" "sp3" }
>> 	{ "pc"   "P" "sp3" }
>> 	{ "pd"   "P" "sp3" }
>> 	{ "pe"   "P" "sp3" }
>> 	{ "pf"   "P" "sp3" }
>> 	{ "px"   "P" "sp3" }
>> 	{ "py"   "P" "sp3" }
>> 	{ "f"   "F" "sp3" }
>> 	{ "cl"  "Cl" "sp3" }
>> 	{ "br"  "Br" "sp3" }
>> 	{ "i"   "I"  "sp3" }
>> }
>> #
>> #	Load the general force field parameter set.
>> #
>> gaff = loadamberparams gaff.dat
Loading parameters: /home/johann/miniconda3/dat/leap/parm/gaff.dat
Reading title:
AMBER General Force Field for organic molecules (Version 1.81, May 2017)
> 
> set default PBradii mbondi3
Using ArgH and AspGluO modified Bondi2 radii
> loadamberparams ./5yas/LIGAND.frcmod
Loading parameters: ./5yas/LIGAND.frcmod
Reading force field modification type file (frcmod)
Reading title:
Remark line goes here
> LIG = loadmol2 ./5yas/LIGAND.mol2
Loading Mol2 file: ./5yas/LIGAND.mol2
Reading MOLECULE named FAC
> PROT = loadpdb ./5yas/PROTEIN.pdb
Loading PDB file: ./5yas/PROTEIN.pdb
Matching PDB residue names to LEaP variables.
  Added missing heavy atom: .R<ACE 9>.A<CH3 2>
  Added missing heavy atom: .R<NME 14>.A<C 3>
  Added missing heavy atom: .R<ACE 15>.A<CH3 2>
  Added missing heavy atom: .R<NME 17>.A<C 3>
  Added missing heavy atom: .R<ACE 18>.A<CH3 2>
  Added missing heavy atom: .R<NME 20>.A<C 3>
  Added missing heavy atom: .R<ACE 21>.A<CH3 2>
  Added missing heavy atom: .R<NME 26>.A<C 3>
  Added missing heavy atom: .R<ACE 27>.A<CH3 2>
  Added missing heavy atom: .R<NME 31>.A<C 3>
  Added missing heavy atom: .R<ACE 32>.A<CH3 2>
  Added missing heavy atom: .R<NME 34>.A<C 3>
  Added missing heavy atom: .R<ACE 35>.A<CH3 2>
  Added missing heavy atom: .R<NME 37>.A<C 3>
  Added missing heavy atom: .R<ACE 38>.A<CH3 2>
  Added missing heavy atom: .R<NME 40>.A<C 3>
  Added missing heavy atom: .R<ACE 41>.A<CH3 2>
  Added missing heavy atom: .R<NME 43>.A<C 3>
  Added missing heavy atom: .R<ACE 44>.A<CH3 2>
  Added missing heavy atom: .R<NME 46>.A<C 3>
  Added missing heavy atom: .R<ACE 47>.A<CH3 2>
  Added missing heavy atom: .R<NME 51>.A<C 3>
  Added missing heavy atom: .R<ACE 52>.A<CH3 2>
  Added missing heavy atom: .R<NME 55>.A<C 3>
  Added missing heavy atom: .R<ACE 56>.A<CH3 2>
  Added missing heavy atom: .R<NME 60>.A<C 3>
  Added missing heavy atom: .R<ACE 61>.A<CH3 2>
  Added missing heavy atom: .R<NME 63>.A<C 3>
  Added missing heavy atom: .R<ACE 64>.A<CH3 2>
  Added missing heavy atom: .R<NME 68>.A<C 3>
  Added missing heavy atom: .R<ACE 69>.A<CH3 2>
  Added missing heavy atom: .R<NME 74>.A<C 3>
  Added missing heavy atom: .R<ACE 75>.A<CH3 2>
  Added missing heavy atom: .R<NME 78>.A<C 3>
  total atoms in file: 656
  Leap added 137 missing atoms according to residue templates:
       34 Heavy
       103 H / lone pairs
> COMPLEX = combine {PROT LIG}
  Sequence: default_name
  Sequence: FAC
> saveamberparm COMPLEX ./5yas/5yas.top ./5yas/5yas.crd
Checking Unit.
Building topology.
Building atom parameters.
Building bond parameters.
Building angle parameters.
Building proper torsion parameters.
Building improper torsion parameters.
 total 161 improper torsions applied
Building H-Bond parameters.
Incorporating Non-Bonded adjustments.
Not Marking per-residue atom chain types.
Marking per-residue atom chain types.
  (Residues lacking connect0/connect1 - 
   these don't have chain types marked:

	res	total affected

	FAC	1
  )
 (no restraints)
> savepdb COMPLEX ./5yas/5yas.pdb
Writing pdb file: ./5yas/5yas.pdb
 quit
	Quit

Exiting LEaP: Errors = 0; Warnings = 0; Notes = 0.
log started: Tue May 20 02:04:11 2025

Log file: ./leap.log
>> #
>> # ----- leaprc for loading the ff19SB force field
>> # ----- NOTE: this is designed for PDB format 3!
>> #
>> #	load atom type hybridizations
>> #
>> addAtomTypes {
>> 	{ "H"   "H" "sp3" }
>> 	{ "HO"  "H" "sp3" }
>> 	{ "HS"  "H" "sp3" }
>> 	{ "H1"  "H" "sp3" }
>> 	{ "H2"  "H" "sp3" }
>> 	{ "H3"  "H" "sp3" }
>> 	{ "H4"  "H" "sp3" }
>> 	{ "H5"  "H" "sp3" }
>> 	{ "HW"  "H" "sp3" }
>> 	{ "HC"  "H" "sp3" }
>> 	{ "HA"  "H" "sp3" }
>> 	{ "HP"  "H" "sp3" }
>> 	{ "HZ"  "H" "sp3" }
>> 	{ "OH"  "O" "sp3" }
>> 	{ "OS"  "O" "sp3" }
>> 	{ "O"   "O" "sp2" }
>> 	{ "O2"  "O" "sp2" }
>> 	{ "OP"  "O" "sp2" }
>> 	{ "OW"  "O" "sp3" }
>> 	{ "CT"  "C" "sp3" }
>> 	{ "CX"  "C" "sp3" }
>> 	{ "XC"  "C" "sp3" }
>> 	{ "C8"  "C" "sp3" }
>> 	{ "2C"  "C" "sp3" }
>> 	{ "3C"  "C" "sp3" }
>> 	{ "CH"  "C" "sp3" }
>> 	{ "CS"  "C" "sp2" }
>> 	{ "C"   "C" "sp2" }
>> 	{ "CO"   "C" "sp2" }
>> 	{ "C*"  "C" "sp2" }
>> 	{ "CA"  "C" "sp2" }
>> 	{ "CB"  "C" "sp2" }
>> 	{ "CC"  "C" "sp2" }
>> 	{ "CN"  "C" "sp2" }
>> 	{ "CM"  "C" "sp2" }
>> 	{ "CK"  "C" "sp2" }
>> 	{ "CQ"  "C" "sp2" }
>> 	{ "CD"  "C" "sp2" }
>> 	{ "C5"  "C" "sp2" }
>> 	{ "C4"  "C" "sp2" }
>> 	{ "CP"  "C" "sp2" }
>> 	{ "CI"  "C" "sp3" }
>> 	{ "CJ"  "C" "sp2" }
>> 	{ "CW"  "C" "sp2" }
>> 	{ "CV"  "C" "sp2" }
>> 	{ "CR"  "C" "sp2" }
>> 	{ "CA"  "C" "sp2" }
>> 	{ "CY"  "C" "sp2" }
>> 	{ "C0"  "Ca" "sp3" }
>> 	{ "MG"  "Mg" "sp3" }
>> 	{ "N"   "N" "sp2" }
>> 	{ "NA"  "N" "sp2" }
>> 	{ "N2"  "N" "sp2" }
>> 	{ "N*"  "N" "sp2" }
>> 	{ "NP"  "N" "sp2" }
>> 	{ "NQ"  "N" "sp2" }
>> 	{ "NB"  "N" "sp2" }
>> 	{ "NC"  "N" "sp2" }
>> 	{ "NT"  "N" "sp3" }
>> 	{ "NY"  "N" "sp2" }
>> 	{ "N3"  "N" "sp3" }
>> 	{ "S"   "S" "sp3" }
>> 	{ "SH"  "S" "sp3" }
>> 	{ "P"   "P" "sp3" }
>> 	{ "LP"  ""  "sp3" }
>> 	{ "EP"  ""  "sp3" }
>> 	{ "F"   "F" "sp3" }
>> 	{ "Cl"  "Cl" "sp3" }
>> 	{ "Br"  "Br" "sp3" }
>> 	{ "I"   "I"  "sp3" }
>> }
>> #
>> #	Load the main parameter set.
>> #
>> set default cmap on
>> parm19 = loadamberparams parm19.dat
Loading parameters: /home/johann/miniconda3/dat/leap/parm/parm19.dat
Reading title:
PARM99 + frcmod.ff99SB + frcmod.parmbsc0 + OL3 for RNA + ff19SB
(UNKNOWN ATOM TYPE: Zn)
(UNKNOWN ATOM TYPE: EP)
>> frcmod19SB = loadamberparams frcmod.ff19SB
Loading parameters: /home/johann/miniconda3/dat/leap/parm/frcmod.ff19SB
Reading force field modification type file (frcmod)
Reading title:
ff19SB AA-specific backbone CMAPs for protein 07/25/2019
>> #
>> #	Load main chain and terminating amino acid libraries
>> #
>> loadOff amino19.lib
Loading library: /home/johann/miniconda3/dat/leap/lib/amino19.lib
Loading: ALA
Loading: ARG
Loading: ASH
Loading: ASN
Loading: ASP
Loading: CYM
Loading: CYS
Loading: CYX
Loading: GLH
Loading: GLN
Loading: GLU
Loading: GLY
Loading: HID
Loading: HIE
Loading: HIP
Loading: HYP
Loading: ILE
Loading: LEU
Loading: LYN
Loading: LYS
Loading: MET
Loading: PHE
Loading: PRO
Loading: SER
Loading: THR
Loading: TRP
Loading: TYR
Loading: VAL
>> loadOff aminoct12.lib
Loading library: /home/johann/miniconda3/dat/leap/lib/aminoct12.lib
Loading: CALA
Loading: CARG
Loading: CASN
Loading: CASP
Loading: CCYS
Loading: CCYX
Loading: CGLN
Loading: CGLU
Loading: CGLY
Loading: CHID
Loading: CHIE
Loading: CHIP
Loading: CHYP
Loading: CILE
Loading: CLEU
Loading: CLYS
Loading: CMET
Loading: CPHE
Loading: CPRO
Loading: CSER
Loading: CTHR
Loading: CTRP
Loading: CTYR
Loading: CVAL
Loading: NHE
Loading: NME
>> loadOff aminont12.lib
Loading library: /home/johann/miniconda3/dat/leap/lib/aminont12.lib
Loading: ACE
Loading: NALA
Loading: NARG
Loading: NASN
Loading: NASP
Loading: NCYS
Loading: NCYX
Loading: NGLN
Loading: NGLU
Loading: NGLY
Loading: NHID
Loading: NHIE
Loading: NHIP
Loading: NILE
Loading: NLEU
Loading: NLYS
Loading: NMET
Loading: NPHE
Loading: NPRO
Loading: NSER
Loading: NTHR
Loading: NTRP
Loading: NTYR
Loading: NVAL
>> 
>> #
>> #	Define the PDB name map for the amino acids
>> #
>> addPdbResMap {
>>   { 0 "HYP" "NHYP" } { 1 "HYP" "CHYP" }
>>   { 0 "ALA" "NALA" } { 1 "ALA" "CALA" }
>>   { 0 "ARG" "NARG" } { 1 "ARG" "CARG" }
>>   { 0 "ASN" "NASN" } { 1 "ASN" "CASN" }
>>   { 0 "ASP" "NASP" } { 1 "ASP" "CASP" }
>>   { 0 "CYS" "NCYS" } { 1 "CYS" "CCYS" }
>>   { 0 "CYX" "NCYX" } { 1 "CYX" "CCYX" }
>>   { 0 "GLN" "NGLN" } { 1 "GLN" "CGLN" }
>>   { 0 "GLU" "NGLU" } { 1 "GLU" "CGLU" }
>>   { 0 "GLY" "NGLY" } { 1 "GLY" "CGLY" }
>>   { 0 "HID" "NHID" } { 1 "HID" "CHID" }
>>   { 0 "HIE" "NHIE" } { 1 "HIE" "CHIE" }
>>   { 0 "HIP" "NHIP" } { 1 "HIP" "CHIP" }
>>   { 0 "ILE" "NILE" } { 1 "ILE" "CILE" }
>>   { 0 "LEU" "NLEU" } { 1 "LEU" "CLEU" }
>>   { 0 "LYS" "NLYS" } { 1 "LYS" "CLYS" }
>>   { 0 "MET" "NMET" } { 1 "MET" "CMET" }
>>   { 0 "PHE" "NPHE" } { 1 "PHE" "CPHE" }
>>   { 0 "PRO" "NPRO" } { 1 "PRO" "CPRO" }
>>   { 0 "SER" "NSER" } { 1 "SER" "CSER" }
>>   { 0 "THR" "NTHR" } { 1 "THR" "CTHR" }
>>   { 0 "TRP" "NTRP" } { 1 "TRP" "CTRP" }
>>   { 0 "TYR" "NTYR" } { 1 "TYR" "CTYR" }
>>   { 0 "VAL" "NVAL" } { 1 "VAL" "CVAL" }
>>   { 0 "HIS" "NHIS" } { 1 "HIS" "CHIS" }
>> }
>> 
>> #
>> # assume that most often proteins use HIE
>> #
>> NHIS = NHIE
>> HIS = HIE
>> CHIS = CHIE
> 
> source leaprc.gaff
----- Source: /home/johann/miniconda3/dat/leap/cmd/leaprc.gaff
----- Source of /home/johann/miniconda3/dat/leap/cmd/leaprc.gaff done
>> logFile leap.log
log started: Tue May 20 02:04:11 2025

Log file: ./leap.log
>> #
>> # ----- leaprc for loading the general Amber Force field.
>> #       This file is mostly for use with Antechamber
>> #
>> #	load atom type hybridizations
>> #
>> addAtomTypes {
>> 	{ "h1"  "H" "sp3" }
>> 	{ "h2"  "H" "sp3" }
>> 	{ "h3"  "H" "sp3" }
>> 	{ "h4"  "H" "sp3" }
>> 	{ "h5"  "H" "sp3" }
>> 	{ "ha"  "H" "sp3" }
>> 	{ "hc"  "H" "sp3" }
>> 	{ "hn"  "H" "sp3" }
>> 	{ "ho"  "H" "sp3" }
>> 	{ "hp"  "H" "sp3" }
>> 	{ "hs"  "H" "sp3" }
>> 	{ "hw"  "H" "sp3" }
>> 	{ "hx"  "H" "sp3" }
>> 	{ "o"  "O" "sp2" }
>> 	{ "o2"  "O" "sp2" }
>> 	{ "oh"  "O" "sp3" }
>> 	{ "op"  "O" "sp3" }
>> 	{ "oq"  "O" "sp3" }
>> 	{ "os"  "O" "sp3" }
>> 	{ "ow"  "O" "sp3" }
>> 	{ "c"  "C" "sp2" }
>> 	{ "c1"  "C" "sp2" }
>> 	{ "c2"  "C" "sp2" }
>> 	{ "c3"  "C" "sp3" }
>> 	{ "ca"  "C" "sp2" }
>> 	{ "cc"  "C" "sp2" }
>> 	{ "cd"  "C" "sp2" }
>> 	{ "ce"  "C" "sp2" }
>> 	{ "cf"  "C" "sp2" }
>> 	{ "cg"  "C" "sp2" }
>> 	{ "ch"  "C" "sp2" }
>> 	{ "cp"  "C" "sp2" }
>> 	{ "cq"  "C" "sp2" }
>> 	{ "cu"  "C" "sp2" }
>> 	{ "cv"  "C" "sp2" }
>> 	{ "cx"  "C" "sp2" }
>> 	{ "cy"  "C" "sp2" }
>> 	{ "cz"  "C" "sp2" }
>> 	{ "n"   "N" "sp2" }
>> 	{ "n1"  "N" "sp2" }
>> 	{ "n2"  "N" "sp2" }
>> 	{ "n3"  "N" "sp3" }
>> 	{ "n4"  "N" "sp3" }
>> 	{ "na"  "N" "sp2" }
>> 	{ "nb"  "N" "sp2" }
>> 	{ "nc"  "N" "sp2" }
>> 	{ "nd"  "N" "sp2" }
>> 	{ "ne"  "N" "sp2" }
>> 	{ "nf"  "N" "sp2" }
>> 	{ "nh"  "N" "sp2" }
>> 	{ "ni"  "N" "sp2" }
>> 	{ "nj"  "N" "sp2" }
>> 	{ "nk"  "N" "sp3" }
>> 	{ "nl"  "N" "sp3" }
>> 	{ "nm"  "N" "sp2" }
>> 	{ "nn"  "N" "sp2" }
>> 	{ "no"  "N" "sp2" }
>> 	{ "np"  "N" "sp3" }
>> 	{ "nq"  "N" "sp3" }
>> 	{ "s"   "S" "sp2" }
>> 	{ "s2"   "S" "sp2" }
>> 	{ "s3"   "S" "sp3" }
>> 	{ "s4"   "S" "sp3" }
>> 	{ "s6"   "S" "sp3" }
>> 	{ "sh"   "S" "sp3" }
>> 	{ "sp"   "S" "sp3" }
>> 	{ "sq"   "S" "sp3" }
>> 	{ "ss"   "S" "sp3" }
>> 	{ "sx"   "S" "sp3" }
>> 	{ "sy"   "S" "sp3" }
>> 	{ "p2"   "P" "sp2" }
>> 	{ "p3"   "P" "sp3" }
>> 	{ "p4"   "P" "sp3" }
>> 	{ "p5"   "P" "sp3" }
>> 	{ "pb"   "P" "sp3" }
>> 	{ "pc"   "P" "sp3" }
>> 	{ "pd"   "P" "sp3" }
>> 	{ "pe"   "P" "sp3" }
>> 	{ "pf"   "P" "sp3" }
>> 	{ "px"   "P" "sp3" }
>> 	{ "py"   "P" "sp3" }
>> 	{ "f"   "F" "sp3" }
>> 	{ "cl"  "Cl" "sp3" }
>> 	{ "br"  "Br" "sp3" }
>> 	{ "i"   "I"  "sp3" }
>> }
>> #
>> #	Load the general force field parameter set.
>> #
>> gaff = loadamberparams gaff.dat
Loading parameters: /home/johann/miniconda3/dat/leap/parm/gaff.dat
Reading title:
AMBER General Force Field for organic molecules (Version 1.81, May 2017)
> 
> set default PBradii mbondi3
Using ArgH and AspGluO modified Bondi2 radii
> loadamberparams ./6dpz/LIGAND.frcmod
Loading parameters: ./6dpz/LIGAND.frcmod
Reading force field modification type file (frcmod)
Reading title:
Remark line goes here
> LIG = loadmol2 ./6dpz/LIGAND.mol2
Loading Mol2 file: ./6dpz/LIGAND.mol2
Reading MOLECULE named H7D
> PROT = loadpdb ./6dpz/PROTEIN.pdb
Loading PDB file: ./6dpz/PROTEIN.pdb
Matching PDB residue names to LEaP variables.
  Added missing heavy atom: .R<ACE 57>.A<CH3 2>
  Added missing heavy atom: .R<NME 65>.A<C 3>
  Added missing heavy atom: .R<ACE 66>.A<CH3 2>
  Added missing heavy atom: .R<NME 70>.A<C 3>
  Added missing heavy atom: .R<ACE 71>.A<CH3 2>
  Added missing heavy atom: .R<NME 75>.A<C 3>
  Added missing heavy atom: .R<ACE 76>.A<CH3 2>
  Added missing heavy atom: .R<NME 81>.A<C 3>
  Added missing heavy atom: .R<ACE 82>.A<CH3 2>
  Added missing heavy atom: .R<NME 84>.A<C 3>
  Added missing heavy atom: .R<ACE 85>.A<CH3 2>
  Added missing heavy atom: .R<NME 89>.A<C 3>
  Added missing heavy atom: .R<ACE 90>.A<CH3 2>
  Added missing heavy atom: .R<NME 92>.A<C 3>
  Added missing heavy atom: .R<ACE 93>.A<CH3 2>
  Added missing heavy atom: .R<NME 96>.A<C 3>
  Added missing heavy atom: .R<ACE 97>.A<CH3 2>
  Added missing heavy atom: .R<NME 108>.A<C 3>
  Added missing heavy atom: .R<ACE 109>.A<CH3 2>
  Added missing heavy atom: .R<NME 111>.A<C 3>
  Added missing heavy atom: .R<ACE 112>.A<CH3 2>
  Added missing heavy atom: .R<NME 114>.A<C 3>
  Added missing heavy atom: .R<ACE 115>.A<CH3 2>
  Added missing heavy atom: .R<NME 117>.A<C 3>
  total atoms in file: 556
  Leap added 98 missing atoms according to residue templates:
       24 Heavy
       74 H / lone pairs
> COMPLEX = combine {PROT LIG}
  Sequence: default_name
  Sequence: H7D
> saveamberparm COMPLEX ./6dpz/6dpz.top ./6dpz/6dpz.crd
Checking Unit.
Building topology.
Building atom parameters.
Building bond parameters.
Building angle parameters.
Building proper torsion parameters.
Building improper torsion parameters.
 total 133 improper torsions applied
Building H-Bond parameters.
Incorporating Non-Bonded adjustments.
Not Marking per-residue atom chain types.
Marking per-residue atom chain types.
  (Residues lacking connect0/connect1 - 
   these don't have chain types marked:

	res	total affected

	H7D	1
  )
 (no restraints)
> savepdb COMPLEX ./6dpz/6dpz.pdb
Writing pdb file: ./6dpz/6dpz.pdb
 quit
	Quit

Exiting LEaP: Errors = 0; Warnings = 0; Notes = 0.
log started: Tue May 20 02:06:47 2025

Log file: ./leap.log
>> #
>> # ----- leaprc for loading the ff19SB force field
>> # ----- NOTE: this is designed for PDB format 3!
>> #
>> #	load atom type hybridizations
>> #
>> addAtomTypes {
>> 	{ "H"   "H" "sp3" }
>> 	{ "HO"  "H" "sp3" }
>> 	{ "HS"  "H" "sp3" }
>> 	{ "H1"  "H" "sp3" }
>> 	{ "H2"  "H" "sp3" }
>> 	{ "H3"  "H" "sp3" }
>> 	{ "H4"  "H" "sp3" }
>> 	{ "H5"  "H" "sp3" }
>> 	{ "HW"  "H" "sp3" }
>> 	{ "HC"  "H" "sp3" }
>> 	{ "HA"  "H" "sp3" }
>> 	{ "HP"  "H" "sp3" }
>> 	{ "HZ"  "H" "sp3" }
>> 	{ "OH"  "O" "sp3" }
>> 	{ "OS"  "O" "sp3" }
>> 	{ "O"   "O" "sp2" }
>> 	{ "O2"  "O" "sp2" }
>> 	{ "OP"  "O" "sp2" }
>> 	{ "OW"  "O" "sp3" }
>> 	{ "CT"  "C" "sp3" }
>> 	{ "CX"  "C" "sp3" }
>> 	{ "XC"  "C" "sp3" }
>> 	{ "C8"  "C" "sp3" }
>> 	{ "2C"  "C" "sp3" }
>> 	{ "3C"  "C" "sp3" }
>> 	{ "CH"  "C" "sp3" }
>> 	{ "CS"  "C" "sp2" }
>> 	{ "C"   "C" "sp2" }
>> 	{ "CO"   "C" "sp2" }
>> 	{ "C*"  "C" "sp2" }
>> 	{ "CA"  "C" "sp2" }
>> 	{ "CB"  "C" "sp2" }
>> 	{ "CC"  "C" "sp2" }
>> 	{ "CN"  "C" "sp2" }
>> 	{ "CM"  "C" "sp2" }
>> 	{ "CK"  "C" "sp2" }
>> 	{ "CQ"  "C" "sp2" }
>> 	{ "CD"  "C" "sp2" }
>> 	{ "C5"  "C" "sp2" }
>> 	{ "C4"  "C" "sp2" }
>> 	{ "CP"  "C" "sp2" }
>> 	{ "CI"  "C" "sp3" }
>> 	{ "CJ"  "C" "sp2" }
>> 	{ "CW"  "C" "sp2" }
>> 	{ "CV"  "C" "sp2" }
>> 	{ "CR"  "C" "sp2" }
>> 	{ "CA"  "C" "sp2" }
>> 	{ "CY"  "C" "sp2" }
>> 	{ "C0"  "Ca" "sp3" }
>> 	{ "MG"  "Mg" "sp3" }
>> 	{ "N"   "N" "sp2" }
>> 	{ "NA"  "N" "sp2" }
>> 	{ "N2"  "N" "sp2" }
>> 	{ "N*"  "N" "sp2" }
>> 	{ "NP"  "N" "sp2" }
>> 	{ "NQ"  "N" "sp2" }
>> 	{ "NB"  "N" "sp2" }
>> 	{ "NC"  "N" "sp2" }
>> 	{ "NT"  "N" "sp3" }
>> 	{ "NY"  "N" "sp2" }
>> 	{ "N3"  "N" "sp3" }
>> 	{ "S"   "S" "sp3" }
>> 	{ "SH"  "S" "sp3" }
>> 	{ "P"   "P" "sp3" }
>> 	{ "LP"  ""  "sp3" }
>> 	{ "EP"  ""  "sp3" }
>> 	{ "F"   "F" "sp3" }
>> 	{ "Cl"  "Cl" "sp3" }
>> 	{ "Br"  "Br" "sp3" }
>> 	{ "I"   "I"  "sp3" }
>> }
>> #
>> #	Load the main parameter set.
>> #
>> set default cmap on
>> parm19 = loadamberparams parm19.dat
Loading parameters: /home/johann/miniconda3/dat/leap/parm/parm19.dat
Reading title:
PARM99 + frcmod.ff99SB + frcmod.parmbsc0 + OL3 for RNA + ff19SB
(UNKNOWN ATOM TYPE: Zn)
(UNKNOWN ATOM TYPE: EP)
>> frcmod19SB = loadamberparams frcmod.ff19SB
Loading parameters: /home/johann/miniconda3/dat/leap/parm/frcmod.ff19SB
Reading force field modification type file (frcmod)
Reading title:
ff19SB AA-specific backbone CMAPs for protein 07/25/2019
>> #
>> #	Load main chain and terminating amino acid libraries
>> #
>> loadOff amino19.lib
Loading library: /home/johann/miniconda3/dat/leap/lib/amino19.lib
Loading: ALA
Loading: ARG
Loading: ASH
Loading: ASN
Loading: ASP
Loading: CYM
Loading: CYS
Loading: CYX
Loading: GLH
Loading: GLN
Loading: GLU
Loading: GLY
Loading: HID
Loading: HIE
Loading: HIP
Loading: HYP
Loading: ILE
Loading: LEU
Loading: LYN
Loading: LYS
Loading: MET
Loading: PHE
Loading: PRO
Loading: SER
Loading: THR
Loading: TRP
Loading: TYR
Loading: VAL
>> loadOff aminoct12.lib
Loading library: /home/johann/miniconda3/dat/leap/lib/aminoct12.lib
Loading: CALA
Loading: CARG
Loading: CASN
Loading: CASP
Loading: CCYS
Loading: CCYX
Loading: CGLN
Loading: CGLU
Loading: CGLY
Loading: CHID
Loading: CHIE
Loading: CHIP
Loading: CHYP
Loading: CILE
Loading: CLEU
Loading: CLYS
Loading: CMET
Loading: CPHE
Loading: CPRO
Loading: CSER
Loading: CTHR
Loading: CTRP
Loading: CTYR
Loading: CVAL
Loading: NHE
Loading: NME
>> loadOff aminont12.lib
Loading library: /home/johann/miniconda3/dat/leap/lib/aminont12.lib
Loading: ACE
Loading: NALA
Loading: NARG
Loading: NASN
Loading: NASP
Loading: NCYS
Loading: NCYX
Loading: NGLN
Loading: NGLU
Loading: NGLY
Loading: NHID
Loading: NHIE
Loading: NHIP
Loading: NILE
Loading: NLEU
Loading: NLYS
Loading: NMET
Loading: NPHE
Loading: NPRO
Loading: NSER
Loading: NTHR
Loading: NTRP
Loading: NTYR
Loading: NVAL
>> 
>> #
>> #	Define the PDB name map for the amino acids
>> #
>> addPdbResMap {
>>   { 0 "HYP" "NHYP" } { 1 "HYP" "CHYP" }
>>   { 0 "ALA" "NALA" } { 1 "ALA" "CALA" }
>>   { 0 "ARG" "NARG" } { 1 "ARG" "CARG" }
>>   { 0 "ASN" "NASN" } { 1 "ASN" "CASN" }
>>   { 0 "ASP" "NASP" } { 1 "ASP" "CASP" }
>>   { 0 "CYS" "NCYS" } { 1 "CYS" "CCYS" }
>>   { 0 "CYX" "NCYX" } { 1 "CYX" "CCYX" }
>>   { 0 "GLN" "NGLN" } { 1 "GLN" "CGLN" }
>>   { 0 "GLU" "NGLU" } { 1 "GLU" "CGLU" }
>>   { 0 "GLY" "NGLY" } { 1 "GLY" "CGLY" }
>>   { 0 "HID" "NHID" } { 1 "HID" "CHID" }
>>   { 0 "HIE" "NHIE" } { 1 "HIE" "CHIE" }
>>   { 0 "HIP" "NHIP" } { 1 "HIP" "CHIP" }
>>   { 0 "ILE" "NILE" } { 1 "ILE" "CILE" }
>>   { 0 "LEU" "NLEU" } { 1 "LEU" "CLEU" }
>>   { 0 "LYS" "NLYS" } { 1 "LYS" "CLYS" }
>>   { 0 "MET" "NMET" } { 1 "MET" "CMET" }
>>   { 0 "PHE" "NPHE" } { 1 "PHE" "CPHE" }
>>   { 0 "PRO" "NPRO" } { 1 "PRO" "CPRO" }
>>   { 0 "SER" "NSER" } { 1 "SER" "CSER" }
>>   { 0 "THR" "NTHR" } { 1 "THR" "CTHR" }
>>   { 0 "TRP" "NTRP" } { 1 "TRP" "CTRP" }
>>   { 0 "TYR" "NTYR" } { 1 "TYR" "CTYR" }
>>   { 0 "VAL" "NVAL" } { 1 "VAL" "CVAL" }
>>   { 0 "HIS" "NHIS" } { 1 "HIS" "CHIS" }
>> }
>> 
>> #
>> # assume that most often proteins use HIE
>> #
>> NHIS = NHIE
>> HIS = HIE
>> CHIS = CHIE
> 
> source leaprc.gaff
----- Source: /home/johann/miniconda3/dat/leap/cmd/leaprc.gaff
----- Source of /home/johann/miniconda3/dat/leap/cmd/leaprc.gaff done
>> logFile leap.log
log started: Tue May 20 02:06:48 2025

Log file: ./leap.log
>> #
>> # ----- leaprc for loading the general Amber Force field.
>> #       This file is mostly for use with Antechamber
>> #
>> #	load atom type hybridizations
>> #
>> addAtomTypes {
>> 	{ "h1"  "H" "sp3" }
>> 	{ "h2"  "H" "sp3" }
>> 	{ "h3"  "H" "sp3" }
>> 	{ "h4"  "H" "sp3" }
>> 	{ "h5"  "H" "sp3" }
>> 	{ "ha"  "H" "sp3" }
>> 	{ "hc"  "H" "sp3" }
>> 	{ "hn"  "H" "sp3" }
>> 	{ "ho"  "H" "sp3" }
>> 	{ "hp"  "H" "sp3" }
>> 	{ "hs"  "H" "sp3" }
>> 	{ "hw"  "H" "sp3" }
>> 	{ "hx"  "H" "sp3" }
>> 	{ "o"  "O" "sp2" }
>> 	{ "o2"  "O" "sp2" }
>> 	{ "oh"  "O" "sp3" }
>> 	{ "op"  "O" "sp3" }
>> 	{ "oq"  "O" "sp3" }
>> 	{ "os"  "O" "sp3" }
>> 	{ "ow"  "O" "sp3" }
>> 	{ "c"  "C" "sp2" }
>> 	{ "c1"  "C" "sp2" }
>> 	{ "c2"  "C" "sp2" }
>> 	{ "c3"  "C" "sp3" }
>> 	{ "ca"  "C" "sp2" }
>> 	{ "cc"  "C" "sp2" }
>> 	{ "cd"  "C" "sp2" }
>> 	{ "ce"  "C" "sp2" }
>> 	{ "cf"  "C" "sp2" }
>> 	{ "cg"  "C" "sp2" }
>> 	{ "ch"  "C" "sp2" }
>> 	{ "cp"  "C" "sp2" }
>> 	{ "cq"  "C" "sp2" }
>> 	{ "cu"  "C" "sp2" }
>> 	{ "cv"  "C" "sp2" }
>> 	{ "cx"  "C" "sp2" }
>> 	{ "cy"  "C" "sp2" }
>> 	{ "cz"  "C" "sp2" }
>> 	{ "n"   "N" "sp2" }
>> 	{ "n1"  "N" "sp2" }
>> 	{ "n2"  "N" "sp2" }
>> 	{ "n3"  "N" "sp3" }
>> 	{ "n4"  "N" "sp3" }
>> 	{ "na"  "N" "sp2" }
>> 	{ "nb"  "N" "sp2" }
>> 	{ "nc"  "N" "sp2" }
>> 	{ "nd"  "N" "sp2" }
>> 	{ "ne"  "N" "sp2" }
>> 	{ "nf"  "N" "sp2" }
>> 	{ "nh"  "N" "sp2" }
>> 	{ "ni"  "N" "sp2" }
>> 	{ "nj"  "N" "sp2" }
>> 	{ "nk"  "N" "sp3" }
>> 	{ "nl"  "N" "sp3" }
>> 	{ "nm"  "N" "sp2" }
>> 	{ "nn"  "N" "sp2" }
>> 	{ "no"  "N" "sp2" }
>> 	{ "np"  "N" "sp3" }
>> 	{ "nq"  "N" "sp3" }
>> 	{ "s"   "S" "sp2" }
>> 	{ "s2"   "S" "sp2" }
>> 	{ "s3"   "S" "sp3" }
>> 	{ "s4"   "S" "sp3" }
>> 	{ "s6"   "S" "sp3" }
>> 	{ "sh"   "S" "sp3" }
>> 	{ "sp"   "S" "sp3" }
>> 	{ "sq"   "S" "sp3" }
>> 	{ "ss"   "S" "sp3" }
>> 	{ "sx"   "S" "sp3" }
>> 	{ "sy"   "S" "sp3" }
>> 	{ "p2"   "P" "sp2" }
>> 	{ "p3"   "P" "sp3" }
>> 	{ "p4"   "P" "sp3" }
>> 	{ "p5"   "P" "sp3" }
>> 	{ "pb"   "P" "sp3" }
>> 	{ "pc"   "P" "sp3" }
>> 	{ "pd"   "P" "sp3" }
>> 	{ "pe"   "P" "sp3" }
>> 	{ "pf"   "P" "sp3" }
>> 	{ "px"   "P" "sp3" }
>> 	{ "py"   "P" "sp3" }
>> 	{ "f"   "F" "sp3" }
>> 	{ "cl"  "Cl" "sp3" }
>> 	{ "br"  "Br" "sp3" }
>> 	{ "i"   "I"  "sp3" }
>> }
>> #
>> #	Load the general force field parameter set.
>> #
>> gaff = loadamberparams gaff.dat
Loading parameters: /home/johann/miniconda3/dat/leap/parm/gaff.dat
Reading title:
AMBER General Force Field for organic molecules (Version 1.81, May 2017)
> 
> set default PBradii mbondi3
Using ArgH and AspGluO modified Bondi2 radii
> loadamberparams ./6dy7/LIGAND.frcmod
Loading parameters: ./6dy7/LIGAND.frcmod
Reading force field modification type file (frcmod)
Reading title:
Remark line goes here
> LIG = loadmol2 ./6dy7/LIGAND.mol2
Loading Mol2 file: ./6dy7/LIGAND.mol2
Reading MOLECULE named HH7
> PROT = loadpdb ./6dy7/PROTEIN.pdb
Loading PDB file: ./6dy7/PROTEIN.pdb
Matching PDB residue names to LEaP variables.
  Added missing heavy atom: .R<ACE 15>.A<CH3 2>
  Added missing heavy atom: .R<NME 23>.A<C 3>
  Added missing heavy atom: .R<ACE 24>.A<CH3 2>
  Added missing heavy atom: .R<NME 29>.A<C 3>
  Added missing heavy atom: .R<ACE 30>.A<CH3 2>
  Added missing heavy atom: .R<NME 35>.A<C 3>
  Added missing heavy atom: .R<ACE 36>.A<CH3 2>
  Added missing heavy atom: .R<NME 40>.A<C 3>
  Added missing heavy atom: .R<ACE 41>.A<CH3 2>
  Added missing heavy atom: .R<NME 47>.A<C 3>
  Added missing heavy atom: .R<ACE 48>.A<CH3 2>
  Added missing heavy atom: .R<NME 50>.A<C 3>
  Added missing heavy atom: .R<ACE 51>.A<CH3 2>
  Added missing heavy atom: .R<NME 56>.A<C 3>
  Added missing heavy atom: .R<ACE 57>.A<CH3 2>
  Added missing heavy atom: .R<NME 61>.A<C 3>
  Added missing heavy atom: .R<ACE 62>.A<CH3 2>
  Added missing heavy atom: .R<NME 66>.A<C 3>
  Added missing heavy atom: .R<ACE 67>.A<CH3 2>
Created a new atom named: CA within residue: .R<NME 72>
Created a new atom named: HA within residue: .R<NME 72>
Created a new atom named: CB within residue: .R<NME 72>
Created a new atom named: HB2 within residue: .R<NME 72>
Created a new atom named: HB3 within residue: .R<NME 72>
Created a new atom named: CG within residue: .R<NME 72>
Created a new atom named: CD1 within residue: .R<NME 72>
Created a new atom named: HD1 within residue: .R<NME 72>
Created a new atom named: CE1 within residue: .R<NME 72>
Created a new atom named: HE1 within residue: .R<NME 72>
Created a new atom named: CZ within residue: .R<NME 72>
Created a new atom named: HZ within residue: .R<NME 72>
Created a new atom named: CE2 within residue: .R<NME 72>
Created a new atom named: HE2 within residue: .R<NME 72>
Created a new atom named: CD2 within residue: .R<NME 72>
Created a new atom named: HD2 within residue: .R<NME 72>
Created a new atom named: O within residue: .R<NME 72>

/home/johann/miniconda3/bin/teLeap: Warning!
One sided connection. Residue (default_name) missing connect1 atom.
  Added missing heavy atom: .R<NME 74>.A<C 3>
  Added missing heavy atom: .R<ACE 75>.A<CH3 2>
  Added missing heavy atom: .R<NME 78>.A<C 3>
  Added missing heavy atom: .R<ACE 79>.A<CH3 2>
  Added missing heavy atom: .R<NME 83>.A<C 3>
  total atoms in file: 690
  Leap added 99 missing atoms according to residue templates:
       24 Heavy
       75 H / lone pairs
  The file contained 17 atoms not in residue templates
> COMPLEX = combine {PROT LIG}
  Sequence: default_name
  Sequence: HH7
> saveamberparm COMPLEX ./6dy7/6dy7.top ./6dy7/6dy7.crd
Checking Unit.

/home/johann/miniconda3/bin/teLeap: Warning!
The unperturbed charge of the unit (-1.002000) is not zero.
FATAL:  Atom .R<NME 72>.A<O 23> does not have a type.
FATAL:  Atom .R<NME 72>.A<HD2 22> does not have a type.
FATAL:  Atom .R<NME 72>.A<CD2 21> does not have a type.
FATAL:  Atom .R<NME 72>.A<HE2 20> does not have a type.
FATAL:  Atom .R<NME 72>.A<CE2 19> does not have a type.
FATAL:  Atom .R<NME 72>.A<HZ 18> does not have a type.
FATAL:  Atom .R<NME 72>.A<CZ 17> does not have a type.
FATAL:  Atom .R<NME 72>.A<HE1 16> does not have a type.
FATAL:  Atom .R<NME 72>.A<CE1 15> does not have a type.
FATAL:  Atom .R<NME 72>.A<HD1 14> does not have a type.
FATAL:  Atom .R<NME 72>.A<CD1 13> does not have a type.
FATAL:  Atom .R<NME 72>.A<CG 12> does not have a type.
FATAL:  Atom .R<NME 72>.A<HB3 11> does not have a type.
FATAL:  Atom .R<NME 72>.A<HB2 10> does not have a type.
FATAL:  Atom .R<NME 72>.A<CB 9> does not have a type.
FATAL:  Atom .R<NME 72>.A<HA 8> does not have a type.
FATAL:  Atom .R<NME 72>.A<CA 7> does not have a type.

/home/johann/miniconda3/bin/teLeap: Fatal Error!
Failed to generate parameters

Exiting LEaP: Errors = 1; Warnings = 2; Notes = 0.
log started: Tue May 20 02:13:45 2025

Log file: ./leap.log
>> #
>> # ----- leaprc for loading the ff19SB force field
>> # ----- NOTE: this is designed for PDB format 3!
>> #
>> #	load atom type hybridizations
>> #
>> addAtomTypes {
>> 	{ "H"   "H" "sp3" }
>> 	{ "HO"  "H" "sp3" }
>> 	{ "HS"  "H" "sp3" }
>> 	{ "H1"  "H" "sp3" }
>> 	{ "H2"  "H" "sp3" }
>> 	{ "H3"  "H" "sp3" }
>> 	{ "H4"  "H" "sp3" }
>> 	{ "H5"  "H" "sp3" }
>> 	{ "HW"  "H" "sp3" }
>> 	{ "HC"  "H" "sp3" }
>> 	{ "HA"  "H" "sp3" }
>> 	{ "HP"  "H" "sp3" }
>> 	{ "HZ"  "H" "sp3" }
>> 	{ "OH"  "O" "sp3" }
>> 	{ "OS"  "O" "sp3" }
>> 	{ "O"   "O" "sp2" }
>> 	{ "O2"  "O" "sp2" }
>> 	{ "OP"  "O" "sp2" }
>> 	{ "OW"  "O" "sp3" }
>> 	{ "CT"  "C" "sp3" }
>> 	{ "CX"  "C" "sp3" }
>> 	{ "XC"  "C" "sp3" }
>> 	{ "C8"  "C" "sp3" }
>> 	{ "2C"  "C" "sp3" }
>> 	{ "3C"  "C" "sp3" }
>> 	{ "CH"  "C" "sp3" }
>> 	{ "CS"  "C" "sp2" }
>> 	{ "C"   "C" "sp2" }
>> 	{ "CO"   "C" "sp2" }
>> 	{ "C*"  "C" "sp2" }
>> 	{ "CA"  "C" "sp2" }
>> 	{ "CB"  "C" "sp2" }
>> 	{ "CC"  "C" "sp2" }
>> 	{ "CN"  "C" "sp2" }
>> 	{ "CM"  "C" "sp2" }
>> 	{ "CK"  "C" "sp2" }
>> 	{ "CQ"  "C" "sp2" }
>> 	{ "CD"  "C" "sp2" }
>> 	{ "C5"  "C" "sp2" }
>> 	{ "C4"  "C" "sp2" }
>> 	{ "CP"  "C" "sp2" }
>> 	{ "CI"  "C" "sp3" }
>> 	{ "CJ"  "C" "sp2" }
>> 	{ "CW"  "C" "sp2" }
>> 	{ "CV"  "C" "sp2" }
>> 	{ "CR"  "C" "sp2" }
>> 	{ "CA"  "C" "sp2" }
>> 	{ "CY"  "C" "sp2" }
>> 	{ "C0"  "Ca" "sp3" }
>> 	{ "MG"  "Mg" "sp3" }
>> 	{ "N"   "N" "sp2" }
>> 	{ "NA"  "N" "sp2" }
>> 	{ "N2"  "N" "sp2" }
>> 	{ "N*"  "N" "sp2" }
>> 	{ "NP"  "N" "sp2" }
>> 	{ "NQ"  "N" "sp2" }
>> 	{ "NB"  "N" "sp2" }
>> 	{ "NC"  "N" "sp2" }
>> 	{ "NT"  "N" "sp3" }
>> 	{ "NY"  "N" "sp2" }
>> 	{ "N3"  "N" "sp3" }
>> 	{ "S"   "S" "sp3" }
>> 	{ "SH"  "S" "sp3" }
>> 	{ "P"   "P" "sp3" }
>> 	{ "LP"  ""  "sp3" }
>> 	{ "EP"  ""  "sp3" }
>> 	{ "F"   "F" "sp3" }
>> 	{ "Cl"  "Cl" "sp3" }
>> 	{ "Br"  "Br" "sp3" }
>> 	{ "I"   "I"  "sp3" }
>> }
>> #
>> #	Load the main parameter set.
>> #
>> set default cmap on
>> parm19 = loadamberparams parm19.dat
Loading parameters: /home/johann/miniconda3/dat/leap/parm/parm19.dat
Reading title:
PARM99 + frcmod.ff99SB + frcmod.parmbsc0 + OL3 for RNA + ff19SB
(UNKNOWN ATOM TYPE: Zn)
(UNKNOWN ATOM TYPE: EP)
>> frcmod19SB = loadamberparams frcmod.ff19SB
Loading parameters: /home/johann/miniconda3/dat/leap/parm/frcmod.ff19SB
Reading force field modification type file (frcmod)
Reading title:
ff19SB AA-specific backbone CMAPs for protein 07/25/2019
>> #
>> #	Load main chain and terminating amino acid libraries
>> #
>> loadOff amino19.lib
Loading library: /home/johann/miniconda3/dat/leap/lib/amino19.lib
Loading: ALA
Loading: ARG
Loading: ASH
Loading: ASN
Loading: ASP
Loading: CYM
Loading: CYS
Loading: CYX
Loading: GLH
Loading: GLN
Loading: GLU
Loading: GLY
Loading: HID
Loading: HIE
Loading: HIP
Loading: HYP
Loading: ILE
Loading: LEU
Loading: LYN
Loading: LYS
Loading: MET
Loading: PHE
Loading: PRO
Loading: SER
Loading: THR
Loading: TRP
Loading: TYR
Loading: VAL
>> loadOff aminoct12.lib
Loading library: /home/johann/miniconda3/dat/leap/lib/aminoct12.lib
Loading: CALA
Loading: CARG
Loading: CASN
Loading: CASP
Loading: CCYS
Loading: CCYX
Loading: CGLN
Loading: CGLU
Loading: CGLY
Loading: CHID
Loading: CHIE
Loading: CHIP
Loading: CHYP
Loading: CILE
Loading: CLEU
Loading: CLYS
Loading: CMET
Loading: CPHE
Loading: CPRO
Loading: CSER
Loading: CTHR
Loading: CTRP
Loading: CTYR
Loading: CVAL
Loading: NHE
Loading: NME
>> loadOff aminont12.lib
Loading library: /home/johann/miniconda3/dat/leap/lib/aminont12.lib
Loading: ACE
Loading: NALA
Loading: NARG
Loading: NASN
Loading: NASP
Loading: NCYS
Loading: NCYX
Loading: NGLN
Loading: NGLU
Loading: NGLY
Loading: NHID
Loading: NHIE
Loading: NHIP
Loading: NILE
Loading: NLEU
Loading: NLYS
Loading: NMET
Loading: NPHE
Loading: NPRO
Loading: NSER
Loading: NTHR
Loading: NTRP
Loading: NTYR
Loading: NVAL
>> 
>> #
>> #	Define the PDB name map for the amino acids
>> #
>> addPdbResMap {
>>   { 0 "HYP" "NHYP" } { 1 "HYP" "CHYP" }
>>   { 0 "ALA" "NALA" } { 1 "ALA" "CALA" }
>>   { 0 "ARG" "NARG" } { 1 "ARG" "CARG" }
>>   { 0 "ASN" "NASN" } { 1 "ASN" "CASN" }
>>   { 0 "ASP" "NASP" } { 1 "ASP" "CASP" }
>>   { 0 "CYS" "NCYS" } { 1 "CYS" "CCYS" }
>>   { 0 "CYX" "NCYX" } { 1 "CYX" "CCYX" }
>>   { 0 "GLN" "NGLN" } { 1 "GLN" "CGLN" }
>>   { 0 "GLU" "NGLU" } { 1 "GLU" "CGLU" }
>>   { 0 "GLY" "NGLY" } { 1 "GLY" "CGLY" }
>>   { 0 "HID" "NHID" } { 1 "HID" "CHID" }
>>   { 0 "HIE" "NHIE" } { 1 "HIE" "CHIE" }
>>   { 0 "HIP" "NHIP" } { 1 "HIP" "CHIP" }
>>   { 0 "ILE" "NILE" } { 1 "ILE" "CILE" }
>>   { 0 "LEU" "NLEU" } { 1 "LEU" "CLEU" }
>>   { 0 "LYS" "NLYS" } { 1 "LYS" "CLYS" }
>>   { 0 "MET" "NMET" } { 1 "MET" "CMET" }
>>   { 0 "PHE" "NPHE" } { 1 "PHE" "CPHE" }
>>   { 0 "PRO" "NPRO" } { 1 "PRO" "CPRO" }
>>   { 0 "SER" "NSER" } { 1 "SER" "CSER" }
>>   { 0 "THR" "NTHR" } { 1 "THR" "CTHR" }
>>   { 0 "TRP" "NTRP" } { 1 "TRP" "CTRP" }
>>   { 0 "TYR" "NTYR" } { 1 "TYR" "CTYR" }
>>   { 0 "VAL" "NVAL" } { 1 "VAL" "CVAL" }
>>   { 0 "HIS" "NHIS" } { 1 "HIS" "CHIS" }
>> }
>> 
>> #
>> # assume that most often proteins use HIE
>> #
>> NHIS = NHIE
>> HIS = HIE
>> CHIS = CHIE
> 
> source leaprc.gaff
----- Source: /home/johann/miniconda3/dat/leap/cmd/leaprc.gaff
----- Source of /home/johann/miniconda3/dat/leap/cmd/leaprc.gaff done
>> logFile leap.log
log started: Tue May 20 02:13:45 2025

Log file: ./leap.log
>> #
>> # ----- leaprc for loading the general Amber Force field.
>> #       This file is mostly for use with Antechamber
>> #
>> #	load atom type hybridizations
>> #
>> addAtomTypes {
>> 	{ "h1"  "H" "sp3" }
>> 	{ "h2"  "H" "sp3" }
>> 	{ "h3"  "H" "sp3" }
>> 	{ "h4"  "H" "sp3" }
>> 	{ "h5"  "H" "sp3" }
>> 	{ "ha"  "H" "sp3" }
>> 	{ "hc"  "H" "sp3" }
>> 	{ "hn"  "H" "sp3" }
>> 	{ "ho"  "H" "sp3" }
>> 	{ "hp"  "H" "sp3" }
>> 	{ "hs"  "H" "sp3" }
>> 	{ "hw"  "H" "sp3" }
>> 	{ "hx"  "H" "sp3" }
>> 	{ "o"  "O" "sp2" }
>> 	{ "o2"  "O" "sp2" }
>> 	{ "oh"  "O" "sp3" }
>> 	{ "op"  "O" "sp3" }
>> 	{ "oq"  "O" "sp3" }
>> 	{ "os"  "O" "sp3" }
>> 	{ "ow"  "O" "sp3" }
>> 	{ "c"  "C" "sp2" }
>> 	{ "c1"  "C" "sp2" }
>> 	{ "c2"  "C" "sp2" }
>> 	{ "c3"  "C" "sp3" }
>> 	{ "ca"  "C" "sp2" }
>> 	{ "cc"  "C" "sp2" }
>> 	{ "cd"  "C" "sp2" }
>> 	{ "ce"  "C" "sp2" }
>> 	{ "cf"  "C" "sp2" }
>> 	{ "cg"  "C" "sp2" }
>> 	{ "ch"  "C" "sp2" }
>> 	{ "cp"  "C" "sp2" }
>> 	{ "cq"  "C" "sp2" }
>> 	{ "cu"  "C" "sp2" }
>> 	{ "cv"  "C" "sp2" }
>> 	{ "cx"  "C" "sp2" }
>> 	{ "cy"  "C" "sp2" }
>> 	{ "cz"  "C" "sp2" }
>> 	{ "n"   "N" "sp2" }
>> 	{ "n1"  "N" "sp2" }
>> 	{ "n2"  "N" "sp2" }
>> 	{ "n3"  "N" "sp3" }
>> 	{ "n4"  "N" "sp3" }
>> 	{ "na"  "N" "sp2" }
>> 	{ "nb"  "N" "sp2" }
>> 	{ "nc"  "N" "sp2" }
>> 	{ "nd"  "N" "sp2" }
>> 	{ "ne"  "N" "sp2" }
>> 	{ "nf"  "N" "sp2" }
>> 	{ "nh"  "N" "sp2" }
>> 	{ "ni"  "N" "sp2" }
>> 	{ "nj"  "N" "sp2" }
>> 	{ "nk"  "N" "sp3" }
>> 	{ "nl"  "N" "sp3" }
>> 	{ "nm"  "N" "sp2" }
>> 	{ "nn"  "N" "sp2" }
>> 	{ "no"  "N" "sp2" }
>> 	{ "np"  "N" "sp3" }
>> 	{ "nq"  "N" "sp3" }
>> 	{ "s"   "S" "sp2" }
>> 	{ "s2"   "S" "sp2" }
>> 	{ "s3"   "S" "sp3" }
>> 	{ "s4"   "S" "sp3" }
>> 	{ "s6"   "S" "sp3" }
>> 	{ "sh"   "S" "sp3" }
>> 	{ "sp"   "S" "sp3" }
>> 	{ "sq"   "S" "sp3" }
>> 	{ "ss"   "S" "sp3" }
>> 	{ "sx"   "S" "sp3" }
>> 	{ "sy"   "S" "sp3" }
>> 	{ "p2"   "P" "sp2" }
>> 	{ "p3"   "P" "sp3" }
>> 	{ "p4"   "P" "sp3" }
>> 	{ "p5"   "P" "sp3" }
>> 	{ "pb"   "P" "sp3" }
>> 	{ "pc"   "P" "sp3" }
>> 	{ "pd"   "P" "sp3" }
>> 	{ "pe"   "P" "sp3" }
>> 	{ "pf"   "P" "sp3" }
>> 	{ "px"   "P" "sp3" }
>> 	{ "py"   "P" "sp3" }
>> 	{ "f"   "F" "sp3" }
>> 	{ "cl"  "Cl" "sp3" }
>> 	{ "br"  "Br" "sp3" }
>> 	{ "i"   "I"  "sp3" }
>> }
>> #
>> #	Load the general force field parameter set.
>> #
>> gaff = loadamberparams gaff.dat
Loading parameters: /home/johann/miniconda3/dat/leap/parm/gaff.dat
Reading title:
AMBER General Force Field for organic molecules (Version 1.81, May 2017)
> 
> set default PBradii mbondi3
Using ArgH and AspGluO modified Bondi2 radii
> loadamberparams ./6oqc/LIGAND.frcmod
Loading parameters: ./6oqc/LIGAND.frcmod
Reading force field modification type file (frcmod)
Reading title:
Remark line goes here
> LIG = loadmol2 ./6oqc/LIGAND.mol2
Loading Mol2 file: ./6oqc/LIGAND.mol2
Reading MOLECULE named N0S
> PROT = loadpdb ./6oqc/PROTEIN.pdb
Loading PDB file: ./6oqc/PROTEIN.pdb
Matching PDB residue names to LEaP variables.
  Added missing heavy atom: .R<ACE 15>.A<CH3 2>
  Added missing heavy atom: .R<NME 17>.A<C 3>
  Added missing heavy atom: .R<ACE 18>.A<CH3 2>
  Added missing heavy atom: .R<NME 20>.A<C 3>
  Added missing heavy atom: .R<ACE 21>.A<CH3 2>
  Added missing heavy atom: .R<NME 37>.A<C 3>
  Added missing heavy atom: .R<ACE 38>.A<CH3 2>
  Added missing heavy atom: .R<NME 52>.A<C 3>
  Added missing heavy atom: .R<ACE 53>.A<CH3 2>
  Added missing heavy atom: .R<NME 72>.A<C 3>
  Added missing heavy atom: .R<ACE 73>.A<CH3 2>
  Added missing heavy atom: .R<NME 75>.A<C 3>
  Added missing heavy atom: .R<ACE 76>.A<CH3 2>
  Added missing heavy atom: .R<NME 82>.A<C 3>
  Added missing heavy atom: .R<ACE 83>.A<CH3 2>
  Added missing heavy atom: .R<NME 85>.A<C 3>
  total atoms in file: 921
  Leap added 64 missing atoms according to residue templates:
       16 Heavy
       48 H / lone pairs
> COMPLEX = combine {PROT LIG}
  Sequence: default_name
  Sequence: N0S
> saveamberparm COMPLEX ./6oqc/6oqc.top ./6oqc/6oqc.crd
Checking Unit.

/home/johann/miniconda3/bin/teLeap: Warning!
The unperturbed charge of the unit (1.995001) is not zero.

/home/johann/miniconda3/bin/teLeap: Note.
Ignoring the warning from Unit Checking.

Building topology.
Building atom parameters.
Building bond parameters.
Building angle parameters.
Building proper torsion parameters.

/home/johann/miniconda3/bin/teLeap: Note.
1-4: angle 1055 1060 duplicates bond ('triangular' bond) or angle ('square' bond)


/home/johann/miniconda3/bin/teLeap: Note.
1-4: angle 1053 1057 duplicates bond ('triangular' bond) or angle ('square' bond)

Building improper torsion parameters.
 ** Warning: No sp2 improper torsion term for  cy-cy-cy-hc
        atoms are: C22 C28 C29 H21
 ** Warning: No sp2 improper torsion term for  cy-cy-cy-hc
        atoms are: C22 C28 C29 H22
 ** Warning: No sp2 improper torsion term for  cy-hc-cy-hc
        atoms are: C22 H21 C29 H22
 ** Warning: No sp2 improper torsion term for  cy-hc-cy-hc
        atoms are: C28 H21 C29 H22
 ** Warning: No sp2 improper torsion term for  cy-hc-cy-hc
        atoms are: C21 H19 C28 H20
 ** Warning: No sp2 improper torsion term for  cy-hc-cy-cy
        atoms are: C21 H19 C28 C29
 ** Warning: No sp2 improper torsion term for  cy-hc-cy-cy
        atoms are: C21 H20 C28 C29
 ** Warning: No sp2 improper torsion term for  hc-hc-cy-cy
        atoms are: H19 H20 C28 C29
 ** Warning: No sp2 improper torsion term for  c3-cy-cy-hc
        atoms are: C20 C22 C21 H18
 ** Warning: No sp2 improper torsion term for  c3-cy-cy-cy
        atoms are: C20 C22 C21 C28
 ** Warning: No sp2 improper torsion term for  c3-hc-cy-cy
        atoms are: C20 H18 C21 C28
 ** Warning: No sp2 improper torsion term for  cy-hc-cy-cy
        atoms are: C22 H18 C21 C28
 ** Warning: No sp2 improper torsion term for  c3-hc-cy-cy
        atoms are: C27 H23 C22 C21
 ** Warning: No sp2 improper torsion term for  c3-hc-cy-cy
        atoms are: C27 H23 C22 C29
 ** Warning: No sp2 improper torsion term for  c3-cy-cy-cy
        atoms are: C27 C21 C22 C29
 ** Warning: No sp2 improper torsion term for  hc-cy-cy-cy
        atoms are: H23 C21 C22 C29
 total 205 improper torsions applied
Building H-Bond parameters.
Incorporating Non-Bonded adjustments.
Not Marking per-residue atom chain types.
Marking per-residue atom chain types.
  (Residues lacking connect0/connect1 - 
   these don't have chain types marked:

	res	total affected

	N0S	1
  )
 (no restraints)
> savepdb COMPLEX ./6oqc/6oqc.pdb
Writing pdb file: ./6oqc/6oqc.pdb
 quit
	Quit

Exiting LEaP: Errors = 0; Warnings = 1; Notes = 3.
log started: Tue May 20 02:17:07 2025

Log file: ./leap.log
>> #
>> # ----- leaprc for loading the ff19SB force field
>> # ----- NOTE: this is designed for PDB format 3!
>> #
>> #	load atom type hybridizations
>> #
>> addAtomTypes {
>> 	{ "H"   "H" "sp3" }
>> 	{ "HO"  "H" "sp3" }
>> 	{ "HS"  "H" "sp3" }
>> 	{ "H1"  "H" "sp3" }
>> 	{ "H2"  "H" "sp3" }
>> 	{ "H3"  "H" "sp3" }
>> 	{ "H4"  "H" "sp3" }
>> 	{ "H5"  "H" "sp3" }
>> 	{ "HW"  "H" "sp3" }
>> 	{ "HC"  "H" "sp3" }
>> 	{ "HA"  "H" "sp3" }
>> 	{ "HP"  "H" "sp3" }
>> 	{ "HZ"  "H" "sp3" }
>> 	{ "OH"  "O" "sp3" }
>> 	{ "OS"  "O" "sp3" }
>> 	{ "O"   "O" "sp2" }
>> 	{ "O2"  "O" "sp2" }
>> 	{ "OP"  "O" "sp2" }
>> 	{ "OW"  "O" "sp3" }
>> 	{ "CT"  "C" "sp3" }
>> 	{ "CX"  "C" "sp3" }
>> 	{ "XC"  "C" "sp3" }
>> 	{ "C8"  "C" "sp3" }
>> 	{ "2C"  "C" "sp3" }
>> 	{ "3C"  "C" "sp3" }
>> 	{ "CH"  "C" "sp3" }
>> 	{ "CS"  "C" "sp2" }
>> 	{ "C"   "C" "sp2" }
>> 	{ "CO"   "C" "sp2" }
>> 	{ "C*"  "C" "sp2" }
>> 	{ "CA"  "C" "sp2" }
>> 	{ "CB"  "C" "sp2" }
>> 	{ "CC"  "C" "sp2" }
>> 	{ "CN"  "C" "sp2" }
>> 	{ "CM"  "C" "sp2" }
>> 	{ "CK"  "C" "sp2" }
>> 	{ "CQ"  "C" "sp2" }
>> 	{ "CD"  "C" "sp2" }
>> 	{ "C5"  "C" "sp2" }
>> 	{ "C4"  "C" "sp2" }
>> 	{ "CP"  "C" "sp2" }
>> 	{ "CI"  "C" "sp3" }
>> 	{ "CJ"  "C" "sp2" }
>> 	{ "CW"  "C" "sp2" }
>> 	{ "CV"  "C" "sp2" }
>> 	{ "CR"  "C" "sp2" }
>> 	{ "CA"  "C" "sp2" }
>> 	{ "CY"  "C" "sp2" }
>> 	{ "C0"  "Ca" "sp3" }
>> 	{ "MG"  "Mg" "sp3" }
>> 	{ "N"   "N" "sp2" }
>> 	{ "NA"  "N" "sp2" }
>> 	{ "N2"  "N" "sp2" }
>> 	{ "N*"  "N" "sp2" }
>> 	{ "NP"  "N" "sp2" }
>> 	{ "NQ"  "N" "sp2" }
>> 	{ "NB"  "N" "sp2" }
>> 	{ "NC"  "N" "sp2" }
>> 	{ "NT"  "N" "sp3" }
>> 	{ "NY"  "N" "sp2" }
>> 	{ "N3"  "N" "sp3" }
>> 	{ "S"   "S" "sp3" }
>> 	{ "SH"  "S" "sp3" }
>> 	{ "P"   "P" "sp3" }
>> 	{ "LP"  ""  "sp3" }
>> 	{ "EP"  ""  "sp3" }
>> 	{ "F"   "F" "sp3" }
>> 	{ "Cl"  "Cl" "sp3" }
>> 	{ "Br"  "Br" "sp3" }
>> 	{ "I"   "I"  "sp3" }
>> }
>> #
>> #	Load the main parameter set.
>> #
>> set default cmap on
>> parm19 = loadamberparams parm19.dat
Loading parameters: /home/johann/miniconda3/dat/leap/parm/parm19.dat
Reading title:
PARM99 + frcmod.ff99SB + frcmod.parmbsc0 + OL3 for RNA + ff19SB
(UNKNOWN ATOM TYPE: Zn)
(UNKNOWN ATOM TYPE: EP)
>> frcmod19SB = loadamberparams frcmod.ff19SB
Loading parameters: /home/johann/miniconda3/dat/leap/parm/frcmod.ff19SB
Reading force field modification type file (frcmod)
Reading title:
ff19SB AA-specific backbone CMAPs for protein 07/25/2019
>> #
>> #	Load main chain and terminating amino acid libraries
>> #
>> loadOff amino19.lib
Loading library: /home/johann/miniconda3/dat/leap/lib/amino19.lib
Loading: ALA
Loading: ARG
Loading: ASH
Loading: ASN
Loading: ASP
Loading: CYM
Loading: CYS
Loading: CYX
Loading: GLH
Loading: GLN
Loading: GLU
Loading: GLY
Loading: HID
Loading: HIE
Loading: HIP
Loading: HYP
Loading: ILE
Loading: LEU
Loading: LYN
Loading: LYS
Loading: MET
Loading: PHE
Loading: PRO
Loading: SER
Loading: THR
Loading: TRP
Loading: TYR
Loading: VAL
>> loadOff aminoct12.lib
Loading library: /home/johann/miniconda3/dat/leap/lib/aminoct12.lib
Loading: CALA
Loading: CARG
Loading: CASN
Loading: CASP
Loading: CCYS
Loading: CCYX
Loading: CGLN
Loading: CGLU
Loading: CGLY
Loading: CHID
Loading: CHIE
Loading: CHIP
Loading: CHYP
Loading: CILE
Loading: CLEU
Loading: CLYS
Loading: CMET
Loading: CPHE
Loading: CPRO
Loading: CSER
Loading: CTHR
Loading: CTRP
Loading: CTYR
Loading: CVAL
Loading: NHE
Loading: NME
>> loadOff aminont12.lib
Loading library: /home/johann/miniconda3/dat/leap/lib/aminont12.lib
Loading: ACE
Loading: NALA
Loading: NARG
Loading: NASN
Loading: NASP
Loading: NCYS
Loading: NCYX
Loading: NGLN
Loading: NGLU
Loading: NGLY
Loading: NHID
Loading: NHIE
Loading: NHIP
Loading: NILE
Loading: NLEU
Loading: NLYS
Loading: NMET
Loading: NPHE
Loading: NPRO
Loading: NSER
Loading: NTHR
Loading: NTRP
Loading: NTYR
Loading: NVAL
>> 
>> #
>> #	Define the PDB name map for the amino acids
>> #
>> addPdbResMap {
>>   { 0 "HYP" "NHYP" } { 1 "HYP" "CHYP" }
>>   { 0 "ALA" "NALA" } { 1 "ALA" "CALA" }
>>   { 0 "ARG" "NARG" } { 1 "ARG" "CARG" }
>>   { 0 "ASN" "NASN" } { 1 "ASN" "CASN" }
>>   { 0 "ASP" "NASP" } { 1 "ASP" "CASP" }
>>   { 0 "CYS" "NCYS" } { 1 "CYS" "CCYS" }
>>   { 0 "CYX" "NCYX" } { 1 "CYX" "CCYX" }
>>   { 0 "GLN" "NGLN" } { 1 "GLN" "CGLN" }
>>   { 0 "GLU" "NGLU" } { 1 "GLU" "CGLU" }
>>   { 0 "GLY" "NGLY" } { 1 "GLY" "CGLY" }
>>   { 0 "HID" "NHID" } { 1 "HID" "CHID" }
>>   { 0 "HIE" "NHIE" } { 1 "HIE" "CHIE" }
>>   { 0 "HIP" "NHIP" } { 1 "HIP" "CHIP" }
>>   { 0 "ILE" "NILE" } { 1 "ILE" "CILE" }
>>   { 0 "LEU" "NLEU" } { 1 "LEU" "CLEU" }
>>   { 0 "LYS" "NLYS" } { 1 "LYS" "CLYS" }
>>   { 0 "MET" "NMET" } { 1 "MET" "CMET" }
>>   { 0 "PHE" "NPHE" } { 1 "PHE" "CPHE" }
>>   { 0 "PRO" "NPRO" } { 1 "PRO" "CPRO" }
>>   { 0 "SER" "NSER" } { 1 "SER" "CSER" }
>>   { 0 "THR" "NTHR" } { 1 "THR" "CTHR" }
>>   { 0 "TRP" "NTRP" } { 1 "TRP" "CTRP" }
>>   { 0 "TYR" "NTYR" } { 1 "TYR" "CTYR" }
>>   { 0 "VAL" "NVAL" } { 1 "VAL" "CVAL" }
>>   { 0 "HIS" "NHIS" } { 1 "HIS" "CHIS" }
>> }
>> 
>> #
>> # assume that most often proteins use HIE
>> #
>> NHIS = NHIE
>> HIS = HIE
>> CHIS = CHIE
> 
> source leaprc.gaff
----- Source: /home/johann/miniconda3/dat/leap/cmd/leaprc.gaff
----- Source of /home/johann/miniconda3/dat/leap/cmd/leaprc.gaff done
>> logFile leap.log
log started: Tue May 20 02:17:07 2025

Log file: ./leap.log
>> #
>> # ----- leaprc for loading the general Amber Force field.
>> #       This file is mostly for use with Antechamber
>> #
>> #	load atom type hybridizations
>> #
>> addAtomTypes {
>> 	{ "h1"  "H" "sp3" }
>> 	{ "h2"  "H" "sp3" }
>> 	{ "h3"  "H" "sp3" }
>> 	{ "h4"  "H" "sp3" }
>> 	{ "h5"  "H" "sp3" }
>> 	{ "ha"  "H" "sp3" }
>> 	{ "hc"  "H" "sp3" }
>> 	{ "hn"  "H" "sp3" }
>> 	{ "ho"  "H" "sp3" }
>> 	{ "hp"  "H" "sp3" }
>> 	{ "hs"  "H" "sp3" }
>> 	{ "hw"  "H" "sp3" }
>> 	{ "hx"  "H" "sp3" }
>> 	{ "o"  "O" "sp2" }
>> 	{ "o2"  "O" "sp2" }
>> 	{ "oh"  "O" "sp3" }
>> 	{ "op"  "O" "sp3" }
>> 	{ "oq"  "O" "sp3" }
>> 	{ "os"  "O" "sp3" }
>> 	{ "ow"  "O" "sp3" }
>> 	{ "c"  "C" "sp2" }
>> 	{ "c1"  "C" "sp2" }
>> 	{ "c2"  "C" "sp2" }
>> 	{ "c3"  "C" "sp3" }
>> 	{ "ca"  "C" "sp2" }
>> 	{ "cc"  "C" "sp2" }
>> 	{ "cd"  "C" "sp2" }
>> 	{ "ce"  "C" "sp2" }
>> 	{ "cf"  "C" "sp2" }
>> 	{ "cg"  "C" "sp2" }
>> 	{ "ch"  "C" "sp2" }
>> 	{ "cp"  "C" "sp2" }
>> 	{ "cq"  "C" "sp2" }
>> 	{ "cu"  "C" "sp2" }
>> 	{ "cv"  "C" "sp2" }
>> 	{ "cx"  "C" "sp2" }
>> 	{ "cy"  "C" "sp2" }
>> 	{ "cz"  "C" "sp2" }
>> 	{ "n"   "N" "sp2" }
>> 	{ "n1"  "N" "sp2" }
>> 	{ "n2"  "N" "sp2" }
>> 	{ "n3"  "N" "sp3" }
>> 	{ "n4"  "N" "sp3" }
>> 	{ "na"  "N" "sp2" }
>> 	{ "nb"  "N" "sp2" }
>> 	{ "nc"  "N" "sp2" }
>> 	{ "nd"  "N" "sp2" }
>> 	{ "ne"  "N" "sp2" }
>> 	{ "nf"  "N" "sp2" }
>> 	{ "nh"  "N" "sp2" }
>> 	{ "ni"  "N" "sp2" }
>> 	{ "nj"  "N" "sp2" }
>> 	{ "nk"  "N" "sp3" }
>> 	{ "nl"  "N" "sp3" }
>> 	{ "nm"  "N" "sp2" }
>> 	{ "nn"  "N" "sp2" }
>> 	{ "no"  "N" "sp2" }
>> 	{ "np"  "N" "sp3" }
>> 	{ "nq"  "N" "sp3" }
>> 	{ "s"   "S" "sp2" }
>> 	{ "s2"   "S" "sp2" }
>> 	{ "s3"   "S" "sp3" }
>> 	{ "s4"   "S" "sp3" }
>> 	{ "s6"   "S" "sp3" }
>> 	{ "sh"   "S" "sp3" }
>> 	{ "sp"   "S" "sp3" }
>> 	{ "sq"   "S" "sp3" }
>> 	{ "ss"   "S" "sp3" }
>> 	{ "sx"   "S" "sp3" }
>> 	{ "sy"   "S" "sp3" }
>> 	{ "p2"   "P" "sp2" }
>> 	{ "p3"   "P" "sp3" }
>> 	{ "p4"   "P" "sp3" }
>> 	{ "p5"   "P" "sp3" }
>> 	{ "pb"   "P" "sp3" }
>> 	{ "pc"   "P" "sp3" }
>> 	{ "pd"   "P" "sp3" }
>> 	{ "pe"   "P" "sp3" }
>> 	{ "pf"   "P" "sp3" }
>> 	{ "px"   "P" "sp3" }
>> 	{ "py"   "P" "sp3" }
>> 	{ "f"   "F" "sp3" }
>> 	{ "cl"  "Cl" "sp3" }
>> 	{ "br"  "Br" "sp3" }
>> 	{ "i"   "I"  "sp3" }
>> }
>> #
>> #	Load the general force field parameter set.
>> #
>> gaff = loadamberparams gaff.dat
Loading parameters: /home/johann/miniconda3/dat/leap/parm/gaff.dat
Reading title:
AMBER General Force Field for organic molecules (Version 1.81, May 2017)
> 
> set default PBradii mbondi3
Using ArgH and AspGluO modified Bondi2 radii
> loadamberparams ./6r9u/LIGAND.frcmod
Loading parameters: ./6r9u/LIGAND.frcmod
Reading force field modification type file (frcmod)
Reading title:
Remark line goes here
> LIG = loadmol2 ./6r9u/LIGAND.mol2
Loading Mol2 file: ./6r9u/LIGAND.mol2
Reading MOLECULE named JVQ
> PROT = loadpdb ./6r9u/PROTEIN.pdb
Loading PDB file: ./6r9u/PROTEIN.pdb
Matching PDB residue names to LEaP variables.
  Added missing heavy atom: .R<ACE 52>.A<CH3 2>
  Added missing heavy atom: .R<NME 55>.A<C 3>
  Added missing heavy atom: .R<ACE 56>.A<CH3 2>
  Added missing heavy atom: .R<NME 64>.A<C 3>
  Added missing heavy atom: .R<ACE 65>.A<CH3 2>
  Added missing heavy atom: .R<NME 72>.A<C 3>
  Added missing heavy atom: .R<ACE 73>.A<CH3 2>
  Added missing heavy atom: .R<NME 78>.A<C 3>
  Added missing heavy atom: .R<ACE 79>.A<CH3 2>
  Added missing heavy atom: .R<NME 94>.A<C 3>
  Added missing heavy atom: .R<ACE 95>.A<CH3 2>
  Added missing heavy atom: .R<NME 97>.A<C 3>
  total atoms in file: 494
  Leap added 49 missing atoms according to residue templates:
       12 Heavy
       37 H / lone pairs
> COMPLEX = combine {PROT LIG}
  Sequence: default_name
  Sequence: JVQ
> saveamberparm COMPLEX ./6r9u/6r9u.top ./6r9u/6r9u.crd
Checking Unit.

/home/johann/miniconda3/bin/teLeap: Warning!
The unperturbed charge of the unit (2.004001) is not zero.

/home/johann/miniconda3/bin/teLeap: Note.
Ignoring the warning from Unit Checking.

Building topology.
Building atom parameters.
Building bond parameters.
Building angle parameters.
Building proper torsion parameters.
Building improper torsion parameters.
 total 142 improper torsions applied
Building H-Bond parameters.
Incorporating Non-Bonded adjustments.
Not Marking per-residue atom chain types.
Marking per-residue atom chain types.
  (Residues lacking connect0/connect1 - 
   these don't have chain types marked:

	res	total affected

	JVQ	1
  )
 (no restraints)
> savepdb COMPLEX ./6r9u/6r9u.pdb
Writing pdb file: ./6r9u/6r9u.pdb
 quit
	Quit

Exiting LEaP: Errors = 0; Warnings = 1; Notes = 1.
log started: Tue May 20 09:09:40 2025

Log file: ./leap.log
>> #
>> # ----- leaprc for loading the ff19SB force field
>> # ----- NOTE: this is designed for PDB format 3!
>> #
>> #	load atom type hybridizations
>> #
>> addAtomTypes {
>> 	{ "H"   "H" "sp3" }
>> 	{ "HO"  "H" "sp3" }
>> 	{ "HS"  "H" "sp3" }
>> 	{ "H1"  "H" "sp3" }
>> 	{ "H2"  "H" "sp3" }
>> 	{ "H3"  "H" "sp3" }
>> 	{ "H4"  "H" "sp3" }
>> 	{ "H5"  "H" "sp3" }
>> 	{ "HW"  "H" "sp3" }
>> 	{ "HC"  "H" "sp3" }
>> 	{ "HA"  "H" "sp3" }
>> 	{ "HP"  "H" "sp3" }
>> 	{ "HZ"  "H" "sp3" }
>> 	{ "OH"  "O" "sp3" }
>> 	{ "OS"  "O" "sp3" }
>> 	{ "O"   "O" "sp2" }
>> 	{ "O2"  "O" "sp2" }
>> 	{ "OP"  "O" "sp2" }
>> 	{ "OW"  "O" "sp3" }
>> 	{ "CT"  "C" "sp3" }
>> 	{ "CX"  "C" "sp3" }
>> 	{ "XC"  "C" "sp3" }
>> 	{ "C8"  "C" "sp3" }
>> 	{ "2C"  "C" "sp3" }
>> 	{ "3C"  "C" "sp3" }
>> 	{ "CH"  "C" "sp3" }
>> 	{ "CS"  "C" "sp2" }
>> 	{ "C"   "C" "sp2" }
>> 	{ "CO"   "C" "sp2" }
>> 	{ "C*"  "C" "sp2" }
>> 	{ "CA"  "C" "sp2" }
>> 	{ "CB"  "C" "sp2" }
>> 	{ "CC"  "C" "sp2" }
>> 	{ "CN"  "C" "sp2" }
>> 	{ "CM"  "C" "sp2" }
>> 	{ "CK"  "C" "sp2" }
>> 	{ "CQ"  "C" "sp2" }
>> 	{ "CD"  "C" "sp2" }
>> 	{ "C5"  "C" "sp2" }
>> 	{ "C4"  "C" "sp2" }
>> 	{ "CP"  "C" "sp2" }
>> 	{ "CI"  "C" "sp3" }
>> 	{ "CJ"  "C" "sp2" }
>> 	{ "CW"  "C" "sp2" }
>> 	{ "CV"  "C" "sp2" }
>> 	{ "CR"  "C" "sp2" }
>> 	{ "CA"  "C" "sp2" }
>> 	{ "CY"  "C" "sp2" }
>> 	{ "C0"  "Ca" "sp3" }
>> 	{ "MG"  "Mg" "sp3" }
>> 	{ "N"   "N" "sp2" }
>> 	{ "NA"  "N" "sp2" }
>> 	{ "N2"  "N" "sp2" }
>> 	{ "N*"  "N" "sp2" }
>> 	{ "NP"  "N" "sp2" }
>> 	{ "NQ"  "N" "sp2" }
>> 	{ "NB"  "N" "sp2" }
>> 	{ "NC"  "N" "sp2" }
>> 	{ "NT"  "N" "sp3" }
>> 	{ "NY"  "N" "sp2" }
>> 	{ "N3"  "N" "sp3" }
>> 	{ "S"   "S" "sp3" }
>> 	{ "SH"  "S" "sp3" }
>> 	{ "P"   "P" "sp3" }
>> 	{ "LP"  ""  "sp3" }
>> 	{ "EP"  ""  "sp3" }
>> 	{ "F"   "F" "sp3" }
>> 	{ "Cl"  "Cl" "sp3" }
>> 	{ "Br"  "Br" "sp3" }
>> 	{ "I"   "I"  "sp3" }
>> }
>> #
>> #	Load the main parameter set.
>> #
>> set default cmap on
>> parm19 = loadamberparams parm19.dat
Loading parameters: /home/johann/miniconda3/dat/leap/parm/parm19.dat
Reading title:
PARM99 + frcmod.ff99SB + frcmod.parmbsc0 + OL3 for RNA + ff19SB
(UNKNOWN ATOM TYPE: Zn)
(UNKNOWN ATOM TYPE: EP)
>> frcmod19SB = loadamberparams frcmod.ff19SB
Loading parameters: /home/johann/miniconda3/dat/leap/parm/frcmod.ff19SB
Reading force field modification type file (frcmod)
Reading title:
ff19SB AA-specific backbone CMAPs for protein 07/25/2019
>> #
>> #	Load main chain and terminating amino acid libraries
>> #
>> loadOff amino19.lib
Loading library: /home/johann/miniconda3/dat/leap/lib/amino19.lib
Loading: ALA
Loading: ARG
Loading: ASH
Loading: ASN
Loading: ASP
Loading: CYM
Loading: CYS
Loading: CYX
Loading: GLH
Loading: GLN
Loading: GLU
Loading: GLY
Loading: HID
Loading: HIE
Loading: HIP
Loading: HYP
Loading: ILE
Loading: LEU
Loading: LYN
Loading: LYS
Loading: MET
Loading: PHE
Loading: PRO
Loading: SER
Loading: THR
Loading: TRP
Loading: TYR
Loading: VAL
>> loadOff aminoct12.lib
Loading library: /home/johann/miniconda3/dat/leap/lib/aminoct12.lib
Loading: CALA
Loading: CARG
Loading: CASN
Loading: CASP
Loading: CCYS
Loading: CCYX
Loading: CGLN
Loading: CGLU
Loading: CGLY
Loading: CHID
Loading: CHIE
Loading: CHIP
Loading: CHYP
Loading: CILE
Loading: CLEU
Loading: CLYS
Loading: CMET
Loading: CPHE
Loading: CPRO
Loading: CSER
Loading: CTHR
Loading: CTRP
Loading: CTYR
Loading: CVAL
Loading: NHE
Loading: NME
>> loadOff aminont12.lib
Loading library: /home/johann/miniconda3/dat/leap/lib/aminont12.lib
Loading: ACE
Loading: NALA
Loading: NARG
Loading: NASN
Loading: NASP
Loading: NCYS
Loading: NCYX
Loading: NGLN
Loading: NGLU
Loading: NGLY
Loading: NHID
Loading: NHIE
Loading: NHIP
Loading: NILE
Loading: NLEU
Loading: NLYS
Loading: NMET
Loading: NPHE
Loading: NPRO
Loading: NSER
Loading: NTHR
Loading: NTRP
Loading: NTYR
Loading: NVAL
>> 
>> #
>> #	Define the PDB name map for the amino acids
>> #
>> addPdbResMap {
>>   { 0 "HYP" "NHYP" } { 1 "HYP" "CHYP" }
>>   { 0 "ALA" "NALA" } { 1 "ALA" "CALA" }
>>   { 0 "ARG" "NARG" } { 1 "ARG" "CARG" }
>>   { 0 "ASN" "NASN" } { 1 "ASN" "CASN" }
>>   { 0 "ASP" "NASP" } { 1 "ASP" "CASP" }
>>   { 0 "CYS" "NCYS" } { 1 "CYS" "CCYS" }
>>   { 0 "CYX" "NCYX" } { 1 "CYX" "CCYX" }
>>   { 0 "GLN" "NGLN" } { 1 "GLN" "CGLN" }
>>   { 0 "GLU" "NGLU" } { 1 "GLU" "CGLU" }
>>   { 0 "GLY" "NGLY" } { 1 "GLY" "CGLY" }
>>   { 0 "HID" "NHID" } { 1 "HID" "CHID" }
>>   { 0 "HIE" "NHIE" } { 1 "HIE" "CHIE" }
>>   { 0 "HIP" "NHIP" } { 1 "HIP" "CHIP" }
>>   { 0 "ILE" "NILE" } { 1 "ILE" "CILE" }
>>   { 0 "LEU" "NLEU" } { 1 "LEU" "CLEU" }
>>   { 0 "LYS" "NLYS" } { 1 "LYS" "CLYS" }
>>   { 0 "MET" "NMET" } { 1 "MET" "CMET" }
>>   { 0 "PHE" "NPHE" } { 1 "PHE" "CPHE" }
>>   { 0 "PRO" "NPRO" } { 1 "PRO" "CPRO" }
>>   { 0 "SER" "NSER" } { 1 "SER" "CSER" }
>>   { 0 "THR" "NTHR" } { 1 "THR" "CTHR" }
>>   { 0 "TRP" "NTRP" } { 1 "TRP" "CTRP" }
>>   { 0 "TYR" "NTYR" } { 1 "TYR" "CTYR" }
>>   { 0 "VAL" "NVAL" } { 1 "VAL" "CVAL" }
>>   { 0 "HIS" "NHIS" } { 1 "HIS" "CHIS" }
>> }
>> 
>> #
>> # assume that most often proteins use HIE
>> #
>> NHIS = NHIE
>> HIS = HIE
>> CHIS = CHIE
> 
> source leaprc.gaff
----- Source: /home/johann/miniconda3/dat/leap/cmd/leaprc.gaff
----- Source of /home/johann/miniconda3/dat/leap/cmd/leaprc.gaff done
>> logFile leap.log
log started: Tue May 20 09:09:40 2025

Log file: ./leap.log
>> #
>> # ----- leaprc for loading the general Amber Force field.
>> #       This file is mostly for use with Antechamber
>> #
>> #	load atom type hybridizations
>> #
>> addAtomTypes {
>> 	{ "h1"  "H" "sp3" }
>> 	{ "h2"  "H" "sp3" }
>> 	{ "h3"  "H" "sp3" }
>> 	{ "h4"  "H" "sp3" }
>> 	{ "h5"  "H" "sp3" }
>> 	{ "ha"  "H" "sp3" }
>> 	{ "hc"  "H" "sp3" }
>> 	{ "hn"  "H" "sp3" }
>> 	{ "ho"  "H" "sp3" }
>> 	{ "hp"  "H" "sp3" }
>> 	{ "hs"  "H" "sp3" }
>> 	{ "hw"  "H" "sp3" }
>> 	{ "hx"  "H" "sp3" }
>> 	{ "o"  "O" "sp2" }
>> 	{ "o2"  "O" "sp2" }
>> 	{ "oh"  "O" "sp3" }
>> 	{ "op"  "O" "sp3" }
>> 	{ "oq"  "O" "sp3" }
>> 	{ "os"  "O" "sp3" }
>> 	{ "ow"  "O" "sp3" }
>> 	{ "c"  "C" "sp2" }
>> 	{ "c1"  "C" "sp2" }
>> 	{ "c2"  "C" "sp2" }
>> 	{ "c3"  "C" "sp3" }
>> 	{ "ca"  "C" "sp2" }
>> 	{ "cc"  "C" "sp2" }
>> 	{ "cd"  "C" "sp2" }
>> 	{ "ce"  "C" "sp2" }
>> 	{ "cf"  "C" "sp2" }
>> 	{ "cg"  "C" "sp2" }
>> 	{ "ch"  "C" "sp2" }
>> 	{ "cp"  "C" "sp2" }
>> 	{ "cq"  "C" "sp2" }
>> 	{ "cu"  "C" "sp2" }
>> 	{ "cv"  "C" "sp2" }
>> 	{ "cx"  "C" "sp2" }
>> 	{ "cy"  "C" "sp2" }
>> 	{ "cz"  "C" "sp2" }
>> 	{ "n"   "N" "sp2" }
>> 	{ "n1"  "N" "sp2" }
>> 	{ "n2"  "N" "sp2" }
>> 	{ "n3"  "N" "sp3" }
>> 	{ "n4"  "N" "sp3" }
>> 	{ "na"  "N" "sp2" }
>> 	{ "nb"  "N" "sp2" }
>> 	{ "nc"  "N" "sp2" }
>> 	{ "nd"  "N" "sp2" }
>> 	{ "ne"  "N" "sp2" }
>> 	{ "nf"  "N" "sp2" }
>> 	{ "nh"  "N" "sp2" }
>> 	{ "ni"  "N" "sp2" }
>> 	{ "nj"  "N" "sp2" }
>> 	{ "nk"  "N" "sp3" }
>> 	{ "nl"  "N" "sp3" }
>> 	{ "nm"  "N" "sp2" }
>> 	{ "nn"  "N" "sp2" }
>> 	{ "no"  "N" "sp2" }
>> 	{ "np"  "N" "sp3" }
>> 	{ "nq"  "N" "sp3" }
>> 	{ "s"   "S" "sp2" }
>> 	{ "s2"   "S" "sp2" }
>> 	{ "s3"   "S" "sp3" }
>> 	{ "s4"   "S" "sp3" }
>> 	{ "s6"   "S" "sp3" }
>> 	{ "sh"   "S" "sp3" }
>> 	{ "sp"   "S" "sp3" }
>> 	{ "sq"   "S" "sp3" }
>> 	{ "ss"   "S" "sp3" }
>> 	{ "sx"   "S" "sp3" }
>> 	{ "sy"   "S" "sp3" }
>> 	{ "p2"   "P" "sp2" }
>> 	{ "p3"   "P" "sp3" }
>> 	{ "p4"   "P" "sp3" }
>> 	{ "p5"   "P" "sp3" }
>> 	{ "pb"   "P" "sp3" }
>> 	{ "pc"   "P" "sp3" }
>> 	{ "pd"   "P" "sp3" }
>> 	{ "pe"   "P" "sp3" }
>> 	{ "pf"   "P" "sp3" }
>> 	{ "px"   "P" "sp3" }
>> 	{ "py"   "P" "sp3" }
>> 	{ "f"   "F" "sp3" }
>> 	{ "cl"  "Cl" "sp3" }
>> 	{ "br"  "Br" "sp3" }
>> 	{ "i"   "I"  "sp3" }
>> }
>> #
>> #	Load the general force field parameter set.
>> #
>> gaff = loadamberparams gaff.dat
Loading parameters: /home/johann/miniconda3/dat/leap/parm/gaff.dat
Reading title:
AMBER General Force Field for organic molecules (Version 1.81, May 2017)
> 
> set default PBradii mbondi3
Using ArgH and AspGluO modified Bondi2 radii
> loadamberparams ./2hb1a/LIGAND.frcmod
Loading parameters: ./2hb1a/LIGAND.frcmod
Reading force field modification type file (frcmod)
Reading title:
Remark line goes here
> LIG = loadmol2 ./2hb1a/LIGAND.mol2
Loading Mol2 file: ./2hb1a/LIGAND.mol2
Reading MOLECULE named LIG
> PROT = loadpdb ./2hb1a/PROTEIN.pdb
Loading PDB file: ./2hb1a/PROTEIN.pdb
Matching PDB residue names to LEaP variables.
  Added missing heavy atom: .R<ACE 43>.A<CH3 2>
  Added missing heavy atom: .R<NME 49>.A<C 3>
  Added missing heavy atom: .R<ACE 50>.A<CH3 2>
  Added missing heavy atom: .R<NME 53>.A<C 3>
  Added missing heavy atom: .R<ACE 54>.A<CH3 2>
  Added missing heavy atom: .R<NME 61>.A<C 3>
  Added missing heavy atom: .R<ACE 62>.A<CH3 2>
  Added missing heavy atom: .R<NME 68>.A<C 3>
  Added missing heavy atom: .R<ACE 69>.A<CH3 2>
  Added missing heavy atom: .R<NME 80>.A<C 3>
  Added missing heavy atom: .R<ACE 81>.A<CH3 2>
  Added missing heavy atom: .R<NME 87>.A<C 3>
  Added missing heavy atom: .R<ACE 88>.A<CH3 2>
  Added missing heavy atom: .R<NME 90>.A<C 3>
  total atoms in file: 545
  Leap added 56 missing atoms according to residue templates:
       14 Heavy
       42 H / lone pairs
> COMPLEX = combine {PROT LIG}
  Sequence: default_name
  Sequence: LIG
> saveamberparm COMPLEX ./2hb1a/2hb1a.top ./2hb1a/2hb1a.crd
Checking Unit.
Building topology.
Building atom parameters.
Building bond parameters.
Building angle parameters.
Building proper torsion parameters.
Building improper torsion parameters.
 total 130 improper torsions applied
Building H-Bond parameters.
Incorporating Non-Bonded adjustments.
Not Marking per-residue atom chain types.
Marking per-residue atom chain types.
  (Residues lacking connect0/connect1 - 
   these don't have chain types marked:

	res	total affected

	LIG	1
  )
 (no restraints)
> savepdb COMPLEX ./2hb1a/2hb1a.pdb
Writing pdb file: ./2hb1a/2hb1a.pdb
 quit
	Quit

Exiting LEaP: Errors = 0; Warnings = 0; Notes = 0.
log started: Tue May 20 09:15:20 2025

Log file: ./leap.log
>> #
>> # ----- leaprc for loading the ff19SB force field
>> # ----- NOTE: this is designed for PDB format 3!
>> #
>> #	load atom type hybridizations
>> #
>> addAtomTypes {
>> 	{ "H"   "H" "sp3" }
>> 	{ "HO"  "H" "sp3" }
>> 	{ "HS"  "H" "sp3" }
>> 	{ "H1"  "H" "sp3" }
>> 	{ "H2"  "H" "sp3" }
>> 	{ "H3"  "H" "sp3" }
>> 	{ "H4"  "H" "sp3" }
>> 	{ "H5"  "H" "sp3" }
>> 	{ "HW"  "H" "sp3" }
>> 	{ "HC"  "H" "sp3" }
>> 	{ "HA"  "H" "sp3" }
>> 	{ "HP"  "H" "sp3" }
>> 	{ "HZ"  "H" "sp3" }
>> 	{ "OH"  "O" "sp3" }
>> 	{ "OS"  "O" "sp3" }
>> 	{ "O"   "O" "sp2" }
>> 	{ "O2"  "O" "sp2" }
>> 	{ "OP"  "O" "sp2" }
>> 	{ "OW"  "O" "sp3" }
>> 	{ "CT"  "C" "sp3" }
>> 	{ "CX"  "C" "sp3" }
>> 	{ "XC"  "C" "sp3" }
>> 	{ "C8"  "C" "sp3" }
>> 	{ "2C"  "C" "sp3" }
>> 	{ "3C"  "C" "sp3" }
>> 	{ "CH"  "C" "sp3" }
>> 	{ "CS"  "C" "sp2" }
>> 	{ "C"   "C" "sp2" }
>> 	{ "CO"   "C" "sp2" }
>> 	{ "C*"  "C" "sp2" }
>> 	{ "CA"  "C" "sp2" }
>> 	{ "CB"  "C" "sp2" }
>> 	{ "CC"  "C" "sp2" }
>> 	{ "CN"  "C" "sp2" }
>> 	{ "CM"  "C" "sp2" }
>> 	{ "CK"  "C" "sp2" }
>> 	{ "CQ"  "C" "sp2" }
>> 	{ "CD"  "C" "sp2" }
>> 	{ "C5"  "C" "sp2" }
>> 	{ "C4"  "C" "sp2" }
>> 	{ "CP"  "C" "sp2" }
>> 	{ "CI"  "C" "sp3" }
>> 	{ "CJ"  "C" "sp2" }
>> 	{ "CW"  "C" "sp2" }
>> 	{ "CV"  "C" "sp2" }
>> 	{ "CR"  "C" "sp2" }
>> 	{ "CA"  "C" "sp2" }
>> 	{ "CY"  "C" "sp2" }
>> 	{ "C0"  "Ca" "sp3" }
>> 	{ "MG"  "Mg" "sp3" }
>> 	{ "N"   "N" "sp2" }
>> 	{ "NA"  "N" "sp2" }
>> 	{ "N2"  "N" "sp2" }
>> 	{ "N*"  "N" "sp2" }
>> 	{ "NP"  "N" "sp2" }
>> 	{ "NQ"  "N" "sp2" }
>> 	{ "NB"  "N" "sp2" }
>> 	{ "NC"  "N" "sp2" }
>> 	{ "NT"  "N" "sp3" }
>> 	{ "NY"  "N" "sp2" }
>> 	{ "N3"  "N" "sp3" }
>> 	{ "S"   "S" "sp3" }
>> 	{ "SH"  "S" "sp3" }
>> 	{ "P"   "P" "sp3" }
>> 	{ "LP"  ""  "sp3" }
>> 	{ "EP"  ""  "sp3" }
>> 	{ "F"   "F" "sp3" }
>> 	{ "Cl"  "Cl" "sp3" }
>> 	{ "Br"  "Br" "sp3" }
>> 	{ "I"   "I"  "sp3" }
>> }
>> #
>> #	Load the main parameter set.
>> #
>> set default cmap on
>> parm19 = loadamberparams parm19.dat
Loading parameters: /home/johann/miniconda3/dat/leap/parm/parm19.dat
Reading title:
PARM99 + frcmod.ff99SB + frcmod.parmbsc0 + OL3 for RNA + ff19SB
(UNKNOWN ATOM TYPE: Zn)
(UNKNOWN ATOM TYPE: EP)
>> frcmod19SB = loadamberparams frcmod.ff19SB
Loading parameters: /home/johann/miniconda3/dat/leap/parm/frcmod.ff19SB
Reading force field modification type file (frcmod)
Reading title:
ff19SB AA-specific backbone CMAPs for protein 07/25/2019
>> #
>> #	Load main chain and terminating amino acid libraries
>> #
>> loadOff amino19.lib
Loading library: /home/johann/miniconda3/dat/leap/lib/amino19.lib
Loading: ALA
Loading: ARG
Loading: ASH
Loading: ASN
Loading: ASP
Loading: CYM
Loading: CYS
Loading: CYX
Loading: GLH
Loading: GLN
Loading: GLU
Loading: GLY
Loading: HID
Loading: HIE
Loading: HIP
Loading: HYP
Loading: ILE
Loading: LEU
Loading: LYN
Loading: LYS
Loading: MET
Loading: PHE
Loading: PRO
Loading: SER
Loading: THR
Loading: TRP
Loading: TYR
Loading: VAL
>> loadOff aminoct12.lib
Loading library: /home/johann/miniconda3/dat/leap/lib/aminoct12.lib
Loading: CALA
Loading: CARG
Loading: CASN
Loading: CASP
Loading: CCYS
Loading: CCYX
Loading: CGLN
Loading: CGLU
Loading: CGLY
Loading: CHID
Loading: CHIE
Loading: CHIP
Loading: CHYP
Loading: CILE
Loading: CLEU
Loading: CLYS
Loading: CMET
Loading: CPHE
Loading: CPRO
Loading: CSER
Loading: CTHR
Loading: CTRP
Loading: CTYR
Loading: CVAL
Loading: NHE
Loading: NME
>> loadOff aminont12.lib
Loading library: /home/johann/miniconda3/dat/leap/lib/aminont12.lib
Loading: ACE
Loading: NALA
Loading: NARG
Loading: NASN
Loading: NASP
Loading: NCYS
Loading: NCYX
Loading: NGLN
Loading: NGLU
Loading: NGLY
Loading: NHID
Loading: NHIE
Loading: NHIP
Loading: NILE
Loading: NLEU
Loading: NLYS
Loading: NMET
Loading: NPHE
Loading: NPRO
Loading: NSER
Loading: NTHR
Loading: NTRP
Loading: NTYR
Loading: NVAL
>> 
>> #
>> #	Define the PDB name map for the amino acids
>> #
>> addPdbResMap {
>>   { 0 "HYP" "NHYP" } { 1 "HYP" "CHYP" }
>>   { 0 "ALA" "NALA" } { 1 "ALA" "CALA" }
>>   { 0 "ARG" "NARG" } { 1 "ARG" "CARG" }
>>   { 0 "ASN" "NASN" } { 1 "ASN" "CASN" }
>>   { 0 "ASP" "NASP" } { 1 "ASP" "CASP" }
>>   { 0 "CYS" "NCYS" } { 1 "CYS" "CCYS" }
>>   { 0 "CYX" "NCYX" } { 1 "CYX" "CCYX" }
>>   { 0 "GLN" "NGLN" } { 1 "GLN" "CGLN" }
>>   { 0 "GLU" "NGLU" } { 1 "GLU" "CGLU" }
>>   { 0 "GLY" "NGLY" } { 1 "GLY" "CGLY" }
>>   { 0 "HID" "NHID" } { 1 "HID" "CHID" }
>>   { 0 "HIE" "NHIE" } { 1 "HIE" "CHIE" }
>>   { 0 "HIP" "NHIP" } { 1 "HIP" "CHIP" }
>>   { 0 "ILE" "NILE" } { 1 "ILE" "CILE" }
>>   { 0 "LEU" "NLEU" } { 1 "LEU" "CLEU" }
>>   { 0 "LYS" "NLYS" } { 1 "LYS" "CLYS" }
>>   { 0 "MET" "NMET" } { 1 "MET" "CMET" }
>>   { 0 "PHE" "NPHE" } { 1 "PHE" "CPHE" }
>>   { 0 "PRO" "NPRO" } { 1 "PRO" "CPRO" }
>>   { 0 "SER" "NSER" } { 1 "SER" "CSER" }
>>   { 0 "THR" "NTHR" } { 1 "THR" "CTHR" }
>>   { 0 "TRP" "NTRP" } { 1 "TRP" "CTRP" }
>>   { 0 "TYR" "NTYR" } { 1 "TYR" "CTYR" }
>>   { 0 "VAL" "NVAL" } { 1 "VAL" "CVAL" }
>>   { 0 "HIS" "NHIS" } { 1 "HIS" "CHIS" }
>> }
>> 
>> #
>> # assume that most often proteins use HIE
>> #
>> NHIS = NHIE
>> HIS = HIE
>> CHIS = CHIE
> 
> source leaprc.gaff
----- Source: /home/johann/miniconda3/dat/leap/cmd/leaprc.gaff
----- Source of /home/johann/miniconda3/dat/leap/cmd/leaprc.gaff done
>> logFile leap.log
log started: Tue May 20 09:15:20 2025

Log file: ./leap.log
>> #
>> # ----- leaprc for loading the general Amber Force field.
>> #       This file is mostly for use with Antechamber
>> #
>> #	load atom type hybridizations
>> #
>> addAtomTypes {
>> 	{ "h1"  "H" "sp3" }
>> 	{ "h2"  "H" "sp3" }
>> 	{ "h3"  "H" "sp3" }
>> 	{ "h4"  "H" "sp3" }
>> 	{ "h5"  "H" "sp3" }
>> 	{ "ha"  "H" "sp3" }
>> 	{ "hc"  "H" "sp3" }
>> 	{ "hn"  "H" "sp3" }
>> 	{ "ho"  "H" "sp3" }
>> 	{ "hp"  "H" "sp3" }
>> 	{ "hs"  "H" "sp3" }
>> 	{ "hw"  "H" "sp3" }
>> 	{ "hx"  "H" "sp3" }
>> 	{ "o"  "O" "sp2" }
>> 	{ "o2"  "O" "sp2" }
>> 	{ "oh"  "O" "sp3" }
>> 	{ "op"  "O" "sp3" }
>> 	{ "oq"  "O" "sp3" }
>> 	{ "os"  "O" "sp3" }
>> 	{ "ow"  "O" "sp3" }
>> 	{ "c"  "C" "sp2" }
>> 	{ "c1"  "C" "sp2" }
>> 	{ "c2"  "C" "sp2" }
>> 	{ "c3"  "C" "sp3" }
>> 	{ "ca"  "C" "sp2" }
>> 	{ "cc"  "C" "sp2" }
>> 	{ "cd"  "C" "sp2" }
>> 	{ "ce"  "C" "sp2" }
>> 	{ "cf"  "C" "sp2" }
>> 	{ "cg"  "C" "sp2" }
>> 	{ "ch"  "C" "sp2" }
>> 	{ "cp"  "C" "sp2" }
>> 	{ "cq"  "C" "sp2" }
>> 	{ "cu"  "C" "sp2" }
>> 	{ "cv"  "C" "sp2" }
>> 	{ "cx"  "C" "sp2" }
>> 	{ "cy"  "C" "sp2" }
>> 	{ "cz"  "C" "sp2" }
>> 	{ "n"   "N" "sp2" }
>> 	{ "n1"  "N" "sp2" }
>> 	{ "n2"  "N" "sp2" }
>> 	{ "n3"  "N" "sp3" }
>> 	{ "n4"  "N" "sp3" }
>> 	{ "na"  "N" "sp2" }
>> 	{ "nb"  "N" "sp2" }
>> 	{ "nc"  "N" "sp2" }
>> 	{ "nd"  "N" "sp2" }
>> 	{ "ne"  "N" "sp2" }
>> 	{ "nf"  "N" "sp2" }
>> 	{ "nh"  "N" "sp2" }
>> 	{ "ni"  "N" "sp2" }
>> 	{ "nj"  "N" "sp2" }
>> 	{ "nk"  "N" "sp3" }
>> 	{ "nl"  "N" "sp3" }
>> 	{ "nm"  "N" "sp2" }
>> 	{ "nn"  "N" "sp2" }
>> 	{ "no"  "N" "sp2" }
>> 	{ "np"  "N" "sp3" }
>> 	{ "nq"  "N" "sp3" }
>> 	{ "s"   "S" "sp2" }
>> 	{ "s2"   "S" "sp2" }
>> 	{ "s3"   "S" "sp3" }
>> 	{ "s4"   "S" "sp3" }
>> 	{ "s6"   "S" "sp3" }
>> 	{ "sh"   "S" "sp3" }
>> 	{ "sp"   "S" "sp3" }
>> 	{ "sq"   "S" "sp3" }
>> 	{ "ss"   "S" "sp3" }
>> 	{ "sx"   "S" "sp3" }
>> 	{ "sy"   "S" "sp3" }
>> 	{ "p2"   "P" "sp2" }
>> 	{ "p3"   "P" "sp3" }
>> 	{ "p4"   "P" "sp3" }
>> 	{ "p5"   "P" "sp3" }
>> 	{ "pb"   "P" "sp3" }
>> 	{ "pc"   "P" "sp3" }
>> 	{ "pd"   "P" "sp3" }
>> 	{ "pe"   "P" "sp3" }
>> 	{ "pf"   "P" "sp3" }
>> 	{ "px"   "P" "sp3" }
>> 	{ "py"   "P" "sp3" }
>> 	{ "f"   "F" "sp3" }
>> 	{ "cl"  "Cl" "sp3" }
>> 	{ "br"  "Br" "sp3" }
>> 	{ "i"   "I"  "sp3" }
>> }
>> #
>> #	Load the general force field parameter set.
>> #
>> gaff = loadamberparams gaff.dat
Loading parameters: /home/johann/miniconda3/dat/leap/parm/gaff.dat
Reading title:
AMBER General Force Field for organic molecules (Version 1.81, May 2017)
> 
> set default PBradii mbondi3
Using ArgH and AspGluO modified Bondi2 radii
> loadamberparams ./3acwa/LIGAND.frcmod
Loading parameters: ./3acwa/LIGAND.frcmod
Reading force field modification type file (frcmod)
Reading title:
Remark line goes here
> LIG = loadmol2 ./3acwa/LIGAND.mol2
Loading Mol2 file: ./3acwa/LIGAND.mol2
Reading MOLECULE named LIG
> PROT = loadpdb ./3acwa/PROTEIN.pdb
Loading PDB file: ./3acwa/PROTEIN.pdb
Matching PDB residue names to LEaP variables.
  Added missing heavy atom: .R<ACE 14>.A<CH3 2>
  Added missing heavy atom: .R<NME 16>.A<C 3>
  Added missing heavy atom: .R<ACE 17>.A<CH3 2>
  Added missing heavy atom: .R<NME 23>.A<C 3>
  Added missing heavy atom: .R<ACE 24>.A<CH3 2>
  Added missing heavy atom: .R<NME 27>.A<C 3>
  Added missing heavy atom: .R<ACE 28>.A<CH3 2>
  Added missing heavy atom: .R<NME 30>.A<C 3>
  Added missing heavy atom: .R<ACE 31>.A<CH3 2>
  Added missing heavy atom: .R<NME 33>.A<C 3>
  Added missing heavy atom: .R<ACE 34>.A<CH3 2>
  Added missing heavy atom: .R<NME 36>.A<C 3>
  Added missing heavy atom: .R<ACE 37>.A<CH3 2>
  Added missing heavy atom: .R<NME 40>.A<C 3>
  Added missing heavy atom: .R<ACE 41>.A<CH3 2>
  Added missing heavy atom: .R<NME 43>.A<C 3>
  Added missing heavy atom: .R<ACE 44>.A<CH3 2>
  Added missing heavy atom: .R<NME 46>.A<C 3>
  Added missing heavy atom: .R<ACE 47>.A<CH3 2>
  Added missing heavy atom: .R<NME 50>.A<C 3>
  Added missing heavy atom: .R<ACE 51>.A<CH3 2>
  Added missing heavy atom: .R<NME 62>.A<C 3>
  Added missing heavy atom: .R<ACE 63>.A<CH3 2>
  Added missing heavy atom: .R<NME 65>.A<C 3>
  Added missing heavy atom: .R<ACE 66>.A<CH3 2>
  Added missing heavy atom: .R<NME 87>.A<C 3>
  Added missing heavy atom: .R<ACE 88>.A<CH3 2>
  Added missing heavy atom: .R<NME 90>.A<C 3>
  Added missing heavy atom: .R<ACE 91>.A<CH3 2>
  Added missing heavy atom: .R<NME 93>.A<C 3>
  Added missing heavy atom: .R<ACE 94>.A<CH3 2>
  Added missing heavy atom: .R<NME 96>.A<C 3>
  Added missing heavy atom: .R<ACE 97>.A<CH3 2>
  Added missing heavy atom: .R<NME 99>.A<C 3>
  Added missing heavy atom: .R<ACE 100>.A<CH3 2>
  Added missing heavy atom: .R<NME 103>.A<C 3>
  Added missing heavy atom: .R<ACE 104>.A<CH3 2>
  Added missing heavy atom: .R<NME 107>.A<C 3>
  Added missing heavy atom: .R<ACE 108>.A<CH3 2>

/home/johann/miniconda3/bin/teLeap: Warning!
One sided connection. Residue (ACE) missing connect0 atom.
Created a new atom named: N within residue: .R<ACE 109>
Created a new atom named: H within residue: .R<ACE 109>
Created a new atom named: CA within residue: .R<ACE 109>
Created a new atom named: HA within residue: .R<ACE 109>
Created a new atom named: CB within residue: .R<ACE 109>
Created a new atom named: HB2 within residue: .R<ACE 109>
Created a new atom named: HB3 within residue: .R<ACE 109>
Created a new atom named: CG within residue: .R<ACE 109>
Created a new atom named: CD1 within residue: .R<ACE 109>
Created a new atom named: HD1 within residue: .R<ACE 109>
Created a new atom named: CE1 within residue: .R<ACE 109>
Created a new atom named: HE1 within residue: .R<ACE 109>
Created a new atom named: CZ within residue: .R<ACE 109>
Created a new atom named: OH within residue: .R<ACE 109>
Created a new atom named: HH within residue: .R<ACE 109>
Created a new atom named: CE2 within residue: .R<ACE 109>
Created a new atom named: HE2 within residue: .R<ACE 109>
Created a new atom named: CD2 within residue: .R<ACE 109>
Created a new atom named: HD2 within residue: .R<ACE 109>
  Added missing heavy atom: .R<ACE 109>.A<CH3 2>
  Added missing heavy atom: .R<NME 110>.A<C 3>
  Added missing heavy atom: .R<ACE 111>.A<CH3 2>
  Added missing heavy atom: .R<NME 113>.A<C 3>
  total atoms in file: 1015
  Leap added 174 missing atoms according to residue templates:
       43 Heavy
       131 H / lone pairs
  The file contained 19 atoms not in residue templates
> COMPLEX = combine {PROT LIG}
  Sequence: default_name
  Sequence: LIG
> saveamberparm COMPLEX ./3acwa/3acwa.top ./3acwa/3acwa.crd
Checking Unit.

/home/johann/miniconda3/bin/teLeap: Warning!
The unperturbed charge of the unit (0.997000) is not zero.
FATAL:  Atom .R<ACE 109>.A<HD2 25> does not have a type.
FATAL:  Atom .R<ACE 109>.A<CD2 24> does not have a type.
FATAL:  Atom .R<ACE 109>.A<HE2 23> does not have a type.
FATAL:  Atom .R<ACE 109>.A<CE2 22> does not have a type.
FATAL:  Atom .R<ACE 109>.A<HH 21> does not have a type.
FATAL:  Atom .R<ACE 109>.A<OH 20> does not have a type.
FATAL:  Atom .R<ACE 109>.A<CZ 19> does not have a type.
FATAL:  Atom .R<ACE 109>.A<HE1 18> does not have a type.
FATAL:  Atom .R<ACE 109>.A<CE1 17> does not have a type.
FATAL:  Atom .R<ACE 109>.A<HD1 16> does not have a type.
FATAL:  Atom .R<ACE 109>.A<CD1 15> does not have a type.
FATAL:  Atom .R<ACE 109>.A<CG 14> does not have a type.
FATAL:  Atom .R<ACE 109>.A<HB3 13> does not have a type.
FATAL:  Atom .R<ACE 109>.A<HB2 12> does not have a type.
FATAL:  Atom .R<ACE 109>.A<CB 11> does not have a type.
FATAL:  Atom .R<ACE 109>.A<HA 10> does not have a type.
FATAL:  Atom .R<ACE 109>.A<CA 9> does not have a type.
FATAL:  Atom .R<ACE 109>.A<H 8> does not have a type.
FATAL:  Atom .R<ACE 109>.A<N 7> does not have a type.

/home/johann/miniconda3/bin/teLeap: Fatal Error!
Failed to generate parameters

Exiting LEaP: Errors = 1; Warnings = 2; Notes = 0.
